# X2 (y-model)  G=3600  L=j/G  depth=30 cap=20000
# j i kill comps lambda maxoutdeg verdict
1455 940 -1 234 1.1621 2 FAT
1455 941 -1 234 1.1621 2 FAT
1455 942 -1 234 1.1621 2 FAT
1455 943 -1 234 1.1621 2 FAT
1455 944 -1 234 1.1621 2 FAT
1455 945 -1 234 1.1621 2 FAT
1455 946 -1 234 1.1621 2 FAT
1455 947 -1 234 1.1621 2 FAT
1455 948 -1 178 1.1474 2 FAT
1455 949 -1 162 1.1421 2 FAT
1455 950 -1 162 1.1421 2 FAT
1455 951 -1 151 1.1422 2 FAT
1455 952 -1 151 1.1422 2 FAT
1455 953 -1 151 1.1422 2 FAT
1455 954 -1 151 1.1422 2 FAT
1455 955 -1 120 1.1256 2 FAT
1455 956 -1 108 1.1190 2 FAT
1455 957 -1 108 1.1190 2 FAT
1455 958 -1 90 1.1144 2 FAT
1455 959 -1 77 1.1108 2 FAT
1455 960 -1 31 1.0365 2 FAT
1455 961 -1 14 1.0000 1 CYCLE
1455 962 -1 12 1.0000 1 CYCLE
1455 963 -1 12 1.0000 1 CYCLE
1455 964 -1 12 1.0000 1 CYCLE
1455 965 -1 10 1.0000 1 CYCLE
1455 966 -1 10 1.0000 1 CYCLE
1455 967 -1 10 1.0000 1 CYCLE
1455 968 -1 10 1.0000 1 CYCLE
1455 969 -1 10 1.0000 1 CYCLE
1455 970 -1 10 1.0000 1 CYCLE
1455 971 -1 8 1.0000 1 CYCLE
1455 972 -1 8 1.0000 1 CYCLE
1455 973 -1 8 1.0000 1 CYCLE
1455 974 -1 8 1.0000 1 CYCLE
1455 975 -1 8 1.0000 1 CYCLE
1455 976 -1 8 1.0000 1 CYCLE
1455 977 -1 8 1.0000 1 CYCLE
1455 978 -1 8 1.0000 1 CYCLE
1455 979 -1 8 1.0000 1 CYCLE
1455 980 -1 8 1.0000 1 CYCLE
1455 981 -1 8 1.0000 1 CYCLE
1455 982 -1 40 1.0000 1 CYCLE
1455 983 -1 112 1.0410 2 FAT
1455 984 -1 112 1.0410 2 FAT
1455 985 -1 24 1.0000 1 CYCLE
1455 986 -1 24 1.0000 1 CYCLE
1455 987 -1 24 1.0000 1 CYCLE
1455 988 -1 24 1.0000 1 CYCLE
1455 989 -1 24 1.0000 1 CYCLE
1455 990 -1 24 1.0000 1 CYCLE
1455 991 -1 24 1.0000 1 CYCLE
1455 992 -1 24 1.0000 1 CYCLE
1455 993 -1 24 1.0000 1 CYCLE
1455 994 -1 24 1.0000 1 CYCLE
1455 995 -1 24 1.0000 1 CYCLE
1455 996 -1 24 1.0000 1 CYCLE
1455 997 -1 42 1.0000 1 CYCLE
1455 998 -1 87 1.0394 2 FAT
1455 999 -1 87 1.0394 2 FAT
1455 1000 -1 87 1.0394 2 FAT
1455 1001 -1 87 1.0394 2 FAT
1455 1002 -1 87 1.0394 2 FAT
1455 1003 -1 87 1.0394 2 FAT
1455 1004 -1 87 1.0394 2 FAT
1455 1005 -1 87 1.0394 2 FAT
1455 1006 -1 87 1.0394 2 FAT
1455 1007 -1 87 1.0394 2 FAT
1455 1008 -1 87 1.0394 2 FAT
1455 1009 -1 87 1.0394 2 FAT
1455 1010 -1 87 1.0394 2 FAT
1455 1011 -1 87 1.0394 2 FAT
1455 1012 -1 87 1.0394 2 FAT
1455 1013 -1 87 1.0394 2 FAT
1455 1014 -1 87 1.0394 2 FAT
1455 1015 -1 87 1.0394 2 FAT
1455 1016 -1 87 1.0394 2 FAT
1455 1017 -1 87 1.0394 2 FAT
1455 1018 -1 48 1.0000 1 CYCLE
1455 1019 -1 30 1.0000 1 CYCLE
1455 1020 -1 30 1.0000 1 CYCLE
1455 1021 -1 30 1.0000 1 CYCLE
1455 1022 -1 30 1.0000 1 CYCLE
1455 1023 -1 12 1.0000 1 CYCLE
1455 1024 -1 12 1.0000 1 CYCLE
1455 1025 -1 12 1.0000 1 CYCLE
1455 1026 -1 12 1.0000 1 CYCLE
1455 1027 -1 12 1.0000 1 CYCLE
1455 1028 -1 12 1.0000 1 CYCLE
1455 1029 -1 12 1.0000 1 CYCLE
1455 1030 -1 12 1.0000 1 CYCLE
1455 1031 -1 20 1.0000 1 CYCLE
1455 1032 -1 20 1.0000 1 CYCLE
1455 1033 -1 20 1.0000 1 CYCLE
1455 1034 -1 20 1.0000 1 CYCLE
1455 1035 -1 20 1.0000 1 CYCLE
1455 1036 -1 20 1.0000 1 CYCLE
1455 1037 -1 28 1.0000 1 CYCLE
1455 1038 -1 60 1.0379 2 FAT
1455 1039 -1 60 1.0379 2 FAT
1455 1040 -1 60 1.0379 2 FAT
1455 1041 -1 60 1.0379 2 FAT
1455 1042 -1 60 1.0379 2 FAT
1455 1043 -1 60 1.0379 2 FAT
1455 1044 -1 60 1.0379 2 FAT
1455 1045 -1 60 1.0379 2 FAT
1455 1046 -1 60 1.0379 2 FAT
1455 1047 -1 60 1.0379 2 FAT
1455 1048 -1 60 1.0379 2 FAT
1455 1049 -1 60 1.0379 2 FAT
1455 1050 -1 60 1.0379 2 FAT
1455 1051 -1 60 1.0379 2 FAT
1455 1052 -1 60 1.0379 2 FAT
1455 1053 -1 60 1.0379 2 FAT
1455 1054 -1 60 1.0379 2 FAT
1455 1055 -1 60 1.0379 2 FAT
1455 1056 -1 60 1.0379 2 FAT
1455 1057 -1 60 1.0379 2 FAT
1455 1058 -1 60 1.0379 2 FAT
1455 1059 -1 60 1.0379 2 FAT
1455 1060 -1 60 1.0379 2 FAT
1455 1061 -1 60 1.0379 2 FAT
1455 1062 -1 60 1.0379 2 FAT
1455 1063 -1 60 1.0379 2 FAT
1455 1064 -1 60 1.0379 2 FAT
1455 1065 -1 60 1.0379 2 FAT
1455 1066 -1 60 1.0379 2 FAT
1455 1067 -1 60 1.0379 2 FAT
1455 1068 -1 60 1.0379 2 FAT
1455 1069 -1 60 1.0379 2 FAT
1455 1070 -1 60 1.0379 2 FAT
1455 1071 -1 60 1.0379 2 FAT
1455 1072 -1 60 1.0379 2 FAT
1455 1073 -1 60 1.0379 2 FAT
1455 1074 -1 60 1.0379 2 FAT
1455 1075 -1 60 1.0379 2 FAT
1455 1076 -1 60 1.0379 2 FAT
1455 1077 -1 60 1.0379 2 FAT
1455 1078 -1 60 1.0379 2 FAT
1455 1079 -1 60 1.0379 2 FAT
1455 1080 -1 60 1.0379 2 FAT
1455 1081 -1 60 1.0379 2 FAT
1455 1082 -1 60 1.0379 2 FAT
1455 1083 -1 60 1.0379 2 FAT
1455 1084 -1 60 1.0379 2 FAT
1455 1085 -1 60 1.0379 2 FAT
1455 1086 -1 60 1.0379 2 FAT
1455 1087 -1 60 1.0379 2 FAT
1455 1088 -1 60 1.0379 2 FAT
1455 1089 -1 60 1.0379 2 FAT
1455 1090 -1 60 1.0379 2 FAT
1455 1091 -1 60 1.0379 2 FAT
1455 1092 -1 60 1.0379 2 FAT
1455 1093 -1 60 1.0379 2 FAT
1455 1094 -1 60 1.0379 2 FAT
1455 1095 -1 60 1.0379 2 FAT
1455 1096 -1 60 1.0379 2 FAT
1455 1097 -1 60 1.0379 2 FAT
1455 1098 -1 60 1.0379 2 FAT
1455 1099 -1 60 1.0379 2 FAT
1455 1100 -1 60 1.0379 2 FAT
1455 1101 -1 60 1.0379 2 FAT
1455 1102 -1 60 1.0379 2 FAT
1455 1103 -1 60 1.0379 2 FAT
1455 1104 -1 60 1.0379 2 FAT
1455 1105 -1 60 1.0379 2 FAT
1455 1106 -1 60 1.0379 2 FAT
1455 1107 -1 60 1.0379 2 FAT
1455 1108 -1 28 1.0000 1 CYCLE
1455 1109 -1 20 1.0000 1 CYCLE
1455 1110 -1 20 1.0000 1 CYCLE
1455 1111 -1 20 1.0000 1 CYCLE
1455 1112 -1 20 1.0000 1 CYCLE
1455 1113 -1 20 1.0000 1 CYCLE
1455 1114 -1 20 1.0000 1 CYCLE
1455 1115 -1 12 1.0000 1 CYCLE
1455 1116 -1 12 1.0000 1 CYCLE
1455 1117 -1 12 1.0000 1 CYCLE
1455 1118 -1 12 1.0000 1 CYCLE
1455 1119 -1 12 1.0000 1 CYCLE
1455 1120 -1 12 1.0000 1 CYCLE
1455 1121 -1 12 1.0000 1 CYCLE
1455 1122 -1 12 1.0000 1 CYCLE
1455 1123 -1 30 1.0000 1 CYCLE
1455 1124 -1 30 1.0000 1 CYCLE
1455 1125 -1 30 1.0000 1 CYCLE
1455 1126 -1 30 1.0000 1 CYCLE
1455 1127 -1 48 1.0000 1 CYCLE
1455 1128 -1 87 1.0394 2 FAT
1455 1129 -1 87 1.0394 2 FAT
1455 1130 -1 87 1.0394 2 FAT
1455 1131 -1 87 1.0394 2 FAT
1455 1132 -1 87 1.0394 2 FAT
1455 1133 -1 87 1.0394 2 FAT
1455 1134 -1 87 1.0394 2 FAT
1455 1135 -1 87 1.0394 2 FAT
1455 1136 -1 87 1.0394 2 FAT
1455 1137 -1 87 1.0394 2 FAT
1455 1138 -1 87 1.0394 2 FAT
1455 1139 -1 87 1.0394 2 FAT
1455 1140 -1 87 1.0394 2 FAT
1455 1141 -1 87 1.0394 2 FAT
1455 1142 -1 87 1.0394 2 FAT
1455 1143 -1 87 1.0394 2 FAT
1455 1144 -1 87 1.0394 2 FAT
1455 1145 -1 87 1.0394 2 FAT
1455 1146 -1 87 1.0394 2 FAT
1455 1147 -1 87 1.0394 2 FAT
1455 1148 -1 42 1.0000 1 CYCLE
1455 1149 -1 24 1.0000 1 CYCLE
1455 1150 -1 24 1.0000 1 CYCLE
1455 1151 -1 24 1.0000 1 CYCLE
1455 1152 -1 24 1.0000 1 CYCLE
1455 1153 -1 24 1.0000 1 CYCLE
1455 1154 -1 24 1.0000 1 CYCLE
1455 1155 -1 24 1.0000 1 CYCLE
1455 1156 -1 24 1.0000 1 CYCLE
1455 1157 -1 24 1.0000 1 CYCLE
1455 1158 -1 24 1.0000 1 CYCLE
1455 1159 -1 24 1.0000 1 CYCLE
1455 1160 -1 24 1.0000 1 CYCLE
1455 1161 -1 112 1.0410 2 FAT
1455 1162 -1 112 1.0410 2 FAT
1455 1163 -1 40 1.0000 1 CYCLE
1455 1164 -1 8 1.0000 1 CYCLE
1455 1165 -1 8 1.0000 1 CYCLE
1455 1166 -1 8 1.0000 1 CYCLE
1455 1167 -1 8 1.0000 1 CYCLE
1455 1168 -1 8 1.0000 1 CYCLE
1455 1169 -1 8 1.0000 1 CYCLE
1455 1170 -1 8 1.0000 1 CYCLE
1455 1171 -1 8 1.0000 1 CYCLE
1455 1172 -1 8 1.0000 1 CYCLE
1455 1173 -1 8 1.0000 1 CYCLE
1455 1174 -1 8 1.0000 1 CYCLE
1455 1175 -1 10 1.0000 1 CYCLE
1455 1176 -1 10 1.0000 1 CYCLE
1455 1177 -1 10 1.0000 1 CYCLE
1455 1178 -1 10 1.0000 1 CYCLE
1455 1179 -1 10 1.0000 1 CYCLE
1455 1180 -1 10 1.0000 1 CYCLE
1455 1181 -1 12 1.0000 1 CYCLE
1455 1182 -1 12 1.0000 1 CYCLE
1455 1183 -1 12 1.0000 1 CYCLE
1455 1184 -1 14 1.0000 1 CYCLE
1455 1185 -1 31 1.0365 2 FAT
1455 1186 -1 77 1.1108 2 FAT
1455 1187 -1 90 1.1144 2 FAT
1455 1188 -1 108 1.1190 2 FAT
1455 1189 -1 108 1.1190 2 FAT
1455 1190 -1 120 1.1256 2 FAT
1455 1191 -1 151 1.1422 2 FAT
1455 1192 -1 151 1.1422 2 FAT
1455 1193 -1 151 1.1422 2 FAT
1455 1194 -1 151 1.1422 2 FAT
1455 1195 -1 162 1.1421 2 FAT
1455 1196 -1 162 1.1421 2 FAT
1455 1197 -1 178 1.1474 2 FAT
1455 1198 -1 234 1.1621 2 FAT
1455 1199 -1 234 1.1621 2 FAT
1455 1200 -1 234 1.1621 2 FAT
1455 1201 -1 234 1.1621 2 FAT
1455 1202 -1 234 1.1621 2 FAT
1455 1203 -1 234 1.1621 2 FAT
1455 1204 -1 234 1.1621 2 FAT
1455 1205 -1 234 1.1621 2 FAT
1455 1206 -1 234 1.1621 2 FAT
1455 1207 -1 234 1.1621 2 FAT
1455 1208 -1 255 1.1612 2 FAT
1455 1209 -1 255 1.1612 2 FAT
1455 1210 -1 255 1.1612 2 FAT
1455 1211 -1 270 1.1597 2 FAT
1455 1212 -1 281 1.1589 2 FAT
1455 1213 -1 302 1.1615 2 FAT
1455 1214 -1 390 1.1820 2 FAT
1455 1215 -1 438 1.1903 2 FAT
1455 1216 -1 438 1.1903 2 FAT
1455 1217 -1 438 1.1903 2 FAT
1455 1218 -1 438 1.1903 2 FAT
1455 1219 -1 438 1.1903 2 FAT
1455 1220 -1 438 1.1903 2 FAT
1455 1221 -1 438 1.1903 2 FAT
1455 1222 -1 438 1.1903 2 FAT
1455 1223 -1 438 1.1903 2 FAT
1455 1224 -1 438 1.1903 2 FAT
1455 1225 -1 438 1.1903 2 FAT
1455 1226 -1 438 1.1903 2 FAT
1455 1227 -1 438 1.1903 2 FAT
1455 1228 -1 438 1.1903 2 FAT
1455 1229 -1 438 1.1903 2 FAT
1455 1230 -1 438 1.1903 2 FAT
1455 1231 -1 438 1.1903 2 FAT
1455 1232 -1 438 1.1903 2 FAT
1455 1233 -1 438 1.1903 2 FAT
1455 1234 -1 438 1.1903 2 FAT
1455 1235 -1 438 1.1903 2 FAT
1455 1236 -1 438 1.1903 2 FAT
1455 1237 -1 492 1.1903 2 FAT
1455 1238 -1 492 1.1903 2 FAT
1455 1239 -1 492 1.1903 2 FAT
1455 1240 -1 492 1.1903 2 FAT
# row j=1455 L=0.404167 n=301 KILL=0 CYCLE=110 FAT=191 CAP=0 certified=110 lambda[1.0365,1.1903]
1456 940 -1 234 1.1621 2 FAT
1456 941 -1 234 1.1621 2 FAT
1456 942 -1 234 1.1621 2 FAT
1456 943 -1 234 1.1621 2 FAT
1456 944 -1 234 1.1621 2 FAT
1456 945 -1 234 1.1621 2 FAT
1456 946 -1 234 1.1621 2 FAT
1456 947 -1 234 1.1621 2 FAT
1456 948 -1 178 1.1474 2 FAT
1456 949 -1 162 1.1421 2 FAT
1456 950 -1 162 1.1421 2 FAT
1456 951 -1 151 1.1422 2 FAT
1456 952 -1 151 1.1422 2 FAT
1456 953 -1 151 1.1422 2 FAT
1456 954 -1 151 1.1422 2 FAT
1456 955 -1 120 1.1256 2 FAT
1456 956 -1 108 1.1190 2 FAT
1456 957 -1 108 1.1190 2 FAT
1456 958 -1 90 1.1144 2 FAT
1456 959 -1 77 1.1108 2 FAT
1456 960 -1 31 1.0365 2 FAT
1456 961 -1 14 1.0000 1 CYCLE
1456 962 -1 12 1.0000 1 CYCLE
1456 963 -1 12 1.0000 1 CYCLE
1456 964 -1 12 1.0000 1 CYCLE
1456 965 -1 10 1.0000 1 CYCLE
1456 966 -1 10 1.0000 1 CYCLE
1456 967 -1 10 1.0000 1 CYCLE
1456 968 -1 10 1.0000 1 CYCLE
1456 969 -1 10 1.0000 1 CYCLE
1456 970 -1 10 1.0000 1 CYCLE
1456 971 -1 8 1.0000 1 CYCLE
1456 972 -1 8 1.0000 1 CYCLE
1456 973 -1 8 1.0000 1 CYCLE
1456 974 -1 8 1.0000 1 CYCLE
1456 975 -1 8 1.0000 1 CYCLE
1456 976 -1 8 1.0000 1 CYCLE
1456 977 -1 8 1.0000 1 CYCLE
1456 978 -1 8 1.0000 1 CYCLE
1456 979 -1 8 1.0000 1 CYCLE
1456 980 -1 40 1.0000 1 CYCLE
1456 981 -1 40 1.0000 1 CYCLE
1456 982 -1 112 1.0410 2 FAT
1456 983 -1 112 1.0410 2 FAT
1456 984 -1 112 1.0410 2 FAT
1456 985 -1 24 1.0000 1 CYCLE
1456 986 -1 24 1.0000 1 CYCLE
1456 987 -1 24 1.0000 1 CYCLE
1456 988 -1 24 1.0000 1 CYCLE
1456 989 -1 24 1.0000 1 CYCLE
1456 990 -1 24 1.0000 1 CYCLE
1456 991 -1 24 1.0000 1 CYCLE
1456 992 -1 24 1.0000 1 CYCLE
1456 993 -1 24 1.0000 1 CYCLE
1456 994 -1 24 1.0000 1 CYCLE
1456 995 -1 24 1.0000 1 CYCLE
1456 996 -1 42 1.0000 1 CYCLE
1456 997 -1 87 1.0394 2 FAT
1456 998 -1 87 1.0394 2 FAT
1456 999 -1 87 1.0394 2 FAT
1456 1000 -1 87 1.0394 2 FAT
1456 1001 -1 87 1.0394 2 FAT
1456 1002 -1 87 1.0394 2 FAT
1456 1003 -1 87 1.0394 2 FAT
1456 1004 -1 87 1.0394 2 FAT
1456 1005 -1 87 1.0394 2 FAT
1456 1006 -1 87 1.0394 2 FAT
1456 1007 -1 87 1.0394 2 FAT
1456 1008 -1 87 1.0394 2 FAT
1456 1009 -1 87 1.0394 2 FAT
1456 1010 -1 87 1.0394 2 FAT
1456 1011 -1 87 1.0394 2 FAT
1456 1012 -1 87 1.0394 2 FAT
1456 1013 -1 87 1.0394 2 FAT
1456 1014 -1 87 1.0394 2 FAT
1456 1015 -1 87 1.0394 2 FAT
1456 1016 -1 87 1.0394 2 FAT
1456 1017 -1 87 1.0394 2 FAT
1456 1018 -1 48 1.0000 1 CYCLE
1456 1019 -1 30 1.0000 1 CYCLE
1456 1020 -1 30 1.0000 1 CYCLE
1456 1021 -1 30 1.0000 1 CYCLE
1456 1022 -1 30 1.0000 1 CYCLE
1456 1023 -1 30 1.0000 1 CYCLE
1456 1024 -1 12 1.0000 1 CYCLE
1456 1025 -1 12 1.0000 1 CYCLE
1456 1026 -1 12 1.0000 1 CYCLE
1456 1027 -1 12 1.0000 1 CYCLE
1456 1028 -1 12 1.0000 1 CYCLE
1456 1029 -1 12 1.0000 1 CYCLE
1456 1030 -1 20 1.0000 1 CYCLE
1456 1031 -1 20 1.0000 1 CYCLE
1456 1032 -1 20 1.0000 1 CYCLE
1456 1033 -1 20 1.0000 1 CYCLE
1456 1034 -1 20 1.0000 1 CYCLE
1456 1035 -1 20 1.0000 1 CYCLE
1456 1036 -1 28 1.0000 1 CYCLE
1456 1037 -1 60 1.0379 2 FAT
1456 1038 -1 60 1.0379 2 FAT
1456 1039 -1 60 1.0379 2 FAT
1456 1040 -1 60 1.0379 2 FAT
1456 1041 -1 60 1.0379 2 FAT
1456 1042 -1 60 1.0379 2 FAT
1456 1043 -1 60 1.0379 2 FAT
1456 1044 -1 60 1.0379 2 FAT
1456 1045 -1 60 1.0379 2 FAT
1456 1046 -1 60 1.0379 2 FAT
1456 1047 -1 60 1.0379 2 FAT
1456 1048 -1 60 1.0379 2 FAT
1456 1049 -1 60 1.0379 2 FAT
1456 1050 -1 60 1.0379 2 FAT
1456 1051 -1 60 1.0379 2 FAT
1456 1052 -1 60 1.0379 2 FAT
1456 1053 -1 60 1.0379 2 FAT
1456 1054 -1 60 1.0379 2 FAT
1456 1055 -1 60 1.0379 2 FAT
1456 1056 -1 60 1.0379 2 FAT
1456 1057 -1 60 1.0379 2 FAT
1456 1058 -1 60 1.0379 2 FAT
1456 1059 -1 60 1.0379 2 FAT
1456 1060 -1 60 1.0379 2 FAT
1456 1061 -1 60 1.0379 2 FAT
1456 1062 -1 60 1.0379 2 FAT
1456 1063 -1 60 1.0379 2 FAT
1456 1064 -1 60 1.0379 2 FAT
1456 1065 -1 60 1.0379 2 FAT
1456 1066 -1 60 1.0379 2 FAT
1456 1067 -1 60 1.0379 2 FAT
1456 1068 -1 60 1.0379 2 FAT
1456 1069 -1 60 1.0379 2 FAT
1456 1070 -1 60 1.0379 2 FAT
1456 1071 -1 60 1.0379 2 FAT
1456 1072 -1 60 1.0379 2 FAT
1456 1073 -1 60 1.0379 2 FAT
1456 1074 -1 60 1.0379 2 FAT
1456 1075 -1 60 1.0379 2 FAT
1456 1076 -1 60 1.0379 2 FAT
1456 1077 -1 60 1.0379 2 FAT
1456 1078 -1 60 1.0379 2 FAT
1456 1079 -1 60 1.0379 2 FAT
1456 1080 -1 60 1.0379 2 FAT
1456 1081 -1 60 1.0379 2 FAT
1456 1082 -1 60 1.0379 2 FAT
1456 1083 -1 60 1.0379 2 FAT
1456 1084 -1 60 1.0379 2 FAT
1456 1085 -1 60 1.0379 2 FAT
1456 1086 -1 60 1.0379 2 FAT
1456 1087 -1 60 1.0379 2 FAT
1456 1088 -1 60 1.0379 2 FAT
1456 1089 -1 60 1.0379 2 FAT
1456 1090 -1 60 1.0379 2 FAT
1456 1091 -1 60 1.0379 2 FAT
1456 1092 -1 60 1.0379 2 FAT
1456 1093 -1 60 1.0379 2 FAT
1456 1094 -1 60 1.0379 2 FAT
1456 1095 -1 60 1.0379 2 FAT
1456 1096 -1 60 1.0379 2 FAT
1456 1097 -1 60 1.0379 2 FAT
1456 1098 -1 60 1.0379 2 FAT
1456 1099 -1 60 1.0379 2 FAT
1456 1100 -1 60 1.0379 2 FAT
1456 1101 -1 60 1.0379 2 FAT
1456 1102 -1 60 1.0379 2 FAT
1456 1103 -1 60 1.0379 2 FAT
1456 1104 -1 60 1.0379 2 FAT
1456 1105 -1 60 1.0379 2 FAT
1456 1106 -1 60 1.0379 2 FAT
1456 1107 -1 60 1.0379 2 FAT
1456 1108 -1 28 1.0000 1 CYCLE
1456 1109 -1 20 1.0000 1 CYCLE
1456 1110 -1 20 1.0000 1 CYCLE
1456 1111 -1 20 1.0000 1 CYCLE
1456 1112 -1 20 1.0000 1 CYCLE
1456 1113 -1 20 1.0000 1 CYCLE
1456 1114 -1 20 1.0000 1 CYCLE
1456 1115 -1 12 1.0000 1 CYCLE
1456 1116 -1 12 1.0000 1 CYCLE
1456 1117 -1 12 1.0000 1 CYCLE
1456 1118 -1 12 1.0000 1 CYCLE
1456 1119 -1 12 1.0000 1 CYCLE
1456 1120 -1 12 1.0000 1 CYCLE
1456 1121 -1 30 1.0000 1 CYCLE
1456 1122 -1 30 1.0000 1 CYCLE
1456 1123 -1 30 1.0000 1 CYCLE
1456 1124 -1 30 1.0000 1 CYCLE
1456 1125 -1 30 1.0000 1 CYCLE
1456 1126 -1 48 1.0000 1 CYCLE
1456 1127 -1 87 1.0394 2 FAT
1456 1128 -1 87 1.0394 2 FAT
1456 1129 -1 87 1.0394 2 FAT
1456 1130 -1 87 1.0394 2 FAT
1456 1131 -1 87 1.0394 2 FAT
1456 1132 -1 87 1.0394 2 FAT
1456 1133 -1 87 1.0394 2 FAT
1456 1134 -1 87 1.0394 2 FAT
1456 1135 -1 87 1.0394 2 FAT
1456 1136 -1 87 1.0394 2 FAT
1456 1137 -1 87 1.0394 2 FAT
1456 1138 -1 87 1.0394 2 FAT
1456 1139 -1 87 1.0394 2 FAT
1456 1140 -1 87 1.0394 2 FAT
1456 1141 -1 87 1.0394 2 FAT
1456 1142 -1 87 1.0394 2 FAT
1456 1143 -1 87 1.0394 2 FAT
1456 1144 -1 87 1.0394 2 FAT
1456 1145 -1 87 1.0394 2 FAT
1456 1146 -1 87 1.0394 2 FAT
1456 1147 -1 87 1.0394 2 FAT
1456 1148 -1 42 1.0000 1 CYCLE
1456 1149 -1 24 1.0000 1 CYCLE
1456 1150 -1 24 1.0000 1 CYCLE
1456 1151 -1 24 1.0000 1 CYCLE
1456 1152 -1 24 1.0000 1 CYCLE
1456 1153 -1 24 1.0000 1 CYCLE
1456 1154 -1 24 1.0000 1 CYCLE
1456 1155 -1 24 1.0000 1 CYCLE
1456 1156 -1 24 1.0000 1 CYCLE
1456 1157 -1 24 1.0000 1 CYCLE
1456 1158 -1 24 1.0000 1 CYCLE
1456 1159 -1 24 1.0000 1 CYCLE
1456 1160 -1 112 1.0410 2 FAT
1456 1161 -1 112 1.0410 2 FAT
1456 1162 -1 112 1.0410 2 FAT
1456 1163 -1 40 1.0000 1 CYCLE
1456 1164 -1 40 1.0000 1 CYCLE
1456 1165 -1 8 1.0000 1 CYCLE
1456 1166 -1 8 1.0000 1 CYCLE
1456 1167 -1 8 1.0000 1 CYCLE
1456 1168 -1 8 1.0000 1 CYCLE
1456 1169 -1 8 1.0000 1 CYCLE
1456 1170 -1 8 1.0000 1 CYCLE
1456 1171 -1 8 1.0000 1 CYCLE
1456 1172 -1 8 1.0000 1 CYCLE
1456 1173 -1 8 1.0000 1 CYCLE
1456 1174 -1 10 1.0000 1 CYCLE
1456 1175 -1 10 1.0000 1 CYCLE
1456 1176 -1 10 1.0000 1 CYCLE
1456 1177 -1 10 1.0000 1 CYCLE
1456 1178 -1 10 1.0000 1 CYCLE
1456 1179 -1 10 1.0000 1 CYCLE
1456 1180 -1 12 1.0000 1 CYCLE
1456 1181 -1 12 1.0000 1 CYCLE
1456 1182 -1 12 1.0000 1 CYCLE
1456 1183 -1 14 1.0000 1 CYCLE
1456 1184 -1 31 1.0365 2 FAT
1456 1185 -1 77 1.1108 2 FAT
1456 1186 -1 90 1.1144 2 FAT
1456 1187 -1 108 1.1190 2 FAT
1456 1188 -1 108 1.1190 2 FAT
1456 1189 -1 120 1.1256 2 FAT
1456 1190 -1 151 1.1422 2 FAT
1456 1191 -1 151 1.1422 2 FAT
1456 1192 -1 151 1.1422 2 FAT
1456 1193 -1 151 1.1422 2 FAT
1456 1194 -1 162 1.1421 2 FAT
1456 1195 -1 162 1.1421 2 FAT
1456 1196 -1 178 1.1474 2 FAT
1456 1197 -1 234 1.1621 2 FAT
1456 1198 -1 234 1.1621 2 FAT
1456 1199 -1 234 1.1621 2 FAT
1456 1200 -1 234 1.1621 2 FAT
1456 1201 -1 234 1.1621 2 FAT
1456 1202 -1 234 1.1621 2 FAT
1456 1203 -1 234 1.1621 2 FAT
1456 1204 -1 234 1.1621 2 FAT
1456 1205 -1 234 1.1621 2 FAT
1456 1206 -1 234 1.1621 2 FAT
1456 1207 -1 255 1.1612 2 FAT
1456 1208 -1 255 1.1612 2 FAT
1456 1209 -1 255 1.1612 2 FAT
1456 1210 -1 270 1.1597 2 FAT
1456 1211 -1 281 1.1589 2 FAT
1456 1212 -1 302 1.1615 2 FAT
1456 1213 -1 390 1.1820 2 FAT
1456 1214 -1 438 1.1903 2 FAT
1456 1215 -1 438 1.1903 2 FAT
1456 1216 -1 438 1.1903 2 FAT
1456 1217 -1 438 1.1903 2 FAT
1456 1218 -1 438 1.1903 2 FAT
1456 1219 -1 438 1.1903 2 FAT
1456 1220 -1 438 1.1903 2 FAT
1456 1221 -1 438 1.1903 2 FAT
1456 1222 -1 438 1.1903 2 FAT
1456 1223 -1 438 1.1903 2 FAT
1456 1224 -1 438 1.1903 2 FAT
1456 1225 -1 438 1.1903 2 FAT
1456 1226 -1 438 1.1903 2 FAT
1456 1227 -1 438 1.1903 2 FAT
1456 1228 -1 438 1.1903 2 FAT
1456 1229 -1 438 1.1903 2 FAT
1456 1230 -1 438 1.1903 2 FAT
1456 1231 -1 438 1.1903 2 FAT
1456 1232 -1 438 1.1903 2 FAT
1456 1233 -1 438 1.1903 2 FAT
1456 1234 -1 438 1.1903 2 FAT
1456 1235 -1 438 1.1903 2 FAT
1456 1236 -1 492 1.1903 2 FAT
1456 1237 -1 492 1.1903 2 FAT
1456 1238 -1 492 1.1903 2 FAT
1456 1239 -1 492 1.1903 2 FAT
1456 1240 -1 492 1.1903 2 FAT
# row j=1456 L=0.404444 n=301 KILL=0 CYCLE=104 FAT=197 CAP=0 certified=104 lambda[1.0365,1.1903]
1457 940 -1 234 1.1621 2 FAT
1457 941 -1 234 1.1621 2 FAT
1457 942 -1 234 1.1621 2 FAT
1457 943 -1 234 1.1621 2 FAT
1457 944 -1 234 1.1621 2 FAT
1457 945 -1 234 1.1621 2 FAT
1457 946 -1 234 1.1621 2 FAT
1457 947 -1 234 1.1621 2 FAT
1457 948 -1 178 1.1474 2 FAT
1457 949 -1 162 1.1421 2 FAT
1457 950 -1 162 1.1421 2 FAT
1457 951 -1 151 1.1422 2 FAT
1457 952 -1 151 1.1422 2 FAT
1457 953 -1 151 1.1422 2 FAT
1457 954 -1 151 1.1422 2 FAT
1457 955 -1 120 1.1256 2 FAT
1457 956 -1 108 1.1190 2 FAT
1457 957 -1 108 1.1190 2 FAT
1457 958 -1 90 1.1144 2 FAT
1457 959 -1 77 1.1108 2 FAT
1457 960 -1 31 1.0365 2 FAT
1457 961 -1 14 1.0000 1 CYCLE
1457 962 -1 12 1.0000 1 CYCLE
1457 963 -1 12 1.0000 1 CYCLE
1457 964 -1 12 1.0000 1 CYCLE
1457 965 -1 10 1.0000 1 CYCLE
1457 966 -1 10 1.0000 1 CYCLE
1457 967 -1 10 1.0000 1 CYCLE
1457 968 -1 10 1.0000 1 CYCLE
1457 969 -1 10 1.0000 1 CYCLE
1457 970 -1 10 1.0000 1 CYCLE
1457 971 -1 8 1.0000 1 CYCLE
1457 972 -1 8 1.0000 1 CYCLE
1457 973 -1 8 1.0000 1 CYCLE
1457 974 -1 8 1.0000 1 CYCLE
1457 975 -1 8 1.0000 1 CYCLE
1457 976 -1 8 1.0000 1 CYCLE
1457 977 -1 8 1.0000 1 CYCLE
1457 978 -1 40 1.0000 1 CYCLE
1457 979 -1 40 1.0000 1 CYCLE
1457 980 -1 40 1.0000 1 CYCLE
1457 981 -1 112 1.0410 2 FAT
1457 982 -1 112 1.0410 2 FAT
1457 983 -1 112 1.0410 2 FAT
1457 984 -1 112 1.0410 2 FAT
1457 985 -1 24 1.0000 1 CYCLE
1457 986 -1 24 1.0000 1 CYCLE
1457 987 -1 24 1.0000 1 CYCLE
1457 988 -1 24 1.0000 1 CYCLE
1457 989 -1 24 1.0000 1 CYCLE
1457 990 -1 24 1.0000 1 CYCLE
1457 991 -1 24 1.0000 1 CYCLE
1457 992 -1 24 1.0000 1 CYCLE
1457 993 -1 24 1.0000 1 CYCLE
1457 994 -1 24 1.0000 1 CYCLE
1457 995 -1 42 1.0000 1 CYCLE
1457 996 -1 87 1.0394 2 FAT
1457 997 -1 87 1.0394 2 FAT
1457 998 -1 87 1.0394 2 FAT
1457 999 -1 87 1.0394 2 FAT
1457 1000 -1 87 1.0394 2 FAT
1457 1001 -1 87 1.0394 2 FAT
1457 1002 -1 87 1.0394 2 FAT
1457 1003 -1 87 1.0394 2 FAT
1457 1004 -1 87 1.0394 2 FAT
1457 1005 -1 87 1.0394 2 FAT
1457 1006 -1 87 1.0394 2 FAT
1457 1007 -1 87 1.0394 2 FAT
1457 1008 -1 87 1.0394 2 FAT
1457 1009 -1 87 1.0394 2 FAT
1457 1010 -1 87 1.0394 2 FAT
1457 1011 -1 87 1.0394 2 FAT
1457 1012 -1 87 1.0394 2 FAT
1457 1013 -1 87 1.0394 2 FAT
1457 1014 -1 87 1.0394 2 FAT
1457 1015 -1 87 1.0394 2 FAT
1457 1016 -1 87 1.0394 2 FAT
1457 1017 -1 87 1.0394 2 FAT
1457 1018 -1 48 1.0000 1 CYCLE
1457 1019 -1 30 1.0000 1 CYCLE
1457 1020 -1 30 1.0000 1 CYCLE
1457 1021 -1 30 1.0000 1 CYCLE
1457 1022 -1 30 1.0000 1 CYCLE
1457 1023 -1 30 1.0000 1 CYCLE
1457 1024 -1 12 1.0000 1 CYCLE
1457 1025 -1 12 1.0000 1 CYCLE
1457 1026 -1 12 1.0000 1 CYCLE
1457 1027 -1 12 1.0000 1 CYCLE
1457 1028 -1 12 1.0000 1 CYCLE
1457 1029 -1 20 1.0000 1 CYCLE
1457 1030 -1 20 1.0000 1 CYCLE
1457 1031 -1 20 1.0000 1 CYCLE
1457 1032 -1 20 1.0000 1 CYCLE
1457 1033 -1 20 1.0000 1 CYCLE
1457 1034 -1 20 1.0000 1 CYCLE
1457 1035 -1 28 1.0000 1 CYCLE
1457 1036 -1 60 1.0379 2 FAT
1457 1037 -1 60 1.0379 2 FAT
1457 1038 -1 60 1.0379 2 FAT
1457 1039 -1 60 1.0379 2 FAT
1457 1040 -1 60 1.0379 2 FAT
1457 1041 -1 60 1.0379 2 FAT
1457 1042 -1 60 1.0379 2 FAT
1457 1043 -1 60 1.0379 2 FAT
1457 1044 -1 60 1.0379 2 FAT
1457 1045 -1 60 1.0379 2 FAT
1457 1046 -1 60 1.0379 2 FAT
1457 1047 -1 60 1.0379 2 FAT
1457 1048 -1 60 1.0379 2 FAT
1457 1049 -1 60 1.0379 2 FAT
1457 1050 -1 60 1.0379 2 FAT
1457 1051 -1 60 1.0379 2 FAT
1457 1052 -1 60 1.0379 2 FAT
1457 1053 -1 60 1.0379 2 FAT
1457 1054 -1 60 1.0379 2 FAT
1457 1055 -1 60 1.0379 2 FAT
1457 1056 -1 60 1.0379 2 FAT
1457 1057 -1 60 1.0379 2 FAT
1457 1058 -1 60 1.0379 2 FAT
1457 1059 -1 60 1.0379 2 FAT
1457 1060 -1 60 1.0379 2 FAT
1457 1061 -1 60 1.0379 2 FAT
1457 1062 -1 60 1.0379 2 FAT
1457 1063 -1 60 1.0379 2 FAT
1457 1064 -1 60 1.0379 2 FAT
1457 1065 -1 60 1.0379 2 FAT
1457 1066 -1 60 1.0379 2 FAT
1457 1067 -1 60 1.0379 2 FAT
1457 1068 -1 60 1.0379 2 FAT
1457 1069 -1 60 1.0379 2 FAT
1457 1070 -1 60 1.0379 2 FAT
1457 1071 -1 60 1.0379 2 FAT
1457 1072 -1 60 1.0379 2 FAT
1457 1073 -1 60 1.0379 2 FAT
1457 1074 -1 60 1.0379 2 FAT
1457 1075 -1 60 1.0379 2 FAT
1457 1076 -1 60 1.0379 2 FAT
1457 1077 -1 60 1.0379 2 FAT
1457 1078 -1 60 1.0379 2 FAT
1457 1079 -1 60 1.0379 2 FAT
1457 1080 -1 60 1.0379 2 FAT
1457 1081 -1 60 1.0379 2 FAT
1457 1082 -1 60 1.0379 2 FAT
1457 1083 -1 60 1.0379 2 FAT
1457 1084 -1 60 1.0379 2 FAT
1457 1085 -1 60 1.0379 2 FAT
1457 1086 -1 60 1.0379 2 FAT
1457 1087 -1 60 1.0379 2 FAT
1457 1088 -1 60 1.0379 2 FAT
1457 1089 -1 60 1.0379 2 FAT
1457 1090 -1 60 1.0379 2 FAT
1457 1091 -1 60 1.0379 2 FAT
1457 1092 -1 60 1.0379 2 FAT
1457 1093 -1 60 1.0379 2 FAT
1457 1094 -1 60 1.0379 2 FAT
1457 1095 -1 60 1.0379 2 FAT
1457 1096 -1 60 1.0379 2 FAT
1457 1097 -1 60 1.0379 2 FAT
1457 1098 -1 60 1.0379 2 FAT
1457 1099 -1 60 1.0379 2 FAT
1457 1100 -1 60 1.0379 2 FAT
1457 1101 -1 60 1.0379 2 FAT
1457 1102 -1 60 1.0379 2 FAT
1457 1103 -1 60 1.0379 2 FAT
1457 1104 -1 60 1.0379 2 FAT
1457 1105 -1 60 1.0379 2 FAT
1457 1106 -1 60 1.0379 2 FAT
1457 1107 -1 60 1.0379 2 FAT
1457 1108 -1 28 1.0000 1 CYCLE
1457 1109 -1 20 1.0000 1 CYCLE
1457 1110 -1 20 1.0000 1 CYCLE
1457 1111 -1 20 1.0000 1 CYCLE
1457 1112 -1 20 1.0000 1 CYCLE
1457 1113 -1 20 1.0000 1 CYCLE
1457 1114 -1 20 1.0000 1 CYCLE
1457 1115 -1 12 1.0000 1 CYCLE
1457 1116 -1 12 1.0000 1 CYCLE
1457 1117 -1 12 1.0000 1 CYCLE
1457 1118 -1 12 1.0000 1 CYCLE
1457 1119 -1 12 1.0000 1 CYCLE
1457 1120 -1 30 1.0000 1 CYCLE
1457 1121 -1 30 1.0000 1 CYCLE
1457 1122 -1 30 1.0000 1 CYCLE
1457 1123 -1 30 1.0000 1 CYCLE
1457 1124 -1 30 1.0000 1 CYCLE
1457 1125 -1 48 1.0000 1 CYCLE
1457 1126 -1 87 1.0394 2 FAT
1457 1127 -1 87 1.0394 2 FAT
1457 1128 -1 87 1.0394 2 FAT
1457 1129 -1 87 1.0394 2 FAT
1457 1130 -1 87 1.0394 2 FAT
1457 1131 -1 87 1.0394 2 FAT
1457 1132 -1 87 1.0394 2 FAT
1457 1133 -1 87 1.0394 2 FAT
1457 1134 -1 87 1.0394 2 FAT
1457 1135 -1 87 1.0394 2 FAT
1457 1136 -1 87 1.0394 2 FAT
1457 1137 -1 87 1.0394 2 FAT
1457 1138 -1 87 1.0394 2 FAT
1457 1139 -1 87 1.0394 2 FAT
1457 1140 -1 87 1.0394 2 FAT
1457 1141 -1 87 1.0394 2 FAT
1457 1142 -1 87 1.0394 2 FAT
1457 1143 -1 87 1.0394 2 FAT
1457 1144 -1 87 1.0394 2 FAT
1457 1145 -1 87 1.0394 2 FAT
1457 1146 -1 87 1.0394 2 FAT
1457 1147 -1 87 1.0394 2 FAT
1457 1148 -1 42 1.0000 1 CYCLE
1457 1149 -1 24 1.0000 1 CYCLE
1457 1150 -1 24 1.0000 1 CYCLE
1457 1151 -1 24 1.0000 1 CYCLE
1457 1152 -1 24 1.0000 1 CYCLE
1457 1153 -1 24 1.0000 1 CYCLE
1457 1154 -1 24 1.0000 1 CYCLE
1457 1155 -1 24 1.0000 1 CYCLE
1457 1156 -1 24 1.0000 1 CYCLE
1457 1157 -1 24 1.0000 1 CYCLE
1457 1158 -1 24 1.0000 1 CYCLE
1457 1159 -1 112 1.0410 2 FAT
1457 1160 -1 112 1.0410 2 FAT
1457 1161 -1 112 1.0410 2 FAT
1457 1162 -1 112 1.0410 2 FAT
1457 1163 -1 40 1.0000 1 CYCLE
1457 1164 -1 40 1.0000 1 CYCLE
1457 1165 -1 40 1.0000 1 CYCLE
1457 1166 -1 8 1.0000 1 CYCLE
1457 1167 -1 8 1.0000 1 CYCLE
1457 1168 -1 8 1.0000 1 CYCLE
1457 1169 -1 8 1.0000 1 CYCLE
1457 1170 -1 8 1.0000 1 CYCLE
1457 1171 -1 8 1.0000 1 CYCLE
1457 1172 -1 8 1.0000 1 CYCLE
1457 1173 -1 10 1.0000 1 CYCLE
1457 1174 -1 10 1.0000 1 CYCLE
1457 1175 -1 10 1.0000 1 CYCLE
1457 1176 -1 10 1.0000 1 CYCLE
1457 1177 -1 10 1.0000 1 CYCLE
1457 1178 -1 10 1.0000 1 CYCLE
1457 1179 -1 12 1.0000 1 CYCLE
1457 1180 -1 12 1.0000 1 CYCLE
1457 1181 -1 12 1.0000 1 CYCLE
1457 1182 -1 14 1.0000 1 CYCLE
1457 1183 -1 31 1.0365 2 FAT
1457 1184 -1 77 1.1108 2 FAT
1457 1185 -1 90 1.1144 2 FAT
1457 1186 -1 108 1.1190 2 FAT
1457 1187 -1 108 1.1190 2 FAT
1457 1188 -1 120 1.1256 2 FAT
1457 1189 -1 151 1.1422 2 FAT
1457 1190 -1 151 1.1422 2 FAT
1457 1191 -1 151 1.1422 2 FAT
1457 1192 -1 151 1.1422 2 FAT
1457 1193 -1 162 1.1421 2 FAT
1457 1194 -1 162 1.1421 2 FAT
1457 1195 -1 178 1.1474 2 FAT
1457 1196 -1 234 1.1621 2 FAT
1457 1197 -1 234 1.1621 2 FAT
1457 1198 -1 234 1.1621 2 FAT
1457 1199 -1 234 1.1621 2 FAT
1457 1200 -1 234 1.1621 2 FAT
1457 1201 -1 234 1.1621 2 FAT
1457 1202 -1 234 1.1621 2 FAT
1457 1203 -1 234 1.1621 2 FAT
1457 1204 -1 234 1.1621 2 FAT
1457 1205 -1 255 1.1612 2 FAT
1457 1206 -1 255 1.1612 2 FAT
1457 1207 -1 255 1.1612 2 FAT
1457 1208 -1 255 1.1612 2 FAT
1457 1209 -1 270 1.1597 2 FAT
1457 1210 -1 281 1.1589 2 FAT
1457 1211 -1 302 1.1615 2 FAT
1457 1212 -1 390 1.1820 2 FAT
1457 1213 -1 438 1.1903 2 FAT
1457 1214 -1 438 1.1903 2 FAT
1457 1215 -1 438 1.1903 2 FAT
1457 1216 -1 438 1.1903 2 FAT
1457 1217 -1 438 1.1903 2 FAT
1457 1218 -1 438 1.1903 2 FAT
1457 1219 -1 438 1.1903 2 FAT
1457 1220 -1 438 1.1903 2 FAT
1457 1221 -1 438 1.1903 2 FAT
1457 1222 -1 438 1.1903 2 FAT
1457 1223 -1 438 1.1903 2 FAT
1457 1224 -1 438 1.1903 2 FAT
1457 1225 -1 438 1.1903 2 FAT
1457 1226 -1 438 1.1903 2 FAT
1457 1227 -1 438 1.1903 2 FAT
1457 1228 -1 438 1.1903 2 FAT
1457 1229 -1 438 1.1903 2 FAT
1457 1230 -1 438 1.1903 2 FAT
1457 1231 -1 438 1.1903 2 FAT
1457 1232 -1 438 1.1903 2 FAT
1457 1233 -1 438 1.1903 2 FAT
1457 1234 -1 438 1.1903 2 FAT
1457 1235 -1 492 1.1903 2 FAT
1457 1236 -1 492 1.1903 2 FAT
1457 1237 -1 492 1.1903 2 FAT
1457 1238 -1 492 1.1903 2 FAT
1457 1239 -1 492 1.1903 2 FAT
1457 1240 -1 492 1.1903 2 FAT
# row j=1457 L=0.404722 n=301 KILL=0 CYCLE=98 FAT=203 CAP=0 certified=98 lambda[1.0365,1.1903]
1458 940 -1 234 1.1621 2 FAT
1458 941 -1 234 1.1621 2 FAT
1458 942 -1 234 1.1621 2 FAT
1458 943 -1 234 1.1621 2 FAT
1458 944 -1 234 1.1621 2 FAT
1458 945 -1 234 1.1621 2 FAT
1458 946 -1 234 1.1621 2 FAT
1458 947 -1 234 1.1621 2 FAT
1458 948 -1 178 1.1474 2 FAT
1458 949 -1 162 1.1421 2 FAT
1458 950 -1 162 1.1421 2 FAT
1458 951 -1 151 1.1422 2 FAT
1458 952 -1 151 1.1422 2 FAT
1458 953 -1 151 1.1422 2 FAT
1458 954 -1 151 1.1422 2 FAT
1458 955 -1 120 1.1256 2 FAT
1458 956 -1 108 1.1190 2 FAT
1458 957 -1 108 1.1190 2 FAT
1458 958 -1 90 1.1144 2 FAT
1458 959 -1 77 1.1108 2 FAT
1458 960 -1 31 1.0365 2 FAT
1458 961 -1 14 1.0000 1 CYCLE
1458 962 -1 14 1.0000 1 CYCLE
1458 963 -1 12 1.0000 1 CYCLE
1458 964 -1 12 1.0000 1 CYCLE
1458 965 -1 10 1.0000 1 CYCLE
1458 966 -1 10 1.0000 1 CYCLE
1458 967 -1 10 1.0000 1 CYCLE
1458 968 -1 10 1.0000 1 CYCLE
1458 969 -1 10 1.0000 1 CYCLE
1458 970 -1 10 1.0000 1 CYCLE
1458 971 -1 8 1.0000 1 CYCLE
1458 972 -1 8 1.0000 1 CYCLE
1458 973 -1 8 1.0000 1 CYCLE
1458 974 -1 8 1.0000 1 CYCLE
1458 975 -1 8 1.0000 1 CYCLE
1458 976 -1 40 1.0000 1 CYCLE
1458 977 -1 40 1.0000 1 CYCLE
1458 978 -1 40 1.0000 1 CYCLE
1458 979 -1 40 1.0000 1 CYCLE
1458 980 -1 112 1.0410 2 FAT
1458 981 -1 112 1.0410 2 FAT
1458 982 -1 112 1.0410 2 FAT
1458 983 -1 112 1.0410 2 FAT
1458 984 -1 112 1.0410 2 FAT
1458 985 -1 24 1.0000 1 CYCLE
1458 986 -1 24 1.0000 1 CYCLE
1458 987 -1 24 1.0000 1 CYCLE
1458 988 -1 24 1.0000 1 CYCLE
1458 989 -1 24 1.0000 1 CYCLE
1458 990 -1 24 1.0000 1 CYCLE
1458 991 -1 24 1.0000 1 CYCLE
1458 992 -1 24 1.0000 1 CYCLE
1458 993 -1 24 1.0000 1 CYCLE
1458 994 -1 42 1.0000 1 CYCLE
1458 995 -1 87 1.0394 2 FAT
1458 996 -1 87 1.0394 2 FAT
1458 997 -1 87 1.0394 2 FAT
1458 998 -1 87 1.0394 2 FAT
1458 999 -1 87 1.0394 2 FAT
1458 1000 -1 87 1.0394 2 FAT
1458 1001 -1 87 1.0394 2 FAT
1458 1002 -1 87 1.0394 2 FAT
1458 1003 -1 87 1.0394 2 FAT
1458 1004 -1 87 1.0394 2 FAT
1458 1005 -1 87 1.0394 2 FAT
1458 1006 -1 87 1.0394 2 FAT
1458 1007 -1 87 1.0394 2 FAT
1458 1008 -1 87 1.0394 2 FAT
1458 1009 -1 87 1.0394 2 FAT
1458 1010 -1 87 1.0394 2 FAT
1458 1011 -1 87 1.0394 2 FAT
1458 1012 -1 87 1.0394 2 FAT
1458 1013 -1 87 1.0394 2 FAT
1458 1014 -1 87 1.0394 2 FAT
1458 1015 -1 87 1.0394 2 FAT
1458 1016 -1 87 1.0394 2 FAT
1458 1017 -1 87 1.0394 2 FAT
1458 1018 -1 48 1.0000 1 CYCLE
1458 1019 -1 30 1.0000 1 CYCLE
1458 1020 -1 30 1.0000 1 CYCLE
1458 1021 -1 30 1.0000 1 CYCLE
1458 1022 -1 30 1.0000 1 CYCLE
1458 1023 -1 30 1.0000 1 CYCLE
1458 1024 -1 12 1.0000 1 CYCLE
1458 1025 -1 12 1.0000 1 CYCLE
1458 1026 -1 12 1.0000 1 CYCLE
1458 1027 -1 12 1.0000 1 CYCLE
1458 1028 -1 20 1.0000 1 CYCLE
1458 1029 -1 20 1.0000 1 CYCLE
1458 1030 -1 20 1.0000 1 CYCLE
1458 1031 -1 20 1.0000 1 CYCLE
1458 1032 -1 20 1.0000 1 CYCLE
1458 1033 -1 20 1.0000 1 CYCLE
1458 1034 -1 28 1.0000 1 CYCLE
1458 1035 -1 60 1.0379 2 FAT
1458 1036 -1 60 1.0379 2 FAT
1458 1037 -1 60 1.0379 2 FAT
1458 1038 -1 60 1.0379 2 FAT
1458 1039 -1 60 1.0379 2 FAT
1458 1040 -1 60 1.0379 2 FAT
1458 1041 -1 60 1.0379 2 FAT
1458 1042 -1 60 1.0379 2 FAT
1458 1043 -1 60 1.0379 2 FAT
1458 1044 -1 60 1.0379 2 FAT
1458 1045 -1 60 1.0379 2 FAT
1458 1046 -1 60 1.0379 2 FAT
1458 1047 -1 60 1.0379 2 FAT
1458 1048 -1 60 1.0379 2 FAT
1458 1049 -1 60 1.0379 2 FAT
1458 1050 -1 60 1.0379 2 FAT
1458 1051 -1 60 1.0379 2 FAT
1458 1052 -1 60 1.0379 2 FAT
1458 1053 -1 60 1.0379 2 FAT
1458 1054 -1 60 1.0379 2 FAT
1458 1055 -1 60 1.0379 2 FAT
1458 1056 -1 60 1.0379 2 FAT
1458 1057 -1 60 1.0379 2 FAT
1458 1058 -1 60 1.0379 2 FAT
1458 1059 -1 60 1.0379 2 FAT
1458 1060 -1 60 1.0379 2 FAT
1458 1061 -1 60 1.0379 2 FAT
1458 1062 -1 60 1.0379 2 FAT
1458 1063 -1 60 1.0379 2 FAT
1458 1064 -1 60 1.0379 2 FAT
1458 1065 -1 60 1.0379 2 FAT
1458 1066 -1 60 1.0379 2 FAT
1458 1067 -1 60 1.0379 2 FAT
1458 1068 -1 60 1.0379 2 FAT
1458 1069 -1 60 1.0379 2 FAT
1458 1070 -1 60 1.0379 2 FAT
1458 1071 -1 60 1.0379 2 FAT
1458 1072 -1 60 1.0379 2 FAT
1458 1073 -1 60 1.0379 2 FAT
1458 1074 -1 60 1.0379 2 FAT
1458 1075 -1 60 1.0379 2 FAT
1458 1076 -1 60 1.0379 2 FAT
1458 1077 -1 60 1.0379 2 FAT
1458 1078 -1 60 1.0379 2 FAT
1458 1079 -1 60 1.0379 2 FAT
1458 1080 -1 60 1.0379 2 FAT
1458 1081 -1 60 1.0379 2 FAT
1458 1082 -1 60 1.0379 2 FAT
1458 1083 -1 60 1.0379 2 FAT
1458 1084 -1 60 1.0379 2 FAT
1458 1085 -1 60 1.0379 2 FAT
1458 1086 -1 60 1.0379 2 FAT
1458 1087 -1 60 1.0379 2 FAT
1458 1088 -1 60 1.0379 2 FAT
1458 1089 -1 60 1.0379 2 FAT
1458 1090 -1 60 1.0379 2 FAT
1458 1091 -1 60 1.0379 2 FAT
1458 1092 -1 60 1.0379 2 FAT
1458 1093 -1 60 1.0379 2 FAT
1458 1094 -1 60 1.0379 2 FAT
1458 1095 -1 60 1.0379 2 FAT
1458 1096 -1 60 1.0379 2 FAT
1458 1097 -1 60 1.0379 2 FAT
1458 1098 -1 60 1.0379 2 FAT
1458 1099 -1 60 1.0379 2 FAT
1458 1100 -1 60 1.0379 2 FAT
1458 1101 -1 60 1.0379 2 FAT
1458 1102 -1 60 1.0379 2 FAT
1458 1103 -1 60 1.0379 2 FAT
1458 1104 -1 60 1.0379 2 FAT
1458 1105 -1 60 1.0379 2 FAT
1458 1106 -1 60 1.0379 2 FAT
1458 1107 -1 60 1.0379 2 FAT
1458 1108 -1 28 1.0000 1 CYCLE
1458 1109 -1 20 1.0000 1 CYCLE
1458 1110 -1 20 1.0000 1 CYCLE
1458 1111 -1 20 1.0000 1 CYCLE
1458 1112 -1 20 1.0000 1 CYCLE
1458 1113 -1 20 1.0000 1 CYCLE
1458 1114 -1 20 1.0000 1 CYCLE
1458 1115 -1 12 1.0000 1 CYCLE
1458 1116 -1 12 1.0000 1 CYCLE
1458 1117 -1 12 1.0000 1 CYCLE
1458 1118 -1 12 1.0000 1 CYCLE
1458 1119 -1 30 1.0000 1 CYCLE
1458 1120 -1 30 1.0000 1 CYCLE
1458 1121 -1 30 1.0000 1 CYCLE
1458 1122 -1 30 1.0000 1 CYCLE
1458 1123 -1 30 1.0000 1 CYCLE
1458 1124 -1 48 1.0000 1 CYCLE
1458 1125 -1 87 1.0394 2 FAT
1458 1126 -1 87 1.0394 2 FAT
1458 1127 -1 87 1.0394 2 FAT
1458 1128 -1 87 1.0394 2 FAT
1458 1129 -1 87 1.0394 2 FAT
1458 1130 -1 87 1.0394 2 FAT
1458 1131 -1 87 1.0394 2 FAT
1458 1132 -1 87 1.0394 2 FAT
1458 1133 -1 87 1.0394 2 FAT
1458 1134 -1 87 1.0394 2 FAT
1458 1135 -1 87 1.0394 2 FAT
1458 1136 -1 87 1.0394 2 FAT
1458 1137 -1 87 1.0394 2 FAT
1458 1138 -1 87 1.0394 2 FAT
1458 1139 -1 87 1.0394 2 FAT
1458 1140 -1 87 1.0394 2 FAT
1458 1141 -1 87 1.0394 2 FAT
1458 1142 -1 87 1.0394 2 FAT
1458 1143 -1 87 1.0394 2 FAT
1458 1144 -1 87 1.0394 2 FAT
1458 1145 -1 87 1.0394 2 FAT
1458 1146 -1 87 1.0394 2 FAT
1458 1147 -1 87 1.0394 2 FAT
1458 1148 -1 42 1.0000 1 CYCLE
1458 1149 -1 24 1.0000 1 CYCLE
1458 1150 -1 24 1.0000 1 CYCLE
1458 1151 -1 24 1.0000 1 CYCLE
1458 1152 -1 24 1.0000 1 CYCLE
1458 1153 -1 24 1.0000 1 CYCLE
1458 1154 -1 24 1.0000 1 CYCLE
1458 1155 -1 24 1.0000 1 CYCLE
1458 1156 -1 24 1.0000 1 CYCLE
1458 1157 -1 24 1.0000 1 CYCLE
1458 1158 -1 112 1.0410 2 FAT
1458 1159 -1 112 1.0410 2 FAT
1458 1160 -1 112 1.0410 2 FAT
1458 1161 -1 112 1.0410 2 FAT
1458 1162 -1 112 1.0410 2 FAT
1458 1163 -1 40 1.0000 1 CYCLE
1458 1164 -1 40 1.0000 1 CYCLE
1458 1165 -1 40 1.0000 1 CYCLE
1458 1166 -1 40 1.0000 1 CYCLE
1458 1167 -1 8 1.0000 1 CYCLE
1458 1168 -1 8 1.0000 1 CYCLE
1458 1169 -1 8 1.0000 1 CYCLE
1458 1170 -1 8 1.0000 1 CYCLE
1458 1171 -1 8 1.0000 1 CYCLE
1458 1172 -1 10 1.0000 1 CYCLE
1458 1173 -1 10 1.0000 1 CYCLE
1458 1174 -1 10 1.0000 1 CYCLE
1458 1175 -1 10 1.0000 1 CYCLE
1458 1176 -1 10 1.0000 1 CYCLE
1458 1177 -1 10 1.0000 1 CYCLE
1458 1178 -1 12 1.0000 1 CYCLE
1458 1179 -1 12 1.0000 1 CYCLE
1458 1180 -1 14 1.0000 1 CYCLE
1458 1181 -1 14 1.0000 1 CYCLE
1458 1182 -1 31 1.0365 2 FAT
1458 1183 -1 77 1.1108 2 FAT
1458 1184 -1 90 1.1144 2 FAT
1458 1185 -1 108 1.1190 2 FAT
1458 1186 -1 108 1.1190 2 FAT
1458 1187 -1 120 1.1256 2 FAT
1458 1188 -1 151 1.1422 2 FAT
1458 1189 -1 151 1.1422 2 FAT
1458 1190 -1 151 1.1422 2 FAT
1458 1191 -1 151 1.1422 2 FAT
1458 1192 -1 162 1.1421 2 FAT
1458 1193 -1 162 1.1421 2 FAT
1458 1194 -1 178 1.1474 2 FAT
1458 1195 -1 234 1.1621 2 FAT
1458 1196 -1 234 1.1621 2 FAT
1458 1197 -1 234 1.1621 2 FAT
1458 1198 -1 234 1.1621 2 FAT
1458 1199 -1 234 1.1621 2 FAT
1458 1200 -1 234 1.1621 2 FAT
1458 1201 -1 234 1.1621 2 FAT
1458 1202 -1 234 1.1621 2 FAT
1458 1203 -1 234 1.1621 2 FAT
1458 1204 -1 255 1.1612 2 FAT
1458 1205 -1 255 1.1612 2 FAT
1458 1206 -1 255 1.1612 2 FAT
1458 1207 -1 255 1.1612 2 FAT
1458 1208 -1 270 1.1597 2 FAT
1458 1209 -1 281 1.1589 2 FAT
1458 1210 -1 302 1.1615 2 FAT
1458 1211 -1 390 1.1820 2 FAT
1458 1212 -1 438 1.1903 2 FAT
1458 1213 -1 438 1.1903 2 FAT
1458 1214 -1 438 1.1903 2 FAT
1458 1215 -1 438 1.1903 2 FAT
1458 1216 -1 438 1.1903 2 FAT
1458 1217 -1 438 1.1903 2 FAT
1458 1218 -1 438 1.1903 2 FAT
1458 1219 -1 438 1.1903 2 FAT
1458 1220 -1 438 1.1903 2 FAT
1458 1221 -1 438 1.1903 2 FAT
1458 1222 -1 438 1.1903 2 FAT
1458 1223 -1 438 1.1903 2 FAT
1458 1224 -1 438 1.1903 2 FAT
1458 1225 -1 438 1.1903 2 FAT
1458 1226 -1 438 1.1903 2 FAT
1458 1227 -1 438 1.1903 2 FAT
1458 1228 -1 438 1.1903 2 FAT
1458 1229 -1 438 1.1903 2 FAT
1458 1230 -1 438 1.1903 2 FAT
1458 1231 -1 438 1.1903 2 FAT
1458 1232 -1 438 1.1903 2 FAT
1458 1233 -1 438 1.1903 2 FAT
1458 1234 -1 492 1.1903 2 FAT
1458 1235 -1 492 1.1903 2 FAT
1458 1236 -1 492 1.1903 2 FAT
1458 1237 -1 492 1.1903 2 FAT
1458 1238 -1 492 1.1903 2 FAT
1458 1239 -1 492 1.1903 2 FAT
1458 1240 -1 492 1.1903 2 FAT
# row j=1458 L=0.405000 n=301 KILL=0 CYCLE=92 FAT=209 CAP=0 certified=92 lambda[1.0365,1.1903]
1459 940 -1 234 1.1621 2 FAT
1459 941 -1 234 1.1621 2 FAT
1459 942 -1 234 1.1621 2 FAT
1459 943 -1 234 1.1621 2 FAT
1459 944 -1 234 1.1621 2 FAT
1459 945 -1 234 1.1621 2 FAT
1459 946 -1 234 1.1621 2 FAT
1459 947 -1 234 1.1621 2 FAT
1459 948 -1 178 1.1474 2 FAT
1459 949 -1 162 1.1421 2 FAT
1459 950 -1 162 1.1421 2 FAT
1459 951 -1 151 1.1422 2 FAT
1459 952 -1 151 1.1422 2 FAT
1459 953 -1 151 1.1422 2 FAT
1459 954 -1 151 1.1422 2 FAT
1459 955 -1 120 1.1256 2 FAT
1459 956 -1 108 1.1190 2 FAT
1459 957 -1 108 1.1190 2 FAT
1459 958 -1 90 1.1144 2 FAT
1459 959 -1 77 1.1108 2 FAT
1459 960 -1 31 1.0365 2 FAT
1459 961 -1 14 1.0000 1 CYCLE
1459 962 -1 14 1.0000 1 CYCLE
1459 963 -1 12 1.0000 1 CYCLE
1459 964 -1 12 1.0000 1 CYCLE
1459 965 -1 10 1.0000 1 CYCLE
1459 966 -1 10 1.0000 1 CYCLE
1459 967 -1 10 1.0000 1 CYCLE
1459 968 -1 10 1.0000 1 CYCLE
1459 969 -1 10 1.0000 1 CYCLE
1459 970 -1 10 1.0000 1 CYCLE
1459 971 -1 8 1.0000 1 CYCLE
1459 972 -1 8 1.0000 1 CYCLE
1459 973 -1 8 1.0000 1 CYCLE
1459 974 -1 40 1.0000 1 CYCLE
1459 975 -1 40 1.0000 1 CYCLE
1459 976 -1 40 1.0000 1 CYCLE
1459 977 -1 40 1.0000 1 CYCLE
1459 978 -1 40 1.0000 1 CYCLE
1459 979 -1 112 1.0410 2 FAT
1459 980 -1 112 1.0410 2 FAT
1459 981 -1 112 1.0410 2 FAT
1459 982 -1 112 1.0410 2 FAT
1459 983 -1 112 1.0410 2 FAT
1459 984 -1 112 1.0410 2 FAT
1459 985 -1 24 1.0000 1 CYCLE
1459 986 -1 24 1.0000 1 CYCLE
1459 987 -1 24 1.0000 1 CYCLE
1459 988 -1 24 1.0000 1 CYCLE
1459 989 -1 24 1.0000 1 CYCLE
1459 990 -1 24 1.0000 1 CYCLE
1459 991 -1 24 1.0000 1 CYCLE
1459 992 -1 24 1.0000 1 CYCLE
1459 993 -1 42 1.0000 1 CYCLE
1459 994 -1 87 1.0394 2 FAT
1459 995 -1 87 1.0394 2 FAT
1459 996 -1 87 1.0394 2 FAT
1459 997 -1 87 1.0394 2 FAT
1459 998 -1 87 1.0394 2 FAT
1459 999 -1 87 1.0394 2 FAT
1459 1000 -1 87 1.0394 2 FAT
1459 1001 -1 87 1.0394 2 FAT
1459 1002 -1 87 1.0394 2 FAT
1459 1003 -1 87 1.0394 2 FAT
1459 1004 -1 87 1.0394 2 FAT
1459 1005 -1 87 1.0394 2 FAT
1459 1006 -1 87 1.0394 2 FAT
1459 1007 -1 87 1.0394 2 FAT
1459 1008 -1 87 1.0394 2 FAT
1459 1009 -1 87 1.0394 2 FAT
1459 1010 -1 87 1.0394 2 FAT
1459 1011 -1 87 1.0394 2 FAT
1459 1012 -1 87 1.0394 2 FAT
1459 1013 -1 87 1.0394 2 FAT
1459 1014 -1 87 1.0394 2 FAT
1459 1015 -1 87 1.0394 2 FAT
1459 1016 -1 87 1.0394 2 FAT
1459 1017 -1 87 1.0394 2 FAT
1459 1018 -1 48 1.0000 1 CYCLE
1459 1019 -1 30 1.0000 1 CYCLE
1459 1020 -1 30 1.0000 1 CYCLE
1459 1021 -1 30 1.0000 1 CYCLE
1459 1022 -1 30 1.0000 1 CYCLE
1459 1023 -1 30 1.0000 1 CYCLE
1459 1024 -1 12 1.0000 1 CYCLE
1459 1025 -1 12 1.0000 1 CYCLE
1459 1026 -1 12 1.0000 1 CYCLE
1459 1027 -1 20 1.0000 1 CYCLE
1459 1028 -1 20 1.0000 1 CYCLE
1459 1029 -1 20 1.0000 1 CYCLE
1459 1030 -1 20 1.0000 1 CYCLE
1459 1031 -1 20 1.0000 1 CYCLE
1459 1032 -1 28 1.0000 1 CYCLE
1459 1033 -1 28 1.0000 1 CYCLE
1459 1034 -1 60 1.0379 2 FAT
1459 1035 -1 60 1.0379 2 FAT
1459 1036 -1 60 1.0379 2 FAT
1459 1037 -1 60 1.0379 2 FAT
1459 1038 -1 60 1.0379 2 FAT
1459 1039 -1 60 1.0379 2 FAT
1459 1040 -1 60 1.0379 2 FAT
1459 1041 -1 60 1.0379 2 FAT
1459 1042 -1 60 1.0379 2 FAT
1459 1043 -1 60 1.0379 2 FAT
1459 1044 -1 60 1.0379 2 FAT
1459 1045 -1 60 1.0379 2 FAT
1459 1046 -1 60 1.0379 2 FAT
1459 1047 -1 60 1.0379 2 FAT
1459 1048 -1 60 1.0379 2 FAT
1459 1049 -1 60 1.0379 2 FAT
1459 1050 -1 60 1.0379 2 FAT
1459 1051 -1 60 1.0379 2 FAT
1459 1052 -1 60 1.0379 2 FAT
1459 1053 -1 60 1.0379 2 FAT
1459 1054 -1 60 1.0379 2 FAT
1459 1055 -1 60 1.0379 2 FAT
1459 1056 -1 60 1.0379 2 FAT
1459 1057 -1 60 1.0379 2 FAT
1459 1058 -1 60 1.0379 2 FAT
1459 1059 -1 60 1.0379 2 FAT
1459 1060 -1 60 1.0379 2 FAT
1459 1061 -1 60 1.0379 2 FAT
1459 1062 -1 60 1.0379 2 FAT
1459 1063 -1 60 1.0379 2 FAT
1459 1064 -1 60 1.0379 2 FAT
1459 1065 -1 60 1.0379 2 FAT
1459 1066 -1 60 1.0379 2 FAT
1459 1067 -1 60 1.0379 2 FAT
1459 1068 -1 60 1.0379 2 FAT
1459 1069 -1 60 1.0379 2 FAT
1459 1070 -1 60 1.0379 2 FAT
1459 1071 -1 60 1.0379 2 FAT
1459 1072 -1 60 1.0379 2 FAT
1459 1073 -1 60 1.0379 2 FAT
1459 1074 -1 60 1.0379 2 FAT
1459 1075 -1 60 1.0379 2 FAT
1459 1076 -1 60 1.0379 2 FAT
1459 1077 -1 60 1.0379 2 FAT
1459 1078 -1 60 1.0379 2 FAT
1459 1079 -1 60 1.0379 2 FAT
1459 1080 -1 60 1.0379 2 FAT
1459 1081 -1 60 1.0379 2 FAT
1459 1082 -1 60 1.0379 2 FAT
1459 1083 -1 60 1.0379 2 FAT
1459 1084 -1 60 1.0379 2 FAT
1459 1085 -1 60 1.0379 2 FAT
1459 1086 -1 60 1.0379 2 FAT
1459 1087 -1 60 1.0379 2 FAT
1459 1088 -1 60 1.0379 2 FAT
1459 1089 -1 60 1.0379 2 FAT
1459 1090 -1 60 1.0379 2 FAT
1459 1091 -1 60 1.0379 2 FAT
1459 1092 -1 60 1.0379 2 FAT
1459 1093 -1 60 1.0379 2 FAT
1459 1094 -1 60 1.0379 2 FAT
1459 1095 -1 60 1.0379 2 FAT
1459 1096 -1 60 1.0379 2 FAT
1459 1097 -1 60 1.0379 2 FAT
1459 1098 -1 60 1.0379 2 FAT
1459 1099 -1 60 1.0379 2 FAT
1459 1100 -1 60 1.0379 2 FAT
1459 1101 -1 60 1.0379 2 FAT
1459 1102 -1 60 1.0379 2 FAT
1459 1103 -1 60 1.0379 2 FAT
1459 1104 -1 60 1.0379 2 FAT
1459 1105 -1 60 1.0379 2 FAT
1459 1106 -1 60 1.0379 2 FAT
1459 1107 -1 60 1.0379 2 FAT
1459 1108 -1 28 1.0000 1 CYCLE
1459 1109 -1 28 1.0000 1 CYCLE
1459 1110 -1 20 1.0000 1 CYCLE
1459 1111 -1 20 1.0000 1 CYCLE
1459 1112 -1 20 1.0000 1 CYCLE
1459 1113 -1 20 1.0000 1 CYCLE
1459 1114 -1 20 1.0000 1 CYCLE
1459 1115 -1 12 1.0000 1 CYCLE
1459 1116 -1 12 1.0000 1 CYCLE
1459 1117 -1 12 1.0000 1 CYCLE
1459 1118 -1 30 1.0000 1 CYCLE
1459 1119 -1 30 1.0000 1 CYCLE
1459 1120 -1 30 1.0000 1 CYCLE
1459 1121 -1 30 1.0000 1 CYCLE
1459 1122 -1 30 1.0000 1 CYCLE
1459 1123 -1 48 1.0000 1 CYCLE
1459 1124 -1 87 1.0394 2 FAT
1459 1125 -1 87 1.0394 2 FAT
1459 1126 -1 87 1.0394 2 FAT
1459 1127 -1 87 1.0394 2 FAT
1459 1128 -1 87 1.0394 2 FAT
1459 1129 -1 87 1.0394 2 FAT
1459 1130 -1 87 1.0394 2 FAT
1459 1131 -1 87 1.0394 2 FAT
1459 1132 -1 87 1.0394 2 FAT
1459 1133 -1 87 1.0394 2 FAT
1459 1134 -1 87 1.0394 2 FAT
1459 1135 -1 87 1.0394 2 FAT
1459 1136 -1 87 1.0394 2 FAT
1459 1137 -1 87 1.0394 2 FAT
1459 1138 -1 87 1.0394 2 FAT
1459 1139 -1 87 1.0394 2 FAT
1459 1140 -1 87 1.0394 2 FAT
1459 1141 -1 87 1.0394 2 FAT
1459 1142 -1 87 1.0394 2 FAT
1459 1143 -1 87 1.0394 2 FAT
1459 1144 -1 87 1.0394 2 FAT
1459 1145 -1 87 1.0394 2 FAT
1459 1146 -1 87 1.0394 2 FAT
1459 1147 -1 87 1.0394 2 FAT
1459 1148 -1 42 1.0000 1 CYCLE
1459 1149 -1 24 1.0000 1 CYCLE
1459 1150 -1 24 1.0000 1 CYCLE
1459 1151 -1 24 1.0000 1 CYCLE
1459 1152 -1 24 1.0000 1 CYCLE
1459 1153 -1 24 1.0000 1 CYCLE
1459 1154 -1 24 1.0000 1 CYCLE
1459 1155 -1 24 1.0000 1 CYCLE
1459 1156 -1 24 1.0000 1 CYCLE
1459 1157 -1 112 1.0410 2 FAT
1459 1158 -1 112 1.0410 2 FAT
1459 1159 -1 112 1.0410 2 FAT
1459 1160 -1 112 1.0410 2 FAT
1459 1161 -1 112 1.0410 2 FAT
1459 1162 -1 112 1.0410 2 FAT
1459 1163 -1 40 1.0000 1 CYCLE
1459 1164 -1 40 1.0000 1 CYCLE
1459 1165 -1 40 1.0000 1 CYCLE
1459 1166 -1 40 1.0000 1 CYCLE
1459 1167 -1 40 1.0000 1 CYCLE
1459 1168 -1 8 1.0000 1 CYCLE
1459 1169 -1 8 1.0000 1 CYCLE
1459 1170 -1 8 1.0000 1 CYCLE
1459 1171 -1 10 1.0000 1 CYCLE
1459 1172 -1 10 1.0000 1 CYCLE
1459 1173 -1 10 1.0000 1 CYCLE
1459 1174 -1 10 1.0000 1 CYCLE
1459 1175 -1 10 1.0000 1 CYCLE
1459 1176 -1 10 1.0000 1 CYCLE
1459 1177 -1 12 1.0000 1 CYCLE
1459 1178 -1 12 1.0000 1 CYCLE
1459 1179 -1 14 1.0000 1 CYCLE
1459 1180 -1 14 1.0000 1 CYCLE
1459 1181 -1 31 1.0365 2 FAT
1459 1182 -1 77 1.1108 2 FAT
1459 1183 -1 90 1.1144 2 FAT
1459 1184 -1 108 1.1190 2 FAT
1459 1185 -1 108 1.1190 2 FAT
1459 1186 -1 120 1.1256 2 FAT
1459 1187 -1 151 1.1422 2 FAT
1459 1188 -1 151 1.1422 2 FAT
1459 1189 -1 151 1.1422 2 FAT
1459 1190 -1 151 1.1422 2 FAT
1459 1191 -1 162 1.1421 2 FAT
1459 1192 -1 162 1.1421 2 FAT
1459 1193 -1 178 1.1474 2 FAT
1459 1194 -1 234 1.1621 2 FAT
1459 1195 -1 234 1.1621 2 FAT
1459 1196 -1 234 1.1621 2 FAT
1459 1197 -1 234 1.1621 2 FAT
1459 1198 -1 234 1.1621 2 FAT
1459 1199 -1 234 1.1621 2 FAT
1459 1200 -1 234 1.1621 2 FAT
1459 1201 -1 234 1.1621 2 FAT
1459 1202 -1 234 1.1621 2 FAT
1459 1203 -1 255 1.1612 2 FAT
1459 1204 -1 255 1.1612 2 FAT
1459 1205 -1 255 1.1612 2 FAT
1459 1206 -1 255 1.1612 2 FAT
1459 1207 -1 270 1.1597 2 FAT
1459 1208 -1 281 1.1589 2 FAT
1459 1209 -1 302 1.1615 2 FAT
1459 1210 -1 390 1.1820 2 FAT
1459 1211 -1 438 1.1903 2 FAT
1459 1212 -1 438 1.1903 2 FAT
1459 1213 -1 438 1.1903 2 FAT
1459 1214 -1 438 1.1903 2 FAT
1459 1215 -1 438 1.1903 2 FAT
1459 1216 -1 438 1.1903 2 FAT
1459 1217 -1 438 1.1903 2 FAT
1459 1218 -1 438 1.1903 2 FAT
1459 1219 -1 438 1.1903 2 FAT
1459 1220 -1 438 1.1903 2 FAT
1459 1221 -1 438 1.1903 2 FAT
1459 1222 -1 438 1.1903 2 FAT
1459 1223 -1 438 1.1903 2 FAT
1459 1224 -1 438 1.1903 2 FAT
1459 1225 -1 438 1.1903 2 FAT
1459 1226 -1 438 1.1903 2 FAT
1459 1227 -1 438 1.1903 2 FAT
1459 1228 -1 438 1.1903 2 FAT
1459 1229 -1 438 1.1903 2 FAT
1459 1230 -1 438 1.1903 2 FAT
1459 1231 -1 438 1.1903 2 FAT
1459 1232 -1 438 1.1903 2 FAT
1459 1233 -1 492 1.1903 2 FAT
1459 1234 -1 492 1.1903 2 FAT
1459 1235 -1 492 1.1903 2 FAT
1459 1236 -1 492 1.1903 2 FAT
1459 1237 -1 492 1.1903 2 FAT
1459 1238 -1 492 1.1903 2 FAT
1459 1239 -1 530 1.1907 2 FAT
1459 1240 -1 530 1.1907 2 FAT
# row j=1459 L=0.405278 n=301 KILL=0 CYCLE=86 FAT=215 CAP=0 certified=86 lambda[1.0365,1.1907]
1460 940 -1 234 1.1621 2 FAT
1460 941 -1 234 1.1621 2 FAT
1460 942 -1 234 1.1621 2 FAT
1460 943 -1 234 1.1621 2 FAT
1460 944 -1 234 1.1621 2 FAT
1460 945 -1 234 1.1621 2 FAT
1460 946 -1 234 1.1621 2 FAT
1460 947 -1 234 1.1621 2 FAT
1460 948 -1 178 1.1474 2 FAT
1460 949 -1 162 1.1421 2 FAT
1460 950 -1 162 1.1421 2 FAT
1460 951 -1 151 1.1422 2 FAT
1460 952 -1 151 1.1422 2 FAT
1460 953 -1 151 1.1422 2 FAT
1460 954 -1 151 1.1422 2 FAT
1460 955 -1 120 1.1256 2 FAT
1460 956 -1 108 1.1190 2 FAT
1460 957 -1 108 1.1190 2 FAT
1460 958 -1 90 1.1144 2 FAT
1460 959 -1 77 1.1108 2 FAT
1460 960 -1 31 1.0365 2 FAT
1460 961 -1 14 1.0000 1 CYCLE
1460 962 -1 14 1.0000 1 CYCLE
1460 963 -1 12 1.0000 1 CYCLE
1460 964 -1 12 1.0000 1 CYCLE
1460 965 -1 10 1.0000 1 CYCLE
1460 966 -1 10 1.0000 1 CYCLE
1460 967 -1 10 1.0000 1 CYCLE
1460 968 -1 10 1.0000 1 CYCLE
1460 969 -1 10 1.0000 1 CYCLE
1460 970 -1 10 1.0000 1 CYCLE
1460 971 -1 8 1.0000 1 CYCLE
1460 972 -1 8 1.0000 1 CYCLE
1460 973 -1 40 1.0000 1 CYCLE
1460 974 -1 40 1.0000 1 CYCLE
1460 975 -1 40 1.0000 1 CYCLE
1460 976 -1 40 1.0000 1 CYCLE
1460 977 -1 40 1.0000 1 CYCLE
1460 978 -1 112 1.0410 2 FAT
1460 979 -1 112 1.0410 2 FAT
1460 980 -1 112 1.0410 2 FAT
1460 981 -1 112 1.0410 2 FAT
1460 982 -1 112 1.0410 2 FAT
1460 983 -1 112 1.0410 2 FAT
1460 984 -1 112 1.0410 2 FAT
1460 985 -1 56 1.0000 1 CYCLE
1460 986 -1 24 1.0000 1 CYCLE
1460 987 -1 24 1.0000 1 CYCLE
1460 988 -1 24 1.0000 1 CYCLE
1460 989 -1 24 1.0000 1 CYCLE
1460 990 -1 24 1.0000 1 CYCLE
1460 991 -1 24 1.0000 1 CYCLE
1460 992 -1 42 1.0000 1 CYCLE
1460 993 -1 87 1.0394 2 FAT
1460 994 -1 87 1.0394 2 FAT
1460 995 -1 87 1.0394 2 FAT
1460 996 -1 87 1.0394 2 FAT
1460 997 -1 87 1.0394 2 FAT
1460 998 -1 87 1.0394 2 FAT
1460 999 -1 87 1.0394 2 FAT
1460 1000 -1 87 1.0394 2 FAT
1460 1001 -1 87 1.0394 2 FAT
1460 1002 -1 87 1.0394 2 FAT
1460 1003 -1 87 1.0394 2 FAT
1460 1004 -1 87 1.0394 2 FAT
1460 1005 -1 87 1.0394 2 FAT
1460 1006 -1 87 1.0394 2 FAT
1460 1007 -1 87 1.0394 2 FAT
1460 1008 -1 87 1.0394 2 FAT
1460 1009 -1 87 1.0394 2 FAT
1460 1010 -1 87 1.0394 2 FAT
1460 1011 -1 87 1.0394 2 FAT
1460 1012 -1 87 1.0394 2 FAT
1460 1013 -1 87 1.0394 2 FAT
1460 1014 -1 87 1.0394 2 FAT
1460 1015 -1 87 1.0394 2 FAT
1460 1016 -1 87 1.0394 2 FAT
1460 1017 -1 87 1.0394 2 FAT
1460 1018 -1 48 1.0000 1 CYCLE
1460 1019 -1 30 1.0000 1 CYCLE
1460 1020 -1 30 1.0000 1 CYCLE
1460 1021 -1 30 1.0000 1 CYCLE
1460 1022 -1 30 1.0000 1 CYCLE
1460 1023 -1 30 1.0000 1 CYCLE
1460 1024 -1 12 1.0000 1 CYCLE
1460 1025 -1 12 1.0000 1 CYCLE
1460 1026 -1 20 1.0000 1 CYCLE
1460 1027 -1 20 1.0000 1 CYCLE
1460 1028 -1 20 1.0000 1 CYCLE
1460 1029 -1 20 1.0000 1 CYCLE
1460 1030 -1 20 1.0000 1 CYCLE
1460 1031 -1 28 1.0000 1 CYCLE
1460 1032 -1 28 1.0000 1 CYCLE
1460 1033 -1 60 1.0379 2 FAT
1460 1034 -1 60 1.0379 2 FAT
1460 1035 -1 60 1.0379 2 FAT
1460 1036 -1 60 1.0379 2 FAT
1460 1037 -1 60 1.0379 2 FAT
1460 1038 -1 60 1.0379 2 FAT
1460 1039 -1 60 1.0379 2 FAT
1460 1040 -1 60 1.0379 2 FAT
1460 1041 -1 60 1.0379 2 FAT
1460 1042 -1 60 1.0379 2 FAT
1460 1043 -1 60 1.0379 2 FAT
1460 1044 -1 60 1.0379 2 FAT
1460 1045 -1 60 1.0379 2 FAT
1460 1046 -1 60 1.0379 2 FAT
1460 1047 -1 60 1.0379 2 FAT
1460 1048 -1 60 1.0379 2 FAT
1460 1049 -1 60 1.0379 2 FAT
1460 1050 -1 60 1.0379 2 FAT
1460 1051 -1 60 1.0379 2 FAT
1460 1052 -1 60 1.0379 2 FAT
1460 1053 -1 60 1.0379 2 FAT
1460 1054 -1 60 1.0379 2 FAT
1460 1055 -1 60 1.0379 2 FAT
1460 1056 -1 60 1.0379 2 FAT
1460 1057 -1 60 1.0379 2 FAT
1460 1058 -1 60 1.0379 2 FAT
1460 1059 -1 60 1.0379 2 FAT
1460 1060 -1 60 1.0379 2 FAT
1460 1061 -1 60 1.0379 2 FAT
1460 1062 -1 60 1.0379 2 FAT
1460 1063 -1 60 1.0379 2 FAT
1460 1064 -1 60 1.0379 2 FAT
1460 1065 -1 60 1.0379 2 FAT
1460 1066 -1 60 1.0379 2 FAT
1460 1067 -1 60 1.0379 2 FAT
1460 1068 -1 60 1.0379 2 FAT
1460 1069 -1 60 1.0379 2 FAT
1460 1070 -1 60 1.0379 2 FAT
1460 1071 -1 60 1.0379 2 FAT
1460 1072 -1 60 1.0379 2 FAT
1460 1073 -1 60 1.0379 2 FAT
1460 1074 -1 60 1.0379 2 FAT
1460 1075 -1 60 1.0379 2 FAT
1460 1076 -1 60 1.0379 2 FAT
1460 1077 -1 60 1.0379 2 FAT
1460 1078 -1 60 1.0379 2 FAT
1460 1079 -1 60 1.0379 2 FAT
1460 1080 -1 60 1.0379 2 FAT
1460 1081 -1 60 1.0379 2 FAT
1460 1082 -1 60 1.0379 2 FAT
1460 1083 -1 60 1.0379 2 FAT
1460 1084 -1 60 1.0379 2 FAT
1460 1085 -1 60 1.0379 2 FAT
1460 1086 -1 60 1.0379 2 FAT
1460 1087 -1 60 1.0379 2 FAT
1460 1088 -1 60 1.0379 2 FAT
1460 1089 -1 60 1.0379 2 FAT
1460 1090 -1 60 1.0379 2 FAT
1460 1091 -1 60 1.0379 2 FAT
1460 1092 -1 60 1.0379 2 FAT
1460 1093 -1 60 1.0379 2 FAT
1460 1094 -1 60 1.0379 2 FAT
1460 1095 -1 60 1.0379 2 FAT
1460 1096 -1 60 1.0379 2 FAT
1460 1097 -1 60 1.0379 2 FAT
1460 1098 -1 60 1.0379 2 FAT
1460 1099 -1 60 1.0379 2 FAT
1460 1100 -1 60 1.0379 2 FAT
1460 1101 -1 60 1.0379 2 FAT
1460 1102 -1 60 1.0379 2 FAT
1460 1103 -1 60 1.0379 2 FAT
1460 1104 -1 60 1.0379 2 FAT
1460 1105 -1 60 1.0379 2 FAT
1460 1106 -1 60 1.0379 2 FAT
1460 1107 -1 60 1.0379 2 FAT
1460 1108 -1 28 1.0000 1 CYCLE
1460 1109 -1 28 1.0000 1 CYCLE
1460 1110 -1 20 1.0000 1 CYCLE
1460 1111 -1 20 1.0000 1 CYCLE
1460 1112 -1 20 1.0000 1 CYCLE
1460 1113 -1 20 1.0000 1 CYCLE
1460 1114 -1 20 1.0000 1 CYCLE
1460 1115 -1 12 1.0000 1 CYCLE
1460 1116 -1 12 1.0000 1 CYCLE
1460 1117 -1 30 1.0000 1 CYCLE
1460 1118 -1 30 1.0000 1 CYCLE
1460 1119 -1 30 1.0000 1 CYCLE
1460 1120 -1 30 1.0000 1 CYCLE
1460 1121 -1 30 1.0000 1 CYCLE
1460 1122 -1 48 1.0000 1 CYCLE
1460 1123 -1 87 1.0394 2 FAT
1460 1124 -1 87 1.0394 2 FAT
1460 1125 -1 87 1.0394 2 FAT
1460 1126 -1 87 1.0394 2 FAT
1460 1127 -1 87 1.0394 2 FAT
1460 1128 -1 87 1.0394 2 FAT
1460 1129 -1 87 1.0394 2 FAT
1460 1130 -1 87 1.0394 2 FAT
1460 1131 -1 87 1.0394 2 FAT
1460 1132 -1 87 1.0394 2 FAT
1460 1133 -1 87 1.0394 2 FAT
1460 1134 -1 87 1.0394 2 FAT
1460 1135 -1 87 1.0394 2 FAT
1460 1136 -1 87 1.0394 2 FAT
1460 1137 -1 87 1.0394 2 FAT
1460 1138 -1 87 1.0394 2 FAT
1460 1139 -1 87 1.0394 2 FAT
1460 1140 -1 87 1.0394 2 FAT
1460 1141 -1 87 1.0394 2 FAT
1460 1142 -1 87 1.0394 2 FAT
1460 1143 -1 87 1.0394 2 FAT
1460 1144 -1 87 1.0394 2 FAT
1460 1145 -1 87 1.0394 2 FAT
1460 1146 -1 87 1.0394 2 FAT
1460 1147 -1 87 1.0394 2 FAT
1460 1148 -1 42 1.0000 1 CYCLE
1460 1149 -1 24 1.0000 1 CYCLE
1460 1150 -1 24 1.0000 1 CYCLE
1460 1151 -1 24 1.0000 1 CYCLE
1460 1152 -1 24 1.0000 1 CYCLE
1460 1153 -1 24 1.0000 1 CYCLE
1460 1154 -1 24 1.0000 1 CYCLE
1460 1155 -1 56 1.0000 1 CYCLE
1460 1156 -1 112 1.0410 2 FAT
1460 1157 -1 112 1.0410 2 FAT
1460 1158 -1 112 1.0410 2 FAT
1460 1159 -1 112 1.0410 2 FAT
1460 1160 -1 112 1.0410 2 FAT
1460 1161 -1 112 1.0410 2 FAT
1460 1162 -1 112 1.0410 2 FAT
1460 1163 -1 40 1.0000 1 CYCLE
1460 1164 -1 40 1.0000 1 CYCLE
1460 1165 -1 40 1.0000 1 CYCLE
1460 1166 -1 40 1.0000 1 CYCLE
1460 1167 -1 40 1.0000 1 CYCLE
1460 1168 -1 8 1.0000 1 CYCLE
1460 1169 -1 8 1.0000 1 CYCLE
1460 1170 -1 10 1.0000 1 CYCLE
1460 1171 -1 10 1.0000 1 CYCLE
1460 1172 -1 10 1.0000 1 CYCLE
1460 1173 -1 10 1.0000 1 CYCLE
1460 1174 -1 10 1.0000 1 CYCLE
1460 1175 -1 10 1.0000 1 CYCLE
1460 1176 -1 12 1.0000 1 CYCLE
1460 1177 -1 12 1.0000 1 CYCLE
1460 1178 -1 14 1.0000 1 CYCLE
1460 1179 -1 14 1.0000 1 CYCLE
1460 1180 -1 31 1.0365 2 FAT
1460 1181 -1 77 1.1108 2 FAT
1460 1182 -1 90 1.1144 2 FAT
1460 1183 -1 108 1.1190 2 FAT
1460 1184 -1 108 1.1190 2 FAT
1460 1185 -1 120 1.1256 2 FAT
1460 1186 -1 151 1.1422 2 FAT
1460 1187 -1 151 1.1422 2 FAT
1460 1188 -1 151 1.1422 2 FAT
1460 1189 -1 151 1.1422 2 FAT
1460 1190 -1 162 1.1421 2 FAT
1460 1191 -1 162 1.1421 2 FAT
1460 1192 -1 178 1.1474 2 FAT
1460 1193 -1 234 1.1621 2 FAT
1460 1194 -1 234 1.1621 2 FAT
1460 1195 -1 234 1.1621 2 FAT
1460 1196 -1 234 1.1621 2 FAT
1460 1197 -1 234 1.1621 2 FAT
1460 1198 -1 234 1.1621 2 FAT
1460 1199 -1 234 1.1621 2 FAT
1460 1200 -1 234 1.1621 2 FAT
1460 1201 -1 234 1.1621 2 FAT
1460 1202 -1 255 1.1612 2 FAT
1460 1203 -1 255 1.1612 2 FAT
1460 1204 -1 255 1.1612 2 FAT
1460 1205 -1 255 1.1612 2 FAT
1460 1206 -1 270 1.1597 2 FAT
1460 1207 -1 281 1.1589 2 FAT
1460 1208 -1 302 1.1615 2 FAT
1460 1209 -1 390 1.1820 2 FAT
1460 1210 -1 438 1.1903 2 FAT
1460 1211 -1 438 1.1903 2 FAT
1460 1212 -1 438 1.1903 2 FAT
1460 1213 -1 438 1.1903 2 FAT
1460 1214 -1 438 1.1903 2 FAT
1460 1215 -1 438 1.1903 2 FAT
1460 1216 -1 438 1.1903 2 FAT
1460 1217 -1 438 1.1903 2 FAT
1460 1218 -1 438 1.1903 2 FAT
1460 1219 -1 438 1.1903 2 FAT
1460 1220 -1 438 1.1903 2 FAT
1460 1221 -1 438 1.1903 2 FAT
1460 1222 -1 438 1.1903 2 FAT
1460 1223 -1 438 1.1903 2 FAT
1460 1224 -1 438 1.1903 2 FAT
1460 1225 -1 438 1.1903 2 FAT
1460 1226 -1 438 1.1903 2 FAT
1460 1227 -1 438 1.1903 2 FAT
1460 1228 -1 438 1.1903 2 FAT
1460 1229 -1 438 1.1903 2 FAT
1460 1230 -1 438 1.1903 2 FAT
1460 1231 -1 492 1.1903 2 FAT
1460 1232 -1 492 1.1903 2 FAT
1460 1233 -1 492 1.1903 2 FAT
1460 1234 -1 492 1.1903 2 FAT
1460 1235 -1 492 1.1903 2 FAT
1460 1236 -1 492 1.1903 2 FAT
1460 1237 -1 492 1.1903 2 FAT
1460 1238 -1 530 1.1907 2 FAT
1460 1239 -1 530 1.1907 2 FAT
1460 1240 -1 530 1.1907 2 FAT
# row j=1460 L=0.405556 n=301 KILL=0 CYCLE=80 FAT=221 CAP=0 certified=80 lambda[1.0365,1.1907]
1461 940 -1 234 1.1621 2 FAT
1461 941 -1 234 1.1621 2 FAT
1461 942 -1 234 1.1621 2 FAT
1461 943 -1 234 1.1621 2 FAT
1461 944 -1 234 1.1621 2 FAT
1461 945 -1 234 1.1621 2 FAT
1461 946 -1 234 1.1621 2 FAT
1461 947 -1 234 1.1621 2 FAT
1461 948 -1 178 1.1474 2 FAT
1461 949 -1 162 1.1421 2 FAT
1461 950 -1 162 1.1421 2 FAT
1461 951 -1 151 1.1422 2 FAT
1461 952 -1 151 1.1422 2 FAT
1461 953 -1 151 1.1422 2 FAT
1461 954 -1 151 1.1422 2 FAT
1461 955 -1 120 1.1256 2 FAT
1461 956 -1 108 1.1190 2 FAT
1461 957 -1 108 1.1190 2 FAT
1461 958 -1 90 1.1144 2 FAT
1461 959 -1 77 1.1108 2 FAT
1461 960 -1 31 1.0365 2 FAT
1461 961 -1 14 1.0000 1 CYCLE
1461 962 -1 14 1.0000 1 CYCLE
1461 963 -1 12 1.0000 1 CYCLE
1461 964 -1 12 1.0000 1 CYCLE
1461 965 -1 10 1.0000 1 CYCLE
1461 966 -1 10 1.0000 1 CYCLE
1461 967 -1 10 1.0000 1 CYCLE
1461 968 -1 10 1.0000 1 CYCLE
1461 969 -1 10 1.0000 1 CYCLE
1461 970 -1 10 1.0000 1 CYCLE
1461 971 -1 40 1.0000 1 CYCLE
1461 972 -1 40 1.0000 1 CYCLE
1461 973 -1 40 1.0000 1 CYCLE
1461 974 -1 40 1.0000 1 CYCLE
1461 975 -1 40 1.0000 1 CYCLE
1461 976 -1 40 1.0000 1 CYCLE
1461 977 -1 112 1.0410 2 FAT
1461 978 -1 112 1.0410 2 FAT
1461 979 -1 112 1.0410 2 FAT
1461 980 -1 112 1.0410 2 FAT
1461 981 -1 112 1.0410 2 FAT
1461 982 -1 112 1.0410 2 FAT
1461 983 -1 112 1.0410 2 FAT
1461 984 -1 112 1.0410 2 FAT
1461 985 -1 56 1.0000 1 CYCLE
1461 986 -1 24 1.0000 1 CYCLE
1461 987 -1 24 1.0000 1 CYCLE
1461 988 -1 24 1.0000 1 CYCLE
1461 989 -1 24 1.0000 1 CYCLE
1461 990 -1 24 1.0000 1 CYCLE
1461 991 -1 42 1.0000 1 CYCLE
1461 992 -1 87 1.0394 2 FAT
1461 993 -1 87 1.0394 2 FAT
1461 994 -1 87 1.0394 2 FAT
1461 995 -1 87 1.0394 2 FAT
1461 996 -1 87 1.0394 2 FAT
1461 997 -1 87 1.0394 2 FAT
1461 998 -1 87 1.0394 2 FAT
1461 999 -1 87 1.0394 2 FAT
1461 1000 -1 87 1.0394 2 FAT
1461 1001 -1 87 1.0394 2 FAT
1461 1002 -1 87 1.0394 2 FAT
1461 1003 -1 87 1.0394 2 FAT
1461 1004 -1 87 1.0394 2 FAT
1461 1005 -1 87 1.0394 2 FAT
1461 1006 -1 87 1.0394 2 FAT
1461 1007 -1 87 1.0394 2 FAT
1461 1008 -1 87 1.0394 2 FAT
1461 1009 -1 87 1.0394 2 FAT
1461 1010 -1 87 1.0394 2 FAT
1461 1011 -1 87 1.0394 2 FAT
1461 1012 -1 87 1.0394 2 FAT
1461 1013 -1 87 1.0394 2 FAT
1461 1014 -1 87 1.0394 2 FAT
1461 1015 -1 87 1.0394 2 FAT
1461 1016 -1 87 1.0394 2 FAT
1461 1017 -1 87 1.0394 2 FAT
1461 1018 -1 48 1.0000 1 CYCLE
1461 1019 -1 30 1.0000 1 CYCLE
1461 1020 -1 30 1.0000 1 CYCLE
1461 1021 -1 30 1.0000 1 CYCLE
1461 1022 -1 30 1.0000 1 CYCLE
1461 1023 -1 30 1.0000 1 CYCLE
1461 1024 -1 135 1.0428 2 FAT
1461 1025 -1 20 1.0000 1 CYCLE
1461 1026 -1 20 1.0000 1 CYCLE
1461 1027 -1 20 1.0000 1 CYCLE
1461 1028 -1 20 1.0000 1 CYCLE
1461 1029 -1 20 1.0000 1 CYCLE
1461 1030 -1 28 1.0000 1 CYCLE
1461 1031 -1 28 1.0000 1 CYCLE
1461 1032 -1 60 1.0379 2 FAT
1461 1033 -1 60 1.0379 2 FAT
1461 1034 -1 60 1.0379 2 FAT
1461 1035 -1 60 1.0379 2 FAT
1461 1036 -1 60 1.0379 2 FAT
1461 1037 -1 60 1.0379 2 FAT
1461 1038 -1 60 1.0379 2 FAT
1461 1039 -1 60 1.0379 2 FAT
1461 1040 -1 60 1.0379 2 FAT
1461 1041 -1 60 1.0379 2 FAT
1461 1042 -1 60 1.0379 2 FAT
1461 1043 -1 60 1.0379 2 FAT
1461 1044 -1 60 1.0379 2 FAT
1461 1045 -1 60 1.0379 2 FAT
1461 1046 -1 60 1.0379 2 FAT
1461 1047 -1 60 1.0379 2 FAT
1461 1048 -1 60 1.0379 2 FAT
1461 1049 -1 60 1.0379 2 FAT
1461 1050 -1 60 1.0379 2 FAT
1461 1051 -1 60 1.0379 2 FAT
1461 1052 -1 60 1.0379 2 FAT
1461 1053 -1 60 1.0379 2 FAT
1461 1054 -1 60 1.0379 2 FAT
1461 1055 -1 60 1.0379 2 FAT
1461 1056 -1 60 1.0379 2 FAT
1461 1057 -1 60 1.0379 2 FAT
1461 1058 -1 60 1.0379 2 FAT
1461 1059 -1 60 1.0379 2 FAT
1461 1060 -1 60 1.0379 2 FAT
1461 1061 -1 60 1.0379 2 FAT
1461 1062 -1 60 1.0379 2 FAT
1461 1063 -1 60 1.0379 2 FAT
1461 1064 -1 60 1.0379 2 FAT
1461 1065 -1 60 1.0379 2 FAT
1461 1066 -1 60 1.0379 2 FAT
1461 1067 -1 60 1.0379 2 FAT
1461 1068 -1 60 1.0379 2 FAT
1461 1069 -1 60 1.0379 2 FAT
1461 1070 -1 60 1.0379 2 FAT
1461 1071 -1 60 1.0379 2 FAT
1461 1072 -1 60 1.0379 2 FAT
1461 1073 -1 60 1.0379 2 FAT
1461 1074 -1 60 1.0379 2 FAT
1461 1075 -1 60 1.0379 2 FAT
1461 1076 -1 60 1.0379 2 FAT
1461 1077 -1 60 1.0379 2 FAT
1461 1078 -1 60 1.0379 2 FAT
1461 1079 -1 60 1.0379 2 FAT
1461 1080 -1 60 1.0379 2 FAT
1461 1081 -1 60 1.0379 2 FAT
1461 1082 -1 60 1.0379 2 FAT
1461 1083 -1 60 1.0379 2 FAT
1461 1084 -1 60 1.0379 2 FAT
1461 1085 -1 60 1.0379 2 FAT
1461 1086 -1 60 1.0379 2 FAT
1461 1087 -1 60 1.0379 2 FAT
1461 1088 -1 60 1.0379 2 FAT
1461 1089 -1 60 1.0379 2 FAT
1461 1090 -1 60 1.0379 2 FAT
1461 1091 -1 60 1.0379 2 FAT
1461 1092 -1 60 1.0379 2 FAT
1461 1093 -1 60 1.0379 2 FAT
1461 1094 -1 60 1.0379 2 FAT
1461 1095 -1 60 1.0379 2 FAT
1461 1096 -1 60 1.0379 2 FAT
1461 1097 -1 60 1.0379 2 FAT
1461 1098 -1 60 1.0379 2 FAT
1461 1099 -1 60 1.0379 2 FAT
1461 1100 -1 60 1.0379 2 FAT
1461 1101 -1 60 1.0379 2 FAT
1461 1102 -1 60 1.0379 2 FAT
1461 1103 -1 60 1.0379 2 FAT
1461 1104 -1 60 1.0379 2 FAT
1461 1105 -1 60 1.0379 2 FAT
1461 1106 -1 60 1.0379 2 FAT
1461 1107 -1 60 1.0379 2 FAT
1461 1108 -1 28 1.0000 1 CYCLE
1461 1109 -1 28 1.0000 1 CYCLE
1461 1110 -1 20 1.0000 1 CYCLE
1461 1111 -1 20 1.0000 1 CYCLE
1461 1112 -1 20 1.0000 1 CYCLE
1461 1113 -1 20 1.0000 1 CYCLE
1461 1114 -1 20 1.0000 1 CYCLE
1461 1115 -1 135 1.0428 2 FAT
1461 1116 -1 30 1.0000 1 CYCLE
1461 1117 -1 30 1.0000 1 CYCLE
1461 1118 -1 30 1.0000 1 CYCLE
1461 1119 -1 30 1.0000 1 CYCLE
1461 1120 -1 30 1.0000 1 CYCLE
1461 1121 -1 48 1.0000 1 CYCLE
1461 1122 -1 87 1.0394 2 FAT
1461 1123 -1 87 1.0394 2 FAT
1461 1124 -1 87 1.0394 2 FAT
1461 1125 -1 87 1.0394 2 FAT
1461 1126 -1 87 1.0394 2 FAT
1461 1127 -1 87 1.0394 2 FAT
1461 1128 -1 87 1.0394 2 FAT
1461 1129 -1 87 1.0394 2 FAT
1461 1130 -1 87 1.0394 2 FAT
1461 1131 -1 87 1.0394 2 FAT
1461 1132 -1 87 1.0394 2 FAT
1461 1133 -1 87 1.0394 2 FAT
1461 1134 -1 87 1.0394 2 FAT
1461 1135 -1 87 1.0394 2 FAT
1461 1136 -1 87 1.0394 2 FAT
1461 1137 -1 87 1.0394 2 FAT
1461 1138 -1 87 1.0394 2 FAT
1461 1139 -1 87 1.0394 2 FAT
1461 1140 -1 87 1.0394 2 FAT
1461 1141 -1 87 1.0394 2 FAT
1461 1142 -1 87 1.0394 2 FAT
1461 1143 -1 87 1.0394 2 FAT
1461 1144 -1 87 1.0394 2 FAT
1461 1145 -1 87 1.0394 2 FAT
1461 1146 -1 87 1.0394 2 FAT
1461 1147 -1 87 1.0394 2 FAT
1461 1148 -1 42 1.0000 1 CYCLE
1461 1149 -1 24 1.0000 1 CYCLE
1461 1150 -1 24 1.0000 1 CYCLE
1461 1151 -1 24 1.0000 1 CYCLE
1461 1152 -1 24 1.0000 1 CYCLE
1461 1153 -1 24 1.0000 1 CYCLE
1461 1154 -1 56 1.0000 1 CYCLE
1461 1155 -1 112 1.0410 2 FAT
1461 1156 -1 112 1.0410 2 FAT
1461 1157 -1 112 1.0410 2 FAT
1461 1158 -1 112 1.0410 2 FAT
1461 1159 -1 112 1.0410 2 FAT
1461 1160 -1 112 1.0410 2 FAT
1461 1161 -1 112 1.0410 2 FAT
1461 1162 -1 112 1.0410 2 FAT
1461 1163 -1 40 1.0000 1 CYCLE
1461 1164 -1 40 1.0000 1 CYCLE
1461 1165 -1 40 1.0000 1 CYCLE
1461 1166 -1 40 1.0000 1 CYCLE
1461 1167 -1 40 1.0000 1 CYCLE
1461 1168 -1 40 1.0000 1 CYCLE
1461 1169 -1 10 1.0000 1 CYCLE
1461 1170 -1 10 1.0000 1 CYCLE
1461 1171 -1 10 1.0000 1 CYCLE
1461 1172 -1 10 1.0000 1 CYCLE
1461 1173 -1 10 1.0000 1 CYCLE
1461 1174 -1 10 1.0000 1 CYCLE
1461 1175 -1 12 1.0000 1 CYCLE
1461 1176 -1 12 1.0000 1 CYCLE
1461 1177 -1 14 1.0000 1 CYCLE
1461 1178 -1 14 1.0000 1 CYCLE
1461 1179 -1 31 1.0365 2 FAT
1461 1180 -1 77 1.1108 2 FAT
1461 1181 -1 90 1.1144 2 FAT
1461 1182 -1 108 1.1190 2 FAT
1461 1183 -1 108 1.1190 2 FAT
1461 1184 -1 120 1.1256 2 FAT
1461 1185 -1 151 1.1422 2 FAT
1461 1186 -1 151 1.1422 2 FAT
1461 1187 -1 151 1.1422 2 FAT
1461 1188 -1 151 1.1422 2 FAT
1461 1189 -1 162 1.1421 2 FAT
1461 1190 -1 162 1.1421 2 FAT
1461 1191 -1 178 1.1474 2 FAT
1461 1192 -1 234 1.1621 2 FAT
1461 1193 -1 234 1.1621 2 FAT
1461 1194 -1 234 1.1621 2 FAT
1461 1195 -1 234 1.1621 2 FAT
1461 1196 -1 234 1.1621 2 FAT
1461 1197 -1 234 1.1621 2 FAT
1461 1198 -1 234 1.1621 2 FAT
1461 1199 -1 234 1.1621 2 FAT
1461 1200 -1 234 1.1621 2 FAT
1461 1201 -1 255 1.1612 2 FAT
1461 1202 -1 255 1.1612 2 FAT
1461 1203 -1 255 1.1612 2 FAT
1461 1204 -1 255 1.1612 2 FAT
1461 1205 -1 270 1.1597 2 FAT
1461 1206 -1 281 1.1589 2 FAT
1461 1207 -1 302 1.1615 2 FAT
1461 1208 -1 390 1.1820 2 FAT
1461 1209 -1 438 1.1903 2 FAT
1461 1210 -1 438 1.1903 2 FAT
1461 1211 -1 438 1.1903 2 FAT
1461 1212 -1 438 1.1903 2 FAT
1461 1213 -1 438 1.1903 2 FAT
1461 1214 -1 438 1.1903 2 FAT
1461 1215 -1 438 1.1903 2 FAT
1461 1216 -1 438 1.1903 2 FAT
1461 1217 -1 438 1.1903 2 FAT
1461 1218 -1 438 1.1903 2 FAT
1461 1219 -1 438 1.1903 2 FAT
1461 1220 -1 438 1.1903 2 FAT
1461 1221 -1 438 1.1903 2 FAT
1461 1222 -1 438 1.1903 2 FAT
1461 1223 -1 438 1.1903 2 FAT
1461 1224 -1 438 1.1903 2 FAT
1461 1225 -1 438 1.1903 2 FAT
1461 1226 -1 438 1.1903 2 FAT
1461 1227 -1 438 1.1903 2 FAT
1461 1228 -1 438 1.1903 2 FAT
1461 1229 -1 438 1.1903 2 FAT
1461 1230 -1 492 1.1903 2 FAT
1461 1231 -1 492 1.1903 2 FAT
1461 1232 -1 492 1.1903 2 FAT
1461 1233 -1 492 1.1903 2 FAT
1461 1234 -1 492 1.1903 2 FAT
1461 1235 -1 492 1.1903 2 FAT
1461 1236 -1 492 1.1903 2 FAT
1461 1237 -1 530 1.1907 2 FAT
1461 1238 -1 530 1.1907 2 FAT
1461 1239 -1 530 1.1907 2 FAT
1461 1240 -1 557 1.1912 2 FAT
# row j=1461 L=0.405833 n=301 KILL=0 CYCLE=72 FAT=229 CAP=0 certified=72 lambda[1.0365,1.1912]
1462 940 -1 234 1.1621 2 FAT
1462 941 -1 234 1.1621 2 FAT
1462 942 -1 234 1.1621 2 FAT
1462 943 -1 234 1.1621 2 FAT
1462 944 -1 234 1.1621 2 FAT
1462 945 -1 234 1.1621 2 FAT
1462 946 -1 234 1.1621 2 FAT
1462 947 -1 234 1.1621 2 FAT
1462 948 -1 178 1.1474 2 FAT
1462 949 -1 162 1.1421 2 FAT
1462 950 -1 162 1.1421 2 FAT
1462 951 -1 151 1.1422 2 FAT
1462 952 -1 151 1.1422 2 FAT
1462 953 -1 151 1.1422 2 FAT
1462 954 -1 151 1.1422 2 FAT
1462 955 -1 120 1.1256 2 FAT
1462 956 -1 108 1.1190 2 FAT
1462 957 -1 108 1.1190 2 FAT
1462 958 -1 90 1.1144 2 FAT
1462 959 -1 77 1.1108 2 FAT
1462 960 -1 31 1.0365 2 FAT
1462 961 -1 14 1.0000 1 CYCLE
1462 962 -1 14 1.0000 1 CYCLE
1462 963 -1 12 1.0000 1 CYCLE
1462 964 -1 12 1.0000 1 CYCLE
1462 965 -1 10 1.0000 1 CYCLE
1462 966 -1 10 1.0000 1 CYCLE
1462 967 -1 10 1.0000 1 CYCLE
1462 968 -1 10 1.0000 1 CYCLE
1462 969 -1 60 1.0000 1 CYCLE
1462 970 -1 135 1.0428 2 FAT
1462 971 -1 40 1.0000 1 CYCLE
1462 972 -1 40 1.0000 1 CYCLE
1462 973 -1 40 1.0000 1 CYCLE
1462 974 -1 40 1.0000 1 CYCLE
1462 975 -1 40 1.0000 1 CYCLE
1462 976 -1 112 1.0410 2 FAT
1462 977 -1 112 1.0410 2 FAT
1462 978 -1 112 1.0410 2 FAT
1462 979 -1 112 1.0410 2 FAT
1462 980 -1 112 1.0410 2 FAT
1462 981 -1 112 1.0410 2 FAT
1462 982 -1 112 1.0410 2 FAT
1462 983 -1 112 1.0410 2 FAT
1462 984 -1 112 1.0410 2 FAT
1462 985 -1 56 1.0000 1 CYCLE
1462 986 -1 24 1.0000 1 CYCLE
1462 987 -1 24 1.0000 1 CYCLE
1462 988 -1 24 1.0000 1 CYCLE
1462 989 -1 24 1.0000 1 CYCLE
1462 990 -1 42 1.0000 1 CYCLE
1462 991 -1 87 1.0394 2 FAT
1462 992 -1 87 1.0394 2 FAT
1462 993 -1 87 1.0394 2 FAT
1462 994 -1 87 1.0394 2 FAT
1462 995 -1 87 1.0394 2 FAT
1462 996 -1 87 1.0394 2 FAT
1462 997 -1 87 1.0394 2 FAT
1462 998 -1 87 1.0394 2 FAT
1462 999 -1 87 1.0394 2 FAT
1462 1000 -1 87 1.0394 2 FAT
1462 1001 -1 87 1.0394 2 FAT
1462 1002 -1 87 1.0394 2 FAT
1462 1003 -1 87 1.0394 2 FAT
1462 1004 -1 87 1.0394 2 FAT
1462 1005 -1 87 1.0394 2 FAT
1462 1006 -1 87 1.0394 2 FAT
1462 1007 -1 87 1.0394 2 FAT
1462 1008 -1 87 1.0394 2 FAT
1462 1009 -1 87 1.0394 2 FAT
1462 1010 -1 87 1.0394 2 FAT
1462 1011 -1 87 1.0394 2 FAT
1462 1012 -1 87 1.0394 2 FAT
1462 1013 -1 87 1.0394 2 FAT
1462 1014 -1 87 1.0394 2 FAT
1462 1015 -1 87 1.0394 2 FAT
1462 1016 -1 87 1.0394 2 FAT
1462 1017 -1 87 1.0394 2 FAT
1462 1018 -1 48 1.0000 1 CYCLE
1462 1019 -1 30 1.0000 1 CYCLE
1462 1020 -1 30 1.0000 1 CYCLE
1462 1021 -1 30 1.0000 1 CYCLE
1462 1022 -1 30 1.0000 1 CYCLE
1462 1023 -1 135 1.0428 2 FAT
1462 1024 -1 135 1.0428 2 FAT
1462 1025 -1 20 1.0000 1 CYCLE
1462 1026 -1 20 1.0000 1 CYCLE
1462 1027 -1 20 1.0000 1 CYCLE
1462 1028 -1 20 1.0000 1 CYCLE
1462 1029 -1 28 1.0000 1 CYCLE
1462 1030 -1 28 1.0000 1 CYCLE
1462 1031 -1 60 1.0379 2 FAT
1462 1032 -1 60 1.0379 2 FAT
1462 1033 -1 60 1.0379 2 FAT
1462 1034 -1 60 1.0379 2 FAT
1462 1035 -1 60 1.0379 2 FAT
1462 1036 -1 60 1.0379 2 FAT
1462 1037 -1 60 1.0379 2 FAT
1462 1038 -1 60 1.0379 2 FAT
1462 1039 -1 60 1.0379 2 FAT
1462 1040 -1 60 1.0379 2 FAT
1462 1041 -1 60 1.0379 2 FAT
1462 1042 -1 60 1.0379 2 FAT
1462 1043 -1 60 1.0379 2 FAT
1462 1044 -1 60 1.0379 2 FAT
1462 1045 -1 60 1.0379 2 FAT
1462 1046 -1 60 1.0379 2 FAT
1462 1047 -1 60 1.0379 2 FAT
1462 1048 -1 60 1.0379 2 FAT
1462 1049 -1 60 1.0379 2 FAT
1462 1050 -1 60 1.0379 2 FAT
1462 1051 -1 60 1.0379 2 FAT
1462 1052 -1 60 1.0379 2 FAT
1462 1053 -1 60 1.0379 2 FAT
1462 1054 -1 60 1.0379 2 FAT
1462 1055 -1 60 1.0379 2 FAT
1462 1056 -1 60 1.0379 2 FAT
1462 1057 -1 60 1.0379 2 FAT
1462 1058 -1 60 1.0379 2 FAT
1462 1059 -1 60 1.0379 2 FAT
1462 1060 -1 60 1.0379 2 FAT
1462 1061 -1 60 1.0379 2 FAT
1462 1062 -1 60 1.0379 2 FAT
1462 1063 -1 60 1.0379 2 FAT
1462 1064 -1 60 1.0379 2 FAT
1462 1065 -1 60 1.0379 2 FAT
1462 1066 -1 60 1.0379 2 FAT
1462 1067 -1 60 1.0379 2 FAT
1462 1068 -1 60 1.0379 2 FAT
1462 1069 -1 60 1.0379 2 FAT
1462 1070 -1 60 1.0379 2 FAT
1462 1071 -1 60 1.0379 2 FAT
1462 1072 -1 60 1.0379 2 FAT
1462 1073 -1 60 1.0379 2 FAT
1462 1074 -1 60 1.0379 2 FAT
1462 1075 -1 60 1.0379 2 FAT
1462 1076 -1 60 1.0379 2 FAT
1462 1077 -1 60 1.0379 2 FAT
1462 1078 -1 60 1.0379 2 FAT
1462 1079 -1 60 1.0379 2 FAT
1462 1080 -1 60 1.0379 2 FAT
1462 1081 -1 60 1.0379 2 FAT
1462 1082 -1 60 1.0379 2 FAT
1462 1083 -1 60 1.0379 2 FAT
1462 1084 -1 60 1.0379 2 FAT
1462 1085 -1 60 1.0379 2 FAT
1462 1086 -1 60 1.0379 2 FAT
1462 1087 -1 60 1.0379 2 FAT
1462 1088 -1 60 1.0379 2 FAT
1462 1089 -1 60 1.0379 2 FAT
1462 1090 -1 60 1.0379 2 FAT
1462 1091 -1 60 1.0379 2 FAT
1462 1092 -1 60 1.0379 2 FAT
1462 1093 -1 60 1.0379 2 FAT
1462 1094 -1 60 1.0379 2 FAT
1462 1095 -1 60 1.0379 2 FAT
1462 1096 -1 60 1.0379 2 FAT
1462 1097 -1 60 1.0379 2 FAT
1462 1098 -1 60 1.0379 2 FAT
1462 1099 -1 60 1.0379 2 FAT
1462 1100 -1 60 1.0379 2 FAT
1462 1101 -1 60 1.0379 2 FAT
1462 1102 -1 60 1.0379 2 FAT
1462 1103 -1 60 1.0379 2 FAT
1462 1104 -1 60 1.0379 2 FAT
1462 1105 -1 60 1.0379 2 FAT
1462 1106 -1 60 1.0379 2 FAT
1462 1107 -1 60 1.0379 2 FAT
1462 1108 -1 28 1.0000 1 CYCLE
1462 1109 -1 28 1.0000 1 CYCLE
1462 1110 -1 20 1.0000 1 CYCLE
1462 1111 -1 20 1.0000 1 CYCLE
1462 1112 -1 20 1.0000 1 CYCLE
1462 1113 -1 20 1.0000 1 CYCLE
1462 1114 -1 135 1.0428 2 FAT
1462 1115 -1 135 1.0428 2 FAT
1462 1116 -1 30 1.0000 1 CYCLE
1462 1117 -1 30 1.0000 1 CYCLE
1462 1118 -1 30 1.0000 1 CYCLE
1462 1119 -1 30 1.0000 1 CYCLE
1462 1120 -1 48 1.0000 1 CYCLE
1462 1121 -1 87 1.0394 2 FAT
1462 1122 -1 87 1.0394 2 FAT
1462 1123 -1 87 1.0394 2 FAT
1462 1124 -1 87 1.0394 2 FAT
1462 1125 -1 87 1.0394 2 FAT
1462 1126 -1 87 1.0394 2 FAT
1462 1127 -1 87 1.0394 2 FAT
1462 1128 -1 87 1.0394 2 FAT
1462 1129 -1 87 1.0394 2 FAT
1462 1130 -1 87 1.0394 2 FAT
1462 1131 -1 87 1.0394 2 FAT
1462 1132 -1 87 1.0394 2 FAT
1462 1133 -1 87 1.0394 2 FAT
1462 1134 -1 87 1.0394 2 FAT
1462 1135 -1 87 1.0394 2 FAT
1462 1136 -1 87 1.0394 2 FAT
1462 1137 -1 87 1.0394 2 FAT
1462 1138 -1 87 1.0394 2 FAT
1462 1139 -1 87 1.0394 2 FAT
1462 1140 -1 87 1.0394 2 FAT
1462 1141 -1 87 1.0394 2 FAT
1462 1142 -1 87 1.0394 2 FAT
1462 1143 -1 87 1.0394 2 FAT
1462 1144 -1 87 1.0394 2 FAT
1462 1145 -1 87 1.0394 2 FAT
1462 1146 -1 87 1.0394 2 FAT
1462 1147 -1 87 1.0394 2 FAT
1462 1148 -1 42 1.0000 1 CYCLE
1462 1149 -1 24 1.0000 1 CYCLE
1462 1150 -1 24 1.0000 1 CYCLE
1462 1151 -1 24 1.0000 1 CYCLE
1462 1152 -1 24 1.0000 1 CYCLE
1462 1153 -1 56 1.0000 1 CYCLE
1462 1154 -1 112 1.0410 2 FAT
1462 1155 -1 112 1.0410 2 FAT
1462 1156 -1 112 1.0410 2 FAT
1462 1157 -1 112 1.0410 2 FAT
1462 1158 -1 112 1.0410 2 FAT
1462 1159 -1 112 1.0410 2 FAT
1462 1160 -1 112 1.0410 2 FAT
1462 1161 -1 112 1.0410 2 FAT
1462 1162 -1 112 1.0410 2 FAT
1462 1163 -1 40 1.0000 1 CYCLE
1462 1164 -1 40 1.0000 1 CYCLE
1462 1165 -1 40 1.0000 1 CYCLE
1462 1166 -1 40 1.0000 1 CYCLE
1462 1167 -1 40 1.0000 1 CYCLE
1462 1168 -1 135 1.0428 2 FAT
1462 1169 -1 60 1.0000 1 CYCLE
1462 1170 -1 10 1.0000 1 CYCLE
1462 1171 -1 10 1.0000 1 CYCLE
1462 1172 -1 10 1.0000 1 CYCLE
1462 1173 -1 10 1.0000 1 CYCLE
1462 1174 -1 12 1.0000 1 CYCLE
1462 1175 -1 12 1.0000 1 CYCLE
1462 1176 -1 14 1.0000 1 CYCLE
1462 1177 -1 14 1.0000 1 CYCLE
1462 1178 -1 31 1.0365 2 FAT
1462 1179 -1 77 1.1108 2 FAT
1462 1180 -1 90 1.1144 2 FAT
1462 1181 -1 108 1.1190 2 FAT
1462 1182 -1 108 1.1190 2 FAT
1462 1183 -1 120 1.1256 2 FAT
1462 1184 -1 151 1.1422 2 FAT
1462 1185 -1 151 1.1422 2 FAT
1462 1186 -1 151 1.1422 2 FAT
1462 1187 -1 151 1.1422 2 FAT
1462 1188 -1 162 1.1421 2 FAT
1462 1189 -1 162 1.1421 2 FAT
1462 1190 -1 178 1.1474 2 FAT
1462 1191 -1 234 1.1621 2 FAT
1462 1192 -1 234 1.1621 2 FAT
1462 1193 -1 234 1.1621 2 FAT
1462 1194 -1 234 1.1621 2 FAT
1462 1195 -1 234 1.1621 2 FAT
1462 1196 -1 234 1.1621 2 FAT
1462 1197 -1 234 1.1621 2 FAT
1462 1198 -1 234 1.1621 2 FAT
1462 1199 -1 234 1.1621 2 FAT
1462 1200 -1 255 1.1612 2 FAT
1462 1201 -1 255 1.1612 2 FAT
1462 1202 -1 255 1.1612 2 FAT
1462 1203 -1 255 1.1612 2 FAT
1462 1204 -1 270 1.1597 2 FAT
1462 1205 -1 281 1.1589 2 FAT
1462 1206 -1 302 1.1615 2 FAT
1462 1207 -1 390 1.1820 2 FAT
1462 1208 -1 438 1.1903 2 FAT
1462 1209 -1 438 1.1903 2 FAT
1462 1210 -1 438 1.1903 2 FAT
1462 1211 -1 438 1.1903 2 FAT
1462 1212 -1 438 1.1903 2 FAT
1462 1213 -1 438 1.1903 2 FAT
1462 1214 -1 438 1.1903 2 FAT
1462 1215 -1 438 1.1903 2 FAT
1462 1216 -1 438 1.1903 2 FAT
1462 1217 -1 438 1.1903 2 FAT
1462 1218 -1 438 1.1903 2 FAT
1462 1219 -1 438 1.1903 2 FAT
1462 1220 -1 438 1.1903 2 FAT
1462 1221 -1 438 1.1903 2 FAT
1462 1222 -1 438 1.1903 2 FAT
1462 1223 -1 438 1.1903 2 FAT
1462 1224 -1 438 1.1903 2 FAT
1462 1225 -1 438 1.1903 2 FAT
1462 1226 -1 438 1.1903 2 FAT
1462 1227 -1 438 1.1903 2 FAT
1462 1228 -1 438 1.1903 2 FAT
1462 1229 -1 492 1.1903 2 FAT
1462 1230 -1 492 1.1903 2 FAT
1462 1231 -1 492 1.1903 2 FAT
1462 1232 -1 492 1.1903 2 FAT
1462 1233 -1 492 1.1903 2 FAT
1462 1234 -1 492 1.1903 2 FAT
1462 1235 -1 492 1.1903 2 FAT
1462 1236 -1 530 1.1907 2 FAT
1462 1237 -1 530 1.1907 2 FAT
1462 1238 -1 530 1.1907 2 FAT
1462 1239 -1 557 1.1912 2 FAT
1462 1240 -1 557 1.1912 2 FAT
# row j=1462 L=0.406111 n=301 KILL=0 CYCLE=62 FAT=239 CAP=0 certified=62 lambda[1.0365,1.1912]
1463 940 -1 234 1.1621 2 FAT
1463 941 -1 234 1.1621 2 FAT
1463 942 -1 234 1.1621 2 FAT
1463 943 -1 234 1.1621 2 FAT
1463 944 -1 234 1.1621 2 FAT
1463 945 -1 234 1.1621 2 FAT
1463 946 -1 234 1.1621 2 FAT
1463 947 -1 234 1.1621 2 FAT
1463 948 -1 178 1.1474 2 FAT
1463 949 -1 162 1.1421 2 FAT
1463 950 -1 162 1.1421 2 FAT
1463 951 -1 151 1.1422 2 FAT
1463 952 -1 151 1.1422 2 FAT
1463 953 -1 151 1.1422 2 FAT
1463 954 -1 151 1.1422 2 FAT
1463 955 -1 120 1.1256 2 FAT
1463 956 -1 108 1.1190 2 FAT
1463 957 -1 108 1.1190 2 FAT
1463 958 -1 90 1.1144 2 FAT
1463 959 -1 77 1.1108 2 FAT
1463 960 -1 31 1.0365 2 FAT
1463 961 -1 14 1.0000 1 CYCLE
1463 962 -1 14 1.0000 1 CYCLE
1463 963 -1 12 1.0000 1 CYCLE
1463 964 -1 12 1.0000 1 CYCLE
1463 965 -1 10 1.0000 1 CYCLE
1463 966 -1 10 1.0000 1 CYCLE
1463 967 -1 60 1.0000 1 CYCLE
1463 968 -1 60 1.0000 1 CYCLE
1463 969 -1 135 1.0428 2 FAT
1463 970 -1 135 1.0428 2 FAT
1463 971 -1 40 1.0000 1 CYCLE
1463 972 -1 40 1.0000 1 CYCLE
1463 973 -1 40 1.0000 1 CYCLE
1463 974 -1 40 1.0000 1 CYCLE
1463 975 -1 112 1.0410 2 FAT
1463 976 -1 112 1.0410 2 FAT
1463 977 -1 112 1.0410 2 FAT
1463 978 -1 112 1.0410 2 FAT
1463 979 -1 112 1.0410 2 FAT
1463 980 -1 112 1.0410 2 FAT
1463 981 -1 112 1.0410 2 FAT
1463 982 -1 112 1.0410 2 FAT
1463 983 -1 112 1.0410 2 FAT
1463 984 -1 112 1.0410 2 FAT
1463 985 -1 56 1.0000 1 CYCLE
1463 986 -1 24 1.0000 1 CYCLE
1463 987 -1 24 1.0000 1 CYCLE
1463 988 -1 24 1.0000 1 CYCLE
1463 989 -1 42 1.0000 1 CYCLE
1463 990 -1 87 1.0394 2 FAT
1463 991 -1 87 1.0394 2 FAT
1463 992 -1 87 1.0394 2 FAT
1463 993 -1 87 1.0394 2 FAT
1463 994 -1 87 1.0394 2 FAT
1463 995 -1 87 1.0394 2 FAT
1463 996 -1 87 1.0394 2 FAT
1463 997 -1 87 1.0394 2 FAT
1463 998 -1 87 1.0394 2 FAT
1463 999 -1 87 1.0394 2 FAT
1463 1000 -1 87 1.0394 2 FAT
1463 1001 -1 87 1.0394 2 FAT
1463 1002 -1 87 1.0394 2 FAT
1463 1003 -1 87 1.0394 2 FAT
1463 1004 -1 87 1.0394 2 FAT
1463 1005 -1 87 1.0394 2 FAT
1463 1006 -1 87 1.0394 2 FAT
1463 1007 -1 87 1.0394 2 FAT
1463 1008 -1 87 1.0394 2 FAT
1463 1009 -1 87 1.0394 2 FAT
1463 1010 -1 87 1.0394 2 FAT
1463 1011 -1 87 1.0394 2 FAT
1463 1012 -1 87 1.0394 2 FAT
1463 1013 -1 87 1.0394 2 FAT
1463 1014 -1 87 1.0394 2 FAT
1463 1015 -1 87 1.0394 2 FAT
1463 1016 -1 87 1.0394 2 FAT
1463 1017 -1 87 1.0394 2 FAT
1463 1018 -1 48 1.0000 1 CYCLE
1463 1019 -1 30 1.0000 1 CYCLE
1463 1020 -1 30 1.0000 1 CYCLE
1463 1021 -1 30 1.0000 1 CYCLE
1463 1022 -1 135 1.0428 2 FAT
1463 1023 -1 135 1.0428 2 FAT
1463 1024 -1 135 1.0428 2 FAT
1463 1025 -1 20 1.0000 1 CYCLE
1463 1026 -1 20 1.0000 1 CYCLE
1463 1027 -1 20 1.0000 1 CYCLE
1463 1028 -1 28 1.0000 1 CYCLE
1463 1029 -1 28 1.0000 1 CYCLE
1463 1030 -1 60 1.0379 2 FAT
1463 1031 -1 60 1.0379 2 FAT
1463 1032 -1 60 1.0379 2 FAT
1463 1033 -1 60 1.0379 2 FAT
1463 1034 -1 60 1.0379 2 FAT
1463 1035 -1 60 1.0379 2 FAT
1463 1036 -1 60 1.0379 2 FAT
1463 1037 -1 60 1.0379 2 FAT
1463 1038 -1 60 1.0379 2 FAT
1463 1039 -1 60 1.0379 2 FAT
1463 1040 -1 60 1.0379 2 FAT
1463 1041 -1 60 1.0379 2 FAT
1463 1042 -1 60 1.0379 2 FAT
1463 1043 -1 60 1.0379 2 FAT
1463 1044 -1 60 1.0379 2 FAT
1463 1045 -1 60 1.0379 2 FAT
1463 1046 -1 60 1.0379 2 FAT
1463 1047 -1 60 1.0379 2 FAT
1463 1048 -1 60 1.0379 2 FAT
1463 1049 -1 60 1.0379 2 FAT
1463 1050 -1 60 1.0379 2 FAT
1463 1051 -1 60 1.0379 2 FAT
1463 1052 -1 60 1.0379 2 FAT
1463 1053 -1 60 1.0379 2 FAT
1463 1054 -1 60 1.0379 2 FAT
1463 1055 -1 60 1.0379 2 FAT
1463 1056 -1 60 1.0379 2 FAT
1463 1057 -1 60 1.0379 2 FAT
1463 1058 -1 60 1.0379 2 FAT
1463 1059 -1 60 1.0379 2 FAT
1463 1060 -1 60 1.0379 2 FAT
1463 1061 -1 60 1.0379 2 FAT
1463 1062 -1 60 1.0379 2 FAT
1463 1063 -1 60 1.0379 2 FAT
1463 1064 -1 60 1.0379 2 FAT
1463 1065 -1 60 1.0379 2 FAT
1463 1066 -1 60 1.0379 2 FAT
1463 1067 -1 60 1.0379 2 FAT
1463 1068 -1 60 1.0379 2 FAT
1463 1069 -1 60 1.0379 2 FAT
1463 1070 -1 60 1.0379 2 FAT
1463 1071 -1 60 1.0379 2 FAT
1463 1072 -1 60 1.0379 2 FAT
1463 1073 -1 60 1.0379 2 FAT
1463 1074 -1 60 1.0379 2 FAT
1463 1075 -1 60 1.0379 2 FAT
1463 1076 -1 60 1.0379 2 FAT
1463 1077 -1 60 1.0379 2 FAT
1463 1078 -1 60 1.0379 2 FAT
1463 1079 -1 60 1.0379 2 FAT
1463 1080 -1 60 1.0379 2 FAT
1463 1081 -1 60 1.0379 2 FAT
1463 1082 -1 60 1.0379 2 FAT
1463 1083 -1 60 1.0379 2 FAT
1463 1084 -1 60 1.0379 2 FAT
1463 1085 -1 60 1.0379 2 FAT
1463 1086 -1 60 1.0379 2 FAT
1463 1087 -1 60 1.0379 2 FAT
1463 1088 -1 60 1.0379 2 FAT
1463 1089 -1 60 1.0379 2 FAT
1463 1090 -1 60 1.0379 2 FAT
1463 1091 -1 60 1.0379 2 FAT
1463 1092 -1 60 1.0379 2 FAT
1463 1093 -1 60 1.0379 2 FAT
1463 1094 -1 60 1.0379 2 FAT
1463 1095 -1 60 1.0379 2 FAT
1463 1096 -1 60 1.0379 2 FAT
1463 1097 -1 60 1.0379 2 FAT
1463 1098 -1 60 1.0379 2 FAT
1463 1099 -1 60 1.0379 2 FAT
1463 1100 -1 60 1.0379 2 FAT
1463 1101 -1 60 1.0379 2 FAT
1463 1102 -1 60 1.0379 2 FAT
1463 1103 -1 60 1.0379 2 FAT
1463 1104 -1 60 1.0379 2 FAT
1463 1105 -1 60 1.0379 2 FAT
1463 1106 -1 60 1.0379 2 FAT
1463 1107 -1 60 1.0379 2 FAT
1463 1108 -1 28 1.0000 1 CYCLE
1463 1109 -1 28 1.0000 1 CYCLE
1463 1110 -1 20 1.0000 1 CYCLE
1463 1111 -1 20 1.0000 1 CYCLE
1463 1112 -1 20 1.0000 1 CYCLE
1463 1113 -1 135 1.0428 2 FAT
1463 1114 -1 135 1.0428 2 FAT
1463 1115 -1 135 1.0428 2 FAT
1463 1116 -1 30 1.0000 1 CYCLE
1463 1117 -1 30 1.0000 1 CYCLE
1463 1118 -1 30 1.0000 1 CYCLE
1463 1119 -1 48 1.0000 1 CYCLE
1463 1120 -1 87 1.0394 2 FAT
1463 1121 -1 87 1.0394 2 FAT
1463 1122 -1 87 1.0394 2 FAT
1463 1123 -1 87 1.0394 2 FAT
1463 1124 -1 87 1.0394 2 FAT
1463 1125 -1 87 1.0394 2 FAT
1463 1126 -1 87 1.0394 2 FAT
1463 1127 -1 87 1.0394 2 FAT
1463 1128 -1 87 1.0394 2 FAT
1463 1129 -1 87 1.0394 2 FAT
1463 1130 -1 87 1.0394 2 FAT
1463 1131 -1 87 1.0394 2 FAT
1463 1132 -1 87 1.0394 2 FAT
1463 1133 -1 87 1.0394 2 FAT
1463 1134 -1 87 1.0394 2 FAT
1463 1135 -1 87 1.0394 2 FAT
1463 1136 -1 87 1.0394 2 FAT
1463 1137 -1 87 1.0394 2 FAT
1463 1138 -1 87 1.0394 2 FAT
1463 1139 -1 87 1.0394 2 FAT
1463 1140 -1 87 1.0394 2 FAT
1463 1141 -1 87 1.0394 2 FAT
1463 1142 -1 87 1.0394 2 FAT
1463 1143 -1 87 1.0394 2 FAT
1463 1144 -1 87 1.0394 2 FAT
1463 1145 -1 87 1.0394 2 FAT
1463 1146 -1 87 1.0394 2 FAT
1463 1147 -1 87 1.0394 2 FAT
1463 1148 -1 42 1.0000 1 CYCLE
1463 1149 -1 24 1.0000 1 CYCLE
1463 1150 -1 24 1.0000 1 CYCLE
1463 1151 -1 24 1.0000 1 CYCLE
1463 1152 -1 56 1.0000 1 CYCLE
1463 1153 -1 112 1.0410 2 FAT
1463 1154 -1 112 1.0410 2 FAT
1463 1155 -1 112 1.0410 2 FAT
1463 1156 -1 112 1.0410 2 FAT
1463 1157 -1 112 1.0410 2 FAT
1463 1158 -1 112 1.0410 2 FAT
1463 1159 -1 112 1.0410 2 FAT
1463 1160 -1 112 1.0410 2 FAT
1463 1161 -1 112 1.0410 2 FAT
1463 1162 -1 112 1.0410 2 FAT
1463 1163 -1 40 1.0000 1 CYCLE
1463 1164 -1 40 1.0000 1 CYCLE
1463 1165 -1 40 1.0000 1 CYCLE
1463 1166 -1 40 1.0000 1 CYCLE
1463 1167 -1 135 1.0428 2 FAT
1463 1168 -1 135 1.0428 2 FAT
1463 1169 -1 60 1.0000 1 CYCLE
1463 1170 -1 60 1.0000 1 CYCLE
1463 1171 -1 10 1.0000 1 CYCLE
1463 1172 -1 10 1.0000 1 CYCLE
1463 1173 -1 12 1.0000 1 CYCLE
1463 1174 -1 12 1.0000 1 CYCLE
1463 1175 -1 14 1.0000 1 CYCLE
1463 1176 -1 14 1.0000 1 CYCLE
1463 1177 -1 31 1.0365 2 FAT
1463 1178 -1 77 1.1108 2 FAT
1463 1179 -1 90 1.1144 2 FAT
1463 1180 -1 108 1.1190 2 FAT
1463 1181 -1 108 1.1190 2 FAT
1463 1182 -1 120 1.1256 2 FAT
1463 1183 -1 151 1.1422 2 FAT
1463 1184 -1 151 1.1422 2 FAT
1463 1185 -1 151 1.1422 2 FAT
1463 1186 -1 151 1.1422 2 FAT
1463 1187 -1 162 1.1421 2 FAT
1463 1188 -1 162 1.1421 2 FAT
1463 1189 -1 178 1.1474 2 FAT
1463 1190 -1 234 1.1621 2 FAT
1463 1191 -1 234 1.1621 2 FAT
1463 1192 -1 234 1.1621 2 FAT
1463 1193 -1 234 1.1621 2 FAT
1463 1194 -1 234 1.1621 2 FAT
1463 1195 -1 234 1.1621 2 FAT
1463 1196 -1 234 1.1621 2 FAT
1463 1197 -1 234 1.1621 2 FAT
1463 1198 -1 234 1.1621 2 FAT
1463 1199 -1 255 1.1612 2 FAT
1463 1200 -1 255 1.1612 2 FAT
1463 1201 -1 255 1.1612 2 FAT
1463 1202 -1 255 1.1612 2 FAT
1463 1203 -1 270 1.1597 2 FAT
1463 1204 -1 281 1.1589 2 FAT
1463 1205 -1 302 1.1615 2 FAT
1463 1206 -1 390 1.1820 2 FAT
1463 1207 -1 438 1.1903 2 FAT
1463 1208 -1 438 1.1903 2 FAT
1463 1209 -1 438 1.1903 2 FAT
1463 1210 -1 438 1.1903 2 FAT
1463 1211 -1 438 1.1903 2 FAT
1463 1212 -1 438 1.1903 2 FAT
1463 1213 -1 438 1.1903 2 FAT
1463 1214 -1 438 1.1903 2 FAT
1463 1215 -1 438 1.1903 2 FAT
1463 1216 -1 438 1.1903 2 FAT
1463 1217 -1 438 1.1903 2 FAT
1463 1218 -1 438 1.1903 2 FAT
1463 1219 -1 438 1.1903 2 FAT
1463 1220 -1 438 1.1903 2 FAT
1463 1221 -1 438 1.1903 2 FAT
1463 1222 -1 438 1.1903 2 FAT
1463 1223 -1 438 1.1903 2 FAT
1463 1224 -1 438 1.1903 2 FAT
1463 1225 -1 438 1.1903 2 FAT
1463 1226 -1 438 1.1903 2 FAT
1463 1227 -1 438 1.1903 2 FAT
1463 1228 -1 492 1.1903 2 FAT
1463 1229 -1 492 1.1903 2 FAT
1463 1230 -1 492 1.1903 2 FAT
1463 1231 -1 492 1.1903 2 FAT
1463 1232 -1 492 1.1903 2 FAT
1463 1233 -1 492 1.1903 2 FAT
1463 1234 -1 492 1.1903 2 FAT
1463 1235 -1 530 1.1907 2 FAT
1463 1236 -1 530 1.1907 2 FAT
1463 1237 -1 530 1.1907 2 FAT
1463 1238 -1 557 1.1912 2 FAT
1463 1239 -1 557 1.1912 2 FAT
1463 1240 -1 589 1.1904 2 FAT
# row j=1463 L=0.406389 n=301 KILL=0 CYCLE=52 FAT=249 CAP=0 certified=52 lambda[1.0365,1.1912]
1464 940 -1 234 1.1621 2 FAT
1464 941 -1 234 1.1621 2 FAT
1464 942 -1 234 1.1621 2 FAT
1464 943 -1 234 1.1621 2 FAT
1464 944 -1 234 1.1621 2 FAT
1464 945 -1 234 1.1621 2 FAT
1464 946 -1 234 1.1621 2 FAT
1464 947 -1 234 1.1621 2 FAT
1464 948 -1 178 1.1474 2 FAT
1464 949 -1 162 1.1421 2 FAT
1464 950 -1 162 1.1421 2 FAT
1464 951 -1 151 1.1422 2 FAT
1464 952 -1 151 1.1422 2 FAT
1464 953 -1 151 1.1422 2 FAT
1464 954 -1 151 1.1422 2 FAT
1464 955 -1 120 1.1256 2 FAT
1464 956 -1 108 1.1190 2 FAT
1464 957 -1 108 1.1190 2 FAT
1464 958 -1 90 1.1144 2 FAT
1464 959 -1 77 1.1108 2 FAT
1464 960 -1 31 1.0365 2 FAT
1464 961 -1 14 1.0000 1 CYCLE
1464 962 -1 14 1.0000 1 CYCLE
1464 963 -1 12 1.0000 1 CYCLE
1464 964 -1 12 1.0000 1 CYCLE
1464 965 -1 60 1.0000 1 CYCLE
1464 966 -1 60 1.0000 1 CYCLE
1464 967 -1 60 1.0000 1 CYCLE
1464 968 -1 135 1.0428 2 FAT
1464 969 -1 135 1.0428 2 FAT
1464 970 -1 135 1.0428 2 FAT
1464 971 -1 40 1.0000 1 CYCLE
1464 972 -1 40 1.0000 1 CYCLE
1464 973 -1 40 1.0000 1 CYCLE
1464 974 -1 112 1.0410 2 FAT
1464 975 -1 112 1.0410 2 FAT
1464 976 -1 112 1.0410 2 FAT
1464 977 -1 112 1.0410 2 FAT
1464 978 -1 112 1.0410 2 FAT
1464 979 -1 112 1.0410 2 FAT
1464 980 -1 112 1.0410 2 FAT
1464 981 -1 112 1.0410 2 FAT
1464 982 -1 112 1.0410 2 FAT
1464 983 -1 112 1.0410 2 FAT
1464 984 -1 112 1.0410 2 FAT
1464 985 -1 56 1.0000 1 CYCLE
1464 986 -1 24 1.0000 1 CYCLE
1464 987 -1 24 1.0000 1 CYCLE
1464 988 -1 42 1.0000 1 CYCLE
1464 989 -1 87 1.0394 2 FAT
1464 990 -1 87 1.0394 2 FAT
1464 991 -1 87 1.0394 2 FAT
1464 992 -1 87 1.0394 2 FAT
1464 993 -1 87 1.0394 2 FAT
1464 994 -1 87 1.0394 2 FAT
1464 995 -1 87 1.0394 2 FAT
1464 996 -1 87 1.0394 2 FAT
1464 997 -1 87 1.0394 2 FAT
1464 998 -1 87 1.0394 2 FAT
1464 999 -1 87 1.0394 2 FAT
1464 1000 -1 87 1.0394 2 FAT
1464 1001 -1 87 1.0394 2 FAT
1464 1002 -1 87 1.0394 2 FAT
1464 1003 -1 87 1.0394 2 FAT
1464 1004 -1 87 1.0394 2 FAT
1464 1005 -1 87 1.0394 2 FAT
1464 1006 -1 87 1.0394 2 FAT
1464 1007 -1 87 1.0394 2 FAT
1464 1008 -1 87 1.0394 2 FAT
1464 1009 -1 87 1.0394 2 FAT
1464 1010 -1 87 1.0394 2 FAT
1464 1011 -1 87 1.0394 2 FAT
1464 1012 -1 87 1.0394 2 FAT
1464 1013 -1 87 1.0394 2 FAT
1464 1014 -1 87 1.0394 2 FAT
1464 1015 -1 87 1.0394 2 FAT
1464 1016 -1 87 1.0394 2 FAT
1464 1017 -1 87 1.0394 2 FAT
1464 1018 -1 48 1.0000 1 CYCLE
1464 1019 -1 30 1.0000 1 CYCLE
1464 1020 -1 30 1.0000 1 CYCLE
1464 1021 -1 135 1.0428 2 FAT
1464 1022 -1 135 1.0428 2 FAT
1464 1023 -1 135 1.0428 2 FAT
1464 1024 -1 135 1.0428 2 FAT
1464 1025 -1 20 1.0000 1 CYCLE
1464 1026 -1 20 1.0000 1 CYCLE
1464 1027 -1 28 1.0000 1 CYCLE
1464 1028 -1 28 1.0000 1 CYCLE
1464 1029 -1 60 1.0379 2 FAT
1464 1030 -1 60 1.0379 2 FAT
1464 1031 -1 60 1.0379 2 FAT
1464 1032 -1 60 1.0379 2 FAT
1464 1033 -1 60 1.0379 2 FAT
1464 1034 -1 60 1.0379 2 FAT
1464 1035 -1 60 1.0379 2 FAT
1464 1036 -1 60 1.0379 2 FAT
1464 1037 -1 60 1.0379 2 FAT
1464 1038 -1 60 1.0379 2 FAT
1464 1039 -1 60 1.0379 2 FAT
1464 1040 -1 60 1.0379 2 FAT
1464 1041 -1 60 1.0379 2 FAT
1464 1042 -1 60 1.0379 2 FAT
1464 1043 -1 60 1.0379 2 FAT
1464 1044 -1 60 1.0379 2 FAT
1464 1045 -1 60 1.0379 2 FAT
1464 1046 -1 60 1.0379 2 FAT
1464 1047 -1 60 1.0379 2 FAT
1464 1048 -1 60 1.0379 2 FAT
1464 1049 -1 60 1.0379 2 FAT
1464 1050 -1 60 1.0379 2 FAT
1464 1051 -1 60 1.0379 2 FAT
1464 1052 -1 60 1.0379 2 FAT
1464 1053 -1 60 1.0379 2 FAT
1464 1054 -1 60 1.0379 2 FAT
1464 1055 -1 60 1.0379 2 FAT
1464 1056 -1 60 1.0379 2 FAT
1464 1057 -1 60 1.0379 2 FAT
1464 1058 -1 60 1.0379 2 FAT
1464 1059 -1 60 1.0379 2 FAT
1464 1060 -1 60 1.0379 2 FAT
1464 1061 -1 60 1.0379 2 FAT
1464 1062 -1 60 1.0379 2 FAT
1464 1063 -1 60 1.0379 2 FAT
1464 1064 -1 60 1.0379 2 FAT
1464 1065 -1 60 1.0379 2 FAT
1464 1066 -1 60 1.0379 2 FAT
1464 1067 -1 60 1.0379 2 FAT
1464 1068 -1 60 1.0379 2 FAT
1464 1069 -1 60 1.0379 2 FAT
1464 1070 -1 60 1.0379 2 FAT
1464 1071 -1 60 1.0379 2 FAT
1464 1072 -1 60 1.0379 2 FAT
1464 1073 -1 60 1.0379 2 FAT
1464 1074 -1 60 1.0379 2 FAT
1464 1075 -1 60 1.0379 2 FAT
1464 1076 -1 60 1.0379 2 FAT
1464 1077 -1 60 1.0379 2 FAT
1464 1078 -1 60 1.0379 2 FAT
1464 1079 -1 60 1.0379 2 FAT
1464 1080 -1 60 1.0379 2 FAT
1464 1081 -1 60 1.0379 2 FAT
1464 1082 -1 60 1.0379 2 FAT
1464 1083 -1 60 1.0379 2 FAT
1464 1084 -1 60 1.0379 2 FAT
1464 1085 -1 60 1.0379 2 FAT
1464 1086 -1 60 1.0379 2 FAT
1464 1087 -1 60 1.0379 2 FAT
1464 1088 -1 60 1.0379 2 FAT
1464 1089 -1 60 1.0379 2 FAT
1464 1090 -1 60 1.0379 2 FAT
1464 1091 -1 60 1.0379 2 FAT
1464 1092 -1 60 1.0379 2 FAT
1464 1093 -1 60 1.0379 2 FAT
1464 1094 -1 60 1.0379 2 FAT
1464 1095 -1 60 1.0379 2 FAT
1464 1096 -1 60 1.0379 2 FAT
1464 1097 -1 60 1.0379 2 FAT
1464 1098 -1 60 1.0379 2 FAT
1464 1099 -1 60 1.0379 2 FAT
1464 1100 -1 60 1.0379 2 FAT
1464 1101 -1 60 1.0379 2 FAT
1464 1102 -1 60 1.0379 2 FAT
1464 1103 -1 60 1.0379 2 FAT
1464 1104 -1 60 1.0379 2 FAT
1464 1105 -1 60 1.0379 2 FAT
1464 1106 -1 60 1.0379 2 FAT
1464 1107 -1 60 1.0379 2 FAT
1464 1108 -1 28 1.0000 1 CYCLE
1464 1109 -1 28 1.0000 1 CYCLE
1464 1110 -1 20 1.0000 1 CYCLE
1464 1111 -1 20 1.0000 1 CYCLE
1464 1112 -1 135 1.0428 2 FAT
1464 1113 -1 135 1.0428 2 FAT
1464 1114 -1 135 1.0428 2 FAT
1464 1115 -1 135 1.0428 2 FAT
1464 1116 -1 30 1.0000 1 CYCLE
1464 1117 -1 30 1.0000 1 CYCLE
1464 1118 -1 48 1.0000 1 CYCLE
1464 1119 -1 87 1.0394 2 FAT
1464 1120 -1 87 1.0394 2 FAT
1464 1121 -1 87 1.0394 2 FAT
1464 1122 -1 87 1.0394 2 FAT
1464 1123 -1 87 1.0394 2 FAT
1464 1124 -1 87 1.0394 2 FAT
1464 1125 -1 87 1.0394 2 FAT
1464 1126 -1 87 1.0394 2 FAT
1464 1127 -1 87 1.0394 2 FAT
1464 1128 -1 87 1.0394 2 FAT
1464 1129 -1 87 1.0394 2 FAT
1464 1130 -1 87 1.0394 2 FAT
1464 1131 -1 87 1.0394 2 FAT
1464 1132 -1 87 1.0394 2 FAT
1464 1133 -1 87 1.0394 2 FAT
1464 1134 -1 87 1.0394 2 FAT
1464 1135 -1 87 1.0394 2 FAT
1464 1136 -1 87 1.0394 2 FAT
1464 1137 -1 87 1.0394 2 FAT
1464 1138 -1 87 1.0394 2 FAT
1464 1139 -1 87 1.0394 2 FAT
1464 1140 -1 87 1.0394 2 FAT
1464 1141 -1 87 1.0394 2 FAT
1464 1142 -1 87 1.0394 2 FAT
1464 1143 -1 87 1.0394 2 FAT
1464 1144 -1 87 1.0394 2 FAT
1464 1145 -1 87 1.0394 2 FAT
1464 1146 -1 87 1.0394 2 FAT
1464 1147 -1 87 1.0394 2 FAT
1464 1148 -1 42 1.0000 1 CYCLE
1464 1149 -1 24 1.0000 1 CYCLE
1464 1150 -1 24 1.0000 1 CYCLE
1464 1151 -1 56 1.0000 1 CYCLE
1464 1152 -1 112 1.0410 2 FAT
1464 1153 -1 112 1.0410 2 FAT
1464 1154 -1 112 1.0410 2 FAT
1464 1155 -1 112 1.0410 2 FAT
1464 1156 -1 112 1.0410 2 FAT
1464 1157 -1 112 1.0410 2 FAT
1464 1158 -1 112 1.0410 2 FAT
1464 1159 -1 112 1.0410 2 FAT
1464 1160 -1 112 1.0410 2 FAT
1464 1161 -1 112 1.0410 2 FAT
1464 1162 -1 112 1.0410 2 FAT
1464 1163 -1 40 1.0000 1 CYCLE
1464 1164 -1 40 1.0000 1 CYCLE
1464 1165 -1 40 1.0000 1 CYCLE
1464 1166 -1 135 1.0428 2 FAT
1464 1167 -1 135 1.0428 2 FAT
1464 1168 -1 135 1.0428 2 FAT
1464 1169 -1 60 1.0000 1 CYCLE
1464 1170 -1 60 1.0000 1 CYCLE
1464 1171 -1 60 1.0000 1 CYCLE
1464 1172 -1 12 1.0000 1 CYCLE
1464 1173 -1 12 1.0000 1 CYCLE
1464 1174 -1 14 1.0000 1 CYCLE
1464 1175 -1 14 1.0000 1 CYCLE
1464 1176 -1 31 1.0365 2 FAT
1464 1177 -1 77 1.1108 2 FAT
1464 1178 -1 90 1.1144 2 FAT
1464 1179 -1 108 1.1190 2 FAT
1464 1180 -1 108 1.1190 2 FAT
1464 1181 -1 120 1.1256 2 FAT
1464 1182 -1 151 1.1422 2 FAT
1464 1183 -1 151 1.1422 2 FAT
1464 1184 -1 151 1.1422 2 FAT
1464 1185 -1 151 1.1422 2 FAT
1464 1186 -1 162 1.1421 2 FAT
1464 1187 -1 162 1.1421 2 FAT
1464 1188 -1 178 1.1474 2 FAT
1464 1189 -1 234 1.1621 2 FAT
1464 1190 -1 234 1.1621 2 FAT
1464 1191 -1 234 1.1621 2 FAT
1464 1192 -1 234 1.1621 2 FAT
1464 1193 -1 234 1.1621 2 FAT
1464 1194 -1 234 1.1621 2 FAT
1464 1195 -1 234 1.1621 2 FAT
1464 1196 -1 234 1.1621 2 FAT
1464 1197 -1 234 1.1621 2 FAT
1464 1198 -1 255 1.1612 2 FAT
1464 1199 -1 255 1.1612 2 FAT
1464 1200 -1 255 1.1612 2 FAT
1464 1201 -1 255 1.1612 2 FAT
1464 1202 -1 270 1.1597 2 FAT
1464 1203 -1 281 1.1589 2 FAT
1464 1204 -1 302 1.1615 2 FAT
1464 1205 -1 390 1.1820 2 FAT
1464 1206 -1 438 1.1903 2 FAT
1464 1207 -1 438 1.1903 2 FAT
1464 1208 -1 438 1.1903 2 FAT
1464 1209 -1 438 1.1903 2 FAT
1464 1210 -1 438 1.1903 2 FAT
1464 1211 -1 438 1.1903 2 FAT
1464 1212 -1 438 1.1903 2 FAT
1464 1213 -1 438 1.1903 2 FAT
1464 1214 -1 438 1.1903 2 FAT
1464 1215 -1 438 1.1903 2 FAT
1464 1216 -1 438 1.1903 2 FAT
1464 1217 -1 438 1.1903 2 FAT
1464 1218 -1 438 1.1903 2 FAT
1464 1219 -1 438 1.1903 2 FAT
1464 1220 -1 438 1.1903 2 FAT
1464 1221 -1 438 1.1903 2 FAT
1464 1222 -1 438 1.1903 2 FAT
1464 1223 -1 438 1.1903 2 FAT
1464 1224 -1 438 1.1903 2 FAT
1464 1225 -1 438 1.1903 2 FAT
1464 1226 -1 438 1.1903 2 FAT
1464 1227 -1 492 1.1903 2 FAT
1464 1228 -1 492 1.1903 2 FAT
1464 1229 -1 492 1.1903 2 FAT
1464 1230 -1 492 1.1903 2 FAT
1464 1231 -1 492 1.1903 2 FAT
1464 1232 -1 492 1.1903 2 FAT
1464 1233 -1 492 1.1903 2 FAT
1464 1234 -1 530 1.1907 2 FAT
1464 1235 -1 530 1.1907 2 FAT
1464 1236 -1 530 1.1907 2 FAT
1464 1237 -1 557 1.1912 2 FAT
1464 1238 -1 557 1.1912 2 FAT
1464 1239 -1 589 1.1904 2 FAT
1464 1240 -1 721 1.2080 2 FAT
# row j=1464 L=0.406667 n=301 KILL=0 CYCLE=42 FAT=259 CAP=0 certified=42 lambda[1.0365,1.2080]
1465 940 -1 234 1.1621 2 FAT
1465 941 -1 234 1.1621 2 FAT
1465 942 -1 234 1.1621 2 FAT
1465 943 -1 234 1.1621 2 FAT
1465 944 -1 234 1.1621 2 FAT
1465 945 -1 234 1.1621 2 FAT
1465 946 -1 234 1.1621 2 FAT
1465 947 -1 234 1.1621 2 FAT
1465 948 -1 178 1.1474 2 FAT
1465 949 -1 162 1.1421 2 FAT
1465 950 -1 162 1.1421 2 FAT
1465 951 -1 151 1.1422 2 FAT
1465 952 -1 151 1.1422 2 FAT
1465 953 -1 151 1.1422 2 FAT
1465 954 -1 151 1.1422 2 FAT
1465 955 -1 120 1.1256 2 FAT
1465 956 -1 108 1.1190 2 FAT
1465 957 -1 108 1.1190 2 FAT
1465 958 -1 90 1.1144 2 FAT
1465 959 -1 77 1.1108 2 FAT
1465 960 -1 31 1.0365 2 FAT
1465 961 -1 14 1.0000 1 CYCLE
1465 962 -1 14 1.0000 1 CYCLE
1465 963 -1 12 1.0000 1 CYCLE
1465 964 -1 156 1.0447 2 FAT
1465 965 -1 60 1.0000 1 CYCLE
1465 966 -1 60 1.0000 1 CYCLE
1465 967 -1 135 1.0428 2 FAT
1465 968 -1 135 1.0428 2 FAT
1465 969 -1 135 1.0428 2 FAT
1465 970 -1 135 1.0428 2 FAT
1465 971 -1 40 1.0000 1 CYCLE
1465 972 -1 40 1.0000 1 CYCLE
1465 973 -1 112 1.0410 2 FAT
1465 974 -1 112 1.0410 2 FAT
1465 975 -1 112 1.0410 2 FAT
1465 976 -1 112 1.0410 2 FAT
1465 977 -1 112 1.0410 2 FAT
1465 978 -1 112 1.0410 2 FAT
1465 979 -1 112 1.0410 2 FAT
1465 980 -1 112 1.0410 2 FAT
1465 981 -1 112 1.0410 2 FAT
1465 982 -1 112 1.0410 2 FAT
1465 983 -1 112 1.0410 2 FAT
1465 984 -1 112 1.0410 2 FAT
1465 985 -1 56 1.0000 1 CYCLE
1465 986 -1 24 1.0000 1 CYCLE
1465 987 -1 42 1.0000 1 CYCLE
1465 988 -1 87 1.0394 2 FAT
1465 989 -1 87 1.0394 2 FAT
1465 990 -1 87 1.0394 2 FAT
1465 991 -1 87 1.0394 2 FAT
1465 992 -1 87 1.0394 2 FAT
1465 993 -1 87 1.0394 2 FAT
1465 994 -1 87 1.0394 2 FAT
1465 995 -1 87 1.0394 2 FAT
1465 996 -1 87 1.0394 2 FAT
1465 997 -1 87 1.0394 2 FAT
1465 998 -1 87 1.0394 2 FAT
1465 999 -1 87 1.0394 2 FAT
1465 1000 -1 87 1.0394 2 FAT
1465 1001 -1 87 1.0394 2 FAT
1465 1002 -1 87 1.0394 2 FAT
1465 1003 -1 87 1.0394 2 FAT
1465 1004 -1 87 1.0394 2 FAT
1465 1005 -1 87 1.0394 2 FAT
1465 1006 -1 87 1.0394 2 FAT
1465 1007 -1 87 1.0394 2 FAT
1465 1008 -1 87 1.0394 2 FAT
1465 1009 -1 87 1.0394 2 FAT
1465 1010 -1 87 1.0394 2 FAT
1465 1011 -1 87 1.0394 2 FAT
1465 1012 -1 87 1.0394 2 FAT
1465 1013 -1 87 1.0394 2 FAT
1465 1014 -1 87 1.0394 2 FAT
1465 1015 -1 87 1.0394 2 FAT
1465 1016 -1 87 1.0394 2 FAT
1465 1017 -1 87 1.0394 2 FAT
1465 1018 -1 48 1.0000 1 CYCLE
1465 1019 -1 30 1.0000 1 CYCLE
1465 1020 -1 135 1.0428 2 FAT
1465 1021 -1 135 1.0428 2 FAT
1465 1022 -1 135 1.0428 2 FAT
1465 1023 -1 135 1.0428 2 FAT
1465 1024 -1 135 1.0428 2 FAT
1465 1025 -1 70 1.0000 1 CYCLE
1465 1026 -1 28 1.0000 1 CYCLE
1465 1027 -1 28 1.0000 1 CYCLE
1465 1028 -1 60 1.0379 2 FAT
1465 1029 -1 60 1.0379 2 FAT
1465 1030 -1 60 1.0379 2 FAT
1465 1031 -1 60 1.0379 2 FAT
1465 1032 -1 60 1.0379 2 FAT
1465 1033 -1 60 1.0379 2 FAT
1465 1034 -1 60 1.0379 2 FAT
1465 1035 -1 60 1.0379 2 FAT
1465 1036 -1 60 1.0379 2 FAT
1465 1037 -1 60 1.0379 2 FAT
1465 1038 -1 60 1.0379 2 FAT
1465 1039 -1 60 1.0379 2 FAT
1465 1040 -1 60 1.0379 2 FAT
1465 1041 -1 60 1.0379 2 FAT
1465 1042 -1 60 1.0379 2 FAT
1465 1043 -1 60 1.0379 2 FAT
1465 1044 -1 60 1.0379 2 FAT
1465 1045 -1 60 1.0379 2 FAT
1465 1046 -1 60 1.0379 2 FAT
1465 1047 -1 60 1.0379 2 FAT
1465 1048 -1 60 1.0379 2 FAT
1465 1049 -1 60 1.0379 2 FAT
1465 1050 -1 60 1.0379 2 FAT
1465 1051 -1 60 1.0379 2 FAT
1465 1052 -1 60 1.0379 2 FAT
1465 1053 -1 60 1.0379 2 FAT
1465 1054 -1 60 1.0379 2 FAT
1465 1055 -1 60 1.0379 2 FAT
1465 1056 -1 60 1.0379 2 FAT
1465 1057 -1 60 1.0379 2 FAT
1465 1058 -1 60 1.0379 2 FAT
1465 1059 -1 60 1.0379 2 FAT
1465 1060 -1 60 1.0379 2 FAT
1465 1061 -1 60 1.0379 2 FAT
1465 1062 -1 60 1.0379 2 FAT
1465 1063 -1 60 1.0379 2 FAT
1465 1064 -1 60 1.0379 2 FAT
1465 1065 -1 60 1.0379 2 FAT
1465 1066 -1 60 1.0379 2 FAT
1465 1067 -1 60 1.0379 2 FAT
1465 1068 -1 60 1.0379 2 FAT
1465 1069 -1 60 1.0379 2 FAT
1465 1070 -1 60 1.0379 2 FAT
1465 1071 -1 60 1.0379 2 FAT
1465 1072 -1 60 1.0379 2 FAT
1465 1073 -1 60 1.0379 2 FAT
1465 1074 -1 60 1.0379 2 FAT
1465 1075 -1 60 1.0379 2 FAT
1465 1076 -1 60 1.0379 2 FAT
1465 1077 -1 60 1.0379 2 FAT
1465 1078 -1 60 1.0379 2 FAT
1465 1079 -1 60 1.0379 2 FAT
1465 1080 -1 60 1.0379 2 FAT
1465 1081 -1 60 1.0379 2 FAT
1465 1082 -1 60 1.0379 2 FAT
1465 1083 -1 60 1.0379 2 FAT
1465 1084 -1 60 1.0379 2 FAT
1465 1085 -1 60 1.0379 2 FAT
1465 1086 -1 60 1.0379 2 FAT
1465 1087 -1 60 1.0379 2 FAT
1465 1088 -1 60 1.0379 2 FAT
1465 1089 -1 60 1.0379 2 FAT
1465 1090 -1 60 1.0379 2 FAT
1465 1091 -1 60 1.0379 2 FAT
1465 1092 -1 60 1.0379 2 FAT
1465 1093 -1 60 1.0379 2 FAT
1465 1094 -1 60 1.0379 2 FAT
1465 1095 -1 60 1.0379 2 FAT
1465 1096 -1 60 1.0379 2 FAT
1465 1097 -1 60 1.0379 2 FAT
1465 1098 -1 60 1.0379 2 FAT
1465 1099 -1 60 1.0379 2 FAT
1465 1100 -1 60 1.0379 2 FAT
1465 1101 -1 60 1.0379 2 FAT
1465 1102 -1 60 1.0379 2 FAT
1465 1103 -1 60 1.0379 2 FAT
1465 1104 -1 60 1.0379 2 FAT
1465 1105 -1 60 1.0379 2 FAT
1465 1106 -1 60 1.0379 2 FAT
1465 1107 -1 60 1.0379 2 FAT
1465 1108 -1 28 1.0000 1 CYCLE
1465 1109 -1 28 1.0000 1 CYCLE
1465 1110 -1 70 1.0000 1 CYCLE
1465 1111 -1 135 1.0428 2 FAT
1465 1112 -1 135 1.0428 2 FAT
1465 1113 -1 135 1.0428 2 FAT
1465 1114 -1 135 1.0428 2 FAT
1465 1115 -1 135 1.0428 2 FAT
1465 1116 -1 30 1.0000 1 CYCLE
1465 1117 -1 48 1.0000 1 CYCLE
1465 1118 -1 87 1.0394 2 FAT
1465 1119 -1 87 1.0394 2 FAT
1465 1120 -1 87 1.0394 2 FAT
1465 1121 -1 87 1.0394 2 FAT
1465 1122 -1 87 1.0394 2 FAT
1465 1123 -1 87 1.0394 2 FAT
1465 1124 -1 87 1.0394 2 FAT
1465 1125 -1 87 1.0394 2 FAT
1465 1126 -1 87 1.0394 2 FAT
1465 1127 -1 87 1.0394 2 FAT
1465 1128 -1 87 1.0394 2 FAT
1465 1129 -1 87 1.0394 2 FAT
1465 1130 -1 87 1.0394 2 FAT
1465 1131 -1 87 1.0394 2 FAT
1465 1132 -1 87 1.0394 2 FAT
1465 1133 -1 87 1.0394 2 FAT
1465 1134 -1 87 1.0394 2 FAT
1465 1135 -1 87 1.0394 2 FAT
1465 1136 -1 87 1.0394 2 FAT
1465 1137 -1 87 1.0394 2 FAT
1465 1138 -1 87 1.0394 2 FAT
1465 1139 -1 87 1.0394 2 FAT
1465 1140 -1 87 1.0394 2 FAT
1465 1141 -1 87 1.0394 2 FAT
1465 1142 -1 87 1.0394 2 FAT
1465 1143 -1 87 1.0394 2 FAT
1465 1144 -1 87 1.0394 2 FAT
1465 1145 -1 87 1.0394 2 FAT
1465 1146 -1 87 1.0394 2 FAT
1465 1147 -1 87 1.0394 2 FAT
1465 1148 -1 42 1.0000 1 CYCLE
1465 1149 -1 24 1.0000 1 CYCLE
1465 1150 -1 56 1.0000 1 CYCLE
1465 1151 -1 112 1.0410 2 FAT
1465 1152 -1 112 1.0410 2 FAT
1465 1153 -1 112 1.0410 2 FAT
1465 1154 -1 112 1.0410 2 FAT
1465 1155 -1 112 1.0410 2 FAT
1465 1156 -1 112 1.0410 2 FAT
1465 1157 -1 112 1.0410 2 FAT
1465 1158 -1 112 1.0410 2 FAT
1465 1159 -1 112 1.0410 2 FAT
1465 1160 -1 112 1.0410 2 FAT
1465 1161 -1 112 1.0410 2 FAT
1465 1162 -1 112 1.0410 2 FAT
1465 1163 -1 40 1.0000 1 CYCLE
1465 1164 -1 40 1.0000 1 CYCLE
1465 1165 -1 135 1.0428 2 FAT
1465 1166 -1 135 1.0428 2 FAT
1465 1167 -1 135 1.0428 2 FAT
1465 1168 -1 135 1.0428 2 FAT
1465 1169 -1 60 1.0000 1 CYCLE
1465 1170 -1 60 1.0000 1 CYCLE
1465 1171 -1 156 1.0447 2 FAT
1465 1172 -1 12 1.0000 1 CYCLE
1465 1173 -1 14 1.0000 1 CYCLE
1465 1174 -1 14 1.0000 1 CYCLE
1465 1175 -1 31 1.0365 2 FAT
1465 1176 -1 77 1.1108 2 FAT
1465 1177 -1 90 1.1144 2 FAT
1465 1178 -1 108 1.1190 2 FAT
1465 1179 -1 108 1.1190 2 FAT
1465 1180 -1 120 1.1256 2 FAT
1465 1181 -1 151 1.1422 2 FAT
1465 1182 -1 151 1.1422 2 FAT
1465 1183 -1 151 1.1422 2 FAT
1465 1184 -1 151 1.1422 2 FAT
1465 1185 -1 162 1.1421 2 FAT
1465 1186 -1 162 1.1421 2 FAT
1465 1187 -1 178 1.1474 2 FAT
1465 1188 -1 234 1.1621 2 FAT
1465 1189 -1 234 1.1621 2 FAT
1465 1190 -1 234 1.1621 2 FAT
1465 1191 -1 234 1.1621 2 FAT
1465 1192 -1 234 1.1621 2 FAT
1465 1193 -1 234 1.1621 2 FAT
1465 1194 -1 234 1.1621 2 FAT
1465 1195 -1 234 1.1621 2 FAT
1465 1196 -1 234 1.1621 2 FAT
1465 1197 -1 255 1.1612 2 FAT
1465 1198 -1 255 1.1612 2 FAT
1465 1199 -1 255 1.1612 2 FAT
1465 1200 -1 255 1.1612 2 FAT
1465 1201 -1 270 1.1597 2 FAT
1465 1202 -1 281 1.1589 2 FAT
1465 1203 -1 302 1.1615 2 FAT
1465 1204 -1 390 1.1820 2 FAT
1465 1205 -1 438 1.1903 2 FAT
1465 1206 -1 438 1.1903 2 FAT
1465 1207 -1 438 1.1903 2 FAT
1465 1208 -1 438 1.1903 2 FAT
1465 1209 -1 438 1.1903 2 FAT
1465 1210 -1 438 1.1903 2 FAT
1465 1211 -1 438 1.1903 2 FAT
1465 1212 -1 438 1.1903 2 FAT
1465 1213 -1 438 1.1903 2 FAT
1465 1214 -1 438 1.1903 2 FAT
1465 1215 -1 438 1.1903 2 FAT
1465 1216 -1 438 1.1903 2 FAT
1465 1217 -1 438 1.1903 2 FAT
1465 1218 -1 438 1.1903 2 FAT
1465 1219 -1 438 1.1903 2 FAT
1465 1220 -1 438 1.1903 2 FAT
1465 1221 -1 438 1.1903 2 FAT
1465 1222 -1 438 1.1903 2 FAT
1465 1223 -1 438 1.1903 2 FAT
1465 1224 -1 438 1.1903 2 FAT
1465 1225 -1 438 1.1903 2 FAT
1465 1226 -1 492 1.1903 2 FAT
1465 1227 -1 492 1.1903 2 FAT
1465 1228 -1 492 1.1903 2 FAT
1465 1229 -1 492 1.1903 2 FAT
1465 1230 -1 492 1.1903 2 FAT
1465 1231 -1 492 1.1903 2 FAT
1465 1232 -1 492 1.1903 2 FAT
1465 1233 -1 530 1.1907 2 FAT
1465 1234 -1 530 1.1907 2 FAT
1465 1235 -1 530 1.1907 2 FAT
1465 1236 -1 557 1.1912 2 FAT
1465 1237 -1 557 1.1912 2 FAT
1465 1238 -1 589 1.1904 2 FAT
1465 1239 -1 721 1.2080 2 FAT
1465 1240 -1 792 1.2143 2 FAT
# row j=1465 L=0.406944 n=301 KILL=0 CYCLE=30 FAT=271 CAP=0 certified=30 lambda[1.0365,1.2143]
1466 940 -1 234 1.1621 2 FAT
1466 941 -1 234 1.1621 2 FAT
1466 942 -1 234 1.1621 2 FAT
1466 943 -1 234 1.1621 2 FAT
1466 944 -1 234 1.1621 2 FAT
1466 945 -1 234 1.1621 2 FAT
1466 946 -1 234 1.1621 2 FAT
1466 947 -1 234 1.1621 2 FAT
1466 948 -1 178 1.1474 2 FAT
1466 949 -1 162 1.1421 2 FAT
1466 950 -1 162 1.1421 2 FAT
1466 951 -1 151 1.1422 2 FAT
1466 952 -1 151 1.1422 2 FAT
1466 953 -1 151 1.1422 2 FAT
1466 954 -1 151 1.1422 2 FAT
1466 955 -1 120 1.1256 2 FAT
1466 956 -1 108 1.1190 2 FAT
1466 957 -1 108 1.1190 2 FAT
1466 958 -1 90 1.1144 2 FAT
1466 959 -1 77 1.1108 2 FAT
1466 960 -1 31 1.0365 2 FAT
1466 961 -1 14 1.0000 1 CYCLE
1466 962 -1 175 1.0468 2 FAT
1466 963 -1 156 1.0447 2 FAT
1466 964 -1 156 1.0447 2 FAT
1466 965 -1 60 1.0000 1 CYCLE
1466 966 -1 135 1.0428 2 FAT
1466 967 -1 135 1.0428 2 FAT
1466 968 -1 135 1.0428 2 FAT
1466 969 -1 135 1.0428 2 FAT
1466 970 -1 135 1.0428 2 FAT
1466 971 -1 40 1.0000 1 CYCLE
1466 972 -1 112 1.0410 2 FAT
1466 973 -1 112 1.0410 2 FAT
1466 974 -1 112 1.0410 2 FAT
1466 975 -1 112 1.0410 2 FAT
1466 976 -1 112 1.0410 2 FAT
1466 977 -1 112 1.0410 2 FAT
1466 978 -1 112 1.0410 2 FAT
1466 979 -1 112 1.0410 2 FAT
1466 980 -1 112 1.0410 2 FAT
1466 981 -1 112 1.0410 2 FAT
1466 982 -1 112 1.0410 2 FAT
1466 983 -1 112 1.0410 2 FAT
1466 984 -1 112 1.0410 2 FAT
1466 985 -1 56 1.0000 1 CYCLE
1466 986 -1 42 1.0000 1 CYCLE
1466 987 -1 87 1.0394 2 FAT
1466 988 -1 87 1.0394 2 FAT
1466 989 -1 87 1.0394 2 FAT
1466 990 -1 87 1.0394 2 FAT
1466 991 -1 87 1.0394 2 FAT
1466 992 -1 87 1.0394 2 FAT
1466 993 -1 87 1.0394 2 FAT
1466 994 -1 87 1.0394 2 FAT
1466 995 -1 87 1.0394 2 FAT
1466 996 -1 87 1.0394 2 FAT
1466 997 -1 87 1.0394 2 FAT
1466 998 -1 87 1.0394 2 FAT
1466 999 -1 87 1.0394 2 FAT
1466 1000 -1 87 1.0394 2 FAT
1466 1001 -1 87 1.0394 2 FAT
1466 1002 -1 87 1.0394 2 FAT
1466 1003 -1 87 1.0394 2 FAT
1466 1004 -1 87 1.0394 2 FAT
1466 1005 -1 87 1.0394 2 FAT
1466 1006 -1 87 1.0394 2 FAT
1466 1007 -1 87 1.0394 2 FAT
1466 1008 -1 87 1.0394 2 FAT
1466 1009 -1 87 1.0394 2 FAT
1466 1010 -1 87 1.0394 2 FAT
1466 1011 -1 87 1.0394 2 FAT
1466 1012 -1 87 1.0394 2 FAT
1466 1013 -1 87 1.0394 2 FAT
1466 1014 -1 87 1.0394 2 FAT
1466 1015 -1 87 1.0394 2 FAT
1466 1016 -1 87 1.0394 2 FAT
1466 1017 -1 87 1.0394 2 FAT
1466 1018 -1 48 1.0000 1 CYCLE
1466 1019 -1 135 1.0428 2 FAT
1466 1020 -1 135 1.0428 2 FAT
1466 1021 -1 135 1.0428 2 FAT
1466 1022 -1 135 1.0428 2 FAT
1466 1023 -1 135 1.0428 2 FAT
1466 1024 -1 135 1.0428 2 FAT
1466 1025 -1 175 1.0468 2 FAT
1466 1026 -1 28 1.0000 1 CYCLE
1466 1027 -1 60 1.0379 2 FAT
1466 1028 -1 60 1.0379 2 FAT
1466 1029 -1 60 1.0379 2 FAT
1466 1030 -1 60 1.0379 2 FAT
1466 1031 -1 60 1.0379 2 FAT
1466 1032 -1 60 1.0379 2 FAT
1466 1033 -1 60 1.0379 2 FAT
1466 1034 -1 60 1.0379 2 FAT
1466 1035 -1 60 1.0379 2 FAT
1466 1036 -1 60 1.0379 2 FAT
1466 1037 -1 60 1.0379 2 FAT
1466 1038 -1 60 1.0379 2 FAT
1466 1039 -1 60 1.0379 2 FAT
1466 1040 -1 60 1.0379 2 FAT
1466 1041 -1 60 1.0379 2 FAT
1466 1042 -1 60 1.0379 2 FAT
1466 1043 -1 60 1.0379 2 FAT
1466 1044 -1 60 1.0379 2 FAT
1466 1045 -1 60 1.0379 2 FAT
1466 1046 -1 60 1.0379 2 FAT
1466 1047 -1 60 1.0379 2 FAT
1466 1048 -1 60 1.0379 2 FAT
1466 1049 -1 60 1.0379 2 FAT
1466 1050 -1 60 1.0379 2 FAT
1466 1051 -1 60 1.0379 2 FAT
1466 1052 -1 60 1.0379 2 FAT
1466 1053 -1 60 1.0379 2 FAT
1466 1054 -1 60 1.0379 2 FAT
1466 1055 -1 60 1.0379 2 FAT
1466 1056 -1 60 1.0379 2 FAT
1466 1057 -1 60 1.0379 2 FAT
1466 1058 -1 60 1.0379 2 FAT
1466 1059 -1 60 1.0379 2 FAT
1466 1060 -1 60 1.0379 2 FAT
1466 1061 -1 60 1.0379 2 FAT
1466 1062 -1 60 1.0379 2 FAT
1466 1063 -1 60 1.0379 2 FAT
1466 1064 -1 60 1.0379 2 FAT
1466 1065 -1 60 1.0379 2 FAT
1466 1066 -1 60 1.0379 2 FAT
1466 1067 -1 60 1.0379 2 FAT
1466 1068 -1 60 1.0379 2 FAT
1466 1069 -1 60 1.0379 2 FAT
1466 1070 -1 60 1.0379 2 FAT
1466 1071 -1 60 1.0379 2 FAT
1466 1072 -1 60 1.0379 2 FAT
1466 1073 -1 60 1.0379 2 FAT
1466 1074 -1 60 1.0379 2 FAT
1466 1075 -1 60 1.0379 2 FAT
1466 1076 -1 60 1.0379 2 FAT
1466 1077 -1 60 1.0379 2 FAT
1466 1078 -1 60 1.0379 2 FAT
1466 1079 -1 60 1.0379 2 FAT
1466 1080 -1 60 1.0379 2 FAT
1466 1081 -1 60 1.0379 2 FAT
1466 1082 -1 60 1.0379 2 FAT
1466 1083 -1 60 1.0379 2 FAT
1466 1084 -1 60 1.0379 2 FAT
1466 1085 -1 60 1.0379 2 FAT
1466 1086 -1 60 1.0379 2 FAT
1466 1087 -1 60 1.0379 2 FAT
1466 1088 -1 60 1.0379 2 FAT
1466 1089 -1 60 1.0379 2 FAT
1466 1090 -1 60 1.0379 2 FAT
1466 1091 -1 60 1.0379 2 FAT
1466 1092 -1 60 1.0379 2 FAT
1466 1093 -1 60 1.0379 2 FAT
1466 1094 -1 60 1.0379 2 FAT
1466 1095 -1 60 1.0379 2 FAT
1466 1096 -1 60 1.0379 2 FAT
1466 1097 -1 60 1.0379 2 FAT
1466 1098 -1 60 1.0379 2 FAT
1466 1099 -1 60 1.0379 2 FAT
1466 1100 -1 60 1.0379 2 FAT
1466 1101 -1 60 1.0379 2 FAT
1466 1102 -1 60 1.0379 2 FAT
1466 1103 -1 60 1.0379 2 FAT
1466 1104 -1 60 1.0379 2 FAT
1466 1105 -1 60 1.0379 2 FAT
1466 1106 -1 60 1.0379 2 FAT
1466 1107 -1 60 1.0379 2 FAT
1466 1108 -1 28 1.0000 1 CYCLE
1466 1109 -1 175 1.0468 2 FAT
1466 1110 -1 135 1.0428 2 FAT
1466 1111 -1 135 1.0428 2 FAT
1466 1112 -1 135 1.0428 2 FAT
1466 1113 -1 135 1.0428 2 FAT
1466 1114 -1 135 1.0428 2 FAT
1466 1115 -1 135 1.0428 2 FAT
1466 1116 -1 48 1.0000 1 CYCLE
1466 1117 -1 87 1.0394 2 FAT
1466 1118 -1 87 1.0394 2 FAT
1466 1119 -1 87 1.0394 2 FAT
1466 1120 -1 87 1.0394 2 FAT
1466 1121 -1 87 1.0394 2 FAT
1466 1122 -1 87 1.0394 2 FAT
1466 1123 -1 87 1.0394 2 FAT
1466 1124 -1 87 1.0394 2 FAT
1466 1125 -1 87 1.0394 2 FAT
1466 1126 -1 87 1.0394 2 FAT
1466 1127 -1 87 1.0394 2 FAT
1466 1128 -1 87 1.0394 2 FAT
1466 1129 -1 87 1.0394 2 FAT
1466 1130 -1 87 1.0394 2 FAT
1466 1131 -1 87 1.0394 2 FAT
1466 1132 -1 87 1.0394 2 FAT
1466 1133 -1 87 1.0394 2 FAT
1466 1134 -1 87 1.0394 2 FAT
1466 1135 -1 87 1.0394 2 FAT
1466 1136 -1 87 1.0394 2 FAT
1466 1137 -1 87 1.0394 2 FAT
1466 1138 -1 87 1.0394 2 FAT
1466 1139 -1 87 1.0394 2 FAT
1466 1140 -1 87 1.0394 2 FAT
1466 1141 -1 87 1.0394 2 FAT
1466 1142 -1 87 1.0394 2 FAT
1466 1143 -1 87 1.0394 2 FAT
1466 1144 -1 87 1.0394 2 FAT
1466 1145 -1 87 1.0394 2 FAT
1466 1146 -1 87 1.0394 2 FAT
1466 1147 -1 87 1.0394 2 FAT
1466 1148 -1 42 1.0000 1 CYCLE
1466 1149 -1 56 1.0000 1 CYCLE
1466 1150 -1 112 1.0410 2 FAT
1466 1151 -1 112 1.0410 2 FAT
1466 1152 -1 112 1.0410 2 FAT
1466 1153 -1 112 1.0410 2 FAT
1466 1154 -1 112 1.0410 2 FAT
1466 1155 -1 112 1.0410 2 FAT
1466 1156 -1 112 1.0410 2 FAT
1466 1157 -1 112 1.0410 2 FAT
1466 1158 -1 112 1.0410 2 FAT
1466 1159 -1 112 1.0410 2 FAT
1466 1160 -1 112 1.0410 2 FAT
1466 1161 -1 112 1.0410 2 FAT
1466 1162 -1 112 1.0410 2 FAT
1466 1163 -1 40 1.0000 1 CYCLE
1466 1164 -1 135 1.0428 2 FAT
1466 1165 -1 135 1.0428 2 FAT
1466 1166 -1 135 1.0428 2 FAT
1466 1167 -1 135 1.0428 2 FAT
1466 1168 -1 135 1.0428 2 FAT
1466 1169 -1 60 1.0000 1 CYCLE
1466 1170 -1 156 1.0447 2 FAT
1466 1171 -1 156 1.0447 2 FAT
1466 1172 -1 175 1.0468 2 FAT
1466 1173 -1 14 1.0000 1 CYCLE
1466 1174 -1 31 1.0365 2 FAT
1466 1175 -1 77 1.1108 2 FAT
1466 1176 -1 90 1.1144 2 FAT
1466 1177 -1 108 1.1190 2 FAT
1466 1178 -1 108 1.1190 2 FAT
1466 1179 -1 120 1.1256 2 FAT
1466 1180 -1 151 1.1422 2 FAT
1466 1181 -1 151 1.1422 2 FAT
1466 1182 -1 151 1.1422 2 FAT
1466 1183 -1 151 1.1422 2 FAT
1466 1184 -1 162 1.1421 2 FAT
1466 1185 -1 162 1.1421 2 FAT
1466 1186 -1 178 1.1474 2 FAT
1466 1187 -1 234 1.1621 2 FAT
1466 1188 -1 234 1.1621 2 FAT
1466 1189 -1 234 1.1621 2 FAT
1466 1190 -1 234 1.1621 2 FAT
1466 1191 -1 234 1.1621 2 FAT
1466 1192 -1 234 1.1621 2 FAT
1466 1193 -1 234 1.1621 2 FAT
1466 1194 -1 234 1.1621 2 FAT
1466 1195 -1 234 1.1621 2 FAT
1466 1196 -1 255 1.1612 2 FAT
1466 1197 -1 255 1.1612 2 FAT
1466 1198 -1 255 1.1612 2 FAT
1466 1199 -1 255 1.1612 2 FAT
1466 1200 -1 270 1.1597 2 FAT
1466 1201 -1 281 1.1589 2 FAT
1466 1202 -1 302 1.1615 2 FAT
1466 1203 -1 390 1.1820 2 FAT
1466 1204 -1 438 1.1903 2 FAT
1466 1205 -1 438 1.1903 2 FAT
1466 1206 -1 438 1.1903 2 FAT
1466 1207 -1 438 1.1903 2 FAT
1466 1208 -1 438 1.1903 2 FAT
1466 1209 -1 438 1.1903 2 FAT
1466 1210 -1 438 1.1903 2 FAT
1466 1211 -1 438 1.1903 2 FAT
1466 1212 -1 438 1.1903 2 FAT
1466 1213 -1 438 1.1903 2 FAT
1466 1214 -1 438 1.1903 2 FAT
1466 1215 -1 438 1.1903 2 FAT
1466 1216 -1 438 1.1903 2 FAT
1466 1217 -1 438 1.1903 2 FAT
1466 1218 -1 438 1.1903 2 FAT
1466 1219 -1 438 1.1903 2 FAT
1466 1220 -1 438 1.1903 2 FAT
1466 1221 -1 438 1.1903 2 FAT
1466 1222 -1 438 1.1903 2 FAT
1466 1223 -1 438 1.1903 2 FAT
1466 1224 -1 438 1.1903 2 FAT
1466 1225 -1 492 1.1903 2 FAT
1466 1226 -1 492 1.1903 2 FAT
1466 1227 -1 492 1.1903 2 FAT
1466 1228 -1 492 1.1903 2 FAT
1466 1229 -1 492 1.1903 2 FAT
1466 1230 -1 492 1.1903 2 FAT
1466 1231 -1 492 1.1903 2 FAT
1466 1232 -1 530 1.1907 2 FAT
1466 1233 -1 530 1.1907 2 FAT
1466 1234 -1 530 1.1907 2 FAT
1466 1235 -1 557 1.1912 2 FAT
1466 1236 -1 557 1.1912 2 FAT
1466 1237 -1 589 1.1904 2 FAT
1466 1238 -1 721 1.2080 2 FAT
1466 1239 -1 792 1.2143 2 FAT
1466 1240 -1 807 1.2149 2 FAT
# row j=1466 L=0.407222 n=301 KILL=0 CYCLE=14 FAT=287 CAP=0 certified=14 lambda[1.0365,1.2149]
1467 940 -1 234 1.1621 2 FAT
1467 941 -1 234 1.1621 2 FAT
1467 942 -1 234 1.1621 2 FAT
1467 943 -1 234 1.1621 2 FAT
1467 944 -1 234 1.1621 2 FAT
1467 945 -1 234 1.1621 2 FAT
1467 946 -1 234 1.1621 2 FAT
1467 947 -1 234 1.1621 2 FAT
1467 948 -1 178 1.1474 2 FAT
1467 949 -1 162 1.1421 2 FAT
1467 950 -1 162 1.1421 2 FAT
1467 951 -1 151 1.1422 2 FAT
1467 952 -1 151 1.1422 2 FAT
1467 953 -1 151 1.1422 2 FAT
1467 954 -1 151 1.1422 2 FAT
1467 955 -1 120 1.1256 2 FAT
1467 956 -1 108 1.1190 2 FAT
1467 957 -1 108 1.1190 2 FAT
1467 958 -1 90 1.1144 2 FAT
1467 959 -1 77 1.1108 2 FAT
1467 960 -1 347 1.1125 2 FAT
1467 961 -1 175 1.0468 2 FAT
1467 962 -1 265 1.0779 2 FAT
1467 963 -1 156 1.0447 2 FAT
1467 964 -1 156 1.0447 2 FAT
1467 965 -1 135 1.0428 2 FAT
1467 966 -1 135 1.0428 2 FAT
1467 967 -1 135 1.0428 2 FAT
1467 968 -1 135 1.0428 2 FAT
1467 969 -1 135 1.0428 2 FAT
1467 970 -1 135 1.0428 2 FAT
1467 971 -1 112 1.0410 2 FAT
1467 972 -1 112 1.0410 2 FAT
1467 973 -1 112 1.0410 2 FAT
1467 974 -1 112 1.0410 2 FAT
1467 975 -1 112 1.0410 2 FAT
1467 976 -1 112 1.0410 2 FAT
1467 977 -1 112 1.0410 2 FAT
1467 978 -1 112 1.0410 2 FAT
1467 979 -1 112 1.0410 2 FAT
1467 980 -1 112 1.0410 2 FAT
1467 981 -1 112 1.0410 2 FAT
1467 982 -1 112 1.0410 2 FAT
1467 983 -1 112 1.0410 2 FAT
1467 984 -1 112 1.0410 2 FAT
1467 985 -1 175 1.0468 2 FAT
1467 986 -1 87 1.0394 2 FAT
1467 987 -1 87 1.0394 2 FAT
1467 988 -1 87 1.0394 2 FAT
1467 989 -1 87 1.0394 2 FAT
1467 990 -1 87 1.0394 2 FAT
1467 991 -1 87 1.0394 2 FAT
1467 992 -1 87 1.0394 2 FAT
1467 993 -1 87 1.0394 2 FAT
1467 994 -1 87 1.0394 2 FAT
1467 995 -1 87 1.0394 2 FAT
1467 996 -1 87 1.0394 2 FAT
1467 997 -1 87 1.0394 2 FAT
1467 998 -1 87 1.0394 2 FAT
1467 999 -1 87 1.0394 2 FAT
1467 1000 -1 87 1.0394 2 FAT
1467 1001 -1 87 1.0394 2 FAT
1467 1002 -1 87 1.0394 2 FAT
1467 1003 -1 87 1.0394 2 FAT
1467 1004 -1 87 1.0394 2 FAT
1467 1005 -1 87 1.0394 2 FAT
1467 1006 -1 87 1.0394 2 FAT
1467 1007 -1 87 1.0394 2 FAT
1467 1008 -1 87 1.0394 2 FAT
1467 1009 -1 87 1.0394 2 FAT
1467 1010 -1 87 1.0394 2 FAT
1467 1011 -1 87 1.0394 2 FAT
1467 1012 -1 87 1.0394 2 FAT
1467 1013 -1 87 1.0394 2 FAT
1467 1014 -1 87 1.0394 2 FAT
1467 1015 -1 87 1.0394 2 FAT
1467 1016 -1 87 1.0394 2 FAT
1467 1017 -1 87 1.0394 2 FAT
1467 1018 -1 265 1.0779 2 FAT
1467 1019 -1 135 1.0428 2 FAT
1467 1020 -1 135 1.0428 2 FAT
1467 1021 -1 135 1.0428 2 FAT
1467 1022 -1 135 1.0428 2 FAT
1467 1023 -1 135 1.0428 2 FAT
1467 1024 -1 272 1.0815 2 FAT
1467 1025 -1 175 1.0468 2 FAT
1467 1026 -1 60 1.0379 2 FAT
1467 1027 -1 60 1.0379 2 FAT
1467 1028 -1 60 1.0379 2 FAT
1467 1029 -1 60 1.0379 2 FAT
1467 1030 -1 60 1.0379 2 FAT
1467 1031 -1 60 1.0379 2 FAT
1467 1032 -1 60 1.0379 2 FAT
1467 1033 -1 60 1.0379 2 FAT
1467 1034 -1 60 1.0379 2 FAT
1467 1035 -1 60 1.0379 2 FAT
1467 1036 -1 60 1.0379 2 FAT
1467 1037 -1 60 1.0379 2 FAT
1467 1038 -1 60 1.0379 2 FAT
1467 1039 -1 60 1.0379 2 FAT
1467 1040 -1 60 1.0379 2 FAT
1467 1041 -1 60 1.0379 2 FAT
1467 1042 -1 60 1.0379 2 FAT
1467 1043 -1 60 1.0379 2 FAT
1467 1044 -1 60 1.0379 2 FAT
1467 1045 -1 60 1.0379 2 FAT
1467 1046 -1 60 1.0379 2 FAT
1467 1047 -1 60 1.0379 2 FAT
1467 1048 -1 60 1.0379 2 FAT
1467 1049 -1 60 1.0379 2 FAT
1467 1050 -1 60 1.0379 2 FAT
1467 1051 -1 60 1.0379 2 FAT
1467 1052 -1 60 1.0379 2 FAT
1467 1053 -1 60 1.0379 2 FAT
1467 1054 -1 60 1.0379 2 FAT
1467 1055 -1 60 1.0379 2 FAT
1467 1056 -1 60 1.0379 2 FAT
1467 1057 -1 60 1.0379 2 FAT
1467 1058 -1 60 1.0379 2 FAT
1467 1059 -1 60 1.0379 2 FAT
1467 1060 -1 60 1.0379 2 FAT
1467 1061 -1 60 1.0379 2 FAT
1467 1062 -1 60 1.0379 2 FAT
1467 1063 -1 60 1.0379 2 FAT
1467 1064 -1 60 1.0379 2 FAT
1467 1065 -1 60 1.0379 2 FAT
1467 1066 -1 60 1.0379 2 FAT
1467 1067 -1 60 1.0379 2 FAT
1467 1068 -1 60 1.0379 2 FAT
1467 1069 -1 60 1.0379 2 FAT
1467 1070 -1 60 1.0379 2 FAT
1467 1071 -1 60 1.0379 2 FAT
1467 1072 -1 60 1.0379 2 FAT
1467 1073 -1 60 1.0379 2 FAT
1467 1074 -1 60 1.0379 2 FAT
1467 1075 -1 60 1.0379 2 FAT
1467 1076 -1 60 1.0379 2 FAT
1467 1077 -1 60 1.0379 2 FAT
1467 1078 -1 60 1.0379 2 FAT
1467 1079 -1 60 1.0379 2 FAT
1467 1080 -1 60 1.0379 2 FAT
1467 1081 -1 60 1.0379 2 FAT
1467 1082 -1 60 1.0379 2 FAT
1467 1083 -1 60 1.0379 2 FAT
1467 1084 -1 60 1.0379 2 FAT
1467 1085 -1 60 1.0379 2 FAT
1467 1086 -1 60 1.0379 2 FAT
1467 1087 -1 60 1.0379 2 FAT
1467 1088 -1 60 1.0379 2 FAT
1467 1089 -1 60 1.0379 2 FAT
1467 1090 -1 60 1.0379 2 FAT
1467 1091 -1 60 1.0379 2 FAT
1467 1092 -1 60 1.0379 2 FAT
1467 1093 -1 60 1.0379 2 FAT
1467 1094 -1 60 1.0379 2 FAT
1467 1095 -1 60 1.0379 2 FAT
1467 1096 -1 60 1.0379 2 FAT
1467 1097 -1 60 1.0379 2 FAT
1467 1098 -1 60 1.0379 2 FAT
1467 1099 -1 60 1.0379 2 FAT
1467 1100 -1 60 1.0379 2 FAT
1467 1101 -1 60 1.0379 2 FAT
1467 1102 -1 60 1.0379 2 FAT
1467 1103 -1 60 1.0379 2 FAT
1467 1104 -1 60 1.0379 2 FAT
1467 1105 -1 60 1.0379 2 FAT
1467 1106 -1 60 1.0379 2 FAT
1467 1107 -1 60 1.0379 2 FAT
1467 1108 -1 175 1.0468 2 FAT
1467 1109 -1 272 1.0815 2 FAT
1467 1110 -1 135 1.0428 2 FAT
1467 1111 -1 135 1.0428 2 FAT
1467 1112 -1 135 1.0428 2 FAT
1467 1113 -1 135 1.0428 2 FAT
1467 1114 -1 135 1.0428 2 FAT
1467 1115 -1 265 1.0779 2 FAT
1467 1116 -1 87 1.0394 2 FAT
1467 1117 -1 87 1.0394 2 FAT
1467 1118 -1 87 1.0394 2 FAT
1467 1119 -1 87 1.0394 2 FAT
1467 1120 -1 87 1.0394 2 FAT
1467 1121 -1 87 1.0394 2 FAT
1467 1122 -1 87 1.0394 2 FAT
1467 1123 -1 87 1.0394 2 FAT
1467 1124 -1 87 1.0394 2 FAT
1467 1125 -1 87 1.0394 2 FAT
1467 1126 -1 87 1.0394 2 FAT
1467 1127 -1 87 1.0394 2 FAT
1467 1128 -1 87 1.0394 2 FAT
1467 1129 -1 87 1.0394 2 FAT
1467 1130 -1 87 1.0394 2 FAT
1467 1131 -1 87 1.0394 2 FAT
1467 1132 -1 87 1.0394 2 FAT
1467 1133 -1 87 1.0394 2 FAT
1467 1134 -1 87 1.0394 2 FAT
1467 1135 -1 87 1.0394 2 FAT
1467 1136 -1 87 1.0394 2 FAT
1467 1137 -1 87 1.0394 2 FAT
1467 1138 -1 87 1.0394 2 FAT
1467 1139 -1 87 1.0394 2 FAT
1467 1140 -1 87 1.0394 2 FAT
1467 1141 -1 87 1.0394 2 FAT
1467 1142 -1 87 1.0394 2 FAT
1467 1143 -1 87 1.0394 2 FAT
1467 1144 -1 87 1.0394 2 FAT
1467 1145 -1 87 1.0394 2 FAT
1467 1146 -1 87 1.0394 2 FAT
1467 1147 -1 87 1.0394 2 FAT
1467 1148 -1 175 1.0468 2 FAT
1467 1149 -1 112 1.0410 2 FAT
1467 1150 -1 112 1.0410 2 FAT
1467 1151 -1 112 1.0410 2 FAT
1467 1152 -1 112 1.0410 2 FAT
1467 1153 -1 112 1.0410 2 FAT
1467 1154 -1 112 1.0410 2 FAT
1467 1155 -1 112 1.0410 2 FAT
1467 1156 -1 112 1.0410 2 FAT
1467 1157 -1 112 1.0410 2 FAT
1467 1158 -1 112 1.0410 2 FAT
1467 1159 -1 112 1.0410 2 FAT
1467 1160 -1 112 1.0410 2 FAT
1467 1161 -1 112 1.0410 2 FAT
1467 1162 -1 112 1.0410 2 FAT
1467 1163 -1 135 1.0428 2 FAT
1467 1164 -1 135 1.0428 2 FAT
1467 1165 -1 135 1.0428 2 FAT
1467 1166 -1 135 1.0428 2 FAT
1467 1167 -1 135 1.0428 2 FAT
1467 1168 -1 135 1.0428 2 FAT
1467 1169 -1 156 1.0447 2 FAT
1467 1170 -1 156 1.0447 2 FAT
1467 1171 -1 265 1.0779 2 FAT
1467 1172 -1 175 1.0468 2 FAT
1467 1173 -1 347 1.1125 2 FAT
1467 1174 -1 77 1.1108 2 FAT
1467 1175 -1 90 1.1144 2 FAT
1467 1176 -1 108 1.1190 2 FAT
1467 1177 -1 108 1.1190 2 FAT
1467 1178 -1 120 1.1256 2 FAT
1467 1179 -1 151 1.1422 2 FAT
1467 1180 -1 151 1.1422 2 FAT
1467 1181 -1 151 1.1422 2 FAT
1467 1182 -1 151 1.1422 2 FAT
1467 1183 -1 162 1.1421 2 FAT
1467 1184 -1 162 1.1421 2 FAT
1467 1185 -1 178 1.1474 2 FAT
1467 1186 -1 234 1.1621 2 FAT
1467 1187 -1 234 1.1621 2 FAT
1467 1188 -1 234 1.1621 2 FAT
1467 1189 -1 234 1.1621 2 FAT
1467 1190 -1 234 1.1621 2 FAT
1467 1191 -1 234 1.1621 2 FAT
1467 1192 -1 234 1.1621 2 FAT
1467 1193 -1 234 1.1621 2 FAT
1467 1194 -1 234 1.1621 2 FAT
1467 1195 -1 255 1.1612 2 FAT
1467 1196 -1 255 1.1612 2 FAT
1467 1197 -1 255 1.1612 2 FAT
1467 1198 -1 255 1.1612 2 FAT
1467 1199 -1 270 1.1597 2 FAT
1467 1200 -1 281 1.1589 2 FAT
1467 1201 -1 302 1.1615 2 FAT
1467 1202 -1 390 1.1820 2 FAT
1467 1203 -1 438 1.1903 2 FAT
1467 1204 -1 438 1.1903 2 FAT
1467 1205 -1 438 1.1903 2 FAT
1467 1206 -1 438 1.1903 2 FAT
1467 1207 -1 438 1.1903 2 FAT
1467 1208 -1 438 1.1903 2 FAT
1467 1209 -1 438 1.1903 2 FAT
1467 1210 -1 438 1.1903 2 FAT
1467 1211 -1 438 1.1903 2 FAT
1467 1212 -1 438 1.1903 2 FAT
1467 1213 -1 438 1.1903 2 FAT
1467 1214 -1 438 1.1903 2 FAT
1467 1215 -1 438 1.1903 2 FAT
1467 1216 -1 438 1.1903 2 FAT
1467 1217 -1 438 1.1903 2 FAT
1467 1218 -1 438 1.1903 2 FAT
1467 1219 -1 438 1.1903 2 FAT
1467 1220 -1 438 1.1903 2 FAT
1467 1221 -1 438 1.1903 2 FAT
1467 1222 -1 438 1.1903 2 FAT
1467 1223 -1 438 1.1903 2 FAT
1467 1224 -1 492 1.1903 2 FAT
1467 1225 -1 492 1.1903 2 FAT
1467 1226 -1 492 1.1903 2 FAT
1467 1227 -1 492 1.1903 2 FAT
1467 1228 -1 492 1.1903 2 FAT
1467 1229 -1 492 1.1903 2 FAT
1467 1230 -1 492 1.1903 2 FAT
1467 1231 -1 530 1.1907 2 FAT
1467 1232 -1 530 1.1907 2 FAT
1467 1233 -1 530 1.1907 2 FAT
1467 1234 -1 557 1.1912 2 FAT
1467 1235 -1 557 1.1912 2 FAT
1467 1236 -1 589 1.1904 2 FAT
1467 1237 -1 721 1.2080 2 FAT
1467 1238 -1 792 1.2143 2 FAT
1467 1239 -1 807 1.2149 2 FAT
1467 1240 -1 881 1.2179 2 FAT
# row j=1467 L=0.407500 n=301 KILL=0 CYCLE=0 FAT=301 CAP=0 certified=0 lambda[1.0379,1.2179]
1468 940 -1 234 1.1621 2 FAT
1468 941 -1 234 1.1621 2 FAT
1468 942 -1 234 1.1621 2 FAT
1468 943 -1 234 1.1621 2 FAT
1468 944 -1 234 1.1621 2 FAT
1468 945 -1 234 1.1621 2 FAT
1468 946 -1 234 1.1621 2 FAT
1468 947 -1 234 1.1621 2 FAT
1468 948 -1 178 1.1474 2 FAT
1468 949 -1 162 1.1421 2 FAT
1468 950 -1 162 1.1421 2 FAT
1468 951 -1 151 1.1422 2 FAT
1468 952 -1 151 1.1422 2 FAT
1468 953 -1 151 1.1422 2 FAT
1468 954 -1 151 1.1422 2 FAT
1468 955 -1 120 1.1256 2 FAT
1468 956 -1 108 1.1190 2 FAT
1468 957 -1 108 1.1190 2 FAT
1468 958 -1 441 1.1237 2 FAT
1468 959 -1 697 1.1904 2 FAT
1468 960 -1 461 1.1278 2 FAT
1468 961 -1 265 1.0779 2 FAT
1468 962 -1 265 1.0779 2 FAT
1468 963 -1 156 1.0447 2 FAT
1468 964 -1 281 1.0842 2 FAT
1468 965 -1 135 1.0428 2 FAT
1468 966 -1 135 1.0428 2 FAT
1468 967 -1 135 1.0428 2 FAT
1468 968 -1 135 1.0428 2 FAT
1468 969 -1 135 1.0428 2 FAT
1468 970 -1 318 1.0945 2 FAT
1468 971 -1 112 1.0410 2 FAT
1468 972 -1 112 1.0410 2 FAT
1468 973 -1 112 1.0410 2 FAT
1468 974 -1 112 1.0410 2 FAT
1468 975 -1 112 1.0410 2 FAT
1468 976 -1 112 1.0410 2 FAT
1468 977 -1 112 1.0410 2 FAT
1468 978 -1 112 1.0410 2 FAT
1468 979 -1 112 1.0410 2 FAT
1468 980 -1 112 1.0410 2 FAT
1468 981 -1 112 1.0410 2 FAT
1468 982 -1 112 1.0410 2 FAT
1468 983 -1 192 1.0491 2 FAT
1468 984 -1 282 1.0848 2 FAT
1468 985 -1 301 1.0915 2 FAT
1468 986 -1 87 1.0394 2 FAT
1468 987 -1 87 1.0394 2 FAT
1468 988 -1 87 1.0394 2 FAT
1468 989 -1 87 1.0394 2 FAT
1468 990 -1 87 1.0394 2 FAT
1468 991 -1 87 1.0394 2 FAT
1468 992 -1 87 1.0394 2 FAT
1468 993 -1 87 1.0394 2 FAT
1468 994 -1 87 1.0394 2 FAT
1468 995 -1 87 1.0394 2 FAT
1468 996 -1 87 1.0394 2 FAT
1468 997 -1 87 1.0394 2 FAT
1468 998 -1 87 1.0394 2 FAT
1468 999 -1 87 1.0394 2 FAT
1468 1000 -1 87 1.0394 2 FAT
1468 1001 -1 87 1.0394 2 FAT
1468 1002 -1 87 1.0394 2 FAT
1468 1003 -1 87 1.0394 2 FAT
1468 1004 -1 87 1.0394 2 FAT
1468 1005 -1 87 1.0394 2 FAT
1468 1006 -1 87 1.0394 2 FAT
1468 1007 -1 87 1.0394 2 FAT
1468 1008 -1 87 1.0394 2 FAT
1468 1009 -1 87 1.0394 2 FAT
1468 1010 -1 87 1.0394 2 FAT
1468 1011 -1 87 1.0394 2 FAT
1468 1012 -1 87 1.0394 2 FAT
1468 1013 -1 87 1.0394 2 FAT
1468 1014 -1 87 1.0394 2 FAT
1468 1015 -1 87 1.0394 2 FAT
1468 1016 -1 87 1.0394 2 FAT
1468 1017 -1 358 1.1037 2 FAT
1468 1018 -1 265 1.0779 2 FAT
1468 1019 -1 135 1.0428 2 FAT
1468 1020 -1 135 1.0428 2 FAT
1468 1021 -1 135 1.0428 2 FAT
1468 1022 -1 135 1.0428 2 FAT
1468 1023 -1 272 1.0815 2 FAT
1468 1024 -1 272 1.0815 2 FAT
1468 1025 -1 340 1.1028 2 FAT
1468 1026 -1 60 1.0379 2 FAT
1468 1027 -1 60 1.0379 2 FAT
1468 1028 -1 60 1.0379 2 FAT
1468 1029 -1 60 1.0379 2 FAT
1468 1030 -1 60 1.0379 2 FAT
1468 1031 -1 60 1.0379 2 FAT
1468 1032 -1 60 1.0379 2 FAT
1468 1033 -1 60 1.0379 2 FAT
1468 1034 -1 60 1.0379 2 FAT
1468 1035 -1 60 1.0379 2 FAT
1468 1036 -1 60 1.0379 2 FAT
1468 1037 -1 60 1.0379 2 FAT
1468 1038 -1 60 1.0379 2 FAT
1468 1039 -1 60 1.0379 2 FAT
1468 1040 -1 60 1.0379 2 FAT
1468 1041 -1 60 1.0379 2 FAT
1468 1042 -1 60 1.0379 2 FAT
1468 1043 -1 60 1.0379 2 FAT
1468 1044 -1 60 1.0379 2 FAT
1468 1045 -1 60 1.0379 2 FAT
1468 1046 -1 60 1.0379 2 FAT
1468 1047 -1 60 1.0379 2 FAT
1468 1048 -1 60 1.0379 2 FAT
1468 1049 -1 60 1.0379 2 FAT
1468 1050 -1 60 1.0379 2 FAT
1468 1051 -1 60 1.0379 2 FAT
1468 1052 -1 60 1.0379 2 FAT
1468 1053 -1 60 1.0379 2 FAT
1468 1054 -1 60 1.0379 2 FAT
1468 1055 -1 60 1.0379 2 FAT
1468 1056 -1 60 1.0379 2 FAT
1468 1057 -1 60 1.0379 2 FAT
1468 1058 -1 60 1.0379 2 FAT
1468 1059 -1 60 1.0379 2 FAT
1468 1060 -1 60 1.0379 2 FAT
1468 1061 -1 60 1.0379 2 FAT
1468 1062 -1 60 1.0379 2 FAT
1468 1063 -1 60 1.0379 2 FAT
1468 1064 -1 60 1.0379 2 FAT
1468 1065 -1 60 1.0379 2 FAT
1468 1066 -1 60 1.0379 2 FAT
1468 1067 -1 60 1.0379 2 FAT
1468 1068 -1 60 1.0379 2 FAT
1468 1069 -1 60 1.0379 2 FAT
1468 1070 -1 60 1.0379 2 FAT
1468 1071 -1 60 1.0379 2 FAT
1468 1072 -1 60 1.0379 2 FAT
1468 1073 -1 60 1.0379 2 FAT
1468 1074 -1 60 1.0379 2 FAT
1468 1075 -1 60 1.0379 2 FAT
1468 1076 -1 60 1.0379 2 FAT
1468 1077 -1 60 1.0379 2 FAT
1468 1078 -1 60 1.0379 2 FAT
1468 1079 -1 60 1.0379 2 FAT
1468 1080 -1 60 1.0379 2 FAT
1468 1081 -1 60 1.0379 2 FAT
1468 1082 -1 60 1.0379 2 FAT
1468 1083 -1 60 1.0379 2 FAT
1468 1084 -1 60 1.0379 2 FAT
1468 1085 -1 60 1.0379 2 FAT
1468 1086 -1 60 1.0379 2 FAT
1468 1087 -1 60 1.0379 2 FAT
1468 1088 -1 60 1.0379 2 FAT
1468 1089 -1 60 1.0379 2 FAT
1468 1090 -1 60 1.0379 2 FAT
1468 1091 -1 60 1.0379 2 FAT
1468 1092 -1 60 1.0379 2 FAT
1468 1093 -1 60 1.0379 2 FAT
1468 1094 -1 60 1.0379 2 FAT
1468 1095 -1 60 1.0379 2 FAT
1468 1096 -1 60 1.0379 2 FAT
1468 1097 -1 60 1.0379 2 FAT
1468 1098 -1 60 1.0379 2 FAT
1468 1099 -1 60 1.0379 2 FAT
1468 1100 -1 60 1.0379 2 FAT
1468 1101 -1 60 1.0379 2 FAT
1468 1102 -1 60 1.0379 2 FAT
1468 1103 -1 60 1.0379 2 FAT
1468 1104 -1 60 1.0379 2 FAT
1468 1105 -1 60 1.0379 2 FAT
1468 1106 -1 60 1.0379 2 FAT
1468 1107 -1 340 1.1028 2 FAT
1468 1108 -1 272 1.0815 2 FAT
1468 1109 -1 272 1.0815 2 FAT
1468 1110 -1 135 1.0428 2 FAT
1468 1111 -1 135 1.0428 2 FAT
1468 1112 -1 135 1.0428 2 FAT
1468 1113 -1 135 1.0428 2 FAT
1468 1114 -1 265 1.0779 2 FAT
1468 1115 -1 358 1.1037 2 FAT
1468 1116 -1 87 1.0394 2 FAT
1468 1117 -1 87 1.0394 2 FAT
1468 1118 -1 87 1.0394 2 FAT
1468 1119 -1 87 1.0394 2 FAT
1468 1120 -1 87 1.0394 2 FAT
1468 1121 -1 87 1.0394 2 FAT
1468 1122 -1 87 1.0394 2 FAT
1468 1123 -1 87 1.0394 2 FAT
1468 1124 -1 87 1.0394 2 FAT
1468 1125 -1 87 1.0394 2 FAT
1468 1126 -1 87 1.0394 2 FAT
1468 1127 -1 87 1.0394 2 FAT
1468 1128 -1 87 1.0394 2 FAT
1468 1129 -1 87 1.0394 2 FAT
1468 1130 -1 87 1.0394 2 FAT
1468 1131 -1 87 1.0394 2 FAT
1468 1132 -1 87 1.0394 2 FAT
1468 1133 -1 87 1.0394 2 FAT
1468 1134 -1 87 1.0394 2 FAT
1468 1135 -1 87 1.0394 2 FAT
1468 1136 -1 87 1.0394 2 FAT
1468 1137 -1 87 1.0394 2 FAT
1468 1138 -1 87 1.0394 2 FAT
1468 1139 -1 87 1.0394 2 FAT
1468 1140 -1 87 1.0394 2 FAT
1468 1141 -1 87 1.0394 2 FAT
1468 1142 -1 87 1.0394 2 FAT
1468 1143 -1 87 1.0394 2 FAT
1468 1144 -1 87 1.0394 2 FAT
1468 1145 -1 87 1.0394 2 FAT
1468 1146 -1 87 1.0394 2 FAT
1468 1147 -1 301 1.0915 2 FAT
1468 1148 -1 282 1.0848 2 FAT
1468 1149 -1 192 1.0491 2 FAT
1468 1150 -1 112 1.0410 2 FAT
1468 1151 -1 112 1.0410 2 FAT
1468 1152 -1 112 1.0410 2 FAT
1468 1153 -1 112 1.0410 2 FAT
1468 1154 -1 112 1.0410 2 FAT
1468 1155 -1 112 1.0410 2 FAT
1468 1156 -1 112 1.0410 2 FAT
1468 1157 -1 112 1.0410 2 FAT
1468 1158 -1 112 1.0410 2 FAT
1468 1159 -1 112 1.0410 2 FAT
1468 1160 -1 112 1.0410 2 FAT
1468 1161 -1 112 1.0410 2 FAT
1468 1162 -1 318 1.0945 2 FAT
1468 1163 -1 135 1.0428 2 FAT
1468 1164 -1 135 1.0428 2 FAT
1468 1165 -1 135 1.0428 2 FAT
1468 1166 -1 135 1.0428 2 FAT
1468 1167 -1 135 1.0428 2 FAT
1468 1168 -1 281 1.0842 2 FAT
1468 1169 -1 156 1.0447 2 FAT
1468 1170 -1 265 1.0779 2 FAT
1468 1171 -1 265 1.0779 2 FAT
1468 1172 -1 461 1.1278 2 FAT
1468 1173 -1 697 1.1904 2 FAT
1468 1174 -1 441 1.1237 2 FAT
1468 1175 -1 108 1.1190 2 FAT
1468 1176 -1 108 1.1190 2 FAT
1468 1177 -1 120 1.1256 2 FAT
1468 1178 -1 151 1.1422 2 FAT
1468 1179 -1 151 1.1422 2 FAT
1468 1180 -1 151 1.1422 2 FAT
1468 1181 -1 151 1.1422 2 FAT
1468 1182 -1 162 1.1421 2 FAT
1468 1183 -1 162 1.1421 2 FAT
1468 1184 -1 178 1.1474 2 FAT
1468 1185 -1 234 1.1621 2 FAT
1468 1186 -1 234 1.1621 2 FAT
1468 1187 -1 234 1.1621 2 FAT
1468 1188 -1 234 1.1621 2 FAT
1468 1189 -1 234 1.1621 2 FAT
1468 1190 -1 234 1.1621 2 FAT
1468 1191 -1 234 1.1621 2 FAT
1468 1192 -1 234 1.1621 2 FAT
1468 1193 -1 234 1.1621 2 FAT
1468 1194 -1 255 1.1612 2 FAT
1468 1195 -1 255 1.1612 2 FAT
1468 1196 -1 255 1.1612 2 FAT
1468 1197 -1 255 1.1612 2 FAT
1468 1198 -1 270 1.1597 2 FAT
1468 1199 -1 281 1.1589 2 FAT
1468 1200 -1 302 1.1615 2 FAT
1468 1201 -1 390 1.1820 2 FAT
1468 1202 -1 438 1.1903 2 FAT
1468 1203 -1 438 1.1903 2 FAT
1468 1204 -1 438 1.1903 2 FAT
1468 1205 -1 438 1.1903 2 FAT
1468 1206 -1 438 1.1903 2 FAT
1468 1207 -1 438 1.1903 2 FAT
1468 1208 -1 438 1.1903 2 FAT
1468 1209 -1 438 1.1903 2 FAT
1468 1210 -1 438 1.1903 2 FAT
1468 1211 -1 438 1.1903 2 FAT
1468 1212 -1 438 1.1903 2 FAT
1468 1213 -1 438 1.1903 2 FAT
1468 1214 -1 438 1.1903 2 FAT
1468 1215 -1 438 1.1903 2 FAT
1468 1216 -1 438 1.1903 2 FAT
1468 1217 -1 438 1.1903 2 FAT
1468 1218 -1 438 1.1903 2 FAT
1468 1219 -1 438 1.1903 2 FAT
1468 1220 -1 438 1.1903 2 FAT
1468 1221 -1 438 1.1903 2 FAT
1468 1222 -1 438 1.1903 2 FAT
1468 1223 -1 492 1.1903 2 FAT
1468 1224 -1 492 1.1903 2 FAT
1468 1225 -1 492 1.1903 2 FAT
1468 1226 -1 492 1.1903 2 FAT
1468 1227 -1 492 1.1903 2 FAT
1468 1228 -1 492 1.1903 2 FAT
1468 1229 -1 492 1.1903 2 FAT
1468 1230 -1 530 1.1907 2 FAT
1468 1231 -1 530 1.1907 2 FAT
1468 1232 -1 530 1.1907 2 FAT
1468 1233 -1 557 1.1912 2 FAT
1468 1234 -1 557 1.1912 2 FAT
1468 1235 -1 589 1.1904 2 FAT
1468 1236 -1 721 1.2080 2 FAT
1468 1237 -1 792 1.2143 2 FAT
1468 1238 -1 807 1.2149 2 FAT
1468 1239 -1 881 1.2179 2 FAT
1468 1240 -1 942 1.2241 2 FAT
# row j=1468 L=0.407778 n=301 KILL=0 CYCLE=0 FAT=301 CAP=0 certified=0 lambda[1.0379,1.2241]
1469 940 -1 234 1.1621 2 FAT
1469 941 -1 234 1.1621 2 FAT
1469 942 -1 234 1.1621 2 FAT
1469 943 -1 234 1.1621 2 FAT
1469 944 -1 234 1.1621 2 FAT
1469 945 -1 234 1.1621 2 FAT
1469 946 -1 234 1.1621 2 FAT
1469 947 -1 234 1.1621 2 FAT
1469 948 -1 178 1.1474 2 FAT
1469 949 -1 162 1.1421 2 FAT
1469 950 -1 162 1.1421 2 FAT
1469 951 -1 151 1.1422 2 FAT
1469 952 -1 151 1.1422 2 FAT
1469 953 -1 151 1.1422 2 FAT
1469 954 -1 151 1.1422 2 FAT
1469 955 -1 120 1.1256 2 FAT
1469 956 -1 429 1.1273 2 FAT
1469 957 -1 615 1.1550 2 FAT
1469 958 -1 840 1.1988 2 FAT
1469 959 -1 811 1.1897 2 FAT
1469 960 -1 561 1.1367 2 FAT
1469 961 -1 265 1.0779 2 FAT
1469 962 -1 265 1.0779 2 FAT
1469 963 -1 281 1.0842 2 FAT
1469 964 -1 281 1.0842 2 FAT
1469 965 -1 135 1.0428 2 FAT
1469 966 -1 135 1.0428 2 FAT
1469 967 -1 135 1.0428 2 FAT
1469 968 -1 135 1.0428 2 FAT
1469 969 -1 318 1.0945 2 FAT
1469 970 -1 318 1.0945 2 FAT
1469 971 -1 112 1.0410 2 FAT
1469 972 -1 112 1.0410 2 FAT
1469 973 -1 112 1.0410 2 FAT
1469 974 -1 112 1.0410 2 FAT
1469 975 -1 112 1.0410 2 FAT
1469 976 -1 112 1.0410 2 FAT
1469 977 -1 112 1.0410 2 FAT
1469 978 -1 112 1.0410 2 FAT
1469 979 -1 112 1.0410 2 FAT
1469 980 -1 112 1.0410 2 FAT
1469 981 -1 112 1.0410 2 FAT
1469 982 -1 192 1.0491 2 FAT
1469 983 -1 282 1.0848 2 FAT
1469 984 -1 416 1.1137 2 FAT
1469 985 -1 301 1.0915 2 FAT
1469 986 -1 87 1.0394 2 FAT
1469 987 -1 87 1.0394 2 FAT
1469 988 -1 87 1.0394 2 FAT
1469 989 -1 87 1.0394 2 FAT
1469 990 -1 87 1.0394 2 FAT
1469 991 -1 87 1.0394 2 FAT
1469 992 -1 87 1.0394 2 FAT
1469 993 -1 87 1.0394 2 FAT
1469 994 -1 87 1.0394 2 FAT
1469 995 -1 87 1.0394 2 FAT
1469 996 -1 87 1.0394 2 FAT
1469 997 -1 87 1.0394 2 FAT
1469 998 -1 87 1.0394 2 FAT
1469 999 -1 87 1.0394 2 FAT
1469 1000 -1 87 1.0394 2 FAT
1469 1001 -1 87 1.0394 2 FAT
1469 1002 -1 87 1.0394 2 FAT
1469 1003 -1 87 1.0394 2 FAT
1469 1004 -1 87 1.0394 2 FAT
1469 1005 -1 87 1.0394 2 FAT
1469 1006 -1 87 1.0394 2 FAT
1469 1007 -1 87 1.0394 2 FAT
1469 1008 -1 87 1.0394 2 FAT
1469 1009 -1 87 1.0394 2 FAT
1469 1010 -1 87 1.0394 2 FAT
1469 1011 -1 87 1.0394 2 FAT
1469 1012 -1 87 1.0394 2 FAT
1469 1013 -1 87 1.0394 2 FAT
1469 1014 -1 87 1.0394 2 FAT
1469 1015 -1 87 1.0394 2 FAT
1469 1016 -1 358 1.1037 2 FAT
1469 1017 -1 358 1.1037 2 FAT
1469 1018 -1 265 1.0779 2 FAT
1469 1019 -1 135 1.0428 2 FAT
1469 1020 -1 135 1.0428 2 FAT
1469 1021 -1 135 1.0428 2 FAT
1469 1022 -1 272 1.0815 2 FAT
1469 1023 -1 272 1.0815 2 FAT
1469 1024 -1 445 1.1195 2 FAT
1469 1025 -1 340 1.1028 2 FAT
1469 1026 -1 112 1.0410 2 FAT
1469 1027 -1 60 1.0379 2 FAT
1469 1028 -1 60 1.0379 2 FAT
1469 1029 -1 60 1.0379 2 FAT
1469 1030 -1 60 1.0379 2 FAT
1469 1031 -1 60 1.0379 2 FAT
1469 1032 -1 60 1.0379 2 FAT
1469 1033 -1 60 1.0379 2 FAT
1469 1034 -1 60 1.0379 2 FAT
1469 1035 -1 60 1.0379 2 FAT
1469 1036 -1 60 1.0379 2 FAT
1469 1037 -1 60 1.0379 2 FAT
1469 1038 -1 60 1.0379 2 FAT
1469 1039 -1 60 1.0379 2 FAT
1469 1040 -1 60 1.0379 2 FAT
1469 1041 -1 60 1.0379 2 FAT
1469 1042 -1 60 1.0379 2 FAT
1469 1043 -1 60 1.0379 2 FAT
1469 1044 -1 60 1.0379 2 FAT
1469 1045 -1 60 1.0379 2 FAT
1469 1046 -1 60 1.0379 2 FAT
1469 1047 -1 60 1.0379 2 FAT
1469 1048 -1 60 1.0379 2 FAT
1469 1049 -1 60 1.0379 2 FAT
1469 1050 -1 60 1.0379 2 FAT
1469 1051 -1 60 1.0379 2 FAT
1469 1052 -1 60 1.0379 2 FAT
1469 1053 -1 60 1.0379 2 FAT
1469 1054 -1 60 1.0379 2 FAT
1469 1055 -1 60 1.0379 2 FAT
1469 1056 -1 60 1.0379 2 FAT
1469 1057 -1 60 1.0379 2 FAT
1469 1058 -1 60 1.0379 2 FAT
1469 1059 -1 60 1.0379 2 FAT
1469 1060 -1 60 1.0379 2 FAT
1469 1061 -1 60 1.0379 2 FAT
1469 1062 -1 60 1.0379 2 FAT
1469 1063 -1 60 1.0379 2 FAT
1469 1064 -1 60 1.0379 2 FAT
1469 1065 -1 60 1.0379 2 FAT
1469 1066 -1 60 1.0379 2 FAT
1469 1067 -1 60 1.0379 2 FAT
1469 1068 -1 60 1.0379 2 FAT
1469 1069 -1 60 1.0379 2 FAT
1469 1070 -1 60 1.0379 2 FAT
1469 1071 -1 60 1.0379 2 FAT
1469 1072 -1 60 1.0379 2 FAT
1469 1073 -1 60 1.0379 2 FAT
1469 1074 -1 60 1.0379 2 FAT
1469 1075 -1 60 1.0379 2 FAT
1469 1076 -1 60 1.0379 2 FAT
1469 1077 -1 60 1.0379 2 FAT
1469 1078 -1 60 1.0379 2 FAT
1469 1079 -1 60 1.0379 2 FAT
1469 1080 -1 60 1.0379 2 FAT
1469 1081 -1 60 1.0379 2 FAT
1469 1082 -1 60 1.0379 2 FAT
1469 1083 -1 60 1.0379 2 FAT
1469 1084 -1 60 1.0379 2 FAT
1469 1085 -1 60 1.0379 2 FAT
1469 1086 -1 60 1.0379 2 FAT
1469 1087 -1 60 1.0379 2 FAT
1469 1088 -1 60 1.0379 2 FAT
1469 1089 -1 60 1.0379 2 FAT
1469 1090 -1 60 1.0379 2 FAT
1469 1091 -1 60 1.0379 2 FAT
1469 1092 -1 60 1.0379 2 FAT
1469 1093 -1 60 1.0379 2 FAT
1469 1094 -1 60 1.0379 2 FAT
1469 1095 -1 60 1.0379 2 FAT
1469 1096 -1 60 1.0379 2 FAT
1469 1097 -1 60 1.0379 2 FAT
1469 1098 -1 60 1.0379 2 FAT
1469 1099 -1 60 1.0379 2 FAT
1469 1100 -1 60 1.0379 2 FAT
1469 1101 -1 60 1.0379 2 FAT
1469 1102 -1 60 1.0379 2 FAT
1469 1103 -1 60 1.0379 2 FAT
1469 1104 -1 60 1.0379 2 FAT
1469 1105 -1 112 1.0410 2 FAT
1469 1106 -1 340 1.1028 2 FAT
1469 1107 -1 445 1.1195 2 FAT
1469 1108 -1 272 1.0815 2 FAT
1469 1109 -1 272 1.0815 2 FAT
1469 1110 -1 135 1.0428 2 FAT
1469 1111 -1 135 1.0428 2 FAT
1469 1112 -1 135 1.0428 2 FAT
1469 1113 -1 265 1.0779 2 FAT
1469 1114 -1 358 1.1037 2 FAT
1469 1115 -1 358 1.1037 2 FAT
1469 1116 -1 87 1.0394 2 FAT
1469 1117 -1 87 1.0394 2 FAT
1469 1118 -1 87 1.0394 2 FAT
1469 1119 -1 87 1.0394 2 FAT
1469 1120 -1 87 1.0394 2 FAT
1469 1121 -1 87 1.0394 2 FAT
1469 1122 -1 87 1.0394 2 FAT
1469 1123 -1 87 1.0394 2 FAT
1469 1124 -1 87 1.0394 2 FAT
1469 1125 -1 87 1.0394 2 FAT
1469 1126 -1 87 1.0394 2 FAT
1469 1127 -1 87 1.0394 2 FAT
1469 1128 -1 87 1.0394 2 FAT
1469 1129 -1 87 1.0394 2 FAT
1469 1130 -1 87 1.0394 2 FAT
1469 1131 -1 87 1.0394 2 FAT
1469 1132 -1 87 1.0394 2 FAT
1469 1133 -1 87 1.0394 2 FAT
1469 1134 -1 87 1.0394 2 FAT
1469 1135 -1 87 1.0394 2 FAT
1469 1136 -1 87 1.0394 2 FAT
1469 1137 -1 87 1.0394 2 FAT
1469 1138 -1 87 1.0394 2 FAT
1469 1139 -1 87 1.0394 2 FAT
1469 1140 -1 87 1.0394 2 FAT
1469 1141 -1 87 1.0394 2 FAT
1469 1142 -1 87 1.0394 2 FAT
1469 1143 -1 87 1.0394 2 FAT
1469 1144 -1 87 1.0394 2 FAT
1469 1145 -1 87 1.0394 2 FAT
1469 1146 -1 301 1.0915 2 FAT
1469 1147 -1 416 1.1137 2 FAT
1469 1148 -1 282 1.0848 2 FAT
1469 1149 -1 192 1.0491 2 FAT
1469 1150 -1 112 1.0410 2 FAT
1469 1151 -1 112 1.0410 2 FAT
1469 1152 -1 112 1.0410 2 FAT
1469 1153 -1 112 1.0410 2 FAT
1469 1154 -1 112 1.0410 2 FAT
1469 1155 -1 112 1.0410 2 FAT
1469 1156 -1 112 1.0410 2 FAT
1469 1157 -1 112 1.0410 2 FAT
1469 1158 -1 112 1.0410 2 FAT
1469 1159 -1 112 1.0410 2 FAT
1469 1160 -1 112 1.0410 2 FAT
1469 1161 -1 318 1.0945 2 FAT
1469 1162 -1 318 1.0945 2 FAT
1469 1163 -1 135 1.0428 2 FAT
1469 1164 -1 135 1.0428 2 FAT
1469 1165 -1 135 1.0428 2 FAT
1469 1166 -1 135 1.0428 2 FAT
1469 1167 -1 281 1.0842 2 FAT
1469 1168 -1 281 1.0842 2 FAT
1469 1169 -1 265 1.0779 2 FAT
1469 1170 -1 265 1.0779 2 FAT
1469 1171 -1 561 1.1367 2 FAT
1469 1172 -1 811 1.1897 2 FAT
1469 1173 -1 840 1.1988 2 FAT
1469 1174 -1 615 1.1550 2 FAT
1469 1175 -1 429 1.1273 2 FAT
1469 1176 -1 120 1.1256 2 FAT
1469 1177 -1 151 1.1422 2 FAT
1469 1178 -1 151 1.1422 2 FAT
1469 1179 -1 151 1.1422 2 FAT
1469 1180 -1 151 1.1422 2 FAT
1469 1181 -1 162 1.1421 2 FAT
1469 1182 -1 162 1.1421 2 FAT
1469 1183 -1 178 1.1474 2 FAT
1469 1184 -1 234 1.1621 2 FAT
1469 1185 -1 234 1.1621 2 FAT
1469 1186 -1 234 1.1621 2 FAT
1469 1187 -1 234 1.1621 2 FAT
1469 1188 -1 234 1.1621 2 FAT
1469 1189 -1 234 1.1621 2 FAT
1469 1190 -1 234 1.1621 2 FAT
1469 1191 -1 234 1.1621 2 FAT
1469 1192 -1 234 1.1621 2 FAT
1469 1193 -1 255 1.1612 2 FAT
1469 1194 -1 255 1.1612 2 FAT
1469 1195 -1 255 1.1612 2 FAT
1469 1196 -1 255 1.1612 2 FAT
1469 1197 -1 270 1.1597 2 FAT
1469 1198 -1 281 1.1589 2 FAT
1469 1199 -1 302 1.1615 2 FAT
1469 1200 -1 390 1.1820 2 FAT
1469 1201 -1 438 1.1903 2 FAT
1469 1202 -1 438 1.1903 2 FAT
1469 1203 -1 438 1.1903 2 FAT
1469 1204 -1 438 1.1903 2 FAT
1469 1205 -1 438 1.1903 2 FAT
1469 1206 -1 438 1.1903 2 FAT
1469 1207 -1 438 1.1903 2 FAT
1469 1208 -1 438 1.1903 2 FAT
1469 1209 -1 438 1.1903 2 FAT
1469 1210 -1 438 1.1903 2 FAT
1469 1211 -1 438 1.1903 2 FAT
1469 1212 -1 438 1.1903 2 FAT
1469 1213 -1 438 1.1903 2 FAT
1469 1214 -1 438 1.1903 2 FAT
1469 1215 -1 438 1.1903 2 FAT
1469 1216 -1 438 1.1903 2 FAT
1469 1217 -1 438 1.1903 2 FAT
1469 1218 -1 438 1.1903 2 FAT
1469 1219 -1 438 1.1903 2 FAT
1469 1220 -1 438 1.1903 2 FAT
1469 1221 -1 438 1.1903 2 FAT
1469 1222 -1 492 1.1903 2 FAT
1469 1223 -1 492 1.1903 2 FAT
1469 1224 -1 492 1.1903 2 FAT
1469 1225 -1 492 1.1903 2 FAT
1469 1226 -1 492 1.1903 2 FAT
1469 1227 -1 492 1.1903 2 FAT
1469 1228 -1 492 1.1903 2 FAT
1469 1229 -1 530 1.1907 2 FAT
1469 1230 -1 530 1.1907 2 FAT
1469 1231 -1 530 1.1907 2 FAT
1469 1232 -1 557 1.1912 2 FAT
1469 1233 -1 557 1.1912 2 FAT
1469 1234 -1 589 1.1904 2 FAT
1469 1235 -1 721 1.2080 2 FAT
1469 1236 -1 792 1.2143 2 FAT
1469 1237 -1 807 1.2149 2 FAT
1469 1238 -1 881 1.2179 2 FAT
1469 1239 -1 942 1.2241 2 FAT
1469 1240 -1 942 1.2241 2 FAT
# row j=1469 L=0.408056 n=301 KILL=0 CYCLE=0 FAT=301 CAP=0 certified=0 lambda[1.0379,1.2241]
1470 940 -1 234 1.1621 2 FAT
1470 941 -1 234 1.1621 2 FAT
1470 942 -1 234 1.1621 2 FAT
1470 943 -1 234 1.1621 2 FAT
1470 944 -1 234 1.1621 2 FAT
1470 945 -1 234 1.1621 2 FAT
1470 946 -1 234 1.1621 2 FAT
1470 947 -1 234 1.1621 2 FAT
1470 948 -1 178 1.1474 2 FAT
1470 949 -1 162 1.1421 2 FAT
1470 950 -1 162 1.1421 2 FAT
1470 951 -1 151 1.1422 2 FAT
1470 952 -1 151 1.1422 2 FAT
1470 953 -1 151 1.1422 2 FAT
1470 954 -1 151 1.1422 2 FAT
1470 955 -1 606 1.1367 2 FAT
1470 956 -1 615 1.1550 2 FAT
1470 957 -1 1014 1.2101 2 FAT
1470 958 -1 954 1.1972 2 FAT
1470 959 -1 911 1.1893 2 FAT
1470 960 -1 561 1.1367 2 FAT
1470 961 -1 265 1.0779 2 FAT
1470 962 -1 422 1.1113 2 FAT
1470 963 -1 281 1.0842 2 FAT
1470 964 -1 281 1.0842 2 FAT
1470 965 -1 135 1.0428 2 FAT
1470 966 -1 135 1.0428 2 FAT
1470 967 -1 135 1.0428 2 FAT
1470 968 -1 318 1.0945 2 FAT
1470 969 -1 318 1.0945 2 FAT
1470 970 -1 318 1.0945 2 FAT
1470 971 -1 112 1.0410 2 FAT
1470 972 -1 112 1.0410 2 FAT
1470 973 -1 112 1.0410 2 FAT
1470 974 -1 112 1.0410 2 FAT
1470 975 -1 112 1.0410 2 FAT
1470 976 -1 112 1.0410 2 FAT
1470 977 -1 112 1.0410 2 FAT
1470 978 -1 112 1.0410 2 FAT
1470 979 -1 112 1.0410 2 FAT
1470 980 -1 112 1.0410 2 FAT
1470 981 -1 192 1.0491 2 FAT
1470 982 -1 282 1.0848 2 FAT
1470 983 -1 416 1.1137 2 FAT
1470 984 -1 416 1.1137 2 FAT
1470 985 -1 301 1.0915 2 FAT
1470 986 -1 87 1.0394 2 FAT
1470 987 -1 87 1.0394 2 FAT
1470 988 -1 87 1.0394 2 FAT
1470 989 -1 87 1.0394 2 FAT
1470 990 -1 87 1.0394 2 FAT
1470 991 -1 87 1.0394 2 FAT
1470 992 -1 87 1.0394 2 FAT
1470 993 -1 87 1.0394 2 FAT
1470 994 -1 87 1.0394 2 FAT
1470 995 -1 87 1.0394 2 FAT
1470 996 -1 87 1.0394 2 FAT
1470 997 -1 87 1.0394 2 FAT
1470 998 -1 87 1.0394 2 FAT
1470 999 -1 87 1.0394 2 FAT
1470 1000 -1 87 1.0394 2 FAT
1470 1001 -1 87 1.0394 2 FAT
1470 1002 -1 87 1.0394 2 FAT
1470 1003 -1 87 1.0394 2 FAT
1470 1004 -1 87 1.0394 2 FAT
1470 1005 -1 87 1.0394 2 FAT
1470 1006 -1 87 1.0394 2 FAT
1470 1007 -1 87 1.0394 2 FAT
1470 1008 -1 87 1.0394 2 FAT
1470 1009 -1 87 1.0394 2 FAT
1470 1010 -1 87 1.0394 2 FAT
1470 1011 -1 87 1.0394 2 FAT
1470 1012 -1 87 1.0394 2 FAT
1470 1013 -1 87 1.0394 2 FAT
1470 1014 -1 87 1.0394 2 FAT
1470 1015 -1 358 1.1037 2 FAT
1470 1016 -1 358 1.1037 2 FAT
1470 1017 -1 358 1.1037 2 FAT
1470 1018 -1 265 1.0779 2 FAT
1470 1019 -1 135 1.0428 2 FAT
1470 1020 -1 135 1.0428 2 FAT
1470 1021 -1 272 1.0815 2 FAT
1470 1022 -1 272 1.0815 2 FAT
1470 1023 -1 445 1.1195 2 FAT
1470 1024 -1 445 1.1195 2 FAT
1470 1025 -1 340 1.1028 2 FAT
1470 1026 -1 112 1.0410 2 FAT
1470 1027 -1 60 1.0379 2 FAT
1470 1028 -1 60 1.0379 2 FAT
1470 1029 -1 60 1.0379 2 FAT
1470 1030 -1 60 1.0379 2 FAT
1470 1031 -1 60 1.0379 2 FAT
1470 1032 -1 60 1.0379 2 FAT
1470 1033 -1 60 1.0379 2 FAT
1470 1034 -1 60 1.0379 2 FAT
1470 1035 -1 60 1.0379 2 FAT
1470 1036 -1 60 1.0379 2 FAT
1470 1037 -1 60 1.0379 2 FAT
1470 1038 -1 60 1.0379 2 FAT
1470 1039 -1 60 1.0379 2 FAT
1470 1040 -1 60 1.0379 2 FAT
1470 1041 -1 60 1.0379 2 FAT
1470 1042 -1 60 1.0379 2 FAT
1470 1043 -1 60 1.0379 2 FAT
1470 1044 -1 60 1.0379 2 FAT
1470 1045 -1 60 1.0379 2 FAT
1470 1046 -1 60 1.0379 2 FAT
1470 1047 -1 60 1.0379 2 FAT
1470 1048 -1 60 1.0379 2 FAT
1470 1049 -1 60 1.0379 2 FAT
1470 1050 -1 60 1.0379 2 FAT
1470 1051 -1 60 1.0379 2 FAT
1470 1052 -1 60 1.0379 2 FAT
1470 1053 -1 60 1.0379 2 FAT
1470 1054 -1 60 1.0379 2 FAT
1470 1055 -1 60 1.0379 2 FAT
1470 1056 -1 60 1.0379 2 FAT
1470 1057 -1 60 1.0379 2 FAT
1470 1058 -1 60 1.0379 2 FAT
1470 1059 -1 60 1.0379 2 FAT
1470 1060 -1 60 1.0379 2 FAT
1470 1061 -1 60 1.0379 2 FAT
1470 1062 -1 60 1.0379 2 FAT
1470 1063 -1 60 1.0379 2 FAT
1470 1064 -1 60 1.0379 2 FAT
1470 1065 -1 60 1.0379 2 FAT
1470 1066 -1 60 1.0379 2 FAT
1470 1067 -1 60 1.0379 2 FAT
1470 1068 -1 60 1.0379 2 FAT
1470 1069 -1 60 1.0379 2 FAT
1470 1070 -1 60 1.0379 2 FAT
1470 1071 -1 60 1.0379 2 FAT
1470 1072 -1 60 1.0379 2 FAT
1470 1073 -1 60 1.0379 2 FAT
1470 1074 -1 60 1.0379 2 FAT
1470 1075 -1 60 1.0379 2 FAT
1470 1076 -1 60 1.0379 2 FAT
1470 1077 -1 60 1.0379 2 FAT
1470 1078 -1 60 1.0379 2 FAT
1470 1079 -1 60 1.0379 2 FAT
1470 1080 -1 60 1.0379 2 FAT
1470 1081 -1 60 1.0379 2 FAT
1470 1082 -1 60 1.0379 2 FAT
1470 1083 -1 60 1.0379 2 FAT
1470 1084 -1 60 1.0379 2 FAT
1470 1085 -1 60 1.0379 2 FAT
1470 1086 -1 60 1.0379 2 FAT
1470 1087 -1 60 1.0379 2 FAT
1470 1088 -1 60 1.0379 2 FAT
1470 1089 -1 60 1.0379 2 FAT
1470 1090 -1 60 1.0379 2 FAT
1470 1091 -1 60 1.0379 2 FAT
1470 1092 -1 60 1.0379 2 FAT
1470 1093 -1 60 1.0379 2 FAT
1470 1094 -1 60 1.0379 2 FAT
1470 1095 -1 60 1.0379 2 FAT
1470 1096 -1 60 1.0379 2 FAT
1470 1097 -1 60 1.0379 2 FAT
1470 1098 -1 60 1.0379 2 FAT
1470 1099 -1 60 1.0379 2 FAT
1470 1100 -1 60 1.0379 2 FAT
1470 1101 -1 60 1.0379 2 FAT
1470 1102 -1 60 1.0379 2 FAT
1470 1103 -1 60 1.0379 2 FAT
1470 1104 -1 112 1.0410 2 FAT
1470 1105 -1 340 1.1028 2 FAT
1470 1106 -1 445 1.1195 2 FAT
1470 1107 -1 445 1.1195 2 FAT
1470 1108 -1 272 1.0815 2 FAT
1470 1109 -1 272 1.0815 2 FAT
1470 1110 -1 135 1.0428 2 FAT
1470 1111 -1 135 1.0428 2 FAT
1470 1112 -1 265 1.0779 2 FAT
1470 1113 -1 358 1.1037 2 FAT
1470 1114 -1 358 1.1037 2 FAT
1470 1115 -1 358 1.1037 2 FAT
1470 1116 -1 87 1.0394 2 FAT
1470 1117 -1 87 1.0394 2 FAT
1470 1118 -1 87 1.0394 2 FAT
1470 1119 -1 87 1.0394 2 FAT
1470 1120 -1 87 1.0394 2 FAT
1470 1121 -1 87 1.0394 2 FAT
1470 1122 -1 87 1.0394 2 FAT
1470 1123 -1 87 1.0394 2 FAT
1470 1124 -1 87 1.0394 2 FAT
1470 1125 -1 87 1.0394 2 FAT
1470 1126 -1 87 1.0394 2 FAT
1470 1127 -1 87 1.0394 2 FAT
1470 1128 -1 87 1.0394 2 FAT
1470 1129 -1 87 1.0394 2 FAT
1470 1130 -1 87 1.0394 2 FAT
1470 1131 -1 87 1.0394 2 FAT
1470 1132 -1 87 1.0394 2 FAT
1470 1133 -1 87 1.0394 2 FAT
1470 1134 -1 87 1.0394 2 FAT
1470 1135 -1 87 1.0394 2 FAT
1470 1136 -1 87 1.0394 2 FAT
1470 1137 -1 87 1.0394 2 FAT
1470 1138 -1 87 1.0394 2 FAT
1470 1139 -1 87 1.0394 2 FAT
1470 1140 -1 87 1.0394 2 FAT
1470 1141 -1 87 1.0394 2 FAT
1470 1142 -1 87 1.0394 2 FAT
1470 1143 -1 87 1.0394 2 FAT
1470 1144 -1 87 1.0394 2 FAT
1470 1145 -1 301 1.0915 2 FAT
1470 1146 -1 416 1.1137 2 FAT
1470 1147 -1 416 1.1137 2 FAT
1470 1148 -1 282 1.0848 2 FAT
1470 1149 -1 192 1.0491 2 FAT
1470 1150 -1 112 1.0410 2 FAT
1470 1151 -1 112 1.0410 2 FAT
1470 1152 -1 112 1.0410 2 FAT
1470 1153 -1 112 1.0410 2 FAT
1470 1154 -1 112 1.0410 2 FAT
1470 1155 -1 112 1.0410 2 FAT
1470 1156 -1 112 1.0410 2 FAT
1470 1157 -1 112 1.0410 2 FAT
1470 1158 -1 112 1.0410 2 FAT
1470 1159 -1 112 1.0410 2 FAT
1470 1160 -1 318 1.0945 2 FAT
1470 1161 -1 318 1.0945 2 FAT
1470 1162 -1 318 1.0945 2 FAT
1470 1163 -1 135 1.0428 2 FAT
1470 1164 -1 135 1.0428 2 FAT
1470 1165 -1 135 1.0428 2 FAT
1470 1166 -1 281 1.0842 2 FAT
1470 1167 -1 281 1.0842 2 FAT
1470 1168 -1 422 1.1113 2 FAT
1470 1169 -1 265 1.0779 2 FAT
1470 1170 -1 561 1.1367 2 FAT
1470 1171 -1 911 1.1893 2 FAT
1470 1172 -1 954 1.1972 2 FAT
1470 1173 -1 1014 1.2101 2 FAT
1470 1174 -1 615 1.1550 2 FAT
1470 1175 -1 606 1.1367 2 FAT
1470 1176 -1 151 1.1422 2 FAT
1470 1177 -1 151 1.1422 2 FAT
1470 1178 -1 151 1.1422 2 FAT
1470 1179 -1 151 1.1422 2 FAT
1470 1180 -1 162 1.1421 2 FAT
1470 1181 -1 162 1.1421 2 FAT
1470 1182 -1 178 1.1474 2 FAT
1470 1183 -1 234 1.1621 2 FAT
1470 1184 -1 234 1.1621 2 FAT
1470 1185 -1 234 1.1621 2 FAT
1470 1186 -1 234 1.1621 2 FAT
1470 1187 -1 234 1.1621 2 FAT
1470 1188 -1 234 1.1621 2 FAT
1470 1189 -1 234 1.1621 2 FAT
1470 1190 -1 234 1.1621 2 FAT
1470 1191 -1 234 1.1621 2 FAT
1470 1192 -1 255 1.1612 2 FAT
1470 1193 -1 255 1.1612 2 FAT
1470 1194 -1 255 1.1612 2 FAT
1470 1195 -1 255 1.1612 2 FAT
1470 1196 -1 270 1.1597 2 FAT
1470 1197 -1 281 1.1589 2 FAT
1470 1198 -1 302 1.1615 2 FAT
1470 1199 -1 390 1.1820 2 FAT
1470 1200 -1 438 1.1903 2 FAT
1470 1201 -1 438 1.1903 2 FAT
1470 1202 -1 438 1.1903 2 FAT
1470 1203 -1 438 1.1903 2 FAT
1470 1204 -1 438 1.1903 2 FAT
1470 1205 -1 438 1.1903 2 FAT
1470 1206 -1 438 1.1903 2 FAT
1470 1207 -1 438 1.1903 2 FAT
1470 1208 -1 438 1.1903 2 FAT
1470 1209 -1 438 1.1903 2 FAT
1470 1210 -1 438 1.1903 2 FAT
1470 1211 -1 438 1.1903 2 FAT
1470 1212 -1 438 1.1903 2 FAT
1470 1213 -1 438 1.1903 2 FAT
1470 1214 -1 438 1.1903 2 FAT
1470 1215 -1 438 1.1903 2 FAT
1470 1216 -1 438 1.1903 2 FAT
1470 1217 -1 438 1.1903 2 FAT
1470 1218 -1 438 1.1903 2 FAT
1470 1219 -1 438 1.1903 2 FAT
1470 1220 -1 438 1.1903 2 FAT
1470 1221 -1 492 1.1903 2 FAT
1470 1222 -1 492 1.1903 2 FAT
1470 1223 -1 492 1.1903 2 FAT
1470 1224 -1 492 1.1903 2 FAT
1470 1225 -1 492 1.1903 2 FAT
1470 1226 -1 492 1.1903 2 FAT
1470 1227 -1 492 1.1903 2 FAT
1470 1228 -1 530 1.1907 2 FAT
1470 1229 -1 530 1.1907 2 FAT
1470 1230 -1 530 1.1907 2 FAT
1470 1231 -1 557 1.1912 2 FAT
1470 1232 -1 557 1.1912 2 FAT
1470 1233 -1 598 1.1905 2 FAT
1470 1234 -1 721 1.2080 2 FAT
1470 1235 -1 792 1.2143 2 FAT
1470 1236 -1 807 1.2149 2 FAT
1470 1237 -1 881 1.2179 2 FAT
1470 1238 -1 942 1.2241 2 FAT
1470 1239 -1 942 1.2241 2 FAT
1470 1240 -1 972 1.2240 2 FAT
# row j=1470 L=0.408333 n=301 KILL=0 CYCLE=0 FAT=301 CAP=0 certified=0 lambda[1.0379,1.2241]
# X2 (y-model)  G=3600  L=j/G  depth=30 cap=20000
# j i kill comps lambda maxoutdeg verdict
1467 0 -1 15293 1.3578 0 FAT
1467 1 -1 14909 1.3554 0 FAT
1467 2 -1 15628 1.3556 0 FAT
1467 3 -1 15605 1.3558 0 FAT
1467 4 -1 15677 1.3561 0 FAT
1467 5 -1 15592 1.3556 0 FAT
1467 6 -1 15726 1.3570 0 FAT
1467 7 -1 15556 1.3558 0 FAT
1467 8 -1 15476 1.3559 0 FAT
1467 9 -1 15614 1.3570 0 FAT
1467 10 -1 15360 1.3553 0 FAT
1467 11 -1 15050 1.3538 0 FAT
1467 12 -1 14553 1.3528 0 FAT
1467 13 -1 14553 1.3528 0 FAT
1467 14 -1 14547 1.3527 0 FAT
1467 15 -1 14194 1.3506 0 FAT
1467 16 -1 13892 1.3486 0 FAT
1467 17 -1 13636 1.3473 0 FAT
1467 18 -1 14226 1.3486 0 FAT
1467 19 -1 14572 1.3506 0 FAT
1467 20 -1 14866 1.3520 0 FAT
1467 21 -1 14954 1.3528 0 FAT
1467 22 -1 15112 1.3531 0 FAT
1467 23 -1 14806 1.3513 0 FAT
1467 24 -1 15019 1.3519 0 FAT
1467 25 -1 14977 1.3523 0 FAT
1467 26 -1 13950 1.3499 0 FAT
1467 27 -1 14478 1.3518 0 FAT
1467 28 -1 14770 1.3532 0 FAT
1467 29 -1 14907 1.3543 0 FAT
1467 30 -1 14907 1.3543 0 FAT
1467 31 -1 14907 1.3543 0 FAT
1467 32 -1 14819 1.3537 0 FAT
1467 33 -1 14513 1.3521 0 FAT
1467 34 -1 14254 1.3508 0 FAT
1467 35 -1 13882 1.3489 0 FAT
1467 36 -1 13677 1.3472 0 FAT
1467 37 -1 13356 1.3463 0 FAT
1467 38 -1 13188 1.3449 0 FAT
1467 39 -1 12622 1.3426 0 FAT
1467 40 -1 11992 1.3426 0 FAT
1467 41 -1 11992 1.3426 0 FAT
1467 42 -1 11992 1.3426 0 FAT
1467 43 -1 11992 1.3426 0 FAT
1467 44 -1 11992 1.3426 0 FAT
1467 45 -1 11992 1.3426 0 FAT
1467 46 -1 11992 1.3426 0 FAT
1467 47 -1 11992 1.3426 0 FAT
1467 48 -1 11992 1.3426 0 FAT
1467 49 -1 11710 1.3406 0 FAT
1467 50 -1 11452 1.3389 0 FAT
1467 51 -1 11232 1.3381 0 FAT
1467 52 -1 10883 1.3351 0 FAT
1467 53 -1 10751 1.3350 0 FAT
1467 54 -1 10485 1.3322 0 FAT
1467 55 -1 10086 1.3308 0 FAT
1467 56 -1 10086 1.3308 0 FAT
1467 57 -1 9888 1.3286 0 FAT
1467 58 -1 9610 1.3264 0 FAT
1467 59 -1 9171 1.3247 0 FAT
1467 60 -1 8495 1.3247 0 FAT
1467 61 -1 8495 1.3247 0 FAT
1467 62 -1 8495 1.3247 0 FAT
1467 63 -1 8495 1.3247 0 FAT
1467 64 -1 8495 1.3247 0 FAT
1467 65 -1 8495 1.3247 0 FAT
1467 66 -1 8495 1.3247 0 FAT
1467 67 -1 8495 1.3247 0 FAT
1467 68 -1 8495 1.3247 0 FAT
1467 69 -1 8495 1.3247 0 FAT
1467 70 -1 8495 1.3247 0 FAT
1467 71 -1 8495 1.3247 0 FAT
1467 72 -1 8495 1.3247 0 FAT
1467 73 -1 8495 1.3247 0 FAT
1467 74 -1 8195 1.3222 0 FAT
1467 75 -1 8047 1.3200 0 FAT
1467 76 -1 7782 1.3185 0 FAT
1467 77 -1 7684 1.3171 0 FAT
1467 78 -1 7354 1.3137 0 FAT
1467 79 -1 7214 1.3135 0 FAT
1467 80 -1 7173 1.3130 0 FAT
1467 81 -1 6903 1.3089 0 FAT
1467 82 -1 6619 1.3065 0 FAT
1467 83 -1 6440 1.3065 0 FAT
1467 84 -1 6440 1.3065 0 FAT
1467 85 -1 6380 1.3056 0 FAT
1467 86 -1 6133 1.3027 0 FAT
1467 87 -1 5911 1.2999 0 FAT
1467 88 -1 5641 1.2963 0 FAT
1467 89 -1 5426 1.2964 0 FAT
1467 90 -1 5426 1.2964 0 FAT
1467 91 -1 5426 1.2964 0 FAT
1467 92 -1 4821 1.2963 0 FAT
1467 93 -1 4821 1.2963 0 FAT
1467 94 -1 4821 1.2963 0 FAT
1467 95 -1 4821 1.2963 0 FAT
1467 96 -1 4821 1.2963 0 FAT
1467 97 -1 4821 1.2963 0 FAT
1467 98 -1 4821 1.2963 0 FAT
1467 99 -1 4821 1.2963 0 FAT
1467 100 -1 4821 1.2963 0 FAT
1467 101 -1 4821 1.2963 0 FAT
1467 102 -1 4821 1.2963 0 FAT
1467 103 -1 4821 1.2963 0 FAT
1467 104 -1 4821 1.2963 0 FAT
1467 105 -1 4821 1.2963 0 FAT
1467 106 -1 4821 1.2963 0 FAT
1467 107 -1 4821 1.2963 0 FAT
1467 108 -1 4821 1.2963 0 FAT
1467 109 -1 4821 1.2963 0 FAT
1467 110 -1 4821 1.2963 0 FAT
1467 111 -1 7599 1.2994 0 FAT
1467 112 -1 7807 1.3017 0 FAT
1467 113 -1 7844 1.3012 0 FAT
1467 114 -1 7686 1.3021 0 FAT
1467 115 -1 8009 1.3060 0 FAT
1467 116 -1 7906 1.3025 0 FAT
1467 117 -1 7544 1.2976 0 FAT
1467 118 -1 7089 1.2969 0 FAT
1467 119 -1 7089 1.2969 0 FAT
1467 120 -1 7089 1.2969 0 FAT
1467 121 -1 6734 1.2924 0 FAT
1467 122 -1 7027 1.2897 0 FAT
1467 123 -1 6901 1.2884 0 FAT
1467 124 -1 6598 1.2897 0 FAT
1467 125 -1 7088 1.2966 0 FAT
1467 126 -1 7175 1.2972 0 FAT
1467 127 -1 7625 1.3016 0 FAT
1467 128 -1 7830 1.3041 0 FAT
1467 129 -1 7512 1.3003 0 FAT
1467 130 -1 7430 1.2966 0 FAT
1467 131 -1 7245 1.2936 0 FAT
1467 132 -1 6855 1.2902 0 FAT
1467 133 -1 6757 1.2883 0 FAT
1467 134 -1 6195 1.2872 0 FAT
1467 135 -1 6195 1.2872 0 FAT
1467 136 -1 6195 1.2872 0 FAT
1467 137 -1 6195 1.2872 0 FAT
1467 138 -1 6195 1.2872 0 FAT
1467 139 -1 6887 1.2869 0 FAT
1467 140 -1 6800 1.2846 0 FAT
1467 141 -1 6902 1.2884 0 FAT
1467 142 -1 5349 1.2859 0 FAT
1467 143 -1 5784 1.2909 0 FAT
1467 144 -1 5970 1.2934 0 FAT
1467 145 -1 5970 1.2934 0 FAT
1467 146 -1 6323 1.2954 0 FAT
1467 147 -1 6624 1.3004 0 FAT
1467 148 -1 6847 1.3030 0 FAT
1467 149 -1 6847 1.3030 0 FAT
1467 150 -1 6847 1.3030 0 FAT
1467 151 -1 7256 1.3056 0 FAT
1467 152 -1 7506 1.3087 0 FAT
1467 153 -1 7506 1.3087 0 FAT
1467 154 -1 7506 1.3087 0 FAT
1467 155 -1 7506 1.3087 0 FAT
1467 156 -1 7506 1.3087 0 FAT
1467 157 -1 7506 1.3087 0 FAT
1467 158 -1 7506 1.3087 0 FAT
1467 159 -1 7506 1.3087 0 FAT
1467 160 -1 7506 1.3087 0 FAT
1467 161 -1 7506 1.3087 0 FAT
1467 162 -1 7506 1.3087 0 FAT
1467 163 -1 7506 1.3087 0 FAT
1467 164 -1 7506 1.3087 0 FAT
1467 165 -1 7506 1.3087 0 FAT
1467 166 -1 8649 1.3115 0 FAT
1467 167 -1 8974 1.3146 0 FAT
1467 168 -1 9049 1.3155 0 FAT
1467 169 -1 9333 1.3161 0 FAT
1467 170 -1 9590 1.3189 0 FAT
1467 171 -1 9876 1.3218 0 FAT
1467 172 -1 10143 1.3240 0 FAT
1467 173 -1 10143 1.3240 0 FAT
1467 174 -1 9886 1.3215 0 FAT
1467 175 -1 10260 1.3227 0 FAT
1467 176 -1 10191 1.3226 0 FAT
1467 177 -1 10119 1.3218 0 FAT
1467 178 -1 10025 1.3241 0 FAT
1467 179 -1 10025 1.3241 0 FAT
1467 180 -1 10025 1.3241 0 FAT
1467 181 -1 9971 1.3234 0 FAT
1467 182 -1 10250 1.3225 0 FAT
1467 183 -1 10214 1.3230 0 FAT
1467 184 -1 10091 1.3216 0 FAT
1467 185 -1 10156 1.3232 0 FAT
1467 186 -1 10166 1.3232 0 FAT
1467 187 -1 9308 1.3208 0 FAT
1467 188 -1 9308 1.3208 0 FAT
1467 189 -1 9308 1.3208 0 FAT
1467 190 -1 9308 1.3208 0 FAT
1467 191 -1 9308 1.3208 0 FAT
1467 192 -1 9308 1.3208 0 FAT
1467 193 -1 9147 1.3189 0 FAT
1467 194 -1 8914 1.3178 0 FAT
1467 195 -1 8421 1.3147 0 FAT
1467 196 -1 8421 1.3147 0 FAT
1467 197 -1 8090 1.3111 0 FAT
1467 198 -1 7616 1.3077 0 FAT
1467 199 -1 7616 1.3077 0 FAT
1467 200 -1 7455 1.3059 0 FAT
1467 201 -1 7107 1.3005 0 FAT
1467 202 -1 6436 1.3004 0 FAT
1467 203 -1 6436 1.3004 0 FAT
1467 204 -1 6436 1.3004 0 FAT
1467 205 -1 6436 1.3004 0 FAT
1467 206 -1 7544 1.3000 0 FAT
1467 207 -1 7896 1.3037 0 FAT
1467 208 -1 7896 1.3037 0 FAT
1467 209 -1 7896 1.3037 0 FAT
1467 210 -1 8421 1.3063 0 FAT
1467 211 -1 8459 1.3082 0 FAT
1467 212 -1 8606 1.3104 0 FAT
1467 213 -1 8636 1.3095 0 FAT
1467 214 -1 8302 1.3073 0 FAT
1467 215 -1 8302 1.3073 0 FAT
1467 216 -1 7980 1.3037 0 FAT
1467 217 -1 7642 1.2996 0 FAT
1467 218 -1 7685 1.2973 0 FAT
1467 219 -1 7931 1.3009 0 FAT
1467 220 -1 8343 1.3049 0 FAT
1467 221 -1 8346 1.3052 0 FAT
1467 222 -1 8340 1.3037 0 FAT
1467 223 -1 6246 1.3039 0 FAT
1467 224 -1 6325 1.3058 0 FAT
1467 225 -1 6325 1.3058 0 FAT
1467 226 -1 6325 1.3058 0 FAT
1467 227 -1 6325 1.3058 0 FAT
1467 228 -1 6325 1.3058 0 FAT
1467 229 -1 6325 1.3058 0 FAT
1467 230 -1 6845 1.3072 0 FAT
1467 231 -1 7122 1.3110 0 FAT
1467 232 -1 7122 1.3110 0 FAT
1467 233 -1 7525 1.3147 0 FAT
1467 234 -1 7754 1.3173 0 FAT
1467 235 -1 7754 1.3173 0 FAT
1467 236 -1 8048 1.3185 0 FAT
1467 237 -1 8323 1.3219 0 FAT
1467 238 -1 8534 1.3235 0 FAT
1467 239 -1 8651 1.3247 0 FAT
1467 240 -1 8651 1.3247 0 FAT
1467 241 -1 8651 1.3247 0 FAT
1467 242 -1 8651 1.3247 0 FAT
1467 243 -1 8651 1.3247 0 FAT
1467 244 -1 8651 1.3247 0 FAT
1467 245 -1 8651 1.3247 0 FAT
1467 246 -1 8651 1.3247 0 FAT
1467 247 -1 8651 1.3247 0 FAT
1467 248 -1 8651 1.3247 0 FAT
1467 249 -1 8651 1.3247 0 FAT
1467 250 -1 8651 1.3247 0 FAT
1467 251 -1 8651 1.3247 0 FAT
1467 252 -1 8651 1.3247 0 FAT
1467 253 -1 8651 1.3247 0 FAT
1467 254 -1 8651 1.3247 0 FAT
1467 255 -1 8651 1.3247 0 FAT
1467 256 -1 8651 1.3247 0 FAT
1467 257 -1 8651 1.3247 0 FAT
1467 258 -1 8651 1.3247 0 FAT
1467 259 -1 8651 1.3247 0 FAT
1467 260 -1 8651 1.3247 0 FAT
1467 261 -1 8651 1.3247 0 FAT
1467 262 -1 8651 1.3247 0 FAT
1467 263 -1 8651 1.3247 0 FAT
1467 264 -1 8651 1.3247 0 FAT
1467 265 -1 8651 1.3247 0 FAT
1467 266 -1 8651 1.3247 0 FAT
1467 267 -1 8651 1.3247 0 FAT
1467 268 -1 8651 1.3247 0 FAT
1467 269 -1 8651 1.3247 0 FAT
1467 270 -1 8651 1.3247 0 FAT
1467 271 -1 8651 1.3247 0 FAT
1467 272 -1 8651 1.3247 0 FAT
1467 273 -1 8646 1.3246 0 FAT
1467 274 -1 8349 1.3214 0 FAT
1467 275 -1 8147 1.3206 0 FAT
1467 276 -1 7940 1.3181 0 FAT
1467 277 -1 7674 1.3147 0 FAT
1467 278 -1 7452 1.3144 0 FAT
1467 279 -1 7430 1.3142 0 FAT
1467 280 -1 7149 1.3104 0 FAT
1467 281 -1 6914 1.3078 0 FAT
1467 282 -1 6522 1.3061 0 FAT
1467 283 -1 6182 1.3058 0 FAT
1467 284 -1 6182 1.3058 0 FAT
1467 285 -1 6182 1.3058 0 FAT
1467 286 -1 6182 1.3058 0 FAT
1467 287 -1 6182 1.3058 0 FAT
1467 288 -1 6182 1.3058 0 FAT
1467 289 -1 6182 1.3058 0 FAT
1467 290 -1 6182 1.3058 0 FAT
1467 291 -1 6182 1.3058 0 FAT
1467 292 -1 6009 1.3033 0 FAT
1467 293 -1 5669 1.3001 0 FAT
1467 294 -1 5669 1.3001 0 FAT
1467 295 -1 5532 1.2981 0 FAT
1467 296 -1 5301 1.2950 0 FAT
1467 297 -1 5092 1.2908 0 FAT
1467 298 -1 4858 1.2909 0 FAT
1467 299 -1 4858 1.2909 0 FAT
1467 300 -1 4858 1.2909 0 FAT
1467 301 -1 4662 1.2882 0 FAT
1467 302 -1 4382 1.2842 0 FAT
1467 303 -1 4240 1.2805 0 FAT
1467 304 -1 3954 1.2763 2 FAT
1467 305 -1 3809 1.2764 2 FAT
1467 306 -1 3809 1.2764 2 FAT
1467 307 -1 3510 1.2768 2 FAT
1467 308 -1 3510 1.2768 2 FAT
1467 309 -1 3510 1.2768 2 FAT
1467 310 -1 3510 1.2768 2 FAT
1467 311 -1 3510 1.2768 2 FAT
1467 312 -1 3510 1.2768 2 FAT
1467 313 -1 3510 1.2768 2 FAT
1467 314 -1 3510 1.2768 2 FAT
1467 315 -1 3510 1.2768 2 FAT
1467 316 -1 3510 1.2768 2 FAT
1467 317 -1 3510 1.2768 2 FAT
1467 318 -1 3510 1.2768 2 FAT
1467 319 -1 3510 1.2768 2 FAT
1467 320 -1 3441 1.2750 2 FAT
1467 321 -1 3239 1.2714 2 FAT
1467 322 -1 3143 1.2714 2 FAT
1467 323 -1 3143 1.2714 2 FAT
1467 324 -1 3041 1.2699 2 FAT
1467 325 -1 2877 1.2647 2 FAT
1467 326 -1 2777 1.2637 2 FAT
1467 327 -1 2518 1.2535 2 FAT
1467 328 -1 2424 1.2535 2 FAT
1467 329 -1 2318 1.2533 2 FAT
1467 330 -1 2318 1.2533 2 FAT
1467 331 -1 2318 1.2533 2 FAT
1467 332 -1 2275 1.2508 2 FAT
1467 333 -1 2197 1.2507 2 FAT
1467 334 -1 1957 1.2394 2 FAT
1467 335 -1 1886 1.2395 2 FAT
1467 336 -1 1741 1.2311 2 FAT
1467 337 -1 1519 1.2212 2 FAT
1467 338 -1 1466 1.2212 2 FAT
1467 339 -1 1369 1.2211 2 FAT
1467 340 -1 1369 1.2211 2 FAT
1467 341 -1 1369 1.2211 2 FAT
1467 342 -1 1369 1.2211 2 FAT
1467 343 -1 1192 1.2208 2 FAT
1467 344 -1 1192 1.2208 2 FAT
1467 345 -1 1192 1.2208 2 FAT
1467 346 -1 1192 1.2208 2 FAT
1467 347 -1 1192 1.2208 2 FAT
1467 348 -1 1192 1.2208 2 FAT
1467 349 -1 1192 1.2208 2 FAT
1467 350 -1 1192 1.2208 2 FAT
1467 351 -1 1192 1.2208 2 FAT
1467 352 -1 1192 1.2208 2 FAT
1467 353 -1 1192 1.2208 2 FAT
1467 354 -1 1192 1.2208 2 FAT
1467 355 -1 1192 1.2208 2 FAT
1467 356 -1 1192 1.2208 2 FAT
1467 357 -1 1192 1.2208 2 FAT
1467 358 -1 1192 1.2208 2 FAT
1467 359 -1 1192 1.2208 2 FAT
1467 360 -1 1192 1.2208 2 FAT
1467 361 -1 1192 1.2208 2 FAT
1467 362 -1 870 1.2207 2 FAT
1467 363 -1 870 1.2207 2 FAT
1467 364 -1 870 1.2207 2 FAT
1467 365 -1 870 1.2207 2 FAT
1467 366 -1 870 1.2207 2 FAT
1467 367 -1 870 1.2207 2 FAT
1467 368 -1 870 1.2207 2 FAT
1467 369 -1 870 1.2207 2 FAT
1467 370 -1 870 1.2207 2 FAT
1467 371 -1 870 1.2207 2 FAT
1467 372 -1 870 1.2207 2 FAT
1467 373 -1 870 1.2207 2 FAT
1467 374 -1 870 1.2207 2 FAT
1467 375 -1 870 1.2207 2 FAT
1467 376 -1 870 1.2207 2 FAT
1467 377 -1 870 1.2207 2 FAT
1467 378 -1 870 1.2207 2 FAT
1467 379 -1 1455 1.2206 2 FAT
1467 380 -1 1455 1.2206 2 FAT
1467 381 -1 1455 1.2206 2 FAT
1467 382 -1 1455 1.2206 2 FAT
1467 383 -1 1455 1.2206 2 FAT
1467 384 -1 1455 1.2206 2 FAT
1467 385 -1 1455 1.2206 2 FAT
1467 386 -1 1455 1.2206 2 FAT
1467 387 -1 1455 1.2206 2 FAT
1467 388 -1 1455 1.2206 2 FAT
1467 389 -1 1455 1.2206 2 FAT
1467 390 -1 1455 1.2206 2 FAT
1467 391 -1 1455 1.2206 2 FAT
1467 392 -1 1455 1.2206 2 FAT
1467 393 -1 1455 1.2206 2 FAT
1467 394 -1 1455 1.2206 2 FAT
1467 395 -1 1718 1.2204 2 FAT
1467 396 -1 1718 1.2204 2 FAT
1467 397 -1 1718 1.2204 2 FAT
1467 398 -1 2033 1.2290 2 FAT
1467 399 -1 2288 1.2385 2 FAT
1467 400 -1 2288 1.2385 2 FAT
1467 401 -1 2639 1.2478 2 FAT
1467 402 -1 2813 1.2544 2 FAT
1467 403 -1 2899 1.2550 2 FAT
1467 404 -1 3031 1.2547 2 FAT
1467 405 -1 3109 1.2578 2 FAT
1467 406 -1 3109 1.2578 2 FAT
1467 407 -1 3109 1.2578 2 FAT
1467 408 -1 3109 1.2578 2 FAT
1467 409 -1 3109 1.2578 2 FAT
1467 410 -1 3109 1.2578 2 FAT
1467 411 -1 3607 1.2634 2 FAT
1467 412 -1 3891 1.2701 2 FAT
1467 413 -1 4012 1.2716 2 FAT
1467 414 -1 4012 1.2716 2 FAT
1467 415 -1 4405 1.2772 0 FAT
1467 416 -1 4666 1.2818 0 FAT
1467 417 -1 4798 1.2841 0 FAT
1467 418 -1 4976 1.2864 0 FAT
1467 419 -1 4976 1.2864 0 FAT
1467 420 -1 4976 1.2864 0 FAT
1467 421 -1 5456 1.2918 0 FAT
1467 422 -1 5456 1.2918 0 FAT
1467 423 -1 5456 1.2918 0 FAT
1467 424 -1 5456 1.2918 0 FAT
1467 425 -1 5456 1.2918 0 FAT
1467 426 -1 5456 1.2918 0 FAT
1467 427 -1 5456 1.2918 0 FAT
1467 428 -1 5456 1.2918 0 FAT
1467 429 -1 5456 1.2918 0 FAT
1467 430 -1 5981 1.2920 0 FAT
1467 431 -1 6299 1.2965 0 FAT
1467 432 -1 6640 1.3011 0 FAT
1467 433 -1 6911 1.3032 0 FAT
1467 434 -1 6977 1.3043 0 FAT
1467 435 -1 6977 1.3043 0 FAT
1467 436 -1 6977 1.3043 0 FAT
1467 437 -1 6977 1.3043 0 FAT
1467 438 -1 6977 1.3043 0 FAT
1467 439 -1 6977 1.3043 0 FAT
1467 440 -1 6977 1.3043 0 FAT
1467 441 -1 6977 1.3043 0 FAT
1467 442 -1 6977 1.3043 0 FAT
1467 443 -1 6977 1.3043 0 FAT
1467 444 -1 6642 1.2992 0 FAT
1467 445 -1 6408 1.2970 0 FAT
1467 446 -1 6095 1.2934 0 FAT
1467 447 -1 5871 1.2917 0 FAT
1467 448 -1 5355 1.2883 0 FAT
1467 449 -1 5355 1.2883 0 FAT
1467 450 -1 5355 1.2883 0 FAT
1467 451 -1 5355 1.2883 0 FAT
1467 452 -1 5272 1.2863 0 FAT
1467 453 -1 4986 1.2824 0 FAT
1467 454 -1 4778 1.2807 0 FAT
1467 455 -1 4552 1.2767 0 FAT
1467 456 -1 4223 1.2699 0 FAT
1467 457 -1 3957 1.2667 2 FAT
1467 458 -1 3957 1.2667 2 FAT
1467 459 -1 3664 1.2602 2 FAT
1467 460 -1 3381 1.2602 2 FAT
1467 461 -1 3381 1.2602 2 FAT
1467 462 -1 3381 1.2602 2 FAT
1467 463 -1 3381 1.2602 2 FAT
1467 464 -1 3381 1.2602 2 FAT
1467 465 -1 3381 1.2602 2 FAT
1467 466 -1 4265 1.2551 0 FAT
1467 467 -1 3759 1.2469 2 FAT
1467 468 -1 4216 1.2558 0 FAT
1467 469 -1 3618 1.2624 2 FAT
1467 470 -1 3732 1.2645 2 FAT
1467 471 -1 4002 1.2684 2 FAT
1467 472 -1 4002 1.2684 2 FAT
1467 473 -1 4002 1.2684 2 FAT
1467 474 -1 4495 1.2747 0 FAT
1467 475 -1 4705 1.2774 0 FAT
1467 476 -1 4705 1.2774 0 FAT
1467 477 -1 4705 1.2774 0 FAT
1467 478 -1 4705 1.2774 0 FAT
1467 479 -1 4705 1.2774 0 FAT
1467 480 -1 4705 1.2774 0 FAT
1467 481 -1 4705 1.2774 0 FAT
1467 482 -1 4705 1.2774 0 FAT
1467 483 -1 4705 1.2774 0 FAT
1467 484 -1 5314 1.2786 0 FAT
1467 485 -1 5674 1.2854 0 FAT
1467 486 -1 5905 1.2879 0 FAT
1467 487 -1 6034 1.2894 0 FAT
1467 488 -1 6034 1.2894 0 FAT
1467 489 -1 6413 1.2916 0 FAT
1467 490 -1 6390 1.2913 0 FAT
1467 491 -1 6438 1.2912 0 FAT
1467 492 -1 6334 1.2916 0 FAT
1467 493 -1 6547 1.2927 0 FAT
1467 494 -1 6589 1.2939 0 FAT
1467 495 -1 5917 1.2898 0 FAT
1467 496 -1 5917 1.2898 0 FAT
1467 497 -1 5917 1.2898 0 FAT
1467 498 -1 6363 1.2918 0 FAT
1467 499 -1 6651 1.2956 0 FAT
1467 500 -1 6876 1.2969 0 FAT
1467 501 -1 7113 1.2991 0 FAT
1467 502 -1 6911 1.2977 0 FAT
1467 503 -1 6608 1.2956 0 FAT
1467 504 -1 6591 1.2951 0 FAT
1467 505 -1 6252 1.2912 0 FAT
1467 506 -1 5823 1.2856 0 FAT
1467 507 -1 5676 1.2834 0 FAT
1467 508 -1 5269 1.2800 0 FAT
1467 509 -1 5269 1.2800 0 FAT
1467 510 -1 5233 1.2794 0 FAT
1467 511 -1 4919 1.2754 0 FAT
1467 512 -1 4621 1.2689 0 FAT
1467 513 -1 4037 1.2670 2 FAT
1467 514 -1 4037 1.2670 2 FAT
1467 515 -1 4767 1.2685 0 FAT
1467 516 -1 4880 1.2713 0 FAT
1467 517 -1 5232 1.2746 0 FAT
1467 518 -1 5458 1.2797 0 FAT
1467 519 -1 5458 1.2797 0 FAT
1467 520 -1 5458 1.2797 0 FAT
1467 521 -1 5458 1.2797 0 FAT
1467 522 -1 5744 1.2797 0 FAT
1467 523 -1 5569 1.2769 0 FAT
1467 524 -1 5624 1.2793 0 FAT
1467 525 -1 5885 1.2849 0 FAT
1467 526 -1 6086 1.2880 0 FAT
1467 527 -1 5845 1.2855 0 FAT
1467 528 -1 5821 1.2825 0 FAT
1467 529 -1 5910 1.2848 0 FAT
1467 530 -1 5837 1.2851 0 FAT
1467 531 -1 4274 1.2784 0 FAT
1467 532 -1 4274 1.2784 0 FAT
1467 533 -1 4274 1.2784 0 FAT
1467 534 -1 4274 1.2784 0 FAT
1467 535 -1 4274 1.2784 0 FAT
1467 536 -1 4274 1.2784 0 FAT
1467 537 -1 4274 1.2784 0 FAT
1467 538 -1 4274 1.2784 0 FAT
1467 539 -1 4274 1.2784 0 FAT
1467 540 -1 4274 1.2784 0 FAT
1467 541 -1 4274 1.2784 0 FAT
1467 542 -1 4274 1.2784 0 FAT
1467 543 -1 4274 1.2784 0 FAT
1467 544 -1 4274 1.2784 0 FAT
1467 545 -1 4274 1.2784 0 FAT
1467 546 -1 4274 1.2784 0 FAT
1467 547 -1 4274 1.2784 0 FAT
1467 548 -1 4274 1.2784 0 FAT
1467 549 -1 4274 1.2784 0 FAT
1467 550 -1 4274 1.2784 0 FAT
1467 551 -1 4274 1.2784 0 FAT
1467 552 -1 4274 1.2784 0 FAT
1467 553 -1 4274 1.2784 0 FAT
1467 554 -1 4274 1.2784 0 FAT
1467 555 -1 4274 1.2784 0 FAT
1467 556 -1 4274 1.2784 0 FAT
1467 557 -1 4274 1.2784 0 FAT
1467 558 -1 4274 1.2784 0 FAT
1467 559 -1 4274 1.2784 0 FAT
1467 560 -1 4274 1.2784 0 FAT
1467 561 -1 4274 1.2784 0 FAT
1467 562 -1 4274 1.2784 0 FAT
1467 563 -1 4274 1.2784 0 FAT
1467 564 -1 4076 1.2756 2 FAT
1467 565 -1 3767 1.2692 2 FAT
1467 566 -1 3510 1.2646 2 FAT
1467 567 -1 3205 1.2650 2 FAT
1467 568 -1 3205 1.2650 2 FAT
1467 569 -1 3205 1.2650 2 FAT
1467 570 -1 3205 1.2650 2 FAT
1467 571 -1 3205 1.2650 2 FAT
1467 572 -1 3205 1.2650 2 FAT
1467 573 -1 3205 1.2650 2 FAT
1467 574 -1 3205 1.2650 2 FAT
1467 575 -1 3205 1.2650 2 FAT
1467 576 -1 2995 1.2596 2 FAT
1467 577 -1 2861 1.2591 2 FAT
1467 578 -1 2861 1.2591 2 FAT
1467 579 -1 2727 1.2568 2 FAT
1467 580 -1 4029 1.2604 2 FAT
1467 581 -1 3968 1.2557 2 FAT
1467 582 -1 3911 1.2584 2 FAT
1467 583 -1 3713 1.2540 2 FAT
1467 584 -1 3621 1.2466 2 FAT
1467 585 -1 3278 1.2443 2 FAT
1467 586 -1 3278 1.2443 2 FAT
1467 587 -1 3278 1.2443 2 FAT
1467 588 -1 3278 1.2443 2 FAT
1467 589 -1 3033 1.2403 2 FAT
1467 590 -1 2830 1.2336 2 FAT
1467 591 -1 2498 1.2204 2 FAT
1467 592 -1 2014 1.2016 2 FAT
1467 593 -1 2014 1.2016 2 FAT
1467 594 -1 1522 1.1960 2 FAT
1467 595 -1 1522 1.1960 2 FAT
1467 596 -1 1522 1.1960 2 FAT
1467 597 -1 1885 1.1973 2 FAT
1467 598 -1 2037 1.2024 2 FAT
1467 599 -1 2037 1.2024 2 FAT
1467 600 -1 2037 1.2024 2 FAT
1467 601 -1 2037 1.2024 2 FAT
1467 602 -1 2357 1.2084 2 FAT
1467 603 -1 2527 1.2123 2 FAT
1467 604 -1 2946 1.2309 2 FAT
1467 605 -1 3341 1.2427 2 FAT
1467 606 -1 3394 1.2446 2 FAT
1467 607 -1 3621 1.2466 2 FAT
1467 608 -1 3502 1.2505 2 FAT
1467 609 -1 3742 1.2574 2 FAT
1467 610 -1 4038 1.2619 2 FAT
1467 611 -1 4038 1.2619 2 FAT
1467 612 -1 3860 1.2608 2 FAT
1467 613 -1 3781 1.2604 2 FAT
1467 614 -1 3347 1.2480 2 FAT
1467 615 -1 3066 1.2384 2 FAT
1467 616 -1 3193 1.2357 2 FAT
1467 617 -1 3193 1.2357 2 FAT
1467 618 -1 1607 1.2354 2 FAT
1467 619 -1 1764 1.2444 2 FAT
1467 620 -1 1856 1.2468 2 FAT
1467 621 -1 2001 1.2534 2 FAT
1467 622 -1 2001 1.2534 2 FAT
1467 623 -1 2001 1.2534 2 FAT
1467 624 -1 2072 1.2535 2 FAT
1467 625 -1 2235 1.2591 2 FAT
1467 626 -1 2379 1.2638 2 FAT
1467 627 -1 2379 1.2638 2 FAT
1467 628 -1 2379 1.2638 2 FAT
1467 629 -1 2379 1.2638 2 FAT
1467 630 -1 2379 1.2638 2 FAT
1467 631 -1 2379 1.2638 2 FAT
1467 632 -1 2379 1.2638 2 FAT
1467 633 -1 2379 1.2638 2 FAT
1467 634 -1 2379 1.2638 2 FAT
1467 635 -1 2379 1.2638 2 FAT
1467 636 -1 2379 1.2638 2 FAT
1467 637 -1 2379 1.2638 2 FAT
1467 638 -1 2379 1.2638 2 FAT
1467 639 -1 2379 1.2638 2 FAT
1467 640 -1 2379 1.2638 2 FAT
1467 641 -1 2379 1.2638 2 FAT
1467 642 -1 2379 1.2638 2 FAT
1467 643 -1 2379 1.2638 2 FAT
1467 644 -1 2379 1.2638 2 FAT
1467 645 -1 2379 1.2638 2 FAT
1467 646 -1 2379 1.2638 2 FAT
1467 647 -1 2669 1.2638 2 FAT
1467 648 -1 2669 1.2638 2 FAT
1467 649 -1 2669 1.2638 2 FAT
1467 650 -1 2669 1.2638 2 FAT
1467 651 -1 2669 1.2638 2 FAT
1467 652 -1 2813 1.2639 2 FAT
1467 653 -1 2919 1.2639 2 FAT
1467 654 -1 3157 1.2718 2 FAT
1467 655 -1 3241 1.2720 2 FAT
1467 656 -1 3457 1.2776 2 FAT
1467 657 -1 3527 1.2797 2 FAT
1467 658 -1 3527 1.2797 2 FAT
1467 659 -1 3628 1.2797 2 FAT
1467 660 -1 3803 1.2829 2 FAT
1467 661 -1 4009 1.2873 2 FAT
1467 662 -1 4036 1.2878 2 FAT
1467 663 -1 4258 1.2902 0 FAT
1467 664 -1 4417 1.2928 0 FAT
1467 665 -1 4472 1.2941 0 FAT
1467 666 -1 4472 1.2941 0 FAT
1467 667 -1 4472 1.2941 0 FAT
1467 668 -1 4472 1.2941 0 FAT
1467 669 -1 4472 1.2941 0 FAT
1467 670 -1 4472 1.2941 0 FAT
1467 671 -1 4472 1.2941 0 FAT
1467 672 -1 4472 1.2941 0 FAT
1467 673 -1 4472 1.2941 0 FAT
1467 674 -1 4734 1.2941 0 FAT
1467 675 -1 4855 1.2940 0 FAT
1467 676 -1 5084 1.2974 0 FAT
1467 677 -1 5312 1.3009 0 FAT
1467 678 -1 5387 1.3008 0 FAT
1467 679 -1 5627 1.3045 0 FAT
1467 680 -1 5820 1.3065 0 FAT
1467 681 -1 5928 1.3085 0 FAT
1467 682 -1 5928 1.3085 0 FAT
1467 683 -1 5928 1.3085 0 FAT
1467 684 -1 5928 1.3085 0 FAT
1467 685 -1 6188 1.3085 0 FAT
1467 686 -1 6437 1.3118 0 FAT
1467 687 -1 6661 1.3138 0 FAT
1467 688 -1 6780 1.3159 0 FAT
1467 689 -1 6780 1.3159 0 FAT
1467 690 -1 7065 1.3176 0 FAT
1467 691 -1 7243 1.3199 0 FAT
1467 692 -1 7487 1.3221 0 FAT
1467 693 -1 7739 1.3247 0 FAT
1467 694 -1 7739 1.3247 0 FAT
1467 695 -1 7739 1.3247 0 FAT
1467 696 -1 7739 1.3247 0 FAT
1467 697 -1 7739 1.3247 0 FAT
1467 698 -1 7739 1.3247 0 FAT
1467 699 -1 7739 1.3247 0 FAT
1467 700 -1 7739 1.3247 0 FAT
1467 701 -1 7739 1.3247 0 FAT
1467 702 -1 7739 1.3247 0 FAT
1467 703 -1 7739 1.3247 0 FAT
1467 704 -1 7739 1.3247 0 FAT
1467 705 -1 7739 1.3247 0 FAT
1467 706 -1 7739 1.3247 0 FAT
1467 707 -1 7739 1.3247 0 FAT
1467 708 -1 7739 1.3247 0 FAT
1467 709 -1 7739 1.3247 0 FAT
1467 710 -1 7739 1.3247 0 FAT
1467 711 -1 7739 1.3247 0 FAT
1467 712 -1 7739 1.3247 0 FAT
1467 713 -1 7739 1.3247 0 FAT
1467 714 -1 7739 1.3247 0 FAT
1467 715 -1 7739 1.3247 0 FAT
1467 716 -1 7739 1.3247 0 FAT
1467 717 -1 7739 1.3247 0 FAT
1467 718 -1 7739 1.3247 0 FAT
1467 719 -1 7739 1.3247 0 FAT
1467 720 -1 7739 1.3247 0 FAT
1467 721 -1 7739 1.3247 0 FAT
1467 722 -1 7739 1.3247 0 FAT
1467 723 -1 7739 1.3247 0 FAT
1467 724 -1 7739 1.3247 0 FAT
1467 725 -1 7739 1.3247 0 FAT
1467 726 -1 7739 1.3247 0 FAT
1467 727 -1 7739 1.3247 0 FAT
1467 728 -1 7739 1.3247 0 FAT
1467 729 -1 7739 1.3247 0 FAT
1467 730 -1 7739 1.3247 0 FAT
1467 731 -1 7739 1.3247 0 FAT
1467 732 -1 7739 1.3247 0 FAT
1467 733 -1 7739 1.3247 0 FAT
1467 734 -1 7739 1.3247 0 FAT
1467 735 -1 7739 1.3247 0 FAT
1467 736 -1 7739 1.3247 0 FAT
1467 737 -1 7739 1.3247 0 FAT
1467 738 -1 7739 1.3247 0 FAT
1467 739 -1 7739 1.3247 0 FAT
1467 740 -1 7739 1.3247 0 FAT
1467 741 -1 7739 1.3247 0 FAT
1467 742 -1 7739 1.3247 0 FAT
1467 743 -1 7739 1.3247 0 FAT
1467 744 -1 7739 1.3247 0 FAT
1467 745 -1 7739 1.3247 0 FAT
1467 746 -1 7739 1.3247 0 FAT
1467 747 -1 7739 1.3247 0 FAT
1467 748 -1 7739 1.3247 0 FAT
1467 749 -1 7739 1.3247 0 FAT
1467 750 -1 7739 1.3247 0 FAT
1467 751 -1 7739 1.3247 0 FAT
1467 752 -1 7739 1.3247 0 FAT
1467 753 -1 7739 1.3247 0 FAT
1467 754 -1 7739 1.3247 0 FAT
1467 755 -1 7739 1.3247 0 FAT
1467 756 -1 7739 1.3247 0 FAT
1467 757 -1 7739 1.3247 0 FAT
1467 758 -1 7705 1.3241 0 FAT
1467 759 -1 7446 1.3215 0 FAT
1467 760 -1 7206 1.3199 0 FAT
1467 761 -1 7152 1.3189 0 FAT
1467 762 -1 6937 1.3171 0 FAT
1467 763 -1 6713 1.3137 0 FAT
1467 764 -1 6337 1.3130 0 FAT
1467 765 -1 6337 1.3130 0 FAT
1467 766 -1 6337 1.3130 0 FAT
1467 767 -1 6337 1.3130 0 FAT
1467 768 -1 6274 1.3122 0 FAT
1467 769 -1 6105 1.3104 0 FAT
1467 770 -1 5873 1.3067 0 FAT
1467 771 -1 5664 1.3057 0 FAT
1467 772 -1 5664 1.3057 0 FAT
1467 773 -1 5473 1.3025 0 FAT
1467 774 -1 5319 1.3012 0 FAT
1467 775 -1 5125 1.2977 0 FAT
1467 776 -1 4825 1.2942 0 FAT
1467 777 -1 4734 1.2941 0 FAT
1467 778 -1 4582 1.2940 0 FAT
1467 779 -1 4328 1.2940 0 FAT
1467 780 -1 4328 1.2940 0 FAT
1467 781 -1 4328 1.2940 0 FAT
1467 782 -1 4328 1.2940 0 FAT
1467 783 -1 4328 1.2940 0 FAT
1467 784 -1 4328 1.2940 0 FAT
1467 785 -1 4328 1.2940 0 FAT
1467 786 -1 4328 1.2940 0 FAT
1467 787 -1 4328 1.2940 0 FAT
1467 788 -1 4328 1.2940 0 FAT
1467 789 -1 4328 1.2940 0 FAT
1467 790 -1 4328 1.2940 0 FAT
1467 791 -1 4328 1.2940 0 FAT
1467 792 -1 4328 1.2940 0 FAT
1467 793 -1 4217 1.2919 0 FAT
1467 794 -1 4011 1.2884 2 FAT
1467 795 -1 3950 1.2883 2 FAT
1467 796 -1 3874 1.2869 2 FAT
1467 797 -1 3671 1.2830 2 FAT
1467 798 -1 3557 1.2797 2 FAT
1467 799 -1 3379 1.2757 2 FAT
1467 800 -1 3183 1.2747 2 FAT
1467 801 -1 3069 1.2745 2 FAT
1467 802 -1 3069 1.2745 2 FAT
1467 803 -1 3069 1.2745 2 FAT
1467 804 -1 3069 1.2745 2 FAT
1467 805 -1 3069 1.2745 2 FAT
1467 806 -1 3069 1.2745 2 FAT
1467 807 -1 3002 1.2716 2 FAT
1467 808 -1 2934 1.2719 2 FAT
1467 809 -1 2738 1.2663 2 FAT
1467 810 -1 2549 1.2623 2 FAT
1467 811 -1 2489 1.2624 2 FAT
1467 812 -1 2489 1.2624 2 FAT
1467 813 -1 2466 1.2611 2 FAT
1467 814 -1 2300 1.2563 2 FAT
1467 815 -1 2187 1.2545 2 FAT
1467 816 -1 2117 1.2523 2 FAT
1467 817 -1 1975 1.2467 2 FAT
1467 818 -1 1767 1.2367 2 FAT
1467 819 -1 1701 1.2365 2 FAT
1467 820 -1 1640 1.2364 2 FAT
1467 821 -1 1640 1.2364 2 FAT
1467 822 -1 1547 1.2364 2 FAT
1467 823 -1 1547 1.2364 2 FAT
1467 824 -1 1547 1.2364 2 FAT
1467 825 -1 1547 1.2364 2 FAT
1467 826 -1 1405 1.2366 2 FAT
1467 827 -1 1405 1.2366 2 FAT
1467 828 -1 1405 1.2366 2 FAT
1467 829 -1 1405 1.2366 2 FAT
1467 830 -1 1405 1.2366 2 FAT
1467 831 -1 1405 1.2366 2 FAT
1467 832 -1 1405 1.2366 2 FAT
1467 833 -1 1405 1.2366 2 FAT
1467 834 -1 1405 1.2366 2 FAT
1467 835 -1 1405 1.2366 2 FAT
1467 836 -1 1405 1.2366 2 FAT
1467 837 -1 1188 1.2367 2 FAT
1467 838 -1 1188 1.2367 2 FAT
1467 839 -1 1188 1.2367 2 FAT
1467 840 -1 1188 1.2367 2 FAT
1467 841 -1 1188 1.2367 2 FAT
1467 842 -1 1188 1.2367 2 FAT
1467 843 -1 1188 1.2367 2 FAT
1467 844 -1 1188 1.2367 2 FAT
1467 845 -1 1188 1.2367 2 FAT
1467 846 -1 1188 1.2367 2 FAT
1467 847 -1 1188 1.2367 2 FAT
1467 848 -1 1188 1.2367 2 FAT
1467 849 -1 1188 1.2367 2 FAT
1467 850 -1 1188 1.2367 2 FAT
1467 851 -1 1188 1.2367 2 FAT
1467 852 -1 1188 1.2367 2 FAT
1467 853 -1 1188 1.2367 2 FAT
1467 854 -1 1188 1.2367 2 FAT
1467 855 -1 1188 1.2367 2 FAT
1467 856 -1 1188 1.2367 2 FAT
1467 857 -1 1188 1.2367 2 FAT
1467 858 -1 1188 1.2367 2 FAT
1467 859 -1 1188 1.2367 2 FAT
1467 860 -1 1188 1.2367 2 FAT
1467 861 -1 1188 1.2367 2 FAT
1467 862 -1 1188 1.2367 2 FAT
1467 863 -1 1188 1.2367 2 FAT
1467 864 -1 1188 1.2367 2 FAT
1467 865 -1 1188 1.2367 2 FAT
1467 866 -1 1188 1.2367 2 FAT
1467 867 -1 1188 1.2367 2 FAT
1467 868 -1 1188 1.2367 2 FAT
1467 869 -1 1188 1.2367 2 FAT
1467 870 -1 1188 1.2367 2 FAT
1467 871 -1 1188 1.2367 2 FAT
1467 872 -1 1188 1.2367 2 FAT
1467 873 -1 1188 1.2367 2 FAT
1467 874 -1 1188 1.2367 2 FAT
1467 875 -1 1188 1.2367 2 FAT
1467 876 -1 1188 1.2367 2 FAT
1467 877 -1 1188 1.2367 2 FAT
1467 878 -1 1188 1.2367 2 FAT
1467 879 -1 1188 1.2367 2 FAT
1467 880 -1 1188 1.2367 2 FAT
1467 881 -1 1188 1.2367 2 FAT
1467 882 -1 1188 1.2367 2 FAT
1467 883 -1 1188 1.2367 2 FAT
1467 884 -1 1188 1.2367 2 FAT
1467 885 -1 1188 1.2367 2 FAT
1467 886 -1 1188 1.2367 2 FAT
1467 887 -1 1188 1.2367 2 FAT
1467 888 -1 1094 1.2300 2 FAT
1467 889 -1 993 1.2242 2 FAT
1467 890 -1 942 1.2241 2 FAT
1467 891 -1 942 1.2241 2 FAT
1467 892 -1 942 1.2241 2 FAT
1467 893 -1 881 1.2179 2 FAT
1467 894 -1 807 1.2149 2 FAT
1467 895 -1 792 1.2143 2 FAT
1467 896 -1 721 1.2080 2 FAT
1467 897 -1 589 1.1904 2 FAT
1467 898 -1 557 1.1912 2 FAT
1467 899 -1 557 1.1912 2 FAT
1467 900 -1 530 1.1907 2 FAT
1467 901 -1 530 1.1907 2 FAT
1467 902 -1 530 1.1907 2 FAT
1467 903 -1 492 1.1903 2 FAT
1467 904 -1 492 1.1903 2 FAT
1467 905 -1 492 1.1903 2 FAT
1467 906 -1 492 1.1903 2 FAT
1467 907 -1 492 1.1903 2 FAT
1467 908 -1 492 1.1903 2 FAT
1467 909 -1 492 1.1903 2 FAT
1467 910 -1 438 1.1903 2 FAT
1467 911 -1 438 1.1903 2 FAT
1467 912 -1 438 1.1903 2 FAT
1467 913 -1 438 1.1903 2 FAT
1467 914 -1 438 1.1903 2 FAT
1467 915 -1 438 1.1903 2 FAT
1467 916 -1 438 1.1903 2 FAT
1467 917 -1 438 1.1903 2 FAT
1467 918 -1 438 1.1903 2 FAT
1467 919 -1 438 1.1903 2 FAT
1467 920 -1 438 1.1903 2 FAT
1467 921 -1 438 1.1903 2 FAT
1467 922 -1 438 1.1903 2 FAT
1467 923 -1 438 1.1903 2 FAT
1467 924 -1 438 1.1903 2 FAT
1467 925 -1 438 1.1903 2 FAT
1467 926 -1 438 1.1903 2 FAT
1467 927 -1 438 1.1903 2 FAT
1467 928 -1 438 1.1903 2 FAT
1467 929 -1 438 1.1903 2 FAT
1467 930 -1 438 1.1903 2 FAT
1467 931 -1 390 1.1820 2 FAT
1467 932 -1 302 1.1615 2 FAT
1467 933 -1 281 1.1589 2 FAT
1467 934 -1 270 1.1597 2 FAT
1467 935 -1 255 1.1612 2 FAT
1467 936 -1 255 1.1612 2 FAT
1467 937 -1 255 1.1612 2 FAT
1467 938 -1 255 1.1612 2 FAT
1467 939 -1 234 1.1621 2 FAT
1467 940 -1 234 1.1621 2 FAT
1467 941 -1 234 1.1621 2 FAT
1467 942 -1 234 1.1621 2 FAT
1467 943 -1 234 1.1621 2 FAT
1467 944 -1 234 1.1621 2 FAT
1467 945 -1 234 1.1621 2 FAT
1467 946 -1 234 1.1621 2 FAT
1467 947 -1 234 1.1621 2 FAT
1467 948 -1 178 1.1474 2 FAT
1467 949 -1 162 1.1421 2 FAT
1467 950 -1 162 1.1421 2 FAT
1467 951 -1 151 1.1422 2 FAT
1467 952 -1 151 1.1422 2 FAT
1467 953 -1 151 1.1422 2 FAT
1467 954 -1 151 1.1422 2 FAT
1467 955 -1 120 1.1256 2 FAT
1467 956 -1 108 1.1190 2 FAT
1467 957 -1 108 1.1190 2 FAT
1467 958 -1 90 1.1144 2 FAT
1467 959 -1 77 1.1108 2 FAT
1467 960 -1 347 1.1125 2 FAT
1467 961 -1 175 1.0468 2 FAT
1467 962 -1 265 1.0779 2 FAT
1467 963 -1 156 1.0447 2 FAT
1467 964 -1 156 1.0447 2 FAT
1467 965 -1 135 1.0428 2 FAT
1467 966 -1 135 1.0428 2 FAT
1467 967 -1 135 1.0428 2 FAT
1467 968 -1 135 1.0428 2 FAT
1467 969 -1 135 1.0428 2 FAT
1467 970 -1 135 1.0428 2 FAT
1467 971 -1 112 1.0410 2 FAT
1467 972 -1 112 1.0410 2 FAT
1467 973 -1 112 1.0410 2 FAT
1467 974 -1 112 1.0410 2 FAT
1467 975 -1 112 1.0410 2 FAT
1467 976 -1 112 1.0410 2 FAT
1467 977 -1 112 1.0410 2 FAT
1467 978 -1 112 1.0410 2 FAT
1467 979 -1 112 1.0410 2 FAT
1467 980 -1 112 1.0410 2 FAT
1467 981 -1 112 1.0410 2 FAT
1467 982 -1 112 1.0410 2 FAT
1467 983 -1 112 1.0410 2 FAT
1467 984 -1 112 1.0410 2 FAT
1467 985 -1 175 1.0468 2 FAT
1467 986 -1 87 1.0394 2 FAT
1467 987 -1 87 1.0394 2 FAT
1467 988 -1 87 1.0394 2 FAT
1467 989 -1 87 1.0394 2 FAT
1467 990 -1 87 1.0394 2 FAT
1467 991 -1 87 1.0394 2 FAT
1467 992 -1 87 1.0394 2 FAT
1467 993 -1 87 1.0394 2 FAT
1467 994 -1 87 1.0394 2 FAT
1467 995 -1 87 1.0394 2 FAT
1467 996 -1 87 1.0394 2 FAT
1467 997 -1 87 1.0394 2 FAT
1467 998 -1 87 1.0394 2 FAT
1467 999 -1 87 1.0394 2 FAT
1467 1000 -1 87 1.0394 2 FAT
1467 1001 -1 87 1.0394 2 FAT
1467 1002 -1 87 1.0394 2 FAT
1467 1003 -1 87 1.0394 2 FAT
1467 1004 -1 87 1.0394 2 FAT
1467 1005 -1 87 1.0394 2 FAT
1467 1006 -1 87 1.0394 2 FAT
1467 1007 -1 87 1.0394 2 FAT
1467 1008 -1 87 1.0394 2 FAT
1467 1009 -1 87 1.0394 2 FAT
1467 1010 -1 87 1.0394 2 FAT
1467 1011 -1 87 1.0394 2 FAT
1467 1012 -1 87 1.0394 2 FAT
1467 1013 -1 87 1.0394 2 FAT
1467 1014 -1 87 1.0394 2 FAT
1467 1015 -1 87 1.0394 2 FAT
1467 1016 -1 87 1.0394 2 FAT
1467 1017 -1 87 1.0394 2 FAT
1467 1018 -1 265 1.0779 2 FAT
1467 1019 -1 135 1.0428 2 FAT
1467 1020 -1 135 1.0428 2 FAT
1467 1021 -1 135 1.0428 2 FAT
1467 1022 -1 135 1.0428 2 FAT
1467 1023 -1 135 1.0428 2 FAT
1467 1024 -1 272 1.0815 2 FAT
1467 1025 -1 175 1.0468 2 FAT
1467 1026 -1 60 1.0379 2 FAT
1467 1027 -1 60 1.0379 2 FAT
1467 1028 -1 60 1.0379 2 FAT
1467 1029 -1 60 1.0379 2 FAT
1467 1030 -1 60 1.0379 2 FAT
1467 1031 -1 60 1.0379 2 FAT
1467 1032 -1 60 1.0379 2 FAT
1467 1033 -1 60 1.0379 2 FAT
1467 1034 -1 60 1.0379 2 FAT
1467 1035 -1 60 1.0379 2 FAT
1467 1036 -1 60 1.0379 2 FAT
1467 1037 -1 60 1.0379 2 FAT
1467 1038 -1 60 1.0379 2 FAT
1467 1039 -1 60 1.0379 2 FAT
1467 1040 -1 60 1.0379 2 FAT
1467 1041 -1 60 1.0379 2 FAT
1467 1042 -1 60 1.0379 2 FAT
1467 1043 -1 60 1.0379 2 FAT
1467 1044 -1 60 1.0379 2 FAT
1467 1045 -1 60 1.0379 2 FAT
1467 1046 -1 60 1.0379 2 FAT
1467 1047 -1 60 1.0379 2 FAT
1467 1048 -1 60 1.0379 2 FAT
1467 1049 -1 60 1.0379 2 FAT
1467 1050 -1 60 1.0379 2 FAT
1467 1051 -1 60 1.0379 2 FAT
1467 1052 -1 60 1.0379 2 FAT
1467 1053 -1 60 1.0379 2 FAT
1467 1054 -1 60 1.0379 2 FAT
1467 1055 -1 60 1.0379 2 FAT
1467 1056 -1 60 1.0379 2 FAT
1467 1057 -1 60 1.0379 2 FAT
1467 1058 -1 60 1.0379 2 FAT
1467 1059 -1 60 1.0379 2 FAT
1467 1060 -1 60 1.0379 2 FAT
1467 1061 -1 60 1.0379 2 FAT
1467 1062 -1 60 1.0379 2 FAT
1467 1063 -1 60 1.0379 2 FAT
1467 1064 -1 60 1.0379 2 FAT
1467 1065 -1 60 1.0379 2 FAT
1467 1066 -1 60 1.0379 2 FAT
1467 1067 -1 60 1.0379 2 FAT
1467 1068 -1 60 1.0379 2 FAT
1467 1069 -1 60 1.0379 2 FAT
1467 1070 -1 60 1.0379 2 FAT
1467 1071 -1 60 1.0379 2 FAT
1467 1072 -1 60 1.0379 2 FAT
1467 1073 -1 60 1.0379 2 FAT
1467 1074 -1 60 1.0379 2 FAT
1467 1075 -1 60 1.0379 2 FAT
1467 1076 -1 60 1.0379 2 FAT
1467 1077 -1 60 1.0379 2 FAT
1467 1078 -1 60 1.0379 2 FAT
1467 1079 -1 60 1.0379 2 FAT
1467 1080 -1 60 1.0379 2 FAT
1467 1081 -1 60 1.0379 2 FAT
1467 1082 -1 60 1.0379 2 FAT
1467 1083 -1 60 1.0379 2 FAT
1467 1084 -1 60 1.0379 2 FAT
1467 1085 -1 60 1.0379 2 FAT
1467 1086 -1 60 1.0379 2 FAT
1467 1087 -1 60 1.0379 2 FAT
1467 1088 -1 60 1.0379 2 FAT
1467 1089 -1 60 1.0379 2 FAT
1467 1090 -1 60 1.0379 2 FAT
1467 1091 -1 60 1.0379 2 FAT
1467 1092 -1 60 1.0379 2 FAT
1467 1093 -1 60 1.0379 2 FAT
1467 1094 -1 60 1.0379 2 FAT
1467 1095 -1 60 1.0379 2 FAT
1467 1096 -1 60 1.0379 2 FAT
1467 1097 -1 60 1.0379 2 FAT
1467 1098 -1 60 1.0379 2 FAT
1467 1099 -1 60 1.0379 2 FAT
1467 1100 -1 60 1.0379 2 FAT
1467 1101 -1 60 1.0379 2 FAT
1467 1102 -1 60 1.0379 2 FAT
1467 1103 -1 60 1.0379 2 FAT
1467 1104 -1 60 1.0379 2 FAT
1467 1105 -1 60 1.0379 2 FAT
1467 1106 -1 60 1.0379 2 FAT
1467 1107 -1 60 1.0379 2 FAT
1467 1108 -1 175 1.0468 2 FAT
1467 1109 -1 272 1.0815 2 FAT
1467 1110 -1 135 1.0428 2 FAT
1467 1111 -1 135 1.0428 2 FAT
1467 1112 -1 135 1.0428 2 FAT
1467 1113 -1 135 1.0428 2 FAT
1467 1114 -1 135 1.0428 2 FAT
1467 1115 -1 265 1.0779 2 FAT
1467 1116 -1 87 1.0394 2 FAT
1467 1117 -1 87 1.0394 2 FAT
1467 1118 -1 87 1.0394 2 FAT
1467 1119 -1 87 1.0394 2 FAT
1467 1120 -1 87 1.0394 2 FAT
1467 1121 -1 87 1.0394 2 FAT
1467 1122 -1 87 1.0394 2 FAT
1467 1123 -1 87 1.0394 2 FAT
1467 1124 -1 87 1.0394 2 FAT
1467 1125 -1 87 1.0394 2 FAT
1467 1126 -1 87 1.0394 2 FAT
1467 1127 -1 87 1.0394 2 FAT
1467 1128 -1 87 1.0394 2 FAT
1467 1129 -1 87 1.0394 2 FAT
1467 1130 -1 87 1.0394 2 FAT
1467 1131 -1 87 1.0394 2 FAT
1467 1132 -1 87 1.0394 2 FAT
1467 1133 -1 87 1.0394 2 FAT
1467 1134 -1 87 1.0394 2 FAT
1467 1135 -1 87 1.0394 2 FAT
1467 1136 -1 87 1.0394 2 FAT
1467 1137 -1 87 1.0394 2 FAT
1467 1138 -1 87 1.0394 2 FAT
1467 1139 -1 87 1.0394 2 FAT
1467 1140 -1 87 1.0394 2 FAT
1467 1141 -1 87 1.0394 2 FAT
1467 1142 -1 87 1.0394 2 FAT
1467 1143 -1 87 1.0394 2 FAT
1467 1144 -1 87 1.0394 2 FAT
1467 1145 -1 87 1.0394 2 FAT
1467 1146 -1 87 1.0394 2 FAT
1467 1147 -1 87 1.0394 2 FAT
1467 1148 -1 175 1.0468 2 FAT
1467 1149 -1 112 1.0410 2 FAT
1467 1150 -1 112 1.0410 2 FAT
1467 1151 -1 112 1.0410 2 FAT
1467 1152 -1 112 1.0410 2 FAT
1467 1153 -1 112 1.0410 2 FAT
1467 1154 -1 112 1.0410 2 FAT
1467 1155 -1 112 1.0410 2 FAT
1467 1156 -1 112 1.0410 2 FAT
1467 1157 -1 112 1.0410 2 FAT
1467 1158 -1 112 1.0410 2 FAT
1467 1159 -1 112 1.0410 2 FAT
1467 1160 -1 112 1.0410 2 FAT
1467 1161 -1 112 1.0410 2 FAT
1467 1162 -1 112 1.0410 2 FAT
1467 1163 -1 135 1.0428 2 FAT
1467 1164 -1 135 1.0428 2 FAT
1467 1165 -1 135 1.0428 2 FAT
1467 1166 -1 135 1.0428 2 FAT
1467 1167 -1 135 1.0428 2 FAT
1467 1168 -1 135 1.0428 2 FAT
1467 1169 -1 156 1.0447 2 FAT
1467 1170 -1 156 1.0447 2 FAT
1467 1171 -1 265 1.0779 2 FAT
1467 1172 -1 175 1.0468 2 FAT
1467 1173 -1 347 1.1125 2 FAT
1467 1174 -1 77 1.1108 2 FAT
1467 1175 -1 90 1.1144 2 FAT
1467 1176 -1 108 1.1190 2 FAT
1467 1177 -1 108 1.1190 2 FAT
1467 1178 -1 120 1.1256 2 FAT
1467 1179 -1 151 1.1422 2 FAT
1467 1180 -1 151 1.1422 2 FAT
1467 1181 -1 151 1.1422 2 FAT
1467 1182 -1 151 1.1422 2 FAT
1467 1183 -1 162 1.1421 2 FAT
1467 1184 -1 162 1.1421 2 FAT
1467 1185 -1 178 1.1474 2 FAT
1467 1186 -1 234 1.1621 2 FAT
1467 1187 -1 234 1.1621 2 FAT
1467 1188 -1 234 1.1621 2 FAT
1467 1189 -1 234 1.1621 2 FAT
1467 1190 -1 234 1.1621 2 FAT
1467 1191 -1 234 1.1621 2 FAT
1467 1192 -1 234 1.1621 2 FAT
1467 1193 -1 234 1.1621 2 FAT
1467 1194 -1 234 1.1621 2 FAT
1467 1195 -1 255 1.1612 2 FAT
1467 1196 -1 255 1.1612 2 FAT
1467 1197 -1 255 1.1612 2 FAT
1467 1198 -1 255 1.1612 2 FAT
1467 1199 -1 270 1.1597 2 FAT
1467 1200 -1 281 1.1589 2 FAT
1467 1201 -1 302 1.1615 2 FAT
1467 1202 -1 390 1.1820 2 FAT
1467 1203 -1 438 1.1903 2 FAT
1467 1204 -1 438 1.1903 2 FAT
1467 1205 -1 438 1.1903 2 FAT
1467 1206 -1 438 1.1903 2 FAT
1467 1207 -1 438 1.1903 2 FAT
1467 1208 -1 438 1.1903 2 FAT
1467 1209 -1 438 1.1903 2 FAT
1467 1210 -1 438 1.1903 2 FAT
1467 1211 -1 438 1.1903 2 FAT
1467 1212 -1 438 1.1903 2 FAT
1467 1213 -1 438 1.1903 2 FAT
1467 1214 -1 438 1.1903 2 FAT
1467 1215 -1 438 1.1903 2 FAT
1467 1216 -1 438 1.1903 2 FAT
1467 1217 -1 438 1.1903 2 FAT
1467 1218 -1 438 1.1903 2 FAT
1467 1219 -1 438 1.1903 2 FAT
1467 1220 -1 438 1.1903 2 FAT
1467 1221 -1 438 1.1903 2 FAT
1467 1222 -1 438 1.1903 2 FAT
1467 1223 -1 438 1.1903 2 FAT
1467 1224 -1 492 1.1903 2 FAT
1467 1225 -1 492 1.1903 2 FAT
1467 1226 -1 492 1.1903 2 FAT
1467 1227 -1 492 1.1903 2 FAT
1467 1228 -1 492 1.1903 2 FAT
1467 1229 -1 492 1.1903 2 FAT
1467 1230 -1 492 1.1903 2 FAT
1467 1231 -1 530 1.1907 2 FAT
1467 1232 -1 530 1.1907 2 FAT
1467 1233 -1 530 1.1907 2 FAT
1467 1234 -1 557 1.1912 2 FAT
1467 1235 -1 557 1.1912 2 FAT
1467 1236 -1 589 1.1904 2 FAT
1467 1237 -1 721 1.2080 2 FAT
1467 1238 -1 792 1.2143 2 FAT
1467 1239 -1 807 1.2149 2 FAT
1467 1240 -1 881 1.2179 2 FAT
1467 1241 -1 942 1.2241 2 FAT
1467 1242 -1 942 1.2241 2 FAT
1467 1243 -1 942 1.2241 2 FAT
1467 1244 -1 993 1.2242 2 FAT
1467 1245 -1 1094 1.2300 2 FAT
1467 1246 -1 1188 1.2367 2 FAT
1467 1247 -1 1188 1.2367 2 FAT
1467 1248 -1 1188 1.2367 2 FAT
1467 1249 -1 1188 1.2367 2 FAT
1467 1250 -1 1188 1.2367 2 FAT
1467 1251 -1 1188 1.2367 2 FAT
1467 1252 -1 1188 1.2367 2 FAT
1467 1253 -1 1188 1.2367 2 FAT
1467 1254 -1 1188 1.2367 2 FAT
1467 1255 -1 1188 1.2367 2 FAT
1467 1256 -1 1188 1.2367 2 FAT
1467 1257 -1 1188 1.2367 2 FAT
1467 1258 -1 1188 1.2367 2 FAT
1467 1259 -1 1188 1.2367 2 FAT
1467 1260 -1 1188 1.2367 2 FAT
1467 1261 -1 1188 1.2367 2 FAT
1467 1262 -1 1188 1.2367 2 FAT
1467 1263 -1 1188 1.2367 2 FAT
1467 1264 -1 1188 1.2367 2 FAT
1467 1265 -1 1188 1.2367 2 FAT
1467 1266 -1 1188 1.2367 2 FAT
1467 1267 -1 1188 1.2367 2 FAT
1467 1268 -1 1188 1.2367 2 FAT
1467 1269 -1 1188 1.2367 2 FAT
1467 1270 -1 1188 1.2367 2 FAT
1467 1271 -1 1188 1.2367 2 FAT
1467 1272 -1 1188 1.2367 2 FAT
1467 1273 -1 1188 1.2367 2 FAT
1467 1274 -1 1188 1.2367 2 FAT
1467 1275 -1 1188 1.2367 2 FAT
1467 1276 -1 1188 1.2367 2 FAT
1467 1277 -1 1188 1.2367 2 FAT
1467 1278 -1 1188 1.2367 2 FAT
1467 1279 -1 1188 1.2367 2 FAT
1467 1280 -1 1188 1.2367 2 FAT
1467 1281 -1 1188 1.2367 2 FAT
1467 1282 -1 1188 1.2367 2 FAT
1467 1283 -1 1188 1.2367 2 FAT
1467 1284 -1 1188 1.2367 2 FAT
1467 1285 -1 1188 1.2367 2 FAT
1467 1286 -1 1188 1.2367 2 FAT
1467 1287 -1 1188 1.2367 2 FAT
1467 1288 -1 1188 1.2367 2 FAT
1467 1289 -1 1188 1.2367 2 FAT
1467 1290 -1 1188 1.2367 2 FAT
1467 1291 -1 1188 1.2367 2 FAT
1467 1292 -1 1188 1.2367 2 FAT
1467 1293 -1 1188 1.2367 2 FAT
1467 1294 -1 1188 1.2367 2 FAT
1467 1295 -1 1188 1.2367 2 FAT
1467 1296 -1 1188 1.2367 2 FAT
1467 1297 -1 1405 1.2366 2 FAT
1467 1298 -1 1405 1.2366 2 FAT
1467 1299 -1 1405 1.2366 2 FAT
1467 1300 -1 1405 1.2366 2 FAT
1467 1301 -1 1405 1.2366 2 FAT
1467 1302 -1 1405 1.2366 2 FAT
1467 1303 -1 1405 1.2366 2 FAT
1467 1304 -1 1405 1.2366 2 FAT
1467 1305 -1 1405 1.2366 2 FAT
1467 1306 -1 1405 1.2366 2 FAT
1467 1307 -1 1405 1.2366 2 FAT
1467 1308 -1 1547 1.2364 2 FAT
1467 1309 -1 1547 1.2364 2 FAT
1467 1310 -1 1547 1.2364 2 FAT
1467 1311 -1 1547 1.2364 2 FAT
1467 1312 -1 1640 1.2364 2 FAT
1467 1313 -1 1640 1.2364 2 FAT
1467 1314 -1 1701 1.2365 2 FAT
1467 1315 -1 1767 1.2367 2 FAT
1467 1316 -1 1975 1.2467 2 FAT
1467 1317 -1 2117 1.2523 2 FAT
1467 1318 -1 2187 1.2545 2 FAT
1467 1319 -1 2300 1.2563 2 FAT
1467 1320 -1 2466 1.2611 2 FAT
1467 1321 -1 2489 1.2624 2 FAT
1467 1322 -1 2489 1.2624 2 FAT
1467 1323 -1 2549 1.2623 2 FAT
1467 1324 -1 2738 1.2663 2 FAT
1467 1325 -1 2934 1.2719 2 FAT
1467 1326 -1 3002 1.2716 2 FAT
1467 1327 -1 3069 1.2745 2 FAT
1467 1328 -1 3069 1.2745 2 FAT
1467 1329 -1 3069 1.2745 2 FAT
1467 1330 -1 3069 1.2745 2 FAT
1467 1331 -1 3069 1.2745 2 FAT
1467 1332 -1 3069 1.2745 2 FAT
1467 1333 -1 3183 1.2747 2 FAT
1467 1334 -1 3379 1.2757 2 FAT
1467 1335 -1 3557 1.2797 2 FAT
1467 1336 -1 3671 1.2830 2 FAT
1467 1337 -1 3874 1.2869 2 FAT
1467 1338 -1 3950 1.2883 2 FAT
1467 1339 -1 4011 1.2884 2 FAT
1467 1340 -1 4217 1.2919 0 FAT
1467 1341 -1 4328 1.2940 0 FAT
1467 1342 -1 4328 1.2940 0 FAT
1467 1343 -1 4328 1.2940 0 FAT
1467 1344 -1 4328 1.2940 0 FAT
1467 1345 -1 4328 1.2940 0 FAT
1467 1346 -1 4328 1.2940 0 FAT
1467 1347 -1 4328 1.2940 0 FAT
1467 1348 -1 4328 1.2940 0 FAT
1467 1349 -1 4328 1.2940 0 FAT
1467 1350 -1 4328 1.2940 0 FAT
1467 1351 -1 4328 1.2940 0 FAT
1467 1352 -1 4328 1.2940 0 FAT
1467 1353 -1 4328 1.2940 0 FAT
1467 1354 -1 4328 1.2940 0 FAT
1467 1355 -1 4582 1.2940 0 FAT
1467 1356 -1 4734 1.2941 0 FAT
1467 1357 -1 4825 1.2942 0 FAT
1467 1358 -1 5125 1.2977 0 FAT
1467 1359 -1 5319 1.3012 0 FAT
1467 1360 -1 5473 1.3025 0 FAT
1467 1361 -1 5664 1.3057 0 FAT
1467 1362 -1 5664 1.3057 0 FAT
1467 1363 -1 5873 1.3067 0 FAT
1467 1364 -1 6105 1.3104 0 FAT
1467 1365 -1 6274 1.3122 0 FAT
1467 1366 -1 6337 1.3130 0 FAT
1467 1367 -1 6337 1.3130 0 FAT
1467 1368 -1 6337 1.3130 0 FAT
1467 1369 -1 6337 1.3130 0 FAT
1467 1370 -1 6713 1.3137 0 FAT
1467 1371 -1 6937 1.3171 0 FAT
1467 1372 -1 7152 1.3189 0 FAT
1467 1373 -1 7206 1.3199 0 FAT
1467 1374 -1 7446 1.3215 0 FAT
1467 1375 -1 7705 1.3241 0 FAT
1467 1376 -1 7739 1.3247 0 FAT
1467 1377 -1 7739 1.3247 0 FAT
1467 1378 -1 7739 1.3247 0 FAT
1467 1379 -1 7739 1.3247 0 FAT
1467 1380 -1 7739 1.3247 0 FAT
1467 1381 -1 7739 1.3247 0 FAT
1467 1382 -1 7739 1.3247 0 FAT
1467 1383 -1 7739 1.3247 0 FAT
1467 1384 -1 7739 1.3247 0 FAT
1467 1385 -1 7739 1.3247 0 FAT
1467 1386 -1 7739 1.3247 0 FAT
1467 1387 -1 7739 1.3247 0 FAT
1467 1388 -1 7739 1.3247 0 FAT
1467 1389 -1 7739 1.3247 0 FAT
1467 1390 -1 7739 1.3247 0 FAT
1467 1391 -1 7739 1.3247 0 FAT
1467 1392 -1 7739 1.3247 0 FAT
1467 1393 -1 7739 1.3247 0 FAT
1467 1394 -1 7739 1.3247 0 FAT
1467 1395 -1 7739 1.3247 0 FAT
1467 1396 -1 7739 1.3247 0 FAT
1467 1397 -1 7739 1.3247 0 FAT
1467 1398 -1 7739 1.3247 0 FAT
1467 1399 -1 7739 1.3247 0 FAT
1467 1400 -1 7739 1.3247 0 FAT
1467 1401 -1 7739 1.3247 0 FAT
1467 1402 -1 7739 1.3247 0 FAT
1467 1403 -1 7739 1.3247 0 FAT
1467 1404 -1 7739 1.3247 0 FAT
1467 1405 -1 7739 1.3247 0 FAT
1467 1406 -1 7739 1.3247 0 FAT
1467 1407 -1 7739 1.3247 0 FAT
1467 1408 -1 7739 1.3247 0 FAT
1467 1409 -1 7739 1.3247 0 FAT
1467 1410 -1 7739 1.3247 0 FAT
1467 1411 -1 7739 1.3247 0 FAT
1467 1412 -1 7739 1.3247 0 FAT
1467 1413 -1 7739 1.3247 0 FAT
1467 1414 -1 7739 1.3247 0 FAT
1467 1415 -1 7739 1.3247 0 FAT
1467 1416 -1 7739 1.3247 0 FAT
1467 1417 -1 7739 1.3247 0 FAT
1467 1418 -1 7739 1.3247 0 FAT
1467 1419 -1 7739 1.3247 0 FAT
1467 1420 -1 7739 1.3247 0 FAT
1467 1421 -1 7739 1.3247 0 FAT
1467 1422 -1 7739 1.3247 0 FAT
1467 1423 -1 7739 1.3247 0 FAT
1467 1424 -1 7739 1.3247 0 FAT
1467 1425 -1 7739 1.3247 0 FAT
1467 1426 -1 7739 1.3247 0 FAT
1467 1427 -1 7739 1.3247 0 FAT
1467 1428 -1 7739 1.3247 0 FAT
1467 1429 -1 7739 1.3247 0 FAT
1467 1430 -1 7739 1.3247 0 FAT
1467 1431 -1 7739 1.3247 0 FAT
1467 1432 -1 7739 1.3247 0 FAT
1467 1433 -1 7739 1.3247 0 FAT
1467 1434 -1 7739 1.3247 0 FAT
1467 1435 -1 7739 1.3247 0 FAT
1467 1436 -1 7739 1.3247 0 FAT
1467 1437 -1 7739 1.3247 0 FAT
1467 1438 -1 7739 1.3247 0 FAT
1467 1439 -1 7739 1.3247 0 FAT
1467 1440 -1 7739 1.3247 0 FAT
1467 1441 -1 7487 1.3221 0 FAT
1467 1442 -1 7243 1.3199 0 FAT
1467 1443 -1 7065 1.3176 0 FAT
1467 1444 -1 6780 1.3159 0 FAT
1467 1445 -1 6780 1.3159 0 FAT
1467 1446 -1 6661 1.3138 0 FAT
1467 1447 -1 6437 1.3118 0 FAT
1467 1448 -1 6188 1.3085 0 FAT
1467 1449 -1 5928 1.3085 0 FAT
1467 1450 -1 5928 1.3085 0 FAT
1467 1451 -1 5928 1.3085 0 FAT
1467 1452 -1 5928 1.3085 0 FAT
1467 1453 -1 5820 1.3065 0 FAT
1467 1454 -1 5627 1.3045 0 FAT
1467 1455 -1 5387 1.3008 0 FAT
1467 1456 -1 5312 1.3009 0 FAT
1467 1457 -1 5084 1.2974 0 FAT
1467 1458 -1 4855 1.2940 0 FAT
1467 1459 -1 4734 1.2941 0 FAT
1467 1460 -1 4472 1.2941 0 FAT
1467 1461 -1 4472 1.2941 0 FAT
1467 1462 -1 4472 1.2941 0 FAT
1467 1463 -1 4472 1.2941 0 FAT
1467 1464 -1 4472 1.2941 0 FAT
1467 1465 -1 4472 1.2941 0 FAT
1467 1466 -1 4472 1.2941 0 FAT
1467 1467 -1 4472 1.2941 0 FAT
1467 1468 -1 4472 1.2941 0 FAT
1467 1469 -1 4417 1.2928 0 FAT
1467 1470 -1 4258 1.2902 0 FAT
1467 1471 -1 4036 1.2878 2 FAT
1467 1472 -1 4009 1.2873 2 FAT
1467 1473 -1 3803 1.2829 2 FAT
1467 1474 -1 3628 1.2797 2 FAT
1467 1475 -1 3527 1.2797 2 FAT
1467 1476 -1 3527 1.2797 2 FAT
1467 1477 -1 3457 1.2776 2 FAT
1467 1478 -1 3241 1.2720 2 FAT
1467 1479 -1 3157 1.2718 2 FAT
1467 1480 -1 2919 1.2639 2 FAT
1467 1481 -1 2813 1.2639 2 FAT
1467 1482 -1 2669 1.2638 2 FAT
1467 1483 -1 2669 1.2638 2 FAT
1467 1484 -1 2669 1.2638 2 FAT
1467 1485 -1 2669 1.2638 2 FAT
1467 1486 -1 2669 1.2638 2 FAT
1467 1487 -1 2379 1.2638 2 FAT
1467 1488 -1 2379 1.2638 2 FAT
1467 1489 -1 2379 1.2638 2 FAT
1467 1490 -1 2379 1.2638 2 FAT
1467 1491 -1 2379 1.2638 2 FAT
1467 1492 -1 2379 1.2638 2 FAT
1467 1493 -1 2379 1.2638 2 FAT
1467 1494 -1 2379 1.2638 2 FAT
1467 1495 -1 2379 1.2638 2 FAT
1467 1496 -1 2379 1.2638 2 FAT
1467 1497 -1 2379 1.2638 2 FAT
1467 1498 -1 2379 1.2638 2 FAT
1467 1499 -1 2379 1.2638 2 FAT
1467 1500 -1 2379 1.2638 2 FAT
1467 1501 -1 2379 1.2638 2 FAT
1467 1502 -1 2379 1.2638 2 FAT
1467 1503 -1 2379 1.2638 2 FAT
1467 1504 -1 2379 1.2638 2 FAT
1467 1505 -1 2379 1.2638 2 FAT
1467 1506 -1 2379 1.2638 2 FAT
1467 1507 -1 2379 1.2638 2 FAT
1467 1508 -1 2235 1.2591 2 FAT
1467 1509 -1 2072 1.2535 2 FAT
1467 1510 -1 2001 1.2534 2 FAT
1467 1511 -1 2001 1.2534 2 FAT
1467 1512 -1 2001 1.2534 2 FAT
1467 1513 -1 1856 1.2468 2 FAT
1467 1514 -1 1764 1.2444 2 FAT
1467 1515 -1 1607 1.2354 2 FAT
1467 1516 -1 3193 1.2357 2 FAT
1467 1517 -1 3193 1.2357 2 FAT
1467 1518 -1 3066 1.2384 2 FAT
1467 1519 -1 3347 1.2480 2 FAT
1467 1520 -1 3781 1.2604 2 FAT
1467 1521 -1 3860 1.2608 2 FAT
1467 1522 -1 4038 1.2619 2 FAT
1467 1523 -1 4038 1.2619 2 FAT
1467 1524 -1 3742 1.2574 2 FAT
1467 1525 -1 3502 1.2505 2 FAT
1467 1526 -1 3621 1.2466 2 FAT
1467 1527 -1 3394 1.2446 2 FAT
1467 1528 -1 3341 1.2427 2 FAT
1467 1529 -1 2946 1.2309 2 FAT
1467 1530 -1 2527 1.2123 2 FAT
1467 1531 -1 2357 1.2084 2 FAT
1467 1532 -1 2037 1.2024 2 FAT
1467 1533 -1 2037 1.2024 2 FAT
1467 1534 -1 2037 1.2024 2 FAT
1467 1535 -1 2037 1.2024 2 FAT
1467 1536 -1 1885 1.1973 2 FAT
1467 1537 -1 1522 1.1960 2 FAT
1467 1538 -1 1522 1.1960 2 FAT
1467 1539 -1 1522 1.1960 2 FAT
1467 1540 -1 2014 1.2016 2 FAT
1467 1541 -1 2014 1.2016 2 FAT
1467 1542 -1 2498 1.2204 2 FAT
1467 1543 -1 2830 1.2336 2 FAT
1467 1544 -1 3033 1.2403 2 FAT
1467 1545 -1 3278 1.2443 2 FAT
1467 1546 -1 3278 1.2443 2 FAT
1467 1547 -1 3278 1.2443 2 FAT
1467 1548 -1 3278 1.2443 2 FAT
1467 1549 -1 3621 1.2466 2 FAT
1467 1550 -1 3713 1.2540 2 FAT
1467 1551 -1 3911 1.2584 2 FAT
1467 1552 -1 3968 1.2557 2 FAT
1467 1553 -1 4029 1.2604 2 FAT
1467 1554 -1 2727 1.2568 2 FAT
1467 1555 -1 2861 1.2591 2 FAT
1467 1556 -1 2861 1.2591 2 FAT
1467 1557 -1 2995 1.2596 2 FAT
1467 1558 -1 3205 1.2650 2 FAT
1467 1559 -1 3205 1.2650 2 FAT
1467 1560 -1 3205 1.2650 2 FAT
1467 1561 -1 3205 1.2650 2 FAT
1467 1562 -1 3205 1.2650 2 FAT
1467 1563 -1 3205 1.2650 2 FAT
1467 1564 -1 3205 1.2650 2 FAT
1467 1565 -1 3205 1.2650 2 FAT
1467 1566 -1 3205 1.2650 2 FAT
1467 1567 -1 3510 1.2646 2 FAT
1467 1568 -1 3767 1.2692 2 FAT
1467 1569 -1 4076 1.2756 2 FAT
1467 1570 -1 4274 1.2784 0 FAT
1467 1571 -1 4274 1.2784 0 FAT
1467 1572 -1 4274 1.2784 0 FAT
1467 1573 -1 4274 1.2784 0 FAT
1467 1574 -1 4274 1.2784 0 FAT
1467 1575 -1 4274 1.2784 0 FAT
1467 1576 -1 4274 1.2784 0 FAT
1467 1577 -1 4274 1.2784 0 FAT
1467 1578 -1 4274 1.2784 0 FAT
1467 1579 -1 4274 1.2784 0 FAT
1467 1580 -1 4274 1.2784 0 FAT
1467 1581 -1 4274 1.2784 0 FAT
1467 1582 -1 4274 1.2784 0 FAT
1467 1583 -1 4274 1.2784 0 FAT
1467 1584 -1 4274 1.2784 0 FAT
1467 1585 -1 4274 1.2784 0 FAT
1467 1586 -1 4274 1.2784 0 FAT
1467 1587 -1 4274 1.2784 0 FAT
1467 1588 -1 4274 1.2784 0 FAT
1467 1589 -1 4274 1.2784 0 FAT
1467 1590 -1 4274 1.2784 0 FAT
1467 1591 -1 4274 1.2784 0 FAT
1467 1592 -1 4274 1.2784 0 FAT
1467 1593 -1 4274 1.2784 0 FAT
1467 1594 -1 4274 1.2784 0 FAT
1467 1595 -1 4274 1.2784 0 FAT
1467 1596 -1 4274 1.2784 0 FAT
1467 1597 -1 4274 1.2784 0 FAT
1467 1598 -1 4274 1.2784 0 FAT
1467 1599 -1 4274 1.2784 0 FAT
1467 1600 -1 4274 1.2784 0 FAT
1467 1601 -1 4274 1.2784 0 FAT
1467 1602 -1 4274 1.2784 0 FAT
1467 1603 -1 5837 1.2851 0 FAT
1467 1604 -1 5910 1.2848 0 FAT
1467 1605 -1 5821 1.2825 0 FAT
1467 1606 -1 5845 1.2855 0 FAT
1467 1607 -1 6086 1.2880 0 FAT
1467 1608 -1 5885 1.2849 0 FAT
1467 1609 -1 5624 1.2793 0 FAT
1467 1610 -1 5569 1.2769 0 FAT
1467 1611 -1 5744 1.2797 0 FAT
1467 1612 -1 5458 1.2797 0 FAT
1467 1613 -1 5458 1.2797 0 FAT
1467 1614 -1 5458 1.2797 0 FAT
1467 1615 -1 5458 1.2797 0 FAT
1467 1616 -1 5232 1.2746 0 FAT
1467 1617 -1 4880 1.2713 0 FAT
1467 1618 -1 4767 1.2685 0 FAT
1467 1619 -1 4037 1.2670 2 FAT
1467 1620 -1 4037 1.2670 2 FAT
1467 1621 -1 4621 1.2689 0 FAT
1467 1622 -1 4919 1.2754 0 FAT
1467 1623 -1 5233 1.2794 0 FAT
1467 1624 -1 5269 1.2800 0 FAT
1467 1625 -1 5269 1.2800 0 FAT
1467 1626 -1 5676 1.2834 0 FAT
1467 1627 -1 5823 1.2856 0 FAT
1467 1628 -1 6252 1.2912 0 FAT
1467 1629 -1 6591 1.2951 0 FAT
1467 1630 -1 6608 1.2956 0 FAT
1467 1631 -1 6911 1.2977 0 FAT
1467 1632 -1 7113 1.2991 0 FAT
1467 1633 -1 6876 1.2969 0 FAT
1467 1634 -1 6651 1.2956 0 FAT
1467 1635 -1 6363 1.2918 0 FAT
1467 1636 -1 5917 1.2898 0 FAT
1467 1637 -1 5917 1.2898 0 FAT
1467 1638 -1 5917 1.2898 0 FAT
1467 1639 -1 6589 1.2939 0 FAT
1467 1640 -1 6547 1.2927 0 FAT
1467 1641 -1 6334 1.2916 0 FAT
1467 1642 -1 6438 1.2912 0 FAT
1467 1643 -1 6390 1.2913 0 FAT
1467 1644 -1 6413 1.2916 0 FAT
1467 1645 -1 6034 1.2894 0 FAT
1467 1646 -1 6034 1.2894 0 FAT
1467 1647 -1 5905 1.2879 0 FAT
1467 1648 -1 5674 1.2854 0 FAT
1467 1649 -1 5314 1.2786 0 FAT
1467 1650 -1 4705 1.2774 0 FAT
1467 1651 -1 4705 1.2774 0 FAT
1467 1652 -1 4705 1.2774 0 FAT
1467 1653 -1 4705 1.2774 0 FAT
1467 1654 -1 4705 1.2774 0 FAT
1467 1655 -1 4705 1.2774 0 FAT
1467 1656 -1 4705 1.2774 0 FAT
1467 1657 -1 4705 1.2774 0 FAT
1467 1658 -1 4705 1.2774 0 FAT
1467 1659 -1 4495 1.2747 0 FAT
1467 1660 -1 4002 1.2684 2 FAT
1467 1661 -1 4002 1.2684 2 FAT
1467 1662 -1 4002 1.2684 2 FAT
1467 1663 -1 3732 1.2645 2 FAT
1467 1664 -1 3618 1.2624 2 FAT
1467 1665 -1 4216 1.2558 0 FAT
1467 1666 -1 3759 1.2469 2 FAT
1467 1667 -1 4265 1.2551 0 FAT
1467 1668 -1 3381 1.2602 2 FAT
1467 1669 -1 3381 1.2602 2 FAT
1467 1670 -1 3381 1.2602 2 FAT
1467 1671 -1 3381 1.2602 2 FAT
1467 1672 -1 3381 1.2602 2 FAT
1467 1673 -1 3381 1.2602 2 FAT
1467 1674 -1 3664 1.2602 2 FAT
1467 1675 -1 3957 1.2667 2 FAT
1467 1676 -1 3957 1.2667 2 FAT
1467 1677 -1 4223 1.2699 0 FAT
1467 1678 -1 4552 1.2767 0 FAT
1467 1679 -1 4778 1.2807 0 FAT
1467 1680 -1 4986 1.2824 0 FAT
1467 1681 -1 5272 1.2863 0 FAT
1467 1682 -1 5355 1.2883 0 FAT
1467 1683 -1 5355 1.2883 0 FAT
1467 1684 -1 5355 1.2883 0 FAT
1467 1685 -1 5355 1.2883 0 FAT
1467 1686 -1 5871 1.2917 0 FAT
1467 1687 -1 6095 1.2934 0 FAT
1467 1688 -1 6408 1.2970 0 FAT
1467 1689 -1 6642 1.2992 0 FAT
1467 1690 -1 6977 1.3043 0 FAT
1467 1691 -1 6977 1.3043 0 FAT
1467 1692 -1 6977 1.3043 0 FAT
1467 1693 -1 6977 1.3043 0 FAT
1467 1694 -1 6977 1.3043 0 FAT
1467 1695 -1 6977 1.3043 0 FAT
1467 1696 -1 6977 1.3043 0 FAT
1467 1697 -1 6977 1.3043 0 FAT
1467 1698 -1 6977 1.3043 0 FAT
1467 1699 -1 6977 1.3043 0 FAT
1467 1700 -1 6911 1.3032 0 FAT
1467 1701 -1 6640 1.3011 0 FAT
1467 1702 -1 6299 1.2965 0 FAT
1467 1703 -1 5981 1.2920 0 FAT
1467 1704 -1 5456 1.2918 0 FAT
1467 1705 -1 5456 1.2918 0 FAT
1467 1706 -1 5456 1.2918 0 FAT
1467 1707 -1 5456 1.2918 0 FAT
1467 1708 -1 5456 1.2918 0 FAT
1467 1709 -1 5456 1.2918 0 FAT
1467 1710 -1 5456 1.2918 0 FAT
1467 1711 -1 5456 1.2918 0 FAT
1467 1712 -1 5456 1.2918 0 FAT
1467 1713 -1 4976 1.2864 0 FAT
1467 1714 -1 4976 1.2864 0 FAT
1467 1715 -1 4976 1.2864 0 FAT
1467 1716 -1 4798 1.2841 0 FAT
1467 1717 -1 4666 1.2818 0 FAT
1467 1718 -1 4405 1.2772 0 FAT
1467 1719 -1 4012 1.2716 2 FAT
1467 1720 -1 4012 1.2716 2 FAT
1467 1721 -1 3891 1.2701 2 FAT
1467 1722 -1 3607 1.2634 2 FAT
1467 1723 -1 3109 1.2578 2 FAT
1467 1724 -1 3109 1.2578 2 FAT
1467 1725 -1 3109 1.2578 2 FAT
1467 1726 -1 3109 1.2578 2 FAT
1467 1727 -1 3109 1.2578 2 FAT
1467 1728 -1 3109 1.2578 2 FAT
1467 1729 -1 3031 1.2547 2 FAT
1467 1730 -1 2899 1.2550 2 FAT
1467 1731 -1 2813 1.2544 2 FAT
1467 1732 -1 2639 1.2478 2 FAT
1467 1733 -1 2288 1.2385 2 FAT
1467 1734 -1 2288 1.2385 2 FAT
1467 1735 -1 2033 1.2290 2 FAT
1467 1736 -1 1718 1.2204 2 FAT
1467 1737 -1 1718 1.2204 2 FAT
1467 1738 -1 1718 1.2204 2 FAT
1467 1739 -1 1455 1.2206 2 FAT
1467 1740 -1 1455 1.2206 2 FAT
1467 1741 -1 1455 1.2206 2 FAT
1467 1742 -1 1455 1.2206 2 FAT
1467 1743 -1 1455 1.2206 2 FAT
1467 1744 -1 1455 1.2206 2 FAT
1467 1745 -1 1455 1.2206 2 FAT
1467 1746 -1 1455 1.2206 2 FAT
1467 1747 -1 1455 1.2206 2 FAT
1467 1748 -1 1455 1.2206 2 FAT
1467 1749 -1 1455 1.2206 2 FAT
1467 1750 -1 1455 1.2206 2 FAT
1467 1751 -1 1455 1.2206 2 FAT
1467 1752 -1 1455 1.2206 2 FAT
1467 1753 -1 1455 1.2206 2 FAT
1467 1754 -1 1455 1.2206 2 FAT
1467 1755 -1 870 1.2207 2 FAT
1467 1756 -1 870 1.2207 2 FAT
1467 1757 -1 870 1.2207 2 FAT
1467 1758 -1 870 1.2207 2 FAT
1467 1759 -1 870 1.2207 2 FAT
1467 1760 -1 870 1.2207 2 FAT
1467 1761 -1 870 1.2207 2 FAT
1467 1762 -1 870 1.2207 2 FAT
1467 1763 -1 870 1.2207 2 FAT
1467 1764 -1 870 1.2207 2 FAT
1467 1765 -1 870 1.2207 2 FAT
1467 1766 -1 870 1.2207 2 FAT
1467 1767 -1 870 1.2207 2 FAT
1467 1768 -1 870 1.2207 2 FAT
1467 1769 -1 870 1.2207 2 FAT
1467 1770 -1 870 1.2207 2 FAT
1467 1771 -1 870 1.2207 2 FAT
1467 1772 -1 1192 1.2208 2 FAT
1467 1773 -1 1192 1.2208 2 FAT
1467 1774 -1 1192 1.2208 2 FAT
1467 1775 -1 1192 1.2208 2 FAT
1467 1776 -1 1192 1.2208 2 FAT
1467 1777 -1 1192 1.2208 2 FAT
1467 1778 -1 1192 1.2208 2 FAT
1467 1779 -1 1192 1.2208 2 FAT
1467 1780 -1 1192 1.2208 2 FAT
1467 1781 -1 1192 1.2208 2 FAT
1467 1782 -1 1192 1.2208 2 FAT
1467 1783 -1 1192 1.2208 2 FAT
1467 1784 -1 1192 1.2208 2 FAT
1467 1785 -1 1192 1.2208 2 FAT
1467 1786 -1 1192 1.2208 2 FAT
1467 1787 -1 1192 1.2208 2 FAT
1467 1788 -1 1192 1.2208 2 FAT
1467 1789 -1 1192 1.2208 2 FAT
1467 1790 -1 1192 1.2208 2 FAT
1467 1791 -1 1369 1.2211 2 FAT
1467 1792 -1 1369 1.2211 2 FAT
1467 1793 -1 1369 1.2211 2 FAT
1467 1794 -1 1369 1.2211 2 FAT
1467 1795 -1 1466 1.2212 2 FAT
1467 1796 -1 1519 1.2212 2 FAT
1467 1797 -1 1741 1.2311 2 FAT
1467 1798 -1 1886 1.2395 2 FAT
1467 1799 -1 1957 1.2394 2 FAT
1467 1800 -1 2197 1.2507 2 FAT
1467 1801 -1 2275 1.2508 2 FAT
1467 1802 -1 2318 1.2533 2 FAT
1467 1803 -1 2318 1.2533 2 FAT
1467 1804 -1 2318 1.2533 2 FAT
1467 1805 -1 2424 1.2535 2 FAT
1467 1806 -1 2518 1.2535 2 FAT
1467 1807 -1 2777 1.2637 2 FAT
1467 1808 -1 2877 1.2647 2 FAT
1467 1809 -1 3041 1.2699 2 FAT
1467 1810 -1 3143 1.2714 2 FAT
1467 1811 -1 3143 1.2714 2 FAT
1467 1812 -1 3239 1.2714 2 FAT
1467 1813 -1 3441 1.2750 2 FAT
1467 1814 -1 3510 1.2768 2 FAT
1467 1815 -1 3510 1.2768 2 FAT
1467 1816 -1 3510 1.2768 2 FAT
1467 1817 -1 3510 1.2768 2 FAT
1467 1818 -1 3510 1.2768 2 FAT
1467 1819 -1 3510 1.2768 2 FAT
1467 1820 -1 3510 1.2768 2 FAT
1467 1821 -1 3510 1.2768 2 FAT
1467 1822 -1 3510 1.2768 2 FAT
1467 1823 -1 3510 1.2768 2 FAT
1467 1824 -1 3510 1.2768 2 FAT
1467 1825 -1 3510 1.2768 2 FAT
1467 1826 -1 3510 1.2768 2 FAT
1467 1827 -1 3809 1.2764 2 FAT
1467 1828 -1 3809 1.2764 2 FAT
1467 1829 -1 3954 1.2763 2 FAT
1467 1830 -1 4240 1.2805 0 FAT
1467 1831 -1 4382 1.2842 0 FAT
1467 1832 -1 4662 1.2882 0 FAT
1467 1833 -1 4858 1.2909 0 FAT
1467 1834 -1 4858 1.2909 0 FAT
1467 1835 -1 4858 1.2909 0 FAT
1467 1836 -1 5092 1.2908 0 FAT
1467 1837 -1 5301 1.2950 0 FAT
1467 1838 -1 5532 1.2981 0 FAT
1467 1839 -1 5669 1.3001 0 FAT
1467 1840 -1 5669 1.3001 0 FAT
1467 1841 -1 6009 1.3033 0 FAT
1467 1842 -1 6182 1.3058 0 FAT
1467 1843 -1 6182 1.3058 0 FAT
1467 1844 -1 6182 1.3058 0 FAT
1467 1845 -1 6182 1.3058 0 FAT
1467 1846 -1 6182 1.3058 0 FAT
1467 1847 -1 6182 1.3058 0 FAT
1467 1848 -1 6182 1.3058 0 FAT
1467 1849 -1 6182 1.3058 0 FAT
1467 1850 -1 6182 1.3058 0 FAT
1467 1851 -1 6522 1.3061 0 FAT
1467 1852 -1 6914 1.3078 0 FAT
1467 1853 -1 7149 1.3104 0 FAT
1467 1854 -1 7430 1.3142 0 FAT
1467 1855 -1 7452 1.3144 0 FAT
1467 1856 -1 7674 1.3147 0 FAT
1467 1857 -1 7940 1.3181 0 FAT
1467 1858 -1 8147 1.3206 0 FAT
1467 1859 -1 8349 1.3214 0 FAT
1467 1860 -1 8646 1.3246 0 FAT
1467 1861 -1 8651 1.3247 0 FAT
1467 1862 -1 8651 1.3247 0 FAT
1467 1863 -1 8651 1.3247 0 FAT
1467 1864 -1 8651 1.3247 0 FAT
1467 1865 -1 8651 1.3247 0 FAT
1467 1866 -1 8651 1.3247 0 FAT
1467 1867 -1 8651 1.3247 0 FAT
1467 1868 -1 8651 1.3247 0 FAT
1467 1869 -1 8651 1.3247 0 FAT
1467 1870 -1 8651 1.3247 0 FAT
1467 1871 -1 8651 1.3247 0 FAT
1467 1872 -1 8651 1.3247 0 FAT
1467 1873 -1 8651 1.3247 0 FAT
1467 1874 -1 8651 1.3247 0 FAT
1467 1875 -1 8651 1.3247 0 FAT
1467 1876 -1 8651 1.3247 0 FAT
1467 1877 -1 8651 1.3247 0 FAT
1467 1878 -1 8651 1.3247 0 FAT
1467 1879 -1 8651 1.3247 0 FAT
1467 1880 -1 8651 1.3247 0 FAT
1467 1881 -1 8651 1.3247 0 FAT
1467 1882 -1 8651 1.3247 0 FAT
1467 1883 -1 8651 1.3247 0 FAT
1467 1884 -1 8651 1.3247 0 FAT
1467 1885 -1 8651 1.3247 0 FAT
1467 1886 -1 8651 1.3247 0 FAT
1467 1887 -1 8651 1.3247 0 FAT
1467 1888 -1 8651 1.3247 0 FAT
1467 1889 -1 8651 1.3247 0 FAT
1467 1890 -1 8651 1.3247 0 FAT
1467 1891 -1 8651 1.3247 0 FAT
1467 1892 -1 8651 1.3247 0 FAT
1467 1893 -1 8651 1.3247 0 FAT
1467 1894 -1 8651 1.3247 0 FAT
1467 1895 -1 8534 1.3235 0 FAT
1467 1896 -1 8323 1.3219 0 FAT
1467 1897 -1 8048 1.3185 0 FAT
1467 1898 -1 7754 1.3173 0 FAT
1467 1899 -1 7754 1.3173 0 FAT
1467 1900 -1 7525 1.3147 0 FAT
1467 1901 -1 7122 1.3110 0 FAT
1467 1902 -1 7122 1.3110 0 FAT
1467 1903 -1 6845 1.3072 0 FAT
1467 1904 -1 6325 1.3058 0 FAT
1467 1905 -1 6325 1.3058 0 FAT
1467 1906 -1 6325 1.3058 0 FAT
1467 1907 -1 6325 1.3058 0 FAT
1467 1908 -1 6325 1.3058 0 FAT
1467 1909 -1 6325 1.3058 0 FAT
1467 1910 -1 6246 1.3039 0 FAT
1467 1911 -1 8340 1.3037 0 FAT
1467 1912 -1 8346 1.3052 0 FAT
1467 1913 -1 8343 1.3049 0 FAT
1467 1914 -1 7931 1.3009 0 FAT
1467 1915 -1 7685 1.2973 0 FAT
1467 1916 -1 7642 1.2996 0 FAT
1467 1917 -1 7980 1.3037 0 FAT
1467 1918 -1 8302 1.3073 0 FAT
1467 1919 -1 8302 1.3073 0 FAT
1467 1920 -1 8636 1.3095 0 FAT
1467 1921 -1 8606 1.3104 0 FAT
1467 1922 -1 8459 1.3082 0 FAT
1467 1923 -1 8421 1.3063 0 FAT
1467 1924 -1 7896 1.3037 0 FAT
1467 1925 -1 7896 1.3037 0 FAT
1467 1926 -1 7896 1.3037 0 FAT
1467 1927 -1 7544 1.3000 0 FAT
1467 1928 -1 6436 1.3004 0 FAT
1467 1929 -1 6436 1.3004 0 FAT
1467 1930 -1 6436 1.3004 0 FAT
1467 1931 -1 6436 1.3004 0 FAT
1467 1932 -1 7107 1.3005 0 FAT
1467 1933 -1 7455 1.3059 0 FAT
1467 1934 -1 7616 1.3077 0 FAT
1467 1935 -1 7616 1.3077 0 FAT
1467 1936 -1 8090 1.3111 0 FAT
1467 1937 -1 8421 1.3147 0 FAT
1467 1938 -1 8421 1.3147 0 FAT
1467 1939 -1 8914 1.3178 0 FAT
1467 1940 -1 9147 1.3189 0 FAT
1467 1941 -1 9308 1.3208 0 FAT
1467 1942 -1 9308 1.3208 0 FAT
1467 1943 -1 9308 1.3208 0 FAT
1467 1944 -1 9308 1.3208 0 FAT
1467 1945 -1 9308 1.3208 0 FAT
1467 1946 -1 9308 1.3208 0 FAT
1467 1947 -1 10166 1.3232 0 FAT
1467 1948 -1 10156 1.3232 0 FAT
1467 1949 -1 10091 1.3216 0 FAT
1467 1950 -1 10214 1.3230 0 FAT
1467 1951 -1 10250 1.3225 0 FAT
1467 1952 -1 9971 1.3234 0 FAT
1467 1953 -1 10025 1.3241 0 FAT
1467 1954 -1 10025 1.3241 0 FAT
1467 1955 -1 10025 1.3241 0 FAT
1467 1956 -1 10119 1.3218 0 FAT
1467 1957 -1 10191 1.3226 0 FAT
1467 1958 -1 10260 1.3227 0 FAT
1467 1959 -1 9886 1.3215 0 FAT
1467 1960 -1 10143 1.3240 0 FAT
1467 1961 -1 10143 1.3240 0 FAT
1467 1962 -1 9876 1.3218 0 FAT
1467 1963 -1 9590 1.3189 0 FAT
1467 1964 -1 9333 1.3161 0 FAT
1467 1965 -1 9049 1.3155 0 FAT
1467 1966 -1 8974 1.3146 0 FAT
1467 1967 -1 8649 1.3115 0 FAT
1467 1968 -1 7506 1.3087 0 FAT
1467 1969 -1 7506 1.3087 0 FAT
1467 1970 -1 7506 1.3087 0 FAT
1467 1971 -1 7506 1.3087 0 FAT
1467 1972 -1 7506 1.3087 0 FAT
1467 1973 -1 7506 1.3087 0 FAT
1467 1974 -1 7506 1.3087 0 FAT
1467 1975 -1 7506 1.3087 0 FAT
1467 1976 -1 7506 1.3087 0 FAT
1467 1977 -1 7506 1.3087 0 FAT
1467 1978 -1 7506 1.3087 0 FAT
1467 1979 -1 7506 1.3087 0 FAT
1467 1980 -1 7506 1.3087 0 FAT
1467 1981 -1 7506 1.3087 0 FAT
1467 1982 -1 7256 1.3056 0 FAT
1467 1983 -1 6847 1.3030 0 FAT
1467 1984 -1 6847 1.3030 0 FAT
1467 1985 -1 6847 1.3030 0 FAT
1467 1986 -1 6624 1.3004 0 FAT
1467 1987 -1 6323 1.2954 0 FAT
1467 1988 -1 5970 1.2934 0 FAT
1467 1989 -1 5970 1.2934 0 FAT
1467 1990 -1 5784 1.2909 0 FAT
1467 1991 -1 5349 1.2859 0 FAT
1467 1992 -1 6902 1.2884 0 FAT
1467 1993 -1 6800 1.2846 0 FAT
1467 1994 -1 6887 1.2869 0 FAT
1467 1995 -1 6195 1.2872 0 FAT
1467 1996 -1 6195 1.2872 0 FAT
1467 1997 -1 6195 1.2872 0 FAT
1467 1998 -1 6195 1.2872 0 FAT
1467 1999 -1 6195 1.2872 0 FAT
1467 2000 -1 6757 1.2883 0 FAT
1467 2001 -1 6855 1.2902 0 FAT
1467 2002 -1 7245 1.2936 0 FAT
1467 2003 -1 7430 1.2966 0 FAT
1467 2004 -1 7512 1.3003 0 FAT
1467 2005 -1 7830 1.3041 0 FAT
1467 2006 -1 7625 1.3016 0 FAT
1467 2007 -1 7175 1.2972 0 FAT
1467 2008 -1 7088 1.2966 0 FAT
1467 2009 -1 6598 1.2897 0 FAT
1467 2010 -1 6901 1.2884 0 FAT
1467 2011 -1 7027 1.2897 0 FAT
1467 2012 -1 6734 1.2924 0 FAT
1467 2013 -1 7089 1.2969 0 FAT
1467 2014 -1 7089 1.2969 0 FAT
1467 2015 -1 7089 1.2969 0 FAT
1467 2016 -1 7544 1.2976 0 FAT
1467 2017 -1 7906 1.3025 0 FAT
1467 2018 -1 8009 1.3060 0 FAT
1467 2019 -1 7686 1.3021 0 FAT
1467 2020 -1 7844 1.3012 0 FAT
1467 2021 -1 7807 1.3017 0 FAT
1467 2022 -1 7599 1.2994 0 FAT
1467 2023 -1 4821 1.2963 0 FAT
1467 2024 -1 4821 1.2963 0 FAT
1467 2025 -1 4821 1.2963 0 FAT
1467 2026 -1 4821 1.2963 0 FAT
1467 2027 -1 4821 1.2963 0 FAT
1467 2028 -1 4821 1.2963 0 FAT
1467 2029 -1 4821 1.2963 0 FAT
1467 2030 -1 4821 1.2963 0 FAT
1467 2031 -1 4821 1.2963 0 FAT
1467 2032 -1 4821 1.2963 0 FAT
1467 2033 -1 4821 1.2963 0 FAT
1467 2034 -1 4821 1.2963 0 FAT
1467 2035 -1 4821 1.2963 0 FAT
1467 2036 -1 4821 1.2963 0 FAT
1467 2037 -1 4821 1.2963 0 FAT
1467 2038 -1 4821 1.2963 0 FAT
1467 2039 -1 4821 1.2963 0 FAT
1467 2040 -1 4821 1.2963 0 FAT
1467 2041 -1 4821 1.2963 0 FAT
1467 2042 -1 5426 1.2964 0 FAT
1467 2043 -1 5426 1.2964 0 FAT
1467 2044 -1 5426 1.2964 0 FAT
1467 2045 -1 5641 1.2963 0 FAT
1467 2046 -1 5911 1.2999 0 FAT
1467 2047 -1 6133 1.3027 0 FAT
1467 2048 -1 6380 1.3056 0 FAT
1467 2049 -1 6440 1.3065 0 FAT
1467 2050 -1 6440 1.3065 0 FAT
1467 2051 -1 6619 1.3065 0 FAT
1467 2052 -1 6903 1.3089 0 FAT
1467 2053 -1 7173 1.3130 0 FAT
1467 2054 -1 7214 1.3135 0 FAT
1467 2055 -1 7354 1.3137 0 FAT
1467 2056 -1 7684 1.3171 0 FAT
1467 2057 -1 7782 1.3185 0 FAT
1467 2058 -1 8047 1.3200 0 FAT
1467 2059 -1 8195 1.3222 0 FAT
1467 2060 -1 8495 1.3247 0 FAT
1467 2061 -1 8495 1.3247 0 FAT
1467 2062 -1 8495 1.3247 0 FAT
1467 2063 -1 8495 1.3247 0 FAT
1467 2064 -1 8495 1.3247 0 FAT
1467 2065 -1 8495 1.3247 0 FAT
1467 2066 -1 8495 1.3247 0 FAT
1467 2067 -1 8495 1.3247 0 FAT
1467 2068 -1 8495 1.3247 0 FAT
1467 2069 -1 8495 1.3247 0 FAT
1467 2070 -1 8495 1.3247 0 FAT
1467 2071 -1 8495 1.3247 0 FAT
1467 2072 -1 8495 1.3247 0 FAT
1467 2073 -1 8495 1.3247 0 FAT
1467 2074 -1 9171 1.3247 0 FAT
1467 2075 -1 9610 1.3264 0 FAT
1467 2076 -1 9888 1.3286 0 FAT
1467 2077 -1 10086 1.3308 0 FAT
1467 2078 -1 10086 1.3308 0 FAT
1467 2079 -1 10485 1.3322 0 FAT
1467 2080 -1 10751 1.3350 0 FAT
1467 2081 -1 10883 1.3351 0 FAT
1467 2082 -1 11232 1.3381 0 FAT
1467 2083 -1 11452 1.3389 0 FAT
1467 2084 -1 11710 1.3406 0 FAT
1467 2085 -1 11992 1.3426 0 FAT
1467 2086 -1 11992 1.3426 0 FAT
1467 2087 -1 11992 1.3426 0 FAT
1467 2088 -1 11992 1.3426 0 FAT
1467 2089 -1 11992 1.3426 0 FAT
1467 2090 -1 11992 1.3426 0 FAT
1467 2091 -1 11992 1.3426 0 FAT
1467 2092 -1 11992 1.3426 0 FAT
1467 2093 -1 11992 1.3426 0 FAT
1467 2094 -1 12622 1.3426 0 FAT
1467 2095 -1 13188 1.3449 0 FAT
1467 2096 -1 13356 1.3463 0 FAT
1467 2097 -1 13677 1.3472 0 FAT
1467 2098 -1 13882 1.3489 0 FAT
1467 2099 -1 14254 1.3508 0 FAT
1467 2100 -1 14513 1.3521 0 FAT
1467 2101 -1 14819 1.3537 0 FAT
1467 2102 -1 14907 1.3543 0 FAT
1467 2103 -1 14907 1.3543 0 FAT
1467 2104 -1 14907 1.3543 0 FAT
1467 2105 -1 14770 1.3532 0 FAT
1467 2106 -1 14478 1.3518 0 FAT
1467 2107 -1 13950 1.3499 0 FAT
1467 2108 -1 14977 1.3523 0 FAT
1467 2109 -1 15019 1.3519 0 FAT
1467 2110 -1 14806 1.3513 0 FAT
1467 2111 -1 15112 1.3531 0 FAT
1467 2112 -1 14954 1.3528 0 FAT
1467 2113 -1 14866 1.3520 0 FAT
1467 2114 -1 14572 1.3506 0 FAT
1467 2115 -1 14226 1.3486 0 FAT
1467 2116 -1 13636 1.3473 0 FAT
1467 2117 -1 13892 1.3486 0 FAT
1467 2118 -1 14194 1.3506 0 FAT
1467 2119 -1 14547 1.3527 0 FAT
1467 2120 -1 14553 1.3528 0 FAT
1467 2121 -1 14553 1.3528 0 FAT
1467 2122 -1 15050 1.3538 0 FAT
1467 2123 -1 15360 1.3553 0 FAT
1467 2124 -1 15614 1.3570 0 FAT
1467 2125 -1 15476 1.3559 0 FAT
1467 2126 -1 15556 1.3558 0 FAT
1467 2127 -1 15726 1.3570 0 FAT
1467 2128 -1 15592 1.3556 0 FAT
1467 2129 -1 15677 1.3561 0 FAT
1467 2130 -1 15605 1.3558 0 FAT
1467 2131 -1 15628 1.3556 0 FAT
1467 2132 -1 14909 1.3554 0 FAT
1467 2133 -1 15293 1.3578 0 FAT
# row j=1467 L=0.407500 n=2134 KILL=0 CYCLE=0 FAT=2134 CAP=0 certified=0 lambda[1.0379,1.3578]
1468 0 -1 15293 1.3578 0 FAT
1468 1 -1 15871 1.3571 0 FAT
1468 2 -1 15897 1.3572 0 FAT
1468 3 -1 15954 1.3570 0 FAT
1468 4 -1 15883 1.3577 0 FAT
1468 5 -1 15962 1.3573 0 FAT
1468 6 -1 15825 1.3577 0 FAT
1468 7 -1 15963 1.3573 0 FAT
1468 8 -1 15614 1.3570 0 FAT
1468 9 -1 15614 1.3570 0 FAT
1468 10 -1 15360 1.3553 0 FAT
1468 11 -1 15050 1.3538 0 FAT
1468 12 -1 14553 1.3528 0 FAT
1468 13 -1 14553 1.3528 0 FAT
1468 14 -1 14547 1.3527 0 FAT
1468 15 -1 14194 1.3506 0 FAT
1468 16 -1 13892 1.3486 0 FAT
1468 17 -1 14833 1.3490 0 FAT
1468 18 -1 14572 1.3506 0 FAT
1468 19 -1 14866 1.3520 0 FAT
1468 20 -1 14954 1.3528 0 FAT
1468 21 -1 15438 1.3552 0 FAT
1468 22 -1 15112 1.3531 0 FAT
1468 23 -1 15341 1.3536 0 FAT
1468 24 -1 15187 1.3530 0 FAT
1468 25 -1 14977 1.3523 0 FAT
1468 26 -1 14478 1.3518 0 FAT
1468 27 -1 14770 1.3532 0 FAT
1468 28 -1 14907 1.3543 0 FAT
1468 29 -1 14907 1.3543 0 FAT
1468 30 -1 14907 1.3543 0 FAT
1468 31 -1 14907 1.3543 0 FAT
1468 32 -1 14819 1.3537 0 FAT
1468 33 -1 14513 1.3521 0 FAT
1468 34 -1 14254 1.3508 0 FAT
1468 35 -1 13882 1.3489 0 FAT
1468 36 -1 13677 1.3472 0 FAT
1468 37 -1 13356 1.3463 0 FAT
1468 38 -1 13188 1.3449 0 FAT
1468 39 -1 12622 1.3426 0 FAT
1468 40 -1 11992 1.3426 0 FAT
1468 41 -1 11992 1.3426 0 FAT
1468 42 -1 11992 1.3426 0 FAT
1468 43 -1 11992 1.3426 0 FAT
1468 44 -1 11992 1.3426 0 FAT
1468 45 -1 11992 1.3426 0 FAT
1468 46 -1 11992 1.3426 0 FAT
1468 47 -1 11992 1.3426 0 FAT
1468 48 -1 11992 1.3426 0 FAT
1468 49 -1 11710 1.3406 0 FAT
1468 50 -1 11452 1.3389 0 FAT
1468 51 -1 11232 1.3381 0 FAT
1468 52 -1 10883 1.3351 0 FAT
1468 53 -1 10751 1.3350 0 FAT
1468 54 -1 10485 1.3322 0 FAT
1468 55 -1 10086 1.3308 0 FAT
1468 56 -1 10086 1.3308 0 FAT
1468 57 -1 9888 1.3286 0 FAT
1468 58 -1 9610 1.3264 0 FAT
1468 59 -1 9171 1.3247 0 FAT
1468 60 -1 8495 1.3247 0 FAT
1468 61 -1 8495 1.3247 0 FAT
1468 62 -1 8495 1.3247 0 FAT
1468 63 -1 8495 1.3247 0 FAT
1468 64 -1 8495 1.3247 0 FAT
1468 65 -1 8495 1.3247 0 FAT
1468 66 -1 8495 1.3247 0 FAT
1468 67 -1 8495 1.3247 0 FAT
1468 68 -1 8495 1.3247 0 FAT
1468 69 -1 8495 1.3247 0 FAT
1468 70 -1 8495 1.3247 0 FAT
1468 71 -1 8495 1.3247 0 FAT
1468 72 -1 8495 1.3247 0 FAT
1468 73 -1 8495 1.3247 0 FAT
1468 74 -1 8195 1.3222 0 FAT
1468 75 -1 8047 1.3200 0 FAT
1468 76 -1 7782 1.3185 0 FAT
1468 77 -1 7684 1.3171 0 FAT
1468 78 -1 7354 1.3137 0 FAT
1468 79 -1 7214 1.3135 0 FAT
1468 80 -1 7173 1.3130 0 FAT
1468 81 -1 6903 1.3089 0 FAT
1468 82 -1 6619 1.3065 0 FAT
1468 83 -1 6440 1.3065 0 FAT
1468 84 -1 6440 1.3065 0 FAT
1468 85 -1 6380 1.3056 0 FAT
1468 86 -1 6133 1.3027 0 FAT
1468 87 -1 5911 1.2999 0 FAT
1468 88 -1 5641 1.2963 0 FAT
1468 89 -1 5426 1.2964 0 FAT
1468 90 -1 5426 1.2964 0 FAT
1468 91 -1 5426 1.2964 0 FAT
1468 92 -1 4821 1.2963 0 FAT
1468 93 -1 4821 1.2963 0 FAT
1468 94 -1 4821 1.2963 0 FAT
1468 95 -1 4821 1.2963 0 FAT
1468 96 -1 4821 1.2963 0 FAT
1468 97 -1 4821 1.2963 0 FAT
1468 98 -1 4821 1.2963 0 FAT
1468 99 -1 4821 1.2963 0 FAT
1468 100 -1 4821 1.2963 0 FAT
1468 101 -1 4821 1.2963 0 FAT
1468 102 -1 4821 1.2963 0 FAT
1468 103 -1 4821 1.2963 0 FAT
1468 104 -1 4821 1.2963 0 FAT
1468 105 -1 4821 1.2963 0 FAT
1468 106 -1 4821 1.2963 0 FAT
1468 107 -1 4821 1.2963 0 FAT
1468 108 -1 4821 1.2963 0 FAT
1468 109 -1 4821 1.2963 0 FAT
1468 110 -1 7599 1.2994 0 FAT
1468 111 -1 7888 1.3030 0 FAT
1468 112 -1 8212 1.3063 0 FAT
1468 113 -1 8091 1.3034 0 FAT
1468 114 -1 8009 1.3060 0 FAT
1468 115 -1 8231 1.3068 0 FAT
1468 116 -1 7919 1.3027 0 FAT
1468 117 -1 7544 1.2976 0 FAT
1468 118 -1 7089 1.2969 0 FAT
1468 119 -1 7089 1.2969 0 FAT
1468 120 -1 7089 1.2969 0 FAT
1468 121 -1 7350 1.2941 0 FAT
1468 122 -1 7359 1.2945 0 FAT
1468 123 -1 7074 1.2911 0 FAT
1468 124 -1 7088 1.2966 0 FAT
1468 125 -1 7175 1.2972 0 FAT
1468 126 -1 7625 1.3016 0 FAT
1468 127 -1 7975 1.3052 0 FAT
1468 128 -1 7830 1.3041 0 FAT
1468 129 -1 7887 1.3020 0 FAT
1468 130 -1 7488 1.2975 0 FAT
1468 131 -1 7245 1.2936 0 FAT
1468 132 -1 6855 1.2902 0 FAT
1468 133 -1 6757 1.2883 0 FAT
1468 134 -1 6195 1.2872 0 FAT
1468 135 -1 6195 1.2872 0 FAT
1468 136 -1 6195 1.2872 0 FAT
1468 137 -1 6195 1.2872 0 FAT
1468 138 -1 6905 1.2875 0 FAT
1468 139 -1 7146 1.2898 0 FAT
1468 140 -1 7175 1.2906 0 FAT
1468 141 -1 6902 1.2884 0 FAT
1468 142 -1 5784 1.2909 0 FAT
1468 143 -1 5970 1.2934 0 FAT
1468 144 -1 5970 1.2934 0 FAT
1468 145 -1 6323 1.2954 0 FAT
1468 146 -1 6624 1.3004 0 FAT
1468 147 -1 6847 1.3030 0 FAT
1468 148 -1 6847 1.3030 0 FAT
1468 149 -1 6847 1.3030 0 FAT
1468 150 -1 7256 1.3056 0 FAT
1468 151 -1 7506 1.3087 0 FAT
1468 152 -1 7506 1.3087 0 FAT
1468 153 -1 7506 1.3087 0 FAT
1468 154 -1 7506 1.3087 0 FAT
1468 155 -1 7506 1.3087 0 FAT
1468 156 -1 7506 1.3087 0 FAT
1468 157 -1 7506 1.3087 0 FAT
1468 158 -1 7506 1.3087 0 FAT
1468 159 -1 7506 1.3087 0 FAT
1468 160 -1 7506 1.3087 0 FAT
1468 161 -1 7506 1.3087 0 FAT
1468 162 -1 7506 1.3087 0 FAT
1468 163 -1 7506 1.3087 0 FAT
1468 164 -1 7506 1.3087 0 FAT
1468 165 -1 8649 1.3115 0 FAT
1468 166 -1 8974 1.3146 0 FAT
1468 167 -1 9049 1.3155 0 FAT
1468 168 -1 9333 1.3161 0 FAT
1468 169 -1 9590 1.3189 0 FAT
1468 170 -1 9876 1.3218 0 FAT
1468 171 -1 10143 1.3240 0 FAT
1468 172 -1 10143 1.3240 0 FAT
1468 173 -1 10505 1.3244 0 FAT
1468 174 -1 10597 1.3257 0 FAT
1468 175 -1 10585 1.3252 0 FAT
1468 176 -1 10350 1.3243 0 FAT
1468 177 -1 10520 1.3247 0 FAT
1468 178 -1 10025 1.3241 0 FAT
1468 179 -1 10025 1.3241 0 FAT
1468 180 -1 10025 1.3241 0 FAT
1468 181 -1 10547 1.3251 0 FAT
1468 182 -1 10605 1.3255 0 FAT
1468 183 -1 10350 1.3243 0 FAT
1468 184 -1 10519 1.3247 0 FAT
1468 185 -1 10303 1.3244 0 FAT
1468 186 -1 10166 1.3232 0 FAT
1468 187 -1 9308 1.3208 0 FAT
1468 188 -1 9308 1.3208 0 FAT
1468 189 -1 9308 1.3208 0 FAT
1468 190 -1 9308 1.3208 0 FAT
1468 191 -1 9308 1.3208 0 FAT
1468 192 -1 9308 1.3208 0 FAT
1468 193 -1 9147 1.3189 0 FAT
1468 194 -1 8914 1.3178 0 FAT
1468 195 -1 8421 1.3147 0 FAT
1468 196 -1 8421 1.3147 0 FAT
1468 197 -1 8090 1.3111 0 FAT
1468 198 -1 7616 1.3077 0 FAT
1468 199 -1 7616 1.3077 0 FAT
1468 200 -1 7455 1.3059 0 FAT
1468 201 -1 7107 1.3005 0 FAT
1468 202 -1 6436 1.3004 0 FAT
1468 203 -1 6436 1.3004 0 FAT
1468 204 -1 6436 1.3004 0 FAT
1468 205 -1 7544 1.3000 0 FAT
1468 206 -1 7896 1.3037 0 FAT
1468 207 -1 7896 1.3037 0 FAT
1468 208 -1 7896 1.3037 0 FAT
1468 209 -1 8421 1.3063 0 FAT
1468 210 -1 8781 1.3102 0 FAT
1468 211 -1 8705 1.3113 0 FAT
1468 212 -1 9009 1.3135 0 FAT
1468 213 -1 8749 1.3105 0 FAT
1468 214 -1 8302 1.3073 0 FAT
1468 215 -1 8302 1.3073 0 FAT
1468 216 -1 7980 1.3037 0 FAT
1468 217 -1 8310 1.3019 0 FAT
1468 218 -1 7931 1.3009 0 FAT
1468 219 -1 8343 1.3049 0 FAT
1468 220 -1 8546 1.3074 0 FAT
1468 221 -1 8692 1.3072 0 FAT
1468 222 -1 8692 1.3075 0 FAT
1468 223 -1 6325 1.3058 0 FAT
1468 224 -1 6325 1.3058 0 FAT
1468 225 -1 6325 1.3058 0 FAT
1468 226 -1 6325 1.3058 0 FAT
1468 227 -1 6325 1.3058 0 FAT
1468 228 -1 6325 1.3058 0 FAT
1468 229 -1 6845 1.3072 0 FAT
1468 230 -1 7122 1.3110 0 FAT
1468 231 -1 7122 1.3110 0 FAT
1468 232 -1 7525 1.3147 0 FAT
1468 233 -1 7754 1.3173 0 FAT
1468 234 -1 7754 1.3173 0 FAT
1468 235 -1 8048 1.3185 0 FAT
1468 236 -1 8323 1.3219 0 FAT
1468 237 -1 8534 1.3235 0 FAT
1468 238 -1 8651 1.3247 0 FAT
1468 239 -1 8651 1.3247 0 FAT
1468 240 -1 8651 1.3247 0 FAT
1468 241 -1 8651 1.3247 0 FAT
1468 242 -1 8651 1.3247 0 FAT
1468 243 -1 8651 1.3247 0 FAT
1468 244 -1 8651 1.3247 0 FAT
1468 245 -1 8651 1.3247 0 FAT
1468 246 -1 8651 1.3247 0 FAT
1468 247 -1 8651 1.3247 0 FAT
1468 248 -1 8651 1.3247 0 FAT
1468 249 -1 8651 1.3247 0 FAT
1468 250 -1 8651 1.3247 0 FAT
1468 251 -1 8651 1.3247 0 FAT
1468 252 -1 8651 1.3247 0 FAT
1468 253 -1 8651 1.3247 0 FAT
1468 254 -1 8651 1.3247 0 FAT
1468 255 -1 8651 1.3247 0 FAT
1468 256 -1 8651 1.3247 0 FAT
1468 257 -1 8651 1.3247 0 FAT
1468 258 -1 8651 1.3247 0 FAT
1468 259 -1 8651 1.3247 0 FAT
1468 260 -1 8651 1.3247 0 FAT
1468 261 -1 8651 1.3247 0 FAT
1468 262 -1 8651 1.3247 0 FAT
1468 263 -1 8651 1.3247 0 FAT
1468 264 -1 8651 1.3247 0 FAT
1468 265 -1 8651 1.3247 0 FAT
1468 266 -1 8651 1.3247 0 FAT
1468 267 -1 8651 1.3247 0 FAT
1468 268 -1 8651 1.3247 0 FAT
1468 269 -1 8651 1.3247 0 FAT
1468 270 -1 8651 1.3247 0 FAT
1468 271 -1 8651 1.3247 0 FAT
1468 272 -1 8651 1.3247 0 FAT
1468 273 -1 8646 1.3246 0 FAT
1468 274 -1 8349 1.3214 0 FAT
1468 275 -1 8147 1.3206 0 FAT
1468 276 -1 7940 1.3181 0 FAT
1468 277 -1 7674 1.3147 0 FAT
1468 278 -1 7452 1.3144 0 FAT
1468 279 -1 7430 1.3142 0 FAT
1468 280 -1 7149 1.3104 0 FAT
1468 281 -1 6914 1.3078 0 FAT
1468 282 -1 6522 1.3061 0 FAT
1468 283 -1 6182 1.3058 0 FAT
1468 284 -1 6182 1.3058 0 FAT
1468 285 -1 6182 1.3058 0 FAT
1468 286 -1 6182 1.3058 0 FAT
1468 287 -1 6182 1.3058 0 FAT
1468 288 -1 6182 1.3058 0 FAT
1468 289 -1 6182 1.3058 0 FAT
1468 290 -1 6182 1.3058 0 FAT
1468 291 -1 6182 1.3058 0 FAT
1468 292 -1 6009 1.3033 0 FAT
1468 293 -1 5669 1.3001 0 FAT
1468 294 -1 5669 1.3001 0 FAT
1468 295 -1 5532 1.2981 0 FAT
1468 296 -1 5301 1.2950 0 FAT
1468 297 -1 5092 1.2908 0 FAT
1468 298 -1 4858 1.2909 0 FAT
1468 299 -1 4858 1.2909 0 FAT
1468 300 -1 4858 1.2909 0 FAT
1468 301 -1 4662 1.2882 0 FAT
1468 302 -1 4382 1.2842 0 FAT
1468 303 -1 4240 1.2805 0 FAT
1468 304 -1 3954 1.2763 2 FAT
1468 305 -1 3809 1.2764 2 FAT
1468 306 -1 3809 1.2764 2 FAT
1468 307 -1 3510 1.2768 2 FAT
1468 308 -1 3510 1.2768 2 FAT
1468 309 -1 3510 1.2768 2 FAT
1468 310 -1 3510 1.2768 2 FAT
1468 311 -1 3510 1.2768 2 FAT
1468 312 -1 3510 1.2768 2 FAT
1468 313 -1 3510 1.2768 2 FAT
1468 314 -1 3510 1.2768 2 FAT
1468 315 -1 3510 1.2768 2 FAT
1468 316 -1 3510 1.2768 2 FAT
1468 317 -1 3510 1.2768 2 FAT
1468 318 -1 3510 1.2768 2 FAT
1468 319 -1 3510 1.2768 2 FAT
1468 320 -1 3441 1.2750 2 FAT
1468 321 -1 3239 1.2714 2 FAT
1468 322 -1 3143 1.2714 2 FAT
1468 323 -1 3143 1.2714 2 FAT
1468 324 -1 3041 1.2699 2 FAT
1468 325 -1 2877 1.2647 2 FAT
1468 326 -1 2777 1.2637 2 FAT
1468 327 -1 2518 1.2535 2 FAT
1468 328 -1 2424 1.2535 2 FAT
1468 329 -1 2318 1.2533 2 FAT
1468 330 -1 2318 1.2533 2 FAT
1468 331 -1 2318 1.2533 2 FAT
1468 332 -1 2275 1.2508 2 FAT
1468 333 -1 2197 1.2507 2 FAT
1468 334 -1 1957 1.2394 2 FAT
1468 335 -1 1886 1.2395 2 FAT
1468 336 -1 1741 1.2311 2 FAT
1468 337 -1 1519 1.2212 2 FAT
1468 338 -1 1466 1.2212 2 FAT
1468 339 -1 1369 1.2211 2 FAT
1468 340 -1 1369 1.2211 2 FAT
1468 341 -1 1369 1.2211 2 FAT
1468 342 -1 1369 1.2211 2 FAT
1468 343 -1 1369 1.2211 2 FAT
1468 344 -1 1192 1.2208 2 FAT
1468 345 -1 1192 1.2208 2 FAT
1468 346 -1 1192 1.2208 2 FAT
1468 347 -1 1192 1.2208 2 FAT
1468 348 -1 1192 1.2208 2 FAT
1468 349 -1 1192 1.2208 2 FAT
1468 350 -1 1192 1.2208 2 FAT
1468 351 -1 1192 1.2208 2 FAT
1468 352 -1 1192 1.2208 2 FAT
1468 353 -1 1192 1.2208 2 FAT
1468 354 -1 1192 1.2208 2 FAT
1468 355 -1 1192 1.2208 2 FAT
1468 356 -1 1192 1.2208 2 FAT
1468 357 -1 1192 1.2208 2 FAT
1468 358 -1 1192 1.2208 2 FAT
1468 359 -1 1192 1.2208 2 FAT
1468 360 -1 1192 1.2208 2 FAT
1468 361 -1 1192 1.2208 2 FAT
1468 362 -1 870 1.2207 2 FAT
1468 363 -1 870 1.2207 2 FAT
1468 364 -1 870 1.2207 2 FAT
1468 365 -1 870 1.2207 2 FAT
1468 366 -1 870 1.2207 2 FAT
1468 367 -1 870 1.2207 2 FAT
1468 368 -1 870 1.2207 2 FAT
1468 369 -1 870 1.2207 2 FAT
1468 370 -1 870 1.2207 2 FAT
1468 371 -1 870 1.2207 2 FAT
1468 372 -1 870 1.2207 2 FAT
1468 373 -1 870 1.2207 2 FAT
1468 374 -1 870 1.2207 2 FAT
1468 375 -1 870 1.2207 2 FAT
1468 376 -1 870 1.2207 2 FAT
1468 377 -1 870 1.2207 2 FAT
1468 378 -1 1455 1.2206 2 FAT
1468 379 -1 1455 1.2206 2 FAT
1468 380 -1 1455 1.2206 2 FAT
1468 381 -1 1455 1.2206 2 FAT
1468 382 -1 1455 1.2206 2 FAT
1468 383 -1 1455 1.2206 2 FAT
1468 384 -1 1455 1.2206 2 FAT
1468 385 -1 1455 1.2206 2 FAT
1468 386 -1 1455 1.2206 2 FAT
1468 387 -1 1455 1.2206 2 FAT
1468 388 -1 1455 1.2206 2 FAT
1468 389 -1 1455 1.2206 2 FAT
1468 390 -1 1455 1.2206 2 FAT
1468 391 -1 1455 1.2206 2 FAT
1468 392 -1 1455 1.2206 2 FAT
1468 393 -1 1455 1.2206 2 FAT
1468 394 -1 1718 1.2204 2 FAT
1468 395 -1 1718 1.2204 2 FAT
1468 396 -1 1718 1.2204 2 FAT
1468 397 -1 2033 1.2290 2 FAT
1468 398 -1 2288 1.2385 2 FAT
1468 399 -1 2288 1.2385 2 FAT
1468 400 -1 2639 1.2478 2 FAT
1468 401 -1 2813 1.2544 2 FAT
1468 402 -1 2899 1.2550 2 FAT
1468 403 -1 3031 1.2547 2 FAT
1468 404 -1 3109 1.2578 2 FAT
1468 405 -1 3109 1.2578 2 FAT
1468 406 -1 3109 1.2578 2 FAT
1468 407 -1 3109 1.2578 2 FAT
1468 408 -1 3109 1.2578 2 FAT
1468 409 -1 3319 1.2578 2 FAT
1468 410 -1 3607 1.2634 2 FAT
1468 411 -1 3891 1.2701 2 FAT
1468 412 -1 4012 1.2716 2 FAT
1468 413 -1 4012 1.2716 2 FAT
1468 414 -1 4405 1.2772 0 FAT
1468 415 -1 4666 1.2818 0 FAT
1468 416 -1 4798 1.2841 0 FAT
1468 417 -1 4976 1.2864 0 FAT
1468 418 -1 4976 1.2864 0 FAT
1468 419 -1 4976 1.2864 0 FAT
1468 420 -1 5456 1.2918 0 FAT
1468 421 -1 5456 1.2918 0 FAT
1468 422 -1 5456 1.2918 0 FAT
1468 423 -1 5456 1.2918 0 FAT
1468 424 -1 5456 1.2918 0 FAT
1468 425 -1 5456 1.2918 0 FAT
1468 426 -1 5456 1.2918 0 FAT
1468 427 -1 5456 1.2918 0 FAT
1468 428 -1 5456 1.2918 0 FAT
1468 429 -1 5981 1.2920 0 FAT
1468 430 -1 6299 1.2965 0 FAT
1468 431 -1 6640 1.3011 0 FAT
1468 432 -1 6911 1.3032 0 FAT
1468 433 -1 6977 1.3043 0 FAT
1468 434 -1 6977 1.3043 0 FAT
1468 435 -1 6977 1.3043 0 FAT
1468 436 -1 6977 1.3043 0 FAT
1468 437 -1 6977 1.3043 0 FAT
1468 438 -1 6977 1.3043 0 FAT
1468 439 -1 6977 1.3043 0 FAT
1468 440 -1 6977 1.3043 0 FAT
1468 441 -1 6977 1.3043 0 FAT
1468 442 -1 6977 1.3043 0 FAT
1468 443 -1 6977 1.3043 0 FAT
1468 444 -1 6642 1.2992 0 FAT
1468 445 -1 6408 1.2970 0 FAT
1468 446 -1 6095 1.2934 0 FAT
1468 447 -1 5871 1.2917 0 FAT
1468 448 -1 5355 1.2883 0 FAT
1468 449 -1 5355 1.2883 0 FAT
1468 450 -1 5355 1.2883 0 FAT
1468 451 -1 5355 1.2883 0 FAT
1468 452 -1 5272 1.2863 0 FAT
1468 453 -1 4986 1.2824 0 FAT
1468 454 -1 4778 1.2807 0 FAT
1468 455 -1 4552 1.2767 0 FAT
1468 456 -1 4223 1.2699 0 FAT
1468 457 -1 3957 1.2667 2 FAT
1468 458 -1 3957 1.2667 2 FAT
1468 459 -1 3664 1.2602 2 FAT
1468 460 -1 3381 1.2602 2 FAT
1468 461 -1 3381 1.2602 2 FAT
1468 462 -1 3381 1.2602 2 FAT
1468 463 -1 3381 1.2602 2 FAT
1468 464 -1 3381 1.2602 2 FAT
1468 465 -1 4637 1.2644 0 FAT
1468 466 -1 4265 1.2551 0 FAT
1468 467 -1 4216 1.2558 0 FAT
1468 468 -1 4600 1.2651 0 FAT
1468 469 -1 3732 1.2645 2 FAT
1468 470 -1 4002 1.2684 2 FAT
1468 471 -1 4002 1.2684 2 FAT
1468 472 -1 4002 1.2684 2 FAT
1468 473 -1 4495 1.2747 0 FAT
1468 474 -1 4705 1.2774 0 FAT
1468 475 -1 4705 1.2774 0 FAT
1468 476 -1 4705 1.2774 0 FAT
1468 477 -1 4705 1.2774 0 FAT
1468 478 -1 4705 1.2774 0 FAT
1468 479 -1 4705 1.2774 0 FAT
1468 480 -1 4705 1.2774 0 FAT
1468 481 -1 4705 1.2774 0 FAT
1468 482 -1 4705 1.2774 0 FAT
1468 483 -1 5314 1.2786 0 FAT
1468 484 -1 5674 1.2854 0 FAT
1468 485 -1 5905 1.2879 0 FAT
1468 486 -1 6034 1.2894 0 FAT
1468 487 -1 6034 1.2894 0 FAT
1468 488 -1 6413 1.2916 0 FAT
1468 489 -1 6618 1.2944 0 FAT
1468 490 -1 6817 1.2964 0 FAT
1468 491 -1 6724 1.2949 0 FAT
1468 492 -1 6547 1.2927 0 FAT
1468 493 -1 6874 1.2973 0 FAT
1468 494 -1 6589 1.2939 0 FAT
1468 495 -1 5917 1.2898 0 FAT
1468 496 -1 5917 1.2898 0 FAT
1468 497 -1 6363 1.2918 0 FAT
1468 498 -1 6651 1.2956 0 FAT
1468 499 -1 6876 1.2969 0 FAT
1468 500 -1 7204 1.3011 0 FAT
1468 501 -1 7217 1.3005 0 FAT
1468 502 -1 6911 1.2977 0 FAT
1468 503 -1 6608 1.2956 0 FAT
1468 504 -1 6591 1.2951 0 FAT
1468 505 -1 6252 1.2912 0 FAT
1468 506 -1 5823 1.2856 0 FAT
1468 507 -1 5676 1.2834 0 FAT
1468 508 -1 5269 1.2800 0 FAT
1468 509 -1 5269 1.2800 0 FAT
1468 510 -1 5233 1.2794 0 FAT
1468 511 -1 4919 1.2754 0 FAT
1468 512 -1 4621 1.2689 0 FAT
1468 513 -1 4037 1.2670 2 FAT
1468 514 -1 4767 1.2685 0 FAT
1468 515 -1 4880 1.2713 0 FAT
1468 516 -1 5232 1.2746 0 FAT
1468 517 -1 5458 1.2797 0 FAT
1468 518 -1 5458 1.2797 0 FAT
1468 519 -1 5458 1.2797 0 FAT
1468 520 -1 5458 1.2797 0 FAT
1468 521 -1 6002 1.2828 0 FAT
1468 522 -1 5869 1.2823 0 FAT
1468 523 -1 5966 1.2809 0 FAT
1468 524 -1 5885 1.2849 0 FAT
1468 525 -1 6221 1.2897 0 FAT
1468 526 -1 6086 1.2880 0 FAT
1468 527 -1 6210 1.2885 0 FAT
1468 528 -1 6253 1.2886 0 FAT
1468 529 -1 6010 1.2871 0 FAT
1468 530 -1 5837 1.2851 0 FAT
1468 531 -1 5176 1.2782 0 FAT
1468 532 -1 4274 1.2784 0 FAT
1468 533 -1 4274 1.2784 0 FAT
1468 534 -1 4274 1.2784 0 FAT
1468 535 -1 4274 1.2784 0 FAT
1468 536 -1 4274 1.2784 0 FAT
1468 537 -1 4274 1.2784 0 FAT
1468 538 -1 4274 1.2784 0 FAT
1468 539 -1 4274 1.2784 0 FAT
1468 540 -1 4274 1.2784 0 FAT
1468 541 -1 4274 1.2784 0 FAT
1468 542 -1 4274 1.2784 0 FAT
1468 543 -1 4274 1.2784 0 FAT
1468 544 -1 4274 1.2784 0 FAT
1468 545 -1 4274 1.2784 0 FAT
1468 546 -1 4274 1.2784 0 FAT
1468 547 -1 4274 1.2784 0 FAT
1468 548 -1 4274 1.2784 0 FAT
1468 549 -1 4274 1.2784 0 FAT
1468 550 -1 4274 1.2784 0 FAT
1468 551 -1 4274 1.2784 0 FAT
1468 552 -1 4274 1.2784 0 FAT
1468 553 -1 4274 1.2784 0 FAT
1468 554 -1 4274 1.2784 0 FAT
1468 555 -1 4274 1.2784 0 FAT
1468 556 -1 4274 1.2784 0 FAT
1468 557 -1 4274 1.2784 0 FAT
1468 558 -1 4274 1.2784 0 FAT
1468 559 -1 4274 1.2784 0 FAT
1468 560 -1 4274 1.2784 0 FAT
1468 561 -1 4274 1.2784 0 FAT
1468 562 -1 4274 1.2784 0 FAT
1468 563 -1 4274 1.2784 0 FAT
1468 564 -1 4076 1.2756 2 FAT
1468 565 -1 3767 1.2692 2 FAT
1468 566 -1 3510 1.2646 2 FAT
1468 567 -1 3205 1.2650 2 FAT
1468 568 -1 3205 1.2650 2 FAT
1468 569 -1 3205 1.2650 2 FAT
1468 570 -1 3205 1.2650 2 FAT
1468 571 -1 3205 1.2650 2 FAT
1468 572 -1 3205 1.2650 2 FAT
1468 573 -1 3205 1.2650 2 FAT
1468 574 -1 3205 1.2650 2 FAT
1468 575 -1 3205 1.2650 2 FAT
1468 576 -1 2995 1.2596 2 FAT
1468 577 -1 2861 1.2591 2 FAT
1468 578 -1 2861 1.2591 2 FAT
1468 579 -1 4127 1.2621 0 FAT
1468 580 -1 4376 1.2668 0 FAT
1468 581 -1 4195 1.2621 0 FAT
1468 582 -1 3911 1.2584 2 FAT
1468 583 -1 3984 1.2566 2 FAT
1468 584 -1 3621 1.2466 2 FAT
1468 585 -1 3278 1.2443 2 FAT
1468 586 -1 3278 1.2443 2 FAT
1468 587 -1 3278 1.2443 2 FAT
1468 588 -1 3278 1.2443 2 FAT
1468 589 -1 3033 1.2403 2 FAT
1468 590 -1 2830 1.2336 2 FAT
1468 591 -1 2498 1.2204 2 FAT
1468 592 -1 2014 1.2016 2 FAT
1468 593 -1 2014 1.2016 2 FAT
1468 594 -1 1885 1.1973 2 FAT
1468 595 -1 1522 1.1960 2 FAT
1468 596 -1 1885 1.1973 2 FAT
1468 597 -1 2037 1.2024 2 FAT
1468 598 -1 2037 1.2024 2 FAT
1468 599 -1 2037 1.2024 2 FAT
1468 600 -1 2037 1.2024 2 FAT
1468 601 -1 2357 1.2084 2 FAT
1468 602 -1 2527 1.2123 2 FAT
1468 603 -1 2946 1.2309 2 FAT
1468 604 -1 3341 1.2427 2 FAT
1468 605 -1 3394 1.2446 2 FAT
1468 606 -1 3621 1.2466 2 FAT
1468 607 -1 3952 1.2551 2 FAT
1468 608 -1 3742 1.2574 2 FAT
1468 609 -1 4038 1.2619 2 FAT
1468 610 -1 4038 1.2619 2 FAT
1468 611 -1 4038 1.2619 2 FAT
1468 612 -1 3860 1.2608 2 FAT
1468 613 -1 3781 1.2604 2 FAT
1468 614 -1 3347 1.2480 2 FAT
1468 615 -1 3482 1.2402 2 FAT
1468 616 -1 3193 1.2357 2 FAT
1468 617 -1 3604 1.2411 2 FAT
1468 618 -1 3670 1.2462 2 FAT
1468 619 -1 1856 1.2468 2 FAT
1468 620 -1 2001 1.2534 2 FAT
1468 621 -1 2001 1.2534 2 FAT
1468 622 -1 2001 1.2534 2 FAT
1468 623 -1 2072 1.2535 2 FAT
1468 624 -1 2235 1.2591 2 FAT
1468 625 -1 2379 1.2638 2 FAT
1468 626 -1 2379 1.2638 2 FAT
1468 627 -1 2379 1.2638 2 FAT
1468 628 -1 2379 1.2638 2 FAT
1468 629 -1 2379 1.2638 2 FAT
1468 630 -1 2379 1.2638 2 FAT
1468 631 -1 2379 1.2638 2 FAT
1468 632 -1 2379 1.2638 2 FAT
1468 633 -1 2379 1.2638 2 FAT
1468 634 -1 2379 1.2638 2 FAT
1468 635 -1 2379 1.2638 2 FAT
1468 636 -1 2379 1.2638 2 FAT
1468 637 -1 2379 1.2638 2 FAT
1468 638 -1 2379 1.2638 2 FAT
1468 639 -1 2379 1.2638 2 FAT
1468 640 -1 2379 1.2638 2 FAT
1468 641 -1 2379 1.2638 2 FAT
1468 642 -1 2379 1.2638 2 FAT
1468 643 -1 2379 1.2638 2 FAT
1468 644 -1 2379 1.2638 2 FAT
1468 645 -1 2379 1.2638 2 FAT
1468 646 -1 2669 1.2638 2 FAT
1468 647 -1 2669 1.2638 2 FAT
1468 648 -1 2669 1.2638 2 FAT
1468 649 -1 2669 1.2638 2 FAT
1468 650 -1 2669 1.2638 2 FAT
1468 651 -1 2813 1.2639 2 FAT
1468 652 -1 2919 1.2639 2 FAT
1468 653 -1 3157 1.2718 2 FAT
1468 654 -1 3241 1.2720 2 FAT
1468 655 -1 3457 1.2776 2 FAT
1468 656 -1 3527 1.2797 2 FAT
1468 657 -1 3527 1.2797 2 FAT
1468 658 -1 3628 1.2797 2 FAT
1468 659 -1 3803 1.2829 2 FAT
1468 660 -1 4009 1.2873 2 FAT
1468 661 -1 4036 1.2878 2 FAT
1468 662 -1 4258 1.2902 0 FAT
1468 663 -1 4417 1.2928 0 FAT
1468 664 -1 4472 1.2941 0 FAT
1468 665 -1 4472 1.2941 0 FAT
1468 666 -1 4472 1.2941 0 FAT
1468 667 -1 4472 1.2941 0 FAT
1468 668 -1 4472 1.2941 0 FAT
1468 669 -1 4472 1.2941 0 FAT
1468 670 -1 4472 1.2941 0 FAT
1468 671 -1 4472 1.2941 0 FAT
1468 672 -1 4472 1.2941 0 FAT
1468 673 -1 4734 1.2941 0 FAT
1468 674 -1 4855 1.2940 0 FAT
1468 675 -1 5084 1.2974 0 FAT
1468 676 -1 5312 1.3009 0 FAT
1468 677 -1 5387 1.3008 0 FAT
1468 678 -1 5627 1.3045 0 FAT
1468 679 -1 5820 1.3065 0 FAT
1468 680 -1 5928 1.3085 0 FAT
1468 681 -1 5928 1.3085 0 FAT
1468 682 -1 5928 1.3085 0 FAT
1468 683 -1 5928 1.3085 0 FAT
1468 684 -1 6188 1.3085 0 FAT
1468 685 -1 6437 1.3118 0 FAT
1468 686 -1 6661 1.3138 0 FAT
1468 687 -1 6780 1.3159 0 FAT
1468 688 -1 6780 1.3159 0 FAT
1468 689 -1 7065 1.3176 0 FAT
1468 690 -1 7243 1.3199 0 FAT
1468 691 -1 7487 1.3221 0 FAT
1468 692 -1 7739 1.3247 0 FAT
1468 693 -1 7739 1.3247 0 FAT
1468 694 -1 7739 1.3247 0 FAT
1468 695 -1 7739 1.3247 0 FAT
1468 696 -1 7739 1.3247 0 FAT
1468 697 -1 7739 1.3247 0 FAT
1468 698 -1 7739 1.3247 0 FAT
1468 699 -1 7739 1.3247 0 FAT
1468 700 -1 7739 1.3247 0 FAT
1468 701 -1 7739 1.3247 0 FAT
1468 702 -1 7739 1.3247 0 FAT
1468 703 -1 7739 1.3247 0 FAT
1468 704 -1 7739 1.3247 0 FAT
1468 705 -1 7739 1.3247 0 FAT
1468 706 -1 7739 1.3247 0 FAT
1468 707 -1 7739 1.3247 0 FAT
1468 708 -1 7739 1.3247 0 FAT
1468 709 -1 7739 1.3247 0 FAT
1468 710 -1 7739 1.3247 0 FAT
1468 711 -1 7739 1.3247 0 FAT
1468 712 -1 7739 1.3247 0 FAT
1468 713 -1 7739 1.3247 0 FAT
1468 714 -1 7739 1.3247 0 FAT
1468 715 -1 7739 1.3247 0 FAT
1468 716 -1 7739 1.3247 0 FAT
1468 717 -1 7739 1.3247 0 FAT
1468 718 -1 7739 1.3247 0 FAT
1468 719 -1 7739 1.3247 0 FAT
1468 720 -1 7739 1.3247 0 FAT
1468 721 -1 7739 1.3247 0 FAT
1468 722 -1 7739 1.3247 0 FAT
1468 723 -1 7739 1.3247 0 FAT
1468 724 -1 7739 1.3247 0 FAT
1468 725 -1 7739 1.3247 0 FAT
1468 726 -1 7739 1.3247 0 FAT
1468 727 -1 7739 1.3247 0 FAT
1468 728 -1 7739 1.3247 0 FAT
1468 729 -1 7739 1.3247 0 FAT
1468 730 -1 7739 1.3247 0 FAT
1468 731 -1 7739 1.3247 0 FAT
1468 732 -1 7739 1.3247 0 FAT
1468 733 -1 7739 1.3247 0 FAT
1468 734 -1 7739 1.3247 0 FAT
1468 735 -1 7739 1.3247 0 FAT
1468 736 -1 7739 1.3247 0 FAT
1468 737 -1 7739 1.3247 0 FAT
1468 738 -1 7739 1.3247 0 FAT
1468 739 -1 7739 1.3247 0 FAT
1468 740 -1 7739 1.3247 0 FAT
1468 741 -1 7739 1.3247 0 FAT
1468 742 -1 7739 1.3247 0 FAT
1468 743 -1 7739 1.3247 0 FAT
1468 744 -1 7739 1.3247 0 FAT
1468 745 -1 7739 1.3247 0 FAT
1468 746 -1 7739 1.3247 0 FAT
1468 747 -1 7739 1.3247 0 FAT
1468 748 -1 7739 1.3247 0 FAT
1468 749 -1 7739 1.3247 0 FAT
1468 750 -1 7739 1.3247 0 FAT
1468 751 -1 7739 1.3247 0 FAT
1468 752 -1 7739 1.3247 0 FAT
1468 753 -1 7739 1.3247 0 FAT
1468 754 -1 7739 1.3247 0 FAT
1468 755 -1 7739 1.3247 0 FAT
1468 756 -1 7739 1.3247 0 FAT
1468 757 -1 7739 1.3247 0 FAT
1468 758 -1 7705 1.3241 0 FAT
1468 759 -1 7446 1.3215 0 FAT
1468 760 -1 7206 1.3199 0 FAT
1468 761 -1 7152 1.3189 0 FAT
1468 762 -1 6937 1.3171 0 FAT
1468 763 -1 6713 1.3137 0 FAT
1468 764 -1 6337 1.3130 0 FAT
1468 765 -1 6337 1.3130 0 FAT
1468 766 -1 6337 1.3130 0 FAT
1468 767 -1 6337 1.3130 0 FAT
1468 768 -1 6274 1.3122 0 FAT
1468 769 -1 6105 1.3104 0 FAT
1468 770 -1 5873 1.3067 0 FAT
1468 771 -1 5664 1.3057 0 FAT
1468 772 -1 5664 1.3057 0 FAT
1468 773 -1 5473 1.3025 0 FAT
1468 774 -1 5319 1.3012 0 FAT
1468 775 -1 5125 1.2977 0 FAT
1468 776 -1 4825 1.2942 0 FAT
1468 777 -1 4734 1.2941 0 FAT
1468 778 -1 4582 1.2940 0 FAT
1468 779 -1 4582 1.2940 0 FAT
1468 780 -1 4328 1.2940 0 FAT
1468 781 -1 4328 1.2940 0 FAT
1468 782 -1 4328 1.2940 0 FAT
1468 783 -1 4328 1.2940 0 FAT
1468 784 -1 4328 1.2940 0 FAT
1468 785 -1 4328 1.2940 0 FAT
1468 786 -1 4328 1.2940 0 FAT
1468 787 -1 4328 1.2940 0 FAT
1468 788 -1 4328 1.2940 0 FAT
1468 789 -1 4328 1.2940 0 FAT
1468 790 -1 4328 1.2940 0 FAT
1468 791 -1 4328 1.2940 0 FAT
1468 792 -1 4328 1.2940 0 FAT
1468 793 -1 4217 1.2919 0 FAT
1468 794 -1 4011 1.2884 2 FAT
1468 795 -1 3950 1.2883 2 FAT
1468 796 -1 3874 1.2869 2 FAT
1468 797 -1 3671 1.2830 2 FAT
1468 798 -1 3557 1.2797 2 FAT
1468 799 -1 3379 1.2757 2 FAT
1468 800 -1 3183 1.2747 2 FAT
1468 801 -1 3069 1.2745 2 FAT
1468 802 -1 3069 1.2745 2 FAT
1468 803 -1 3069 1.2745 2 FAT
1468 804 -1 3069 1.2745 2 FAT
1468 805 -1 3069 1.2745 2 FAT
1468 806 -1 3069 1.2745 2 FAT
1468 807 -1 3002 1.2716 2 FAT
1468 808 -1 2934 1.2719 2 FAT
1468 809 -1 2738 1.2663 2 FAT
1468 810 -1 2549 1.2623 2 FAT
1468 811 -1 2489 1.2624 2 FAT
1468 812 -1 2489 1.2624 2 FAT
1468 813 -1 2466 1.2611 2 FAT
1468 814 -1 2300 1.2563 2 FAT
1468 815 -1 2187 1.2545 2 FAT
1468 816 -1 2117 1.2523 2 FAT
1468 817 -1 1975 1.2467 2 FAT
1468 818 -1 1767 1.2367 2 FAT
1468 819 -1 1701 1.2365 2 FAT
1468 820 -1 1640 1.2364 2 FAT
1468 821 -1 1640 1.2364 2 FAT
1468 822 -1 1547 1.2364 2 FAT
1468 823 -1 1547 1.2364 2 FAT
1468 824 -1 1547 1.2364 2 FAT
1468 825 -1 1547 1.2364 2 FAT
1468 826 -1 1405 1.2366 2 FAT
1468 827 -1 1405 1.2366 2 FAT
1468 828 -1 1405 1.2366 2 FAT
1468 829 -1 1405 1.2366 2 FAT
1468 830 -1 1405 1.2366 2 FAT
1468 831 -1 1405 1.2366 2 FAT
1468 832 -1 1405 1.2366 2 FAT
1468 833 -1 1405 1.2366 2 FAT
1468 834 -1 1405 1.2366 2 FAT
1468 835 -1 1405 1.2366 2 FAT
1468 836 -1 1405 1.2366 2 FAT
1468 837 -1 1188 1.2367 2 FAT
1468 838 -1 1188 1.2367 2 FAT
1468 839 -1 1188 1.2367 2 FAT
1468 840 -1 1188 1.2367 2 FAT
1468 841 -1 1188 1.2367 2 FAT
1468 842 -1 1188 1.2367 2 FAT
1468 843 -1 1188 1.2367 2 FAT
1468 844 -1 1188 1.2367 2 FAT
1468 845 -1 1188 1.2367 2 FAT
1468 846 -1 1188 1.2367 2 FAT
1468 847 -1 1188 1.2367 2 FAT
1468 848 -1 1188 1.2367 2 FAT
1468 849 -1 1188 1.2367 2 FAT
1468 850 -1 1188 1.2367 2 FAT
1468 851 -1 1188 1.2367 2 FAT
1468 852 -1 1188 1.2367 2 FAT
1468 853 -1 1188 1.2367 2 FAT
1468 854 -1 1188 1.2367 2 FAT
1468 855 -1 1188 1.2367 2 FAT
1468 856 -1 1188 1.2367 2 FAT
1468 857 -1 1188 1.2367 2 FAT
1468 858 -1 1188 1.2367 2 FAT
1468 859 -1 1188 1.2367 2 FAT
1468 860 -1 1188 1.2367 2 FAT
1468 861 -1 1188 1.2367 2 FAT
1468 862 -1 1188 1.2367 2 FAT
1468 863 -1 1188 1.2367 2 FAT
1468 864 -1 1188 1.2367 2 FAT
1468 865 -1 1188 1.2367 2 FAT
1468 866 -1 1188 1.2367 2 FAT
1468 867 -1 1188 1.2367 2 FAT
1468 868 -1 1188 1.2367 2 FAT
1468 869 -1 1188 1.2367 2 FAT
1468 870 -1 1188 1.2367 2 FAT
1468 871 -1 1188 1.2367 2 FAT
1468 872 -1 1188 1.2367 2 FAT
1468 873 -1 1188 1.2367 2 FAT
1468 874 -1 1188 1.2367 2 FAT
1468 875 -1 1188 1.2367 2 FAT
1468 876 -1 1188 1.2367 2 FAT
1468 877 -1 1188 1.2367 2 FAT
1468 878 -1 1188 1.2367 2 FAT
1468 879 -1 1188 1.2367 2 FAT
1468 880 -1 1188 1.2367 2 FAT
1468 881 -1 1188 1.2367 2 FAT
1468 882 -1 1188 1.2367 2 FAT
1468 883 -1 1188 1.2367 2 FAT
1468 884 -1 1188 1.2367 2 FAT
1468 885 -1 1188 1.2367 2 FAT
1468 886 -1 1188 1.2367 2 FAT
1468 887 -1 1188 1.2367 2 FAT
1468 888 -1 1094 1.2300 2 FAT
1468 889 -1 993 1.2242 2 FAT
1468 890 -1 942 1.2241 2 FAT
1468 891 -1 942 1.2241 2 FAT
1468 892 -1 942 1.2241 2 FAT
1468 893 -1 881 1.2179 2 FAT
1468 894 -1 807 1.2149 2 FAT
1468 895 -1 792 1.2143 2 FAT
1468 896 -1 721 1.2080 2 FAT
1468 897 -1 589 1.1904 2 FAT
1468 898 -1 557 1.1912 2 FAT
1468 899 -1 557 1.1912 2 FAT
1468 900 -1 530 1.1907 2 FAT
1468 901 -1 530 1.1907 2 FAT
1468 902 -1 530 1.1907 2 FAT
1468 903 -1 492 1.1903 2 FAT
1468 904 -1 492 1.1903 2 FAT
1468 905 -1 492 1.1903 2 FAT
1468 906 -1 492 1.1903 2 FAT
1468 907 -1 492 1.1903 2 FAT
1468 908 -1 492 1.1903 2 FAT
1468 909 -1 492 1.1903 2 FAT
1468 910 -1 438 1.1903 2 FAT
1468 911 -1 438 1.1903 2 FAT
1468 912 -1 438 1.1903 2 FAT
1468 913 -1 438 1.1903 2 FAT
1468 914 -1 438 1.1903 2 FAT
1468 915 -1 438 1.1903 2 FAT
1468 916 -1 438 1.1903 2 FAT
1468 917 -1 438 1.1903 2 FAT
1468 918 -1 438 1.1903 2 FAT
1468 919 -1 438 1.1903 2 FAT
1468 920 -1 438 1.1903 2 FAT
1468 921 -1 438 1.1903 2 FAT
1468 922 -1 438 1.1903 2 FAT
1468 923 -1 438 1.1903 2 FAT
1468 924 -1 438 1.1903 2 FAT
1468 925 -1 438 1.1903 2 FAT
1468 926 -1 438 1.1903 2 FAT
1468 927 -1 438 1.1903 2 FAT
1468 928 -1 438 1.1903 2 FAT
1468 929 -1 438 1.1903 2 FAT
1468 930 -1 438 1.1903 2 FAT
1468 931 -1 390 1.1820 2 FAT
1468 932 -1 302 1.1615 2 FAT
1468 933 -1 281 1.1589 2 FAT
1468 934 -1 270 1.1597 2 FAT
1468 935 -1 255 1.1612 2 FAT
1468 936 -1 255 1.1612 2 FAT
1468 937 -1 255 1.1612 2 FAT
1468 938 -1 255 1.1612 2 FAT
1468 939 -1 234 1.1621 2 FAT
1468 940 -1 234 1.1621 2 FAT
1468 941 -1 234 1.1621 2 FAT
1468 942 -1 234 1.1621 2 FAT
1468 943 -1 234 1.1621 2 FAT
1468 944 -1 234 1.1621 2 FAT
1468 945 -1 234 1.1621 2 FAT
1468 946 -1 234 1.1621 2 FAT
1468 947 -1 234 1.1621 2 FAT
1468 948 -1 178 1.1474 2 FAT
1468 949 -1 162 1.1421 2 FAT
1468 950 -1 162 1.1421 2 FAT
1468 951 -1 151 1.1422 2 FAT
1468 952 -1 151 1.1422 2 FAT
1468 953 -1 151 1.1422 2 FAT
1468 954 -1 151 1.1422 2 FAT
1468 955 -1 120 1.1256 2 FAT
1468 956 -1 108 1.1190 2 FAT
1468 957 -1 108 1.1190 2 FAT
1468 958 -1 441 1.1237 2 FAT
1468 959 -1 697 1.1904 2 FAT
1468 960 -1 461 1.1278 2 FAT
1468 961 -1 265 1.0779 2 FAT
1468 962 -1 265 1.0779 2 FAT
1468 963 -1 156 1.0447 2 FAT
1468 964 -1 281 1.0842 2 FAT
1468 965 -1 135 1.0428 2 FAT
1468 966 -1 135 1.0428 2 FAT
1468 967 -1 135 1.0428 2 FAT
1468 968 -1 135 1.0428 2 FAT
1468 969 -1 135 1.0428 2 FAT
1468 970 -1 318 1.0945 2 FAT
1468 971 -1 112 1.0410 2 FAT
1468 972 -1 112 1.0410 2 FAT
1468 973 -1 112 1.0410 2 FAT
1468 974 -1 112 1.0410 2 FAT
1468 975 -1 112 1.0410 2 FAT
1468 976 -1 112 1.0410 2 FAT
1468 977 -1 112 1.0410 2 FAT
1468 978 -1 112 1.0410 2 FAT
1468 979 -1 112 1.0410 2 FAT
1468 980 -1 112 1.0410 2 FAT
1468 981 -1 112 1.0410 2 FAT
1468 982 -1 112 1.0410 2 FAT
1468 983 -1 192 1.0491 2 FAT
1468 984 -1 282 1.0848 2 FAT
1468 985 -1 301 1.0915 2 FAT
1468 986 -1 87 1.0394 2 FAT
1468 987 -1 87 1.0394 2 FAT
1468 988 -1 87 1.0394 2 FAT
1468 989 -1 87 1.0394 2 FAT
1468 990 -1 87 1.0394 2 FAT
1468 991 -1 87 1.0394 2 FAT
1468 992 -1 87 1.0394 2 FAT
1468 993 -1 87 1.0394 2 FAT
1468 994 -1 87 1.0394 2 FAT
1468 995 -1 87 1.0394 2 FAT
1468 996 -1 87 1.0394 2 FAT
1468 997 -1 87 1.0394 2 FAT
1468 998 -1 87 1.0394 2 FAT
1468 999 -1 87 1.0394 2 FAT
1468 1000 -1 87 1.0394 2 FAT
1468 1001 -1 87 1.0394 2 FAT
1468 1002 -1 87 1.0394 2 FAT
1468 1003 -1 87 1.0394 2 FAT
1468 1004 -1 87 1.0394 2 FAT
1468 1005 -1 87 1.0394 2 FAT
1468 1006 -1 87 1.0394 2 FAT
1468 1007 -1 87 1.0394 2 FAT
1468 1008 -1 87 1.0394 2 FAT
1468 1009 -1 87 1.0394 2 FAT
1468 1010 -1 87 1.0394 2 FAT
1468 1011 -1 87 1.0394 2 FAT
1468 1012 -1 87 1.0394 2 FAT
1468 1013 -1 87 1.0394 2 FAT
1468 1014 -1 87 1.0394 2 FAT
1468 1015 -1 87 1.0394 2 FAT
1468 1016 -1 87 1.0394 2 FAT
1468 1017 -1 358 1.1037 2 FAT
1468 1018 -1 265 1.0779 2 FAT
1468 1019 -1 135 1.0428 2 FAT
1468 1020 -1 135 1.0428 2 FAT
1468 1021 -1 135 1.0428 2 FAT
1468 1022 -1 135 1.0428 2 FAT
1468 1023 -1 272 1.0815 2 FAT
1468 1024 -1 272 1.0815 2 FAT
1468 1025 -1 340 1.1028 2 FAT
1468 1026 -1 60 1.0379 2 FAT
1468 1027 -1 60 1.0379 2 FAT
1468 1028 -1 60 1.0379 2 FAT
1468 1029 -1 60 1.0379 2 FAT
1468 1030 -1 60 1.0379 2 FAT
1468 1031 -1 60 1.0379 2 FAT
1468 1032 -1 60 1.0379 2 FAT
1468 1033 -1 60 1.0379 2 FAT
1468 1034 -1 60 1.0379 2 FAT
1468 1035 -1 60 1.0379 2 FAT
1468 1036 -1 60 1.0379 2 FAT
1468 1037 -1 60 1.0379 2 FAT
1468 1038 -1 60 1.0379 2 FAT
1468 1039 -1 60 1.0379 2 FAT
1468 1040 -1 60 1.0379 2 FAT
1468 1041 -1 60 1.0379 2 FAT
1468 1042 -1 60 1.0379 2 FAT
1468 1043 -1 60 1.0379 2 FAT
1468 1044 -1 60 1.0379 2 FAT
1468 1045 -1 60 1.0379 2 FAT
1468 1046 -1 60 1.0379 2 FAT
1468 1047 -1 60 1.0379 2 FAT
1468 1048 -1 60 1.0379 2 FAT
1468 1049 -1 60 1.0379 2 FAT
1468 1050 -1 60 1.0379 2 FAT
1468 1051 -1 60 1.0379 2 FAT
1468 1052 -1 60 1.0379 2 FAT
1468 1053 -1 60 1.0379 2 FAT
1468 1054 -1 60 1.0379 2 FAT
1468 1055 -1 60 1.0379 2 FAT
1468 1056 -1 60 1.0379 2 FAT
1468 1057 -1 60 1.0379 2 FAT
1468 1058 -1 60 1.0379 2 FAT
1468 1059 -1 60 1.0379 2 FAT
1468 1060 -1 60 1.0379 2 FAT
1468 1061 -1 60 1.0379 2 FAT
1468 1062 -1 60 1.0379 2 FAT
1468 1063 -1 60 1.0379 2 FAT
1468 1064 -1 60 1.0379 2 FAT
1468 1065 -1 60 1.0379 2 FAT
1468 1066 -1 60 1.0379 2 FAT
1468 1067 -1 60 1.0379 2 FAT
1468 1068 -1 60 1.0379 2 FAT
1468 1069 -1 60 1.0379 2 FAT
1468 1070 -1 60 1.0379 2 FAT
1468 1071 -1 60 1.0379 2 FAT
1468 1072 -1 60 1.0379 2 FAT
1468 1073 -1 60 1.0379 2 FAT
1468 1074 -1 60 1.0379 2 FAT
1468 1075 -1 60 1.0379 2 FAT
1468 1076 -1 60 1.0379 2 FAT
1468 1077 -1 60 1.0379 2 FAT
1468 1078 -1 60 1.0379 2 FAT
1468 1079 -1 60 1.0379 2 FAT
1468 1080 -1 60 1.0379 2 FAT
1468 1081 -1 60 1.0379 2 FAT
1468 1082 -1 60 1.0379 2 FAT
1468 1083 -1 60 1.0379 2 FAT
1468 1084 -1 60 1.0379 2 FAT
1468 1085 -1 60 1.0379 2 FAT
1468 1086 -1 60 1.0379 2 FAT
1468 1087 -1 60 1.0379 2 FAT
1468 1088 -1 60 1.0379 2 FAT
1468 1089 -1 60 1.0379 2 FAT
1468 1090 -1 60 1.0379 2 FAT
1468 1091 -1 60 1.0379 2 FAT
1468 1092 -1 60 1.0379 2 FAT
1468 1093 -1 60 1.0379 2 FAT
1468 1094 -1 60 1.0379 2 FAT
1468 1095 -1 60 1.0379 2 FAT
1468 1096 -1 60 1.0379 2 FAT
1468 1097 -1 60 1.0379 2 FAT
1468 1098 -1 60 1.0379 2 FAT
1468 1099 -1 60 1.0379 2 FAT
1468 1100 -1 60 1.0379 2 FAT
1468 1101 -1 60 1.0379 2 FAT
1468 1102 -1 60 1.0379 2 FAT
1468 1103 -1 60 1.0379 2 FAT
1468 1104 -1 60 1.0379 2 FAT
1468 1105 -1 60 1.0379 2 FAT
1468 1106 -1 60 1.0379 2 FAT
1468 1107 -1 340 1.1028 2 FAT
1468 1108 -1 272 1.0815 2 FAT
1468 1109 -1 272 1.0815 2 FAT
1468 1110 -1 135 1.0428 2 FAT
1468 1111 -1 135 1.0428 2 FAT
1468 1112 -1 135 1.0428 2 FAT
1468 1113 -1 135 1.0428 2 FAT
1468 1114 -1 265 1.0779 2 FAT
1468 1115 -1 358 1.1037 2 FAT
1468 1116 -1 87 1.0394 2 FAT
1468 1117 -1 87 1.0394 2 FAT
1468 1118 -1 87 1.0394 2 FAT
1468 1119 -1 87 1.0394 2 FAT
1468 1120 -1 87 1.0394 2 FAT
1468 1121 -1 87 1.0394 2 FAT
1468 1122 -1 87 1.0394 2 FAT
1468 1123 -1 87 1.0394 2 FAT
1468 1124 -1 87 1.0394 2 FAT
1468 1125 -1 87 1.0394 2 FAT
1468 1126 -1 87 1.0394 2 FAT
1468 1127 -1 87 1.0394 2 FAT
1468 1128 -1 87 1.0394 2 FAT
1468 1129 -1 87 1.0394 2 FAT
1468 1130 -1 87 1.0394 2 FAT
1468 1131 -1 87 1.0394 2 FAT
1468 1132 -1 87 1.0394 2 FAT
1468 1133 -1 87 1.0394 2 FAT
1468 1134 -1 87 1.0394 2 FAT
1468 1135 -1 87 1.0394 2 FAT
1468 1136 -1 87 1.0394 2 FAT
1468 1137 -1 87 1.0394 2 FAT
1468 1138 -1 87 1.0394 2 FAT
1468 1139 -1 87 1.0394 2 FAT
1468 1140 -1 87 1.0394 2 FAT
1468 1141 -1 87 1.0394 2 FAT
1468 1142 -1 87 1.0394 2 FAT
1468 1143 -1 87 1.0394 2 FAT
1468 1144 -1 87 1.0394 2 FAT
1468 1145 -1 87 1.0394 2 FAT
1468 1146 -1 87 1.0394 2 FAT
1468 1147 -1 301 1.0915 2 FAT
1468 1148 -1 282 1.0848 2 FAT
1468 1149 -1 192 1.0491 2 FAT
1468 1150 -1 112 1.0410 2 FAT
1468 1151 -1 112 1.0410 2 FAT
1468 1152 -1 112 1.0410 2 FAT
1468 1153 -1 112 1.0410 2 FAT
1468 1154 -1 112 1.0410 2 FAT
1468 1155 -1 112 1.0410 2 FAT
1468 1156 -1 112 1.0410 2 FAT
1468 1157 -1 112 1.0410 2 FAT
1468 1158 -1 112 1.0410 2 FAT
1468 1159 -1 112 1.0410 2 FAT
1468 1160 -1 112 1.0410 2 FAT
1468 1161 -1 112 1.0410 2 FAT
1468 1162 -1 318 1.0945 2 FAT
1468 1163 -1 135 1.0428 2 FAT
1468 1164 -1 135 1.0428 2 FAT
1468 1165 -1 135 1.0428 2 FAT
1468 1166 -1 135 1.0428 2 FAT
1468 1167 -1 135 1.0428 2 FAT
1468 1168 -1 281 1.0842 2 FAT
1468 1169 -1 156 1.0447 2 FAT
1468 1170 -1 265 1.0779 2 FAT
1468 1171 -1 265 1.0779 2 FAT
1468 1172 -1 461 1.1278 2 FAT
1468 1173 -1 697 1.1904 2 FAT
1468 1174 -1 441 1.1237 2 FAT
1468 1175 -1 108 1.1190 2 FAT
1468 1176 -1 108 1.1190 2 FAT
1468 1177 -1 120 1.1256 2 FAT
1468 1178 -1 151 1.1422 2 FAT
1468 1179 -1 151 1.1422 2 FAT
1468 1180 -1 151 1.1422 2 FAT
1468 1181 -1 151 1.1422 2 FAT
1468 1182 -1 162 1.1421 2 FAT
1468 1183 -1 162 1.1421 2 FAT
1468 1184 -1 178 1.1474 2 FAT
1468 1185 -1 234 1.1621 2 FAT
1468 1186 -1 234 1.1621 2 FAT
1468 1187 -1 234 1.1621 2 FAT
1468 1188 -1 234 1.1621 2 FAT
1468 1189 -1 234 1.1621 2 FAT
1468 1190 -1 234 1.1621 2 FAT
1468 1191 -1 234 1.1621 2 FAT
1468 1192 -1 234 1.1621 2 FAT
1468 1193 -1 234 1.1621 2 FAT
1468 1194 -1 255 1.1612 2 FAT
1468 1195 -1 255 1.1612 2 FAT
1468 1196 -1 255 1.1612 2 FAT
1468 1197 -1 255 1.1612 2 FAT
1468 1198 -1 270 1.1597 2 FAT
1468 1199 -1 281 1.1589 2 FAT
1468 1200 -1 302 1.1615 2 FAT
1468 1201 -1 390 1.1820 2 FAT
1468 1202 -1 438 1.1903 2 FAT
1468 1203 -1 438 1.1903 2 FAT
1468 1204 -1 438 1.1903 2 FAT
1468 1205 -1 438 1.1903 2 FAT
1468 1206 -1 438 1.1903 2 FAT
1468 1207 -1 438 1.1903 2 FAT
1468 1208 -1 438 1.1903 2 FAT
1468 1209 -1 438 1.1903 2 FAT
1468 1210 -1 438 1.1903 2 FAT
1468 1211 -1 438 1.1903 2 FAT
1468 1212 -1 438 1.1903 2 FAT
1468 1213 -1 438 1.1903 2 FAT
1468 1214 -1 438 1.1903 2 FAT
1468 1215 -1 438 1.1903 2 FAT
1468 1216 -1 438 1.1903 2 FAT
1468 1217 -1 438 1.1903 2 FAT
1468 1218 -1 438 1.1903 2 FAT
1468 1219 -1 438 1.1903 2 FAT
1468 1220 -1 438 1.1903 2 FAT
1468 1221 -1 438 1.1903 2 FAT
1468 1222 -1 438 1.1903 2 FAT
1468 1223 -1 492 1.1903 2 FAT
1468 1224 -1 492 1.1903 2 FAT
1468 1225 -1 492 1.1903 2 FAT
1468 1226 -1 492 1.1903 2 FAT
1468 1227 -1 492 1.1903 2 FAT
1468 1228 -1 492 1.1903 2 FAT
1468 1229 -1 492 1.1903 2 FAT
1468 1230 -1 530 1.1907 2 FAT
1468 1231 -1 530 1.1907 2 FAT
1468 1232 -1 530 1.1907 2 FAT
1468 1233 -1 557 1.1912 2 FAT
1468 1234 -1 557 1.1912 2 FAT
1468 1235 -1 589 1.1904 2 FAT
1468 1236 -1 721 1.2080 2 FAT
1468 1237 -1 792 1.2143 2 FAT
1468 1238 -1 807 1.2149 2 FAT
1468 1239 -1 881 1.2179 2 FAT
1468 1240 -1 942 1.2241 2 FAT
1468 1241 -1 942 1.2241 2 FAT
1468 1242 -1 942 1.2241 2 FAT
1468 1243 -1 993 1.2242 2 FAT
1468 1244 -1 1094 1.2300 2 FAT
1468 1245 -1 1188 1.2367 2 FAT
1468 1246 -1 1188 1.2367 2 FAT
1468 1247 -1 1188 1.2367 2 FAT
1468 1248 -1 1188 1.2367 2 FAT
1468 1249 -1 1188 1.2367 2 FAT
1468 1250 -1 1188 1.2367 2 FAT
1468 1251 -1 1188 1.2367 2 FAT
1468 1252 -1 1188 1.2367 2 FAT
1468 1253 -1 1188 1.2367 2 FAT
1468 1254 -1 1188 1.2367 2 FAT
1468 1255 -1 1188 1.2367 2 FAT
1468 1256 -1 1188 1.2367 2 FAT
1468 1257 -1 1188 1.2367 2 FAT
1468 1258 -1 1188 1.2367 2 FAT
1468 1259 -1 1188 1.2367 2 FAT
1468 1260 -1 1188 1.2367 2 FAT
1468 1261 -1 1188 1.2367 2 FAT
1468 1262 -1 1188 1.2367 2 FAT
1468 1263 -1 1188 1.2367 2 FAT
1468 1264 -1 1188 1.2367 2 FAT
1468 1265 -1 1188 1.2367 2 FAT
1468 1266 -1 1188 1.2367 2 FAT
1468 1267 -1 1188 1.2367 2 FAT
1468 1268 -1 1188 1.2367 2 FAT
1468 1269 -1 1188 1.2367 2 FAT
1468 1270 -1 1188 1.2367 2 FAT
1468 1271 -1 1188 1.2367 2 FAT
1468 1272 -1 1188 1.2367 2 FAT
1468 1273 -1 1188 1.2367 2 FAT
1468 1274 -1 1188 1.2367 2 FAT
1468 1275 -1 1188 1.2367 2 FAT
1468 1276 -1 1188 1.2367 2 FAT
1468 1277 -1 1188 1.2367 2 FAT
1468 1278 -1 1188 1.2367 2 FAT
1468 1279 -1 1188 1.2367 2 FAT
1468 1280 -1 1188 1.2367 2 FAT
1468 1281 -1 1188 1.2367 2 FAT
1468 1282 -1 1188 1.2367 2 FAT
1468 1283 -1 1188 1.2367 2 FAT
1468 1284 -1 1188 1.2367 2 FAT
1468 1285 -1 1188 1.2367 2 FAT
1468 1286 -1 1188 1.2367 2 FAT
1468 1287 -1 1188 1.2367 2 FAT
1468 1288 -1 1188 1.2367 2 FAT
1468 1289 -1 1188 1.2367 2 FAT
1468 1290 -1 1188 1.2367 2 FAT
1468 1291 -1 1188 1.2367 2 FAT
1468 1292 -1 1188 1.2367 2 FAT
1468 1293 -1 1188 1.2367 2 FAT
1468 1294 -1 1188 1.2367 2 FAT
1468 1295 -1 1188 1.2367 2 FAT
1468 1296 -1 1405 1.2366 2 FAT
1468 1297 -1 1405 1.2366 2 FAT
1468 1298 -1 1405 1.2366 2 FAT
1468 1299 -1 1405 1.2366 2 FAT
1468 1300 -1 1405 1.2366 2 FAT
1468 1301 -1 1405 1.2366 2 FAT
1468 1302 -1 1405 1.2366 2 FAT
1468 1303 -1 1405 1.2366 2 FAT
1468 1304 -1 1405 1.2366 2 FAT
1468 1305 -1 1405 1.2366 2 FAT
1468 1306 -1 1405 1.2366 2 FAT
1468 1307 -1 1547 1.2364 2 FAT
1468 1308 -1 1547 1.2364 2 FAT
1468 1309 -1 1547 1.2364 2 FAT
1468 1310 -1 1547 1.2364 2 FAT
1468 1311 -1 1640 1.2364 2 FAT
1468 1312 -1 1640 1.2364 2 FAT
1468 1313 -1 1701 1.2365 2 FAT
1468 1314 -1 1767 1.2367 2 FAT
1468 1315 -1 1975 1.2467 2 FAT
1468 1316 -1 2117 1.2523 2 FAT
1468 1317 -1 2187 1.2545 2 FAT
1468 1318 -1 2300 1.2563 2 FAT
1468 1319 -1 2466 1.2611 2 FAT
1468 1320 -1 2489 1.2624 2 FAT
1468 1321 -1 2489 1.2624 2 FAT
1468 1322 -1 2549 1.2623 2 FAT
1468 1323 -1 2738 1.2663 2 FAT
1468 1324 -1 2934 1.2719 2 FAT
1468 1325 -1 3002 1.2716 2 FAT
1468 1326 -1 3069 1.2745 2 FAT
1468 1327 -1 3069 1.2745 2 FAT
1468 1328 -1 3069 1.2745 2 FAT
1468 1329 -1 3069 1.2745 2 FAT
1468 1330 -1 3069 1.2745 2 FAT
1468 1331 -1 3069 1.2745 2 FAT
1468 1332 -1 3183 1.2747 2 FAT
1468 1333 -1 3379 1.2757 2 FAT
1468 1334 -1 3557 1.2797 2 FAT
1468 1335 -1 3671 1.2830 2 FAT
1468 1336 -1 3874 1.2869 2 FAT
1468 1337 -1 3950 1.2883 2 FAT
1468 1338 -1 4011 1.2884 2 FAT
1468 1339 -1 4217 1.2919 0 FAT
1468 1340 -1 4328 1.2940 0 FAT
1468 1341 -1 4328 1.2940 0 FAT
1468 1342 -1 4328 1.2940 0 FAT
1468 1343 -1 4328 1.2940 0 FAT
1468 1344 -1 4328 1.2940 0 FAT
1468 1345 -1 4328 1.2940 0 FAT
1468 1346 -1 4328 1.2940 0 FAT
1468 1347 -1 4328 1.2940 0 FAT
1468 1348 -1 4328 1.2940 0 FAT
1468 1349 -1 4328 1.2940 0 FAT
1468 1350 -1 4328 1.2940 0 FAT
1468 1351 -1 4328 1.2940 0 FAT
1468 1352 -1 4328 1.2940 0 FAT
1468 1353 -1 4582 1.2940 0 FAT
1468 1354 -1 4582 1.2940 0 FAT
1468 1355 -1 4734 1.2941 0 FAT
1468 1356 -1 4825 1.2942 0 FAT
1468 1357 -1 5125 1.2977 0 FAT
1468 1358 -1 5319 1.3012 0 FAT
1468 1359 -1 5473 1.3025 0 FAT
1468 1360 -1 5664 1.3057 0 FAT
1468 1361 -1 5664 1.3057 0 FAT
1468 1362 -1 5873 1.3067 0 FAT
1468 1363 -1 6105 1.3104 0 FAT
1468 1364 -1 6274 1.3122 0 FAT
1468 1365 -1 6337 1.3130 0 FAT
1468 1366 -1 6337 1.3130 0 FAT
1468 1367 -1 6337 1.3130 0 FAT
1468 1368 -1 6337 1.3130 0 FAT
1468 1369 -1 6713 1.3137 0 FAT
1468 1370 -1 6937 1.3171 0 FAT
1468 1371 -1 7152 1.3189 0 FAT
1468 1372 -1 7206 1.3199 0 FAT
1468 1373 -1 7446 1.3215 0 FAT
1468 1374 -1 7705 1.3241 0 FAT
1468 1375 -1 7739 1.3247 0 FAT
1468 1376 -1 7739 1.3247 0 FAT
1468 1377 -1 7739 1.3247 0 FAT
1468 1378 -1 7739 1.3247 0 FAT
1468 1379 -1 7739 1.3247 0 FAT
1468 1380 -1 7739 1.3247 0 FAT
1468 1381 -1 7739 1.3247 0 FAT
1468 1382 -1 7739 1.3247 0 FAT
1468 1383 -1 7739 1.3247 0 FAT
1468 1384 -1 7739 1.3247 0 FAT
1468 1385 -1 7739 1.3247 0 FAT
1468 1386 -1 7739 1.3247 0 FAT
1468 1387 -1 7739 1.3247 0 FAT
1468 1388 -1 7739 1.3247 0 FAT
1468 1389 -1 7739 1.3247 0 FAT
1468 1390 -1 7739 1.3247 0 FAT
1468 1391 -1 7739 1.3247 0 FAT
1468 1392 -1 7739 1.3247 0 FAT
1468 1393 -1 7739 1.3247 0 FAT
1468 1394 -1 7739 1.3247 0 FAT
1468 1395 -1 7739 1.3247 0 FAT
1468 1396 -1 7739 1.3247 0 FAT
1468 1397 -1 7739 1.3247 0 FAT
1468 1398 -1 7739 1.3247 0 FAT
1468 1399 -1 7739 1.3247 0 FAT
1468 1400 -1 7739 1.3247 0 FAT
1468 1401 -1 7739 1.3247 0 FAT
1468 1402 -1 7739 1.3247 0 FAT
1468 1403 -1 7739 1.3247 0 FAT
1468 1404 -1 7739 1.3247 0 FAT
1468 1405 -1 7739 1.3247 0 FAT
1468 1406 -1 7739 1.3247 0 FAT
1468 1407 -1 7739 1.3247 0 FAT
1468 1408 -1 7739 1.3247 0 FAT
1468 1409 -1 7739 1.3247 0 FAT
1468 1410 -1 7739 1.3247 0 FAT
1468 1411 -1 7739 1.3247 0 FAT
1468 1412 -1 7739 1.3247 0 FAT
1468 1413 -1 7739 1.3247 0 FAT
1468 1414 -1 7739 1.3247 0 FAT
1468 1415 -1 7739 1.3247 0 FAT
1468 1416 -1 7739 1.3247 0 FAT
1468 1417 -1 7739 1.3247 0 FAT
1468 1418 -1 7739 1.3247 0 FAT
1468 1419 -1 7739 1.3247 0 FAT
1468 1420 -1 7739 1.3247 0 FAT
1468 1421 -1 7739 1.3247 0 FAT
1468 1422 -1 7739 1.3247 0 FAT
1468 1423 -1 7739 1.3247 0 FAT
1468 1424 -1 7739 1.3247 0 FAT
1468 1425 -1 7739 1.3247 0 FAT
1468 1426 -1 7739 1.3247 0 FAT
1468 1427 -1 7739 1.3247 0 FAT
1468 1428 -1 7739 1.3247 0 FAT
1468 1429 -1 7739 1.3247 0 FAT
1468 1430 -1 7739 1.3247 0 FAT
1468 1431 -1 7739 1.3247 0 FAT
1468 1432 -1 7739 1.3247 0 FAT
1468 1433 -1 7739 1.3247 0 FAT
1468 1434 -1 7739 1.3247 0 FAT
1468 1435 -1 7739 1.3247 0 FAT
1468 1436 -1 7739 1.3247 0 FAT
1468 1437 -1 7739 1.3247 0 FAT
1468 1438 -1 7739 1.3247 0 FAT
1468 1439 -1 7739 1.3247 0 FAT
1468 1440 -1 7739 1.3247 0 FAT
1468 1441 -1 7487 1.3221 0 FAT
1468 1442 -1 7243 1.3199 0 FAT
1468 1443 -1 7065 1.3176 0 FAT
1468 1444 -1 6780 1.3159 0 FAT
1468 1445 -1 6780 1.3159 0 FAT
1468 1446 -1 6661 1.3138 0 FAT
1468 1447 -1 6437 1.3118 0 FAT
1468 1448 -1 6188 1.3085 0 FAT
1468 1449 -1 5928 1.3085 0 FAT
1468 1450 -1 5928 1.3085 0 FAT
1468 1451 -1 5928 1.3085 0 FAT
1468 1452 -1 5928 1.3085 0 FAT
1468 1453 -1 5820 1.3065 0 FAT
1468 1454 -1 5627 1.3045 0 FAT
1468 1455 -1 5387 1.3008 0 FAT
1468 1456 -1 5312 1.3009 0 FAT
1468 1457 -1 5084 1.2974 0 FAT
1468 1458 -1 4855 1.2940 0 FAT
1468 1459 -1 4734 1.2941 0 FAT
1468 1460 -1 4472 1.2941 0 FAT
1468 1461 -1 4472 1.2941 0 FAT
1468 1462 -1 4472 1.2941 0 FAT
1468 1463 -1 4472 1.2941 0 FAT
1468 1464 -1 4472 1.2941 0 FAT
1468 1465 -1 4472 1.2941 0 FAT
1468 1466 -1 4472 1.2941 0 FAT
1468 1467 -1 4472 1.2941 0 FAT
1468 1468 -1 4472 1.2941 0 FAT
1468 1469 -1 4417 1.2928 0 FAT
1468 1470 -1 4258 1.2902 0 FAT
1468 1471 -1 4036 1.2878 2 FAT
1468 1472 -1 4009 1.2873 2 FAT
1468 1473 -1 3803 1.2829 2 FAT
1468 1474 -1 3628 1.2797 2 FAT
1468 1475 -1 3527 1.2797 2 FAT
1468 1476 -1 3527 1.2797 2 FAT
1468 1477 -1 3457 1.2776 2 FAT
1468 1478 -1 3241 1.2720 2 FAT
1468 1479 -1 3157 1.2718 2 FAT
1468 1480 -1 2919 1.2639 2 FAT
1468 1481 -1 2813 1.2639 2 FAT
1468 1482 -1 2669 1.2638 2 FAT
1468 1483 -1 2669 1.2638 2 FAT
1468 1484 -1 2669 1.2638 2 FAT
1468 1485 -1 2669 1.2638 2 FAT
1468 1486 -1 2669 1.2638 2 FAT
1468 1487 -1 2379 1.2638 2 FAT
1468 1488 -1 2379 1.2638 2 FAT
1468 1489 -1 2379 1.2638 2 FAT
1468 1490 -1 2379 1.2638 2 FAT
1468 1491 -1 2379 1.2638 2 FAT
1468 1492 -1 2379 1.2638 2 FAT
1468 1493 -1 2379 1.2638 2 FAT
1468 1494 -1 2379 1.2638 2 FAT
1468 1495 -1 2379 1.2638 2 FAT
1468 1496 -1 2379 1.2638 2 FAT
1468 1497 -1 2379 1.2638 2 FAT
1468 1498 -1 2379 1.2638 2 FAT
1468 1499 -1 2379 1.2638 2 FAT
1468 1500 -1 2379 1.2638 2 FAT
1468 1501 -1 2379 1.2638 2 FAT
1468 1502 -1 2379 1.2638 2 FAT
1468 1503 -1 2379 1.2638 2 FAT
1468 1504 -1 2379 1.2638 2 FAT
1468 1505 -1 2379 1.2638 2 FAT
1468 1506 -1 2379 1.2638 2 FAT
1468 1507 -1 2379 1.2638 2 FAT
1468 1508 -1 2235 1.2591 2 FAT
1468 1509 -1 2072 1.2535 2 FAT
1468 1510 -1 2001 1.2534 2 FAT
1468 1511 -1 2001 1.2534 2 FAT
1468 1512 -1 2001 1.2534 2 FAT
1468 1513 -1 1856 1.2468 2 FAT
1468 1514 -1 3670 1.2462 2 FAT
1468 1515 -1 3604 1.2411 2 FAT
1468 1516 -1 3193 1.2357 2 FAT
1468 1517 -1 3482 1.2402 2 FAT
1468 1518 -1 3347 1.2480 2 FAT
1468 1519 -1 3781 1.2604 2 FAT
1468 1520 -1 3860 1.2608 2 FAT
1468 1521 -1 4038 1.2619 2 FAT
1468 1522 -1 4038 1.2619 2 FAT
1468 1523 -1 4038 1.2619 2 FAT
1468 1524 -1 3742 1.2574 2 FAT
1468 1525 -1 3952 1.2551 2 FAT
1468 1526 -1 3621 1.2466 2 FAT
1468 1527 -1 3394 1.2446 2 FAT
1468 1528 -1 3341 1.2427 2 FAT
1468 1529 -1 2946 1.2309 2 FAT
1468 1530 -1 2527 1.2123 2 FAT
1468 1531 -1 2357 1.2084 2 FAT
1468 1532 -1 2037 1.2024 2 FAT
1468 1533 -1 2037 1.2024 2 FAT
1468 1534 -1 2037 1.2024 2 FAT
1468 1535 -1 2037 1.2024 2 FAT
1468 1536 -1 1885 1.1973 2 FAT
1468 1537 -1 1522 1.1960 2 FAT
1468 1538 -1 1885 1.1973 2 FAT
1468 1539 -1 2014 1.2016 2 FAT
1468 1540 -1 2014 1.2016 2 FAT
1468 1541 -1 2498 1.2204 2 FAT
1468 1542 -1 2830 1.2336 2 FAT
1468 1543 -1 3033 1.2403 2 FAT
1468 1544 -1 3278 1.2443 2 FAT
1468 1545 -1 3278 1.2443 2 FAT
1468 1546 -1 3278 1.2443 2 FAT
1468 1547 -1 3278 1.2443 2 FAT
1468 1548 -1 3621 1.2466 2 FAT
1468 1549 -1 3984 1.2566 2 FAT
1468 1550 -1 3911 1.2584 2 FAT
1468 1551 -1 4195 1.2621 0 FAT
1468 1552 -1 4376 1.2668 0 FAT
1468 1553 -1 4127 1.2621 0 FAT
1468 1554 -1 2861 1.2591 2 FAT
1468 1555 -1 2861 1.2591 2 FAT
1468 1556 -1 2995 1.2596 2 FAT
1468 1557 -1 3205 1.2650 2 FAT
1468 1558 -1 3205 1.2650 2 FAT
1468 1559 -1 3205 1.2650 2 FAT
1468 1560 -1 3205 1.2650 2 FAT
1468 1561 -1 3205 1.2650 2 FAT
1468 1562 -1 3205 1.2650 2 FAT
1468 1563 -1 3205 1.2650 2 FAT
1468 1564 -1 3205 1.2650 2 FAT
1468 1565 -1 3205 1.2650 2 FAT
1468 1566 -1 3510 1.2646 2 FAT
1468 1567 -1 3767 1.2692 2 FAT
1468 1568 -1 4076 1.2756 2 FAT
1468 1569 -1 4274 1.2784 0 FAT
1468 1570 -1 4274 1.2784 0 FAT
1468 1571 -1 4274 1.2784 0 FAT
1468 1572 -1 4274 1.2784 0 FAT
1468 1573 -1 4274 1.2784 0 FAT
1468 1574 -1 4274 1.2784 0 FAT
1468 1575 -1 4274 1.2784 0 FAT
1468 1576 -1 4274 1.2784 0 FAT
1468 1577 -1 4274 1.2784 0 FAT
1468 1578 -1 4274 1.2784 0 FAT
1468 1579 -1 4274 1.2784 0 FAT
1468 1580 -1 4274 1.2784 0 FAT
1468 1581 -1 4274 1.2784 0 FAT
1468 1582 -1 4274 1.2784 0 FAT
1468 1583 -1 4274 1.2784 0 FAT
1468 1584 -1 4274 1.2784 0 FAT
1468 1585 -1 4274 1.2784 0 FAT
1468 1586 -1 4274 1.2784 0 FAT
1468 1587 -1 4274 1.2784 0 FAT
1468 1588 -1 4274 1.2784 0 FAT
1468 1589 -1 4274 1.2784 0 FAT
1468 1590 -1 4274 1.2784 0 FAT
1468 1591 -1 4274 1.2784 0 FAT
1468 1592 -1 4274 1.2784 0 FAT
1468 1593 -1 4274 1.2784 0 FAT
1468 1594 -1 4274 1.2784 0 FAT
1468 1595 -1 4274 1.2784 0 FAT
1468 1596 -1 4274 1.2784 0 FAT
1468 1597 -1 4274 1.2784 0 FAT
1468 1598 -1 4274 1.2784 0 FAT
1468 1599 -1 4274 1.2784 0 FAT
1468 1600 -1 4274 1.2784 0 FAT
1468 1601 -1 5176 1.2782 0 FAT
1468 1602 -1 5837 1.2851 0 FAT
1468 1603 -1 6010 1.2871 0 FAT
1468 1604 -1 6253 1.2886 0 FAT
1468 1605 -1 6210 1.2885 0 FAT
1468 1606 -1 6086 1.2880 0 FAT
1468 1607 -1 6221 1.2897 0 FAT
1468 1608 -1 5885 1.2849 0 FAT
1468 1609 -1 5966 1.2809 0 FAT
1468 1610 -1 5869 1.2823 0 FAT
1468 1611 -1 6002 1.2828 0 FAT
1468 1612 -1 5458 1.2797 0 FAT
1468 1613 -1 5458 1.2797 0 FAT
1468 1614 -1 5458 1.2797 0 FAT
1468 1615 -1 5458 1.2797 0 FAT
1468 1616 -1 5232 1.2746 0 FAT
1468 1617 -1 4880 1.2713 0 FAT
1468 1618 -1 4767 1.2685 0 FAT
1468 1619 -1 4037 1.2670 2 FAT
1468 1620 -1 4621 1.2689 0 FAT
1468 1621 -1 4919 1.2754 0 FAT
1468 1622 -1 5233 1.2794 0 FAT
1468 1623 -1 5269 1.2800 0 FAT
1468 1624 -1 5269 1.2800 0 FAT
1468 1625 -1 5676 1.2834 0 FAT
1468 1626 -1 5823 1.2856 0 FAT
1468 1627 -1 6252 1.2912 0 FAT
1468 1628 -1 6591 1.2951 0 FAT
1468 1629 -1 6608 1.2956 0 FAT
1468 1630 -1 6911 1.2977 0 FAT
1468 1631 -1 7217 1.3005 0 FAT
1468 1632 -1 7204 1.3011 0 FAT
1468 1633 -1 6876 1.2969 0 FAT
1468 1634 -1 6651 1.2956 0 FAT
1468 1635 -1 6363 1.2918 0 FAT
1468 1636 -1 5917 1.2898 0 FAT
1468 1637 -1 5917 1.2898 0 FAT
1468 1638 -1 6589 1.2939 0 FAT
1468 1639 -1 6874 1.2973 0 FAT
1468 1640 -1 6547 1.2927 0 FAT
1468 1641 -1 6724 1.2949 0 FAT
1468 1642 -1 6817 1.2964 0 FAT
1468 1643 -1 6618 1.2944 0 FAT
1468 1644 -1 6413 1.2916 0 FAT
1468 1645 -1 6034 1.2894 0 FAT
1468 1646 -1 6034 1.2894 0 FAT
1468 1647 -1 5905 1.2879 0 FAT
1468 1648 -1 5674 1.2854 0 FAT
1468 1649 -1 5314 1.2786 0 FAT
1468 1650 -1 4705 1.2774 0 FAT
1468 1651 -1 4705 1.2774 0 FAT
1468 1652 -1 4705 1.2774 0 FAT
1468 1653 -1 4705 1.2774 0 FAT
1468 1654 -1 4705 1.2774 0 FAT
1468 1655 -1 4705 1.2774 0 FAT
1468 1656 -1 4705 1.2774 0 FAT
1468 1657 -1 4705 1.2774 0 FAT
1468 1658 -1 4705 1.2774 0 FAT
1468 1659 -1 4495 1.2747 0 FAT
1468 1660 -1 4002 1.2684 2 FAT
1468 1661 -1 4002 1.2684 2 FAT
1468 1662 -1 4002 1.2684 2 FAT
1468 1663 -1 3732 1.2645 2 FAT
1468 1664 -1 4600 1.2651 0 FAT
1468 1665 -1 4216 1.2558 0 FAT
1468 1666 -1 4265 1.2551 0 FAT
1468 1667 -1 4637 1.2644 0 FAT
1468 1668 -1 3381 1.2602 2 FAT
1468 1669 -1 3381 1.2602 2 FAT
1468 1670 -1 3381 1.2602 2 FAT
1468 1671 -1 3381 1.2602 2 FAT
1468 1672 -1 3381 1.2602 2 FAT
1468 1673 -1 3664 1.2602 2 FAT
1468 1674 -1 3957 1.2667 2 FAT
1468 1675 -1 3957 1.2667 2 FAT
1468 1676 -1 4223 1.2699 0 FAT
1468 1677 -1 4552 1.2767 0 FAT
1468 1678 -1 4778 1.2807 0 FAT
1468 1679 -1 4986 1.2824 0 FAT
1468 1680 -1 5272 1.2863 0 FAT
1468 1681 -1 5355 1.2883 0 FAT
1468 1682 -1 5355 1.2883 0 FAT
1468 1683 -1 5355 1.2883 0 FAT
1468 1684 -1 5355 1.2883 0 FAT
1468 1685 -1 5871 1.2917 0 FAT
1468 1686 -1 6095 1.2934 0 FAT
1468 1687 -1 6408 1.2970 0 FAT
1468 1688 -1 6642 1.2992 0 FAT
1468 1689 -1 6977 1.3043 0 FAT
1468 1690 -1 6977 1.3043 0 FAT
1468 1691 -1 6977 1.3043 0 FAT
1468 1692 -1 6977 1.3043 0 FAT
1468 1693 -1 6977 1.3043 0 FAT
1468 1694 -1 6977 1.3043 0 FAT
1468 1695 -1 6977 1.3043 0 FAT
1468 1696 -1 6977 1.3043 0 FAT
1468 1697 -1 6977 1.3043 0 FAT
1468 1698 -1 6977 1.3043 0 FAT
1468 1699 -1 6977 1.3043 0 FAT
1468 1700 -1 6911 1.3032 0 FAT
1468 1701 -1 6640 1.3011 0 FAT
1468 1702 -1 6299 1.2965 0 FAT
1468 1703 -1 5981 1.2920 0 FAT
1468 1704 -1 5456 1.2918 0 FAT
1468 1705 -1 5456 1.2918 0 FAT
1468 1706 -1 5456 1.2918 0 FAT
1468 1707 -1 5456 1.2918 0 FAT
1468 1708 -1 5456 1.2918 0 FAT
1468 1709 -1 5456 1.2918 0 FAT
1468 1710 -1 5456 1.2918 0 FAT
1468 1711 -1 5456 1.2918 0 FAT
1468 1712 -1 5456 1.2918 0 FAT
1468 1713 -1 4976 1.2864 0 FAT
1468 1714 -1 4976 1.2864 0 FAT
1468 1715 -1 4976 1.2864 0 FAT
1468 1716 -1 4798 1.2841 0 FAT
1468 1717 -1 4666 1.2818 0 FAT
1468 1718 -1 4405 1.2772 0 FAT
1468 1719 -1 4012 1.2716 2 FAT
1468 1720 -1 4012 1.2716 2 FAT
1468 1721 -1 3891 1.2701 2 FAT
1468 1722 -1 3607 1.2634 2 FAT
1468 1723 -1 3319 1.2578 2 FAT
1468 1724 -1 3109 1.2578 2 FAT
1468 1725 -1 3109 1.2578 2 FAT
1468 1726 -1 3109 1.2578 2 FAT
1468 1727 -1 3109 1.2578 2 FAT
1468 1728 -1 3109 1.2578 2 FAT
1468 1729 -1 3031 1.2547 2 FAT
1468 1730 -1 2899 1.2550 2 FAT
1468 1731 -1 2813 1.2544 2 FAT
1468 1732 -1 2639 1.2478 2 FAT
1468 1733 -1 2288 1.2385 2 FAT
1468 1734 -1 2288 1.2385 2 FAT
1468 1735 -1 2033 1.2290 2 FAT
1468 1736 -1 1718 1.2204 2 FAT
1468 1737 -1 1718 1.2204 2 FAT
1468 1738 -1 1718 1.2204 2 FAT
1468 1739 -1 1455 1.2206 2 FAT
1468 1740 -1 1455 1.2206 2 FAT
1468 1741 -1 1455 1.2206 2 FAT
1468 1742 -1 1455 1.2206 2 FAT
1468 1743 -1 1455 1.2206 2 FAT
1468 1744 -1 1455 1.2206 2 FAT
1468 1745 -1 1455 1.2206 2 FAT
1468 1746 -1 1455 1.2206 2 FAT
1468 1747 -1 1455 1.2206 2 FAT
1468 1748 -1 1455 1.2206 2 FAT
1468 1749 -1 1455 1.2206 2 FAT
1468 1750 -1 1455 1.2206 2 FAT
1468 1751 -1 1455 1.2206 2 FAT
1468 1752 -1 1455 1.2206 2 FAT
1468 1753 -1 1455 1.2206 2 FAT
1468 1754 -1 1455 1.2206 2 FAT
1468 1755 -1 870 1.2207 2 FAT
1468 1756 -1 870 1.2207 2 FAT
1468 1757 -1 870 1.2207 2 FAT
1468 1758 -1 870 1.2207 2 FAT
1468 1759 -1 870 1.2207 2 FAT
1468 1760 -1 870 1.2207 2 FAT
1468 1761 -1 870 1.2207 2 FAT
1468 1762 -1 870 1.2207 2 FAT
1468 1763 -1 870 1.2207 2 FAT
1468 1764 -1 870 1.2207 2 FAT
1468 1765 -1 870 1.2207 2 FAT
1468 1766 -1 870 1.2207 2 FAT
1468 1767 -1 870 1.2207 2 FAT
1468 1768 -1 870 1.2207 2 FAT
1468 1769 -1 870 1.2207 2 FAT
1468 1770 -1 870 1.2207 2 FAT
1468 1771 -1 1192 1.2208 2 FAT
1468 1772 -1 1192 1.2208 2 FAT
1468 1773 -1 1192 1.2208 2 FAT
1468 1774 -1 1192 1.2208 2 FAT
1468 1775 -1 1192 1.2208 2 FAT
1468 1776 -1 1192 1.2208 2 FAT
1468 1777 -1 1192 1.2208 2 FAT
1468 1778 -1 1192 1.2208 2 FAT
1468 1779 -1 1192 1.2208 2 FAT
1468 1780 -1 1192 1.2208 2 FAT
1468 1781 -1 1192 1.2208 2 FAT
1468 1782 -1 1192 1.2208 2 FAT
1468 1783 -1 1192 1.2208 2 FAT
1468 1784 -1 1192 1.2208 2 FAT
1468 1785 -1 1192 1.2208 2 FAT
1468 1786 -1 1192 1.2208 2 FAT
1468 1787 -1 1192 1.2208 2 FAT
1468 1788 -1 1192 1.2208 2 FAT
1468 1789 -1 1369 1.2211 2 FAT
1468 1790 -1 1369 1.2211 2 FAT
1468 1791 -1 1369 1.2211 2 FAT
1468 1792 -1 1369 1.2211 2 FAT
1468 1793 -1 1369 1.2211 2 FAT
1468 1794 -1 1466 1.2212 2 FAT
1468 1795 -1 1519 1.2212 2 FAT
1468 1796 -1 1741 1.2311 2 FAT
1468 1797 -1 1886 1.2395 2 FAT
1468 1798 -1 1957 1.2394 2 FAT
1468 1799 -1 2197 1.2507 2 FAT
1468 1800 -1 2275 1.2508 2 FAT
1468 1801 -1 2318 1.2533 2 FAT
1468 1802 -1 2318 1.2533 2 FAT
1468 1803 -1 2318 1.2533 2 FAT
1468 1804 -1 2424 1.2535 2 FAT
1468 1805 -1 2518 1.2535 2 FAT
1468 1806 -1 2777 1.2637 2 FAT
1468 1807 -1 2877 1.2647 2 FAT
1468 1808 -1 3041 1.2699 2 FAT
1468 1809 -1 3143 1.2714 2 FAT
1468 1810 -1 3143 1.2714 2 FAT
1468 1811 -1 3239 1.2714 2 FAT
1468 1812 -1 3441 1.2750 2 FAT
1468 1813 -1 3510 1.2768 2 FAT
1468 1814 -1 3510 1.2768 2 FAT
1468 1815 -1 3510 1.2768 2 FAT
1468 1816 -1 3510 1.2768 2 FAT
1468 1817 -1 3510 1.2768 2 FAT
1468 1818 -1 3510 1.2768 2 FAT
1468 1819 -1 3510 1.2768 2 FAT
1468 1820 -1 3510 1.2768 2 FAT
1468 1821 -1 3510 1.2768 2 FAT
1468 1822 -1 3510 1.2768 2 FAT
1468 1823 -1 3510 1.2768 2 FAT
1468 1824 -1 3510 1.2768 2 FAT
1468 1825 -1 3510 1.2768 2 FAT
1468 1826 -1 3809 1.2764 2 FAT
1468 1827 -1 3809 1.2764 2 FAT
1468 1828 -1 3954 1.2763 2 FAT
1468 1829 -1 4240 1.2805 0 FAT
1468 1830 -1 4382 1.2842 0 FAT
1468 1831 -1 4662 1.2882 0 FAT
1468 1832 -1 4858 1.2909 0 FAT
1468 1833 -1 4858 1.2909 0 FAT
1468 1834 -1 4858 1.2909 0 FAT
1468 1835 -1 5092 1.2908 0 FAT
1468 1836 -1 5301 1.2950 0 FAT
1468 1837 -1 5532 1.2981 0 FAT
1468 1838 -1 5669 1.3001 0 FAT
1468 1839 -1 5669 1.3001 0 FAT
1468 1840 -1 6009 1.3033 0 FAT
1468 1841 -1 6182 1.3058 0 FAT
1468 1842 -1 6182 1.3058 0 FAT
1468 1843 -1 6182 1.3058 0 FAT
1468 1844 -1 6182 1.3058 0 FAT
1468 1845 -1 6182 1.3058 0 FAT
1468 1846 -1 6182 1.3058 0 FAT
1468 1847 -1 6182 1.3058 0 FAT
1468 1848 -1 6182 1.3058 0 FAT
1468 1849 -1 6182 1.3058 0 FAT
1468 1850 -1 6522 1.3061 0 FAT
1468 1851 -1 6914 1.3078 0 FAT
1468 1852 -1 7149 1.3104 0 FAT
1468 1853 -1 7430 1.3142 0 FAT
1468 1854 -1 7452 1.3144 0 FAT
1468 1855 -1 7674 1.3147 0 FAT
1468 1856 -1 7940 1.3181 0 FAT
1468 1857 -1 8147 1.3206 0 FAT
1468 1858 -1 8349 1.3214 0 FAT
1468 1859 -1 8646 1.3246 0 FAT
1468 1860 -1 8651 1.3247 0 FAT
1468 1861 -1 8651 1.3247 0 FAT
1468 1862 -1 8651 1.3247 0 FAT
1468 1863 -1 8651 1.3247 0 FAT
1468 1864 -1 8651 1.3247 0 FAT
1468 1865 -1 8651 1.3247 0 FAT
1468 1866 -1 8651 1.3247 0 FAT
1468 1867 -1 8651 1.3247 0 FAT
1468 1868 -1 8651 1.3247 0 FAT
1468 1869 -1 8651 1.3247 0 FAT
1468 1870 -1 8651 1.3247 0 FAT
1468 1871 -1 8651 1.3247 0 FAT
1468 1872 -1 8651 1.3247 0 FAT
1468 1873 -1 8651 1.3247 0 FAT
1468 1874 -1 8651 1.3247 0 FAT
1468 1875 -1 8651 1.3247 0 FAT
1468 1876 -1 8651 1.3247 0 FAT
1468 1877 -1 8651 1.3247 0 FAT
1468 1878 -1 8651 1.3247 0 FAT
1468 1879 -1 8651 1.3247 0 FAT
1468 1880 -1 8651 1.3247 0 FAT
1468 1881 -1 8651 1.3247 0 FAT
1468 1882 -1 8651 1.3247 0 FAT
1468 1883 -1 8651 1.3247 0 FAT
1468 1884 -1 8651 1.3247 0 FAT
1468 1885 -1 8651 1.3247 0 FAT
1468 1886 -1 8651 1.3247 0 FAT
1468 1887 -1 8651 1.3247 0 FAT
1468 1888 -1 8651 1.3247 0 FAT
1468 1889 -1 8651 1.3247 0 FAT
1468 1890 -1 8651 1.3247 0 FAT
1468 1891 -1 8651 1.3247 0 FAT
1468 1892 -1 8651 1.3247 0 FAT
1468 1893 -1 8651 1.3247 0 FAT
1468 1894 -1 8651 1.3247 0 FAT
1468 1895 -1 8534 1.3235 0 FAT
1468 1896 -1 8323 1.3219 0 FAT
1468 1897 -1 8048 1.3185 0 FAT
1468 1898 -1 7754 1.3173 0 FAT
1468 1899 -1 7754 1.3173 0 FAT
1468 1900 -1 7525 1.3147 0 FAT
1468 1901 -1 7122 1.3110 0 FAT
1468 1902 -1 7122 1.3110 0 FAT
1468 1903 -1 6845 1.3072 0 FAT
1468 1904 -1 6325 1.3058 0 FAT
1468 1905 -1 6325 1.3058 0 FAT
1468 1906 -1 6325 1.3058 0 FAT
1468 1907 -1 6325 1.3058 0 FAT
1468 1908 -1 6325 1.3058 0 FAT
1468 1909 -1 6325 1.3058 0 FAT
1468 1910 -1 8692 1.3075 0 FAT
1468 1911 -1 8692 1.3072 0 FAT
1468 1912 -1 8546 1.3074 0 FAT
1468 1913 -1 8343 1.3049 0 FAT
1468 1914 -1 7931 1.3009 0 FAT
1468 1915 -1 8310 1.3019 0 FAT
1468 1916 -1 7980 1.3037 0 FAT
1468 1917 -1 8302 1.3073 0 FAT
1468 1918 -1 8302 1.3073 0 FAT
1468 1919 -1 8749 1.3105 0 FAT
1468 1920 -1 9009 1.3135 0 FAT
1468 1921 -1 8705 1.3113 0 FAT
1468 1922 -1 8781 1.3102 0 FAT
1468 1923 -1 8421 1.3063 0 FAT
1468 1924 -1 7896 1.3037 0 FAT
1468 1925 -1 7896 1.3037 0 FAT
1468 1926 -1 7896 1.3037 0 FAT
1468 1927 -1 7544 1.3000 0 FAT
1468 1928 -1 6436 1.3004 0 FAT
1468 1929 -1 6436 1.3004 0 FAT
1468 1930 -1 6436 1.3004 0 FAT
1468 1931 -1 7107 1.3005 0 FAT
1468 1932 -1 7455 1.3059 0 FAT
1468 1933 -1 7616 1.3077 0 FAT
1468 1934 -1 7616 1.3077 0 FAT
1468 1935 -1 8090 1.3111 0 FAT
1468 1936 -1 8421 1.3147 0 FAT
1468 1937 -1 8421 1.3147 0 FAT
1468 1938 -1 8914 1.3178 0 FAT
1468 1939 -1 9147 1.3189 0 FAT
1468 1940 -1 9308 1.3208 0 FAT
1468 1941 -1 9308 1.3208 0 FAT
1468 1942 -1 9308 1.3208 0 FAT
1468 1943 -1 9308 1.3208 0 FAT
1468 1944 -1 9308 1.3208 0 FAT
1468 1945 -1 9308 1.3208 0 FAT
1468 1946 -1 10166 1.3232 0 FAT
1468 1947 -1 10303 1.3244 0 FAT
1468 1948 -1 10519 1.3247 0 FAT
1468 1949 -1 10350 1.3243 0 FAT
1468 1950 -1 10605 1.3255 0 FAT
1468 1951 -1 10547 1.3251 0 FAT
1468 1952 -1 10025 1.3241 0 FAT
1468 1953 -1 10025 1.3241 0 FAT
1468 1954 -1 10025 1.3241 0 FAT
1468 1955 -1 10520 1.3247 0 FAT
1468 1956 -1 10350 1.3243 0 FAT
1468 1957 -1 10585 1.3252 0 FAT
1468 1958 -1 10597 1.3257 0 FAT
1468 1959 -1 10505 1.3244 0 FAT
1468 1960 -1 10143 1.3240 0 FAT
1468 1961 -1 10143 1.3240 0 FAT
1468 1962 -1 9876 1.3218 0 FAT
1468 1963 -1 9590 1.3189 0 FAT
1468 1964 -1 9333 1.3161 0 FAT
1468 1965 -1 9049 1.3155 0 FAT
1468 1966 -1 8974 1.3146 0 FAT
1468 1967 -1 8649 1.3115 0 FAT
1468 1968 -1 7506 1.3087 0 FAT
1468 1969 -1 7506 1.3087 0 FAT
1468 1970 -1 7506 1.3087 0 FAT
1468 1971 -1 7506 1.3087 0 FAT
1468 1972 -1 7506 1.3087 0 FAT
1468 1973 -1 7506 1.3087 0 FAT
1468 1974 -1 7506 1.3087 0 FAT
1468 1975 -1 7506 1.3087 0 FAT
1468 1976 -1 7506 1.3087 0 FAT
1468 1977 -1 7506 1.3087 0 FAT
1468 1978 -1 7506 1.3087 0 FAT
1468 1979 -1 7506 1.3087 0 FAT
1468 1980 -1 7506 1.3087 0 FAT
1468 1981 -1 7506 1.3087 0 FAT
1468 1982 -1 7256 1.3056 0 FAT
1468 1983 -1 6847 1.3030 0 FAT
1468 1984 -1 6847 1.3030 0 FAT
1468 1985 -1 6847 1.3030 0 FAT
1468 1986 -1 6624 1.3004 0 FAT
1468 1987 -1 6323 1.2954 0 FAT
1468 1988 -1 5970 1.2934 0 FAT
1468 1989 -1 5970 1.2934 0 FAT
1468 1990 -1 5784 1.2909 0 FAT
1468 1991 -1 6902 1.2884 0 FAT
1468 1992 -1 7175 1.2906 0 FAT
1468 1993 -1 7146 1.2898 0 FAT
1468 1994 -1 6905 1.2875 0 FAT
1468 1995 -1 6195 1.2872 0 FAT
1468 1996 -1 6195 1.2872 0 FAT
1468 1997 -1 6195 1.2872 0 FAT
1468 1998 -1 6195 1.2872 0 FAT
1468 1999 -1 6757 1.2883 0 FAT
1468 2000 -1 6855 1.2902 0 FAT
1468 2001 -1 7245 1.2936 0 FAT
1468 2002 -1 7488 1.2975 0 FAT
1468 2003 -1 7887 1.3020 0 FAT
1468 2004 -1 7830 1.3041 0 FAT
1468 2005 -1 7975 1.3052 0 FAT
1468 2006 -1 7625 1.3016 0 FAT
1468 2007 -1 7175 1.2972 0 FAT
1468 2008 -1 7088 1.2966 0 FAT
1468 2009 -1 7074 1.2911 0 FAT
1468 2010 -1 7359 1.2945 0 FAT
1468 2011 -1 7350 1.2941 0 FAT
1468 2012 -1 7089 1.2969 0 FAT
1468 2013 -1 7089 1.2969 0 FAT
1468 2014 -1 7089 1.2969 0 FAT
1468 2015 -1 7544 1.2976 0 FAT
1468 2016 -1 7919 1.3027 0 FAT
1468 2017 -1 8231 1.3068 0 FAT
1468 2018 -1 8009 1.3060 0 FAT
1468 2019 -1 8091 1.3034 0 FAT
1468 2020 -1 8212 1.3063 0 FAT
1468 2021 -1 7888 1.3030 0 FAT
1468 2022 -1 7599 1.2994 0 FAT
1468 2023 -1 4821 1.2963 0 FAT
1468 2024 -1 4821 1.2963 0 FAT
1468 2025 -1 4821 1.2963 0 FAT
1468 2026 -1 4821 1.2963 0 FAT
1468 2027 -1 4821 1.2963 0 FAT
1468 2028 -1 4821 1.2963 0 FAT
1468 2029 -1 4821 1.2963 0 FAT
1468 2030 -1 4821 1.2963 0 FAT
1468 2031 -1 4821 1.2963 0 FAT
1468 2032 -1 4821 1.2963 0 FAT
1468 2033 -1 4821 1.2963 0 FAT
1468 2034 -1 4821 1.2963 0 FAT
1468 2035 -1 4821 1.2963 0 FAT
1468 2036 -1 4821 1.2963 0 FAT
1468 2037 -1 4821 1.2963 0 FAT
1468 2038 -1 4821 1.2963 0 FAT
1468 2039 -1 4821 1.2963 0 FAT
1468 2040 -1 4821 1.2963 0 FAT
1468 2041 -1 5426 1.2964 0 FAT
1468 2042 -1 5426 1.2964 0 FAT
1468 2043 -1 5426 1.2964 0 FAT
1468 2044 -1 5641 1.2963 0 FAT
1468 2045 -1 5911 1.2999 0 FAT
1468 2046 -1 6133 1.3027 0 FAT
1468 2047 -1 6380 1.3056 0 FAT
1468 2048 -1 6440 1.3065 0 FAT
1468 2049 -1 6440 1.3065 0 FAT
1468 2050 -1 6619 1.3065 0 FAT
1468 2051 -1 6903 1.3089 0 FAT
1468 2052 -1 7173 1.3130 0 FAT
1468 2053 -1 7214 1.3135 0 FAT
1468 2054 -1 7354 1.3137 0 FAT
1468 2055 -1 7684 1.3171 0 FAT
1468 2056 -1 7782 1.3185 0 FAT
1468 2057 -1 8047 1.3200 0 FAT
1468 2058 -1 8195 1.3222 0 FAT
1468 2059 -1 8495 1.3247 0 FAT
1468 2060 -1 8495 1.3247 0 FAT
1468 2061 -1 8495 1.3247 0 FAT
1468 2062 -1 8495 1.3247 0 FAT
1468 2063 -1 8495 1.3247 0 FAT
1468 2064 -1 8495 1.3247 0 FAT
1468 2065 -1 8495 1.3247 0 FAT
1468 2066 -1 8495 1.3247 0 FAT
1468 2067 -1 8495 1.3247 0 FAT
1468 2068 -1 8495 1.3247 0 FAT
1468 2069 -1 8495 1.3247 0 FAT
1468 2070 -1 8495 1.3247 0 FAT
1468 2071 -1 8495 1.3247 0 FAT
1468 2072 -1 8495 1.3247 0 FAT
1468 2073 -1 9171 1.3247 0 FAT
1468 2074 -1 9610 1.3264 0 FAT
1468 2075 -1 9888 1.3286 0 FAT
1468 2076 -1 10086 1.3308 0 FAT
1468 2077 -1 10086 1.3308 0 FAT
1468 2078 -1 10485 1.3322 0 FAT
1468 2079 -1 10751 1.3350 0 FAT
1468 2080 -1 10883 1.3351 0 FAT
1468 2081 -1 11232 1.3381 0 FAT
1468 2082 -1 11452 1.3389 0 FAT
1468 2083 -1 11710 1.3406 0 FAT
1468 2084 -1 11992 1.3426 0 FAT
1468 2085 -1 11992 1.3426 0 FAT
1468 2086 -1 11992 1.3426 0 FAT
1468 2087 -1 11992 1.3426 0 FAT
1468 2088 -1 11992 1.3426 0 FAT
1468 2089 -1 11992 1.3426 0 FAT
1468 2090 -1 11992 1.3426 0 FAT
1468 2091 -1 11992 1.3426 0 FAT
1468 2092 -1 11992 1.3426 0 FAT
1468 2093 -1 12622 1.3426 0 FAT
1468 2094 -1 13188 1.3449 0 FAT
1468 2095 -1 13356 1.3463 0 FAT
1468 2096 -1 13677 1.3472 0 FAT
1468 2097 -1 13882 1.3489 0 FAT
1468 2098 -1 14254 1.3508 0 FAT
1468 2099 -1 14513 1.3521 0 FAT
1468 2100 -1 14819 1.3537 0 FAT
1468 2101 -1 14907 1.3543 0 FAT
1468 2102 -1 14907 1.3543 0 FAT
1468 2103 -1 14907 1.3543 0 FAT
1468 2104 -1 14907 1.3543 0 FAT
1468 2105 -1 14770 1.3532 0 FAT
1468 2106 -1 14478 1.3518 0 FAT
1468 2107 -1 14977 1.3523 0 FAT
1468 2108 -1 15187 1.3530 0 FAT
1468 2109 -1 15341 1.3536 0 FAT
1468 2110 -1 15112 1.3531 0 FAT
1468 2111 -1 15438 1.3552 0 FAT
1468 2112 -1 14954 1.3528 0 FAT
1468 2113 -1 14866 1.3520 0 FAT
1468 2114 -1 14572 1.3506 0 FAT
1468 2115 -1 14833 1.3490 0 FAT
1468 2116 -1 13892 1.3486 0 FAT
1468 2117 -1 14194 1.3506 0 FAT
1468 2118 -1 14547 1.3527 0 FAT
1468 2119 -1 14553 1.3528 0 FAT
1468 2120 -1 14553 1.3528 0 FAT
1468 2121 -1 15050 1.3538 0 FAT
1468 2122 -1 15360 1.3553 0 FAT
1468 2123 -1 15614 1.3570 0 FAT
1468 2124 -1 15614 1.3570 0 FAT
1468 2125 -1 15963 1.3573 0 FAT
1468 2126 -1 15825 1.3577 0 FAT
1468 2127 -1 15962 1.3573 0 FAT
1468 2128 -1 15883 1.3577 0 FAT
1468 2129 -1 15954 1.3570 0 FAT
1468 2130 -1 15897 1.3572 0 FAT
1468 2131 -1 15871 1.3571 0 FAT
1468 2132 -1 15293 1.3578 0 FAT
# row j=1468 L=0.407778 n=2133 KILL=0 CYCLE=0 FAT=2133 CAP=0 certified=0 lambda[1.0379,1.3578]
1469 0 -1 16267 1.3595 0 FAT
1469 1 -1 16140 1.3586 0 FAT
1469 2 -1 16246 1.3583 0 FAT
1469 3 -1 16160 1.3586 0 FAT
1469 4 -1 16253 1.3593 0 FAT
1469 5 -1 16061 1.3579 0 FAT
1469 6 -1 16232 1.3591 0 FAT
1469 7 -1 16101 1.3583 0 FAT
1469 8 -1 15614 1.3570 0 FAT
1469 9 -1 15614 1.3570 0 FAT
1469 10 -1 15360 1.3553 0 FAT
1469 11 -1 15050 1.3538 0 FAT
1469 12 -1 14553 1.3528 0 FAT
1469 13 -1 14553 1.3528 0 FAT
1469 14 -1 14547 1.3527 0 FAT
1469 15 -1 14194 1.3506 0 FAT
1469 16 -1 15105 1.3505 0 FAT
1469 17 -1 15189 1.3511 0 FAT
1469 18 -1 14866 1.3520 0 FAT
1469 19 -1 14954 1.3528 0 FAT
1469 20 -1 15438 1.3552 0 FAT
1469 21 -1 15438 1.3552 0 FAT
1469 22 -1 15647 1.3554 0 FAT
1469 23 -1 15509 1.3546 0 FAT
1469 24 -1 15187 1.3530 0 FAT
1469 25 -1 15539 1.3542 0 FAT
1469 26 -1 14770 1.3532 0 FAT
1469 27 -1 14907 1.3543 0 FAT
1469 28 -1 14907 1.3543 0 FAT
1469 29 -1 14907 1.3543 0 FAT
1469 30 -1 14907 1.3543 0 FAT
1469 31 -1 14907 1.3543 0 FAT
1469 32 -1 14819 1.3537 0 FAT
1469 33 -1 14513 1.3521 0 FAT
1469 34 -1 14254 1.3508 0 FAT
1469 35 -1 13882 1.3489 0 FAT
1469 36 -1 13677 1.3472 0 FAT
1469 37 -1 13356 1.3463 0 FAT
1469 38 -1 13188 1.3449 0 FAT
1469 39 -1 12622 1.3426 0 FAT
1469 40 -1 11992 1.3426 0 FAT
1469 41 -1 11992 1.3426 0 FAT
1469 42 -1 11992 1.3426 0 FAT
1469 43 -1 11992 1.3426 0 FAT
1469 44 -1 11992 1.3426 0 FAT
1469 45 -1 11992 1.3426 0 FAT
1469 46 -1 11992 1.3426 0 FAT
1469 47 -1 11992 1.3426 0 FAT
1469 48 -1 11992 1.3426 0 FAT
1469 49 -1 11710 1.3406 0 FAT
1469 50 -1 11452 1.3389 0 FAT
1469 51 -1 11232 1.3381 0 FAT
1469 52 -1 10883 1.3351 0 FAT
1469 53 -1 10751 1.3350 0 FAT
1469 54 -1 10485 1.3322 0 FAT
1469 55 -1 10086 1.3308 0 FAT
1469 56 -1 10086 1.3308 0 FAT
1469 57 -1 9888 1.3286 0 FAT
1469 58 -1 9610 1.3264 0 FAT
1469 59 -1 9171 1.3247 0 FAT
1469 60 -1 8495 1.3247 0 FAT
1469 61 -1 8495 1.3247 0 FAT
1469 62 -1 8495 1.3247 0 FAT
1469 63 -1 8495 1.3247 0 FAT
1469 64 -1 8495 1.3247 0 FAT
1469 65 -1 8495 1.3247 0 FAT
1469 66 -1 8495 1.3247 0 FAT
1469 67 -1 8495 1.3247 0 FAT
1469 68 -1 8495 1.3247 0 FAT
1469 69 -1 8495 1.3247 0 FAT
1469 70 -1 8495 1.3247 0 FAT
1469 71 -1 8495 1.3247 0 FAT
1469 72 -1 8495 1.3247 0 FAT
1469 73 -1 8495 1.3247 0 FAT
1469 74 -1 8195 1.3222 0 FAT
1469 75 -1 8047 1.3200 0 FAT
1469 76 -1 7782 1.3185 0 FAT
1469 77 -1 7686 1.3171 0 FAT
1469 78 -1 7354 1.3137 0 FAT
1469 79 -1 7214 1.3135 0 FAT
1469 80 -1 7173 1.3130 0 FAT
1469 81 -1 6903 1.3089 0 FAT
1469 82 -1 6619 1.3065 0 FAT
1469 83 -1 6440 1.3065 0 FAT
1469 84 -1 6440 1.3065 0 FAT
1469 85 -1 6380 1.3056 0 FAT
1469 86 -1 6133 1.3027 0 FAT
1469 87 -1 5911 1.2999 0 FAT
1469 88 -1 5641 1.2963 0 FAT
1469 89 -1 5426 1.2964 0 FAT
1469 90 -1 5426 1.2964 0 FAT
1469 91 -1 5426 1.2964 0 FAT
1469 92 -1 4821 1.2963 0 FAT
1469 93 -1 4821 1.2963 0 FAT
1469 94 -1 4821 1.2963 0 FAT
1469 95 -1 4821 1.2963 0 FAT
1469 96 -1 4821 1.2963 0 FAT
1469 97 -1 4821 1.2963 0 FAT
1469 98 -1 4821 1.2963 0 FAT
1469 99 -1 4821 1.2963 0 FAT
1469 100 -1 4821 1.2963 0 FAT
1469 101 -1 4821 1.2963 0 FAT
1469 102 -1 4821 1.2963 0 FAT
1469 103 -1 4821 1.2963 0 FAT
1469 104 -1 4821 1.2963 0 FAT
1469 105 -1 4821 1.2963 0 FAT
1469 106 -1 4821 1.2963 0 FAT
1469 107 -1 4821 1.2963 0 FAT
1469 108 -1 7034 1.2965 0 FAT
1469 109 -1 7599 1.2994 0 FAT
1469 110 -1 7888 1.3030 0 FAT
1469 111 -1 8293 1.3075 0 FAT
1469 112 -1 8459 1.3083 0 FAT
1469 113 -1 8414 1.3071 0 FAT
1469 114 -1 8231 1.3068 0 FAT
1469 115 -1 8244 1.3070 0 FAT
1469 116 -1 7919 1.3027 0 FAT
1469 117 -1 7544 1.2976 0 FAT
1469 118 -1 7089 1.2969 0 FAT
1469 119 -1 7089 1.2969 0 FAT
1469 120 -1 7719 1.2985 0 FAT
1469 121 -1 7682 1.2986 0 FAT
1469 122 -1 7532 1.2970 0 FAT
1469 123 -1 7578 1.2979 0 FAT
1469 124 -1 7175 1.2972 0 FAT
1469 125 -1 7625 1.3016 0 FAT
1469 126 -1 7975 1.3052 0 FAT
1469 127 -1 7975 1.3052 0 FAT
1469 128 -1 8209 1.3057 0 FAT
1469 129 -1 7945 1.3029 0 FAT
1469 130 -1 7488 1.2975 0 FAT
1469 131 -1 7245 1.2936 0 FAT
1469 132 -1 6855 1.2902 0 FAT
1469 133 -1 6757 1.2883 0 FAT
1469 134 -1 6195 1.2872 0 FAT
1469 135 -1 6195 1.2872 0 FAT
1469 136 -1 6195 1.2872 0 FAT
1469 137 -1 6905 1.2875 0 FAT
1469 138 -1 7164 1.2904 0 FAT
1469 139 -1 7521 1.2954 0 FAT
1469 140 -1 7175 1.2906 0 FAT
1469 141 -1 7492 1.2948 0 FAT
1469 142 -1 5970 1.2934 0 FAT
1469 143 -1 5970 1.2934 0 FAT
1469 144 -1 6323 1.2954 0 FAT
1469 145 -1 6624 1.3004 0 FAT
1469 146 -1 6847 1.3030 0 FAT
1469 147 -1 6847 1.3030 0 FAT
1469 148 -1 6847 1.3030 0 FAT
1469 149 -1 7256 1.3056 0 FAT
1469 150 -1 7506 1.3087 0 FAT
1469 151 -1 7506 1.3087 0 FAT
1469 152 -1 7506 1.3087 0 FAT
1469 153 -1 7506 1.3087 0 FAT
1469 154 -1 7506 1.3087 0 FAT
1469 155 -1 7506 1.3087 0 FAT
1469 156 -1 7506 1.3087 0 FAT
1469 157 -1 7506 1.3087 0 FAT
1469 158 -1 7506 1.3087 0 FAT
1469 159 -1 7506 1.3087 0 FAT
1469 160 -1 7506 1.3087 0 FAT
1469 161 -1 7506 1.3087 0 FAT
1469 162 -1 7506 1.3087 0 FAT
1469 163 -1 7506 1.3087 0 FAT
1469 164 -1 8649 1.3115 0 FAT
1469 165 -1 8974 1.3146 0 FAT
1469 166 -1 9049 1.3155 0 FAT
1469 167 -1 9333 1.3161 0 FAT
1469 168 -1 9590 1.3189 0 FAT
1469 169 -1 9876 1.3218 0 FAT
1469 170 -1 10143 1.3240 0 FAT
1469 171 -1 10143 1.3240 0 FAT
1469 172 -1 10505 1.3244 0 FAT
1469 173 -1 10858 1.3281 0 FAT
1469 174 -1 10922 1.3281 0 FAT
1469 175 -1 10744 1.3268 0 FAT
1469 176 -1 10751 1.3270 0 FAT
1469 177 -1 10520 1.3247 0 FAT
1469 178 -1 10025 1.3241 0 FAT
1469 179 -1 10025 1.3241 0 FAT
1469 180 -1 10601 1.3258 0 FAT
1469 181 -1 10902 1.3281 0 FAT
1469 182 -1 10741 1.3268 0 FAT
1469 183 -1 10778 1.3272 0 FAT
1469 184 -1 10666 1.3258 0 FAT
1469 185 -1 10303 1.3244 0 FAT
1469 186 -1 10166 1.3232 0 FAT
1469 187 -1 9308 1.3208 0 FAT
1469 188 -1 9308 1.3208 0 FAT
1469 189 -1 9308 1.3208 0 FAT
1469 190 -1 9308 1.3208 0 FAT
1469 191 -1 9308 1.3208 0 FAT
1469 192 -1 9308 1.3208 0 FAT
1469 193 -1 9147 1.3189 0 FAT
1469 194 -1 8914 1.3178 0 FAT
1469 195 -1 8421 1.3147 0 FAT
1469 196 -1 8421 1.3147 0 FAT
1469 197 -1 8090 1.3111 0 FAT
1469 198 -1 7616 1.3077 0 FAT
1469 199 -1 7616 1.3077 0 FAT
1469 200 -1 7455 1.3059 0 FAT
1469 201 -1 7107 1.3005 0 FAT
1469 202 -1 6436 1.3004 0 FAT
1469 203 -1 6436 1.3004 0 FAT
1469 204 -1 7544 1.3000 0 FAT
1469 205 -1 7896 1.3037 0 FAT
1469 206 -1 7896 1.3037 0 FAT
1469 207 -1 7896 1.3037 0 FAT
1469 208 -1 8421 1.3063 0 FAT
1469 209 -1 8781 1.3102 0 FAT
1469 210 -1 9027 1.3132 0 FAT
1469 211 -1 9108 1.3144 0 FAT
1469 212 -1 9122 1.3145 0 FAT
1469 213 -1 8749 1.3105 0 FAT
1469 214 -1 8302 1.3073 0 FAT
1469 215 -1 8302 1.3073 0 FAT
1469 216 -1 8656 1.3058 0 FAT
1469 217 -1 8556 1.3052 0 FAT
1469 218 -1 8343 1.3049 0 FAT
1469 219 -1 8546 1.3074 0 FAT
1469 220 -1 8892 1.3093 0 FAT
1469 221 -1 9044 1.3108 0 FAT
1469 222 -1 8791 1.3093 0 FAT
1469 223 -1 6325 1.3058 0 FAT
1469 224 -1 6325 1.3058 0 FAT
1469 225 -1 6325 1.3058 0 FAT
1469 226 -1 6325 1.3058 0 FAT
1469 227 -1 6325 1.3058 0 FAT
1469 228 -1 6845 1.3072 0 FAT
1469 229 -1 7122 1.3110 0 FAT
1469 230 -1 7122 1.3110 0 FAT
1469 231 -1 7525 1.3147 0 FAT
1469 232 -1 7754 1.3173 0 FAT
1469 233 -1 7754 1.3173 0 FAT
1469 234 -1 8048 1.3185 0 FAT
1469 235 -1 8323 1.3219 0 FAT
1469 236 -1 8534 1.3235 0 FAT
1469 237 -1 8651 1.3247 0 FAT
1469 238 -1 8651 1.3247 0 FAT
1469 239 -1 8651 1.3247 0 FAT
1469 240 -1 8651 1.3247 0 FAT
1469 241 -1 8651 1.3247 0 FAT
1469 242 -1 8651 1.3247 0 FAT
1469 243 -1 8651 1.3247 0 FAT
1469 244 -1 8651 1.3247 0 FAT
1469 245 -1 8651 1.3247 0 FAT
1469 246 -1 8651 1.3247 0 FAT
1469 247 -1 8651 1.3247 0 FAT
1469 248 -1 8651 1.3247 0 FAT
1469 249 -1 8651 1.3247 0 FAT
1469 250 -1 8651 1.3247 0 FAT
1469 251 -1 8651 1.3247 0 FAT
1469 252 -1 8651 1.3247 0 FAT
1469 253 -1 8651 1.3247 0 FAT
1469 254 -1 8651 1.3247 0 FAT
1469 255 -1 8651 1.3247 0 FAT
1469 256 -1 8651 1.3247 0 FAT
1469 257 -1 8651 1.3247 0 FAT
1469 258 -1 8651 1.3247 0 FAT
1469 259 -1 8651 1.3247 0 FAT
1469 260 -1 8651 1.3247 0 FAT
1469 261 -1 8651 1.3247 0 FAT
1469 262 -1 8651 1.3247 0 FAT
1469 263 -1 8651 1.3247 0 FAT
1469 264 -1 8651 1.3247 0 FAT
1469 265 -1 8651 1.3247 0 FAT
1469 266 -1 8651 1.3247 0 FAT
1469 267 -1 8651 1.3247 0 FAT
1469 268 -1 8651 1.3247 0 FAT
1469 269 -1 8651 1.3247 0 FAT
1469 270 -1 8651 1.3247 0 FAT
1469 271 -1 8651 1.3247 0 FAT
1469 272 -1 8651 1.3247 0 FAT
1469 273 -1 8646 1.3246 0 FAT
1469 274 -1 8349 1.3214 0 FAT
1469 275 -1 8147 1.3206 0 FAT
1469 276 -1 7940 1.3181 0 FAT
1469 277 -1 7674 1.3147 0 FAT
1469 278 -1 7452 1.3144 0 FAT
1469 279 -1 7430 1.3142 0 FAT
1469 280 -1 7149 1.3104 0 FAT
1469 281 -1 6914 1.3078 0 FAT
1469 282 -1 6522 1.3061 0 FAT
1469 283 -1 6182 1.3058 0 FAT
1469 284 -1 6182 1.3058 0 FAT
1469 285 -1 6182 1.3058 0 FAT
1469 286 -1 6182 1.3058 0 FAT
1469 287 -1 6182 1.3058 0 FAT
1469 288 -1 6182 1.3058 0 FAT
1469 289 -1 6182 1.3058 0 FAT
1469 290 -1 6182 1.3058 0 FAT
1469 291 -1 6182 1.3058 0 FAT
1469 292 -1 6009 1.3033 0 FAT
1469 293 -1 5669 1.3001 0 FAT
1469 294 -1 5669 1.3001 0 FAT
1469 295 -1 5532 1.2981 0 FAT
1469 296 -1 5301 1.2950 0 FAT
1469 297 -1 5092 1.2908 0 FAT
1469 298 -1 4858 1.2909 0 FAT
1469 299 -1 4858 1.2909 0 FAT
1469 300 -1 4858 1.2909 0 FAT
1469 301 -1 4662 1.2882 0 FAT
1469 302 -1 4382 1.2842 0 FAT
1469 303 -1 4240 1.2805 0 FAT
1469 304 -1 3954 1.2763 2 FAT
1469 305 -1 3809 1.2764 2 FAT
1469 306 -1 3809 1.2764 2 FAT
1469 307 -1 3510 1.2768 2 FAT
1469 308 -1 3510 1.2768 2 FAT
1469 309 -1 3510 1.2768 2 FAT
1469 310 -1 3510 1.2768 2 FAT
1469 311 -1 3510 1.2768 2 FAT
1469 312 -1 3510 1.2768 2 FAT
1469 313 -1 3510 1.2768 2 FAT
1469 314 -1 3510 1.2768 2 FAT
1469 315 -1 3510 1.2768 2 FAT
1469 316 -1 3510 1.2768 2 FAT
1469 317 -1 3510 1.2768 2 FAT
1469 318 -1 3510 1.2768 2 FAT
1469 319 -1 3510 1.2768 2 FAT
1469 320 -1 3441 1.2750 2 FAT
1469 321 -1 3239 1.2714 2 FAT
1469 322 -1 3143 1.2714 2 FAT
1469 323 -1 3143 1.2714 2 FAT
1469 324 -1 3041 1.2699 2 FAT
1469 325 -1 2877 1.2647 2 FAT
1469 326 -1 2777 1.2637 2 FAT
1469 327 -1 2518 1.2535 2 FAT
1469 328 -1 2424 1.2535 2 FAT
1469 329 -1 2318 1.2533 2 FAT
1469 330 -1 2318 1.2533 2 FAT
1469 331 -1 2318 1.2533 2 FAT
1469 332 -1 2275 1.2508 2 FAT
1469 333 -1 2197 1.2507 2 FAT
1469 334 -1 1957 1.2394 2 FAT
1469 335 -1 1886 1.2395 2 FAT
1469 336 -1 1741 1.2311 2 FAT
1469 337 -1 1519 1.2212 2 FAT
1469 338 -1 1466 1.2212 2 FAT
1469 339 -1 1369 1.2211 2 FAT
1469 340 -1 1369 1.2211 2 FAT
1469 341 -1 1369 1.2211 2 FAT
1469 342 -1 1369 1.2211 2 FAT
1469 343 -1 1369 1.2211 2 FAT
1469 344 -1 1192 1.2208 2 FAT
1469 345 -1 1192 1.2208 2 FAT
1469 346 -1 1192 1.2208 2 FAT
1469 347 -1 1192 1.2208 2 FAT
1469 348 -1 1192 1.2208 2 FAT
1469 349 -1 1192 1.2208 2 FAT
1469 350 -1 1192 1.2208 2 FAT
1469 351 -1 1192 1.2208 2 FAT
1469 352 -1 1192 1.2208 2 FAT
1469 353 -1 1192 1.2208 2 FAT
1469 354 -1 1192 1.2208 2 FAT
1469 355 -1 1192 1.2208 2 FAT
1469 356 -1 1192 1.2208 2 FAT
1469 357 -1 1192 1.2208 2 FAT
1469 358 -1 1192 1.2208 2 FAT
1469 359 -1 1192 1.2208 2 FAT
1469 360 -1 1192 1.2208 2 FAT
1469 361 -1 1192 1.2208 2 FAT
1469 362 -1 870 1.2207 2 FAT
1469 363 -1 870 1.2207 2 FAT
1469 364 -1 870 1.2207 2 FAT
1469 365 -1 870 1.2207 2 FAT
1469 366 -1 870 1.2207 2 FAT
1469 367 -1 870 1.2207 2 FAT
1469 368 -1 870 1.2207 2 FAT
1469 369 -1 870 1.2207 2 FAT
1469 370 -1 870 1.2207 2 FAT
1469 371 -1 870 1.2207 2 FAT
1469 372 -1 870 1.2207 2 FAT
1469 373 -1 870 1.2207 2 FAT
1469 374 -1 870 1.2207 2 FAT
1469 375 -1 870 1.2207 2 FAT
1469 376 -1 1455 1.2206 2 FAT
1469 377 -1 1455 1.2206 2 FAT
1469 378 -1 1455 1.2206 2 FAT
1469 379 -1 1455 1.2206 2 FAT
1469 380 -1 1455 1.2206 2 FAT
1469 381 -1 1455 1.2206 2 FAT
1469 382 -1 1455 1.2206 2 FAT
1469 383 -1 1455 1.2206 2 FAT
1469 384 -1 1455 1.2206 2 FAT
1469 385 -1 1455 1.2206 2 FAT
1469 386 -1 1455 1.2206 2 FAT
1469 387 -1 1455 1.2206 2 FAT
1469 388 -1 1455 1.2206 2 FAT
1469 389 -1 1455 1.2206 2 FAT
1469 390 -1 1455 1.2206 2 FAT
1469 391 -1 1455 1.2206 2 FAT
1469 392 -1 1455 1.2206 2 FAT
1469 393 -1 1718 1.2204 2 FAT
1469 394 -1 1718 1.2204 2 FAT
1469 395 -1 1718 1.2204 2 FAT
1469 396 -1 2033 1.2290 2 FAT
1469 397 -1 2288 1.2385 2 FAT
1469 398 -1 2288 1.2385 2 FAT
1469 399 -1 2639 1.2478 2 FAT
1469 400 -1 2813 1.2544 2 FAT
1469 401 -1 2899 1.2550 2 FAT
1469 402 -1 3031 1.2547 2 FAT
1469 403 -1 3109 1.2578 2 FAT
1469 404 -1 3109 1.2578 2 FAT
1469 405 -1 3109 1.2578 2 FAT
1469 406 -1 3109 1.2578 2 FAT
1469 407 -1 3109 1.2578 2 FAT
1469 408 -1 3319 1.2578 2 FAT
1469 409 -1 3607 1.2634 2 FAT
1469 410 -1 3891 1.2701 2 FAT
1469 411 -1 4012 1.2716 2 FAT
1469 412 -1 4012 1.2716 2 FAT
1469 413 -1 4405 1.2772 0 FAT
1469 414 -1 4666 1.2818 0 FAT
1469 415 -1 4798 1.2841 0 FAT
1469 416 -1 4976 1.2864 0 FAT
1469 417 -1 4976 1.2864 0 FAT
1469 418 -1 5137 1.2869 0 FAT
1469 419 -1 5456 1.2918 0 FAT
1469 420 -1 5456 1.2918 0 FAT
1469 421 -1 5456 1.2918 0 FAT
1469 422 -1 5456 1.2918 0 FAT
1469 423 -1 5456 1.2918 0 FAT
1469 424 -1 5456 1.2918 0 FAT
1469 425 -1 5456 1.2918 0 FAT
1469 426 -1 5456 1.2918 0 FAT
1469 427 -1 5456 1.2918 0 FAT
1469 428 -1 5981 1.2920 0 FAT
1469 429 -1 6299 1.2965 0 FAT
1469 430 -1 6640 1.3011 0 FAT
1469 431 -1 6911 1.3032 0 FAT
1469 432 -1 6977 1.3043 0 FAT
1469 433 -1 6977 1.3043 0 FAT
1469 434 -1 6977 1.3043 0 FAT
1469 435 -1 6977 1.3043 0 FAT
1469 436 -1 6977 1.3043 0 FAT
1469 437 -1 6977 1.3043 0 FAT
1469 438 -1 6977 1.3043 0 FAT
1469 439 -1 6977 1.3043 0 FAT
1469 440 -1 6977 1.3043 0 FAT
1469 441 -1 6977 1.3043 0 FAT
1469 442 -1 6977 1.3043 0 FAT
1469 443 -1 6977 1.3043 0 FAT
1469 444 -1 6642 1.2992 0 FAT
1469 445 -1 6408 1.2970 0 FAT
1469 446 -1 6095 1.2934 0 FAT
1469 447 -1 5871 1.2917 0 FAT
1469 448 -1 5355 1.2883 0 FAT
1469 449 -1 5355 1.2883 0 FAT
1469 450 -1 5355 1.2883 0 FAT
1469 451 -1 5355 1.2883 0 FAT
1469 452 -1 5272 1.2863 0 FAT
1469 453 -1 4986 1.2824 0 FAT
1469 454 -1 4778 1.2807 0 FAT
1469 455 -1 4552 1.2767 0 FAT
1469 456 -1 4223 1.2699 0 FAT
1469 457 -1 3957 1.2667 2 FAT
1469 458 -1 3957 1.2667 2 FAT
1469 459 -1 3664 1.2602 2 FAT
1469 460 -1 3381 1.2602 2 FAT
1469 461 -1 3381 1.2602 2 FAT
1469 462 -1 3381 1.2602 2 FAT
1469 463 -1 3381 1.2602 2 FAT
1469 464 -1 4637 1.2644 0 FAT
1469 465 -1 4637 1.2644 0 FAT
1469 466 -1 4740 1.2633 0 FAT
1469 467 -1 4600 1.2651 0 FAT
1469 468 -1 4738 1.2678 0 FAT
1469 469 -1 4002 1.2684 2 FAT
1469 470 -1 4002 1.2684 2 FAT
1469 471 -1 4002 1.2684 2 FAT
1469 472 -1 4495 1.2747 0 FAT
1469 473 -1 4705 1.2774 0 FAT
1469 474 -1 4705 1.2774 0 FAT
1469 475 -1 4705 1.2774 0 FAT
1469 476 -1 4705 1.2774 0 FAT
1469 477 -1 4705 1.2774 0 FAT
1469 478 -1 4705 1.2774 0 FAT
1469 479 -1 4705 1.2774 0 FAT
1469 480 -1 4705 1.2774 0 FAT
1469 481 -1 4705 1.2774 0 FAT
1469 482 -1 5314 1.2786 0 FAT
1469 483 -1 5674 1.2854 0 FAT
1469 484 -1 5905 1.2879 0 FAT
1469 485 -1 6034 1.2894 0 FAT
1469 486 -1 6034 1.2894 0 FAT
1469 487 -1 6413 1.2916 0 FAT
1469 488 -1 6618 1.2944 0 FAT
1469 489 -1 7045 1.2992 0 FAT
1469 490 -1 7103 1.2998 0 FAT
1469 491 -1 6947 1.2962 0 FAT
1469 492 -1 6874 1.2973 0 FAT
1469 493 -1 6874 1.2973 0 FAT
1469 494 -1 6589 1.2939 0 FAT
1469 495 -1 5917 1.2898 0 FAT
1469 496 -1 6363 1.2918 0 FAT
1469 497 -1 6651 1.2956 0 FAT
1469 498 -1 6876 1.2969 0 FAT
1469 499 -1 7204 1.3011 0 FAT
1469 500 -1 7308 1.3025 0 FAT
1469 501 -1 7217 1.3005 0 FAT
1469 502 -1 6911 1.2977 0 FAT
1469 503 -1 6608 1.2956 0 FAT
1469 504 -1 6591 1.2951 0 FAT
1469 505 -1 6252 1.2912 0 FAT
1469 506 -1 5823 1.2856 0 FAT
1469 507 -1 5676 1.2834 0 FAT
1469 508 -1 5269 1.2800 0 FAT
1469 509 -1 5269 1.2800 0 FAT
1469 510 -1 5233 1.2794 0 FAT
1469 511 -1 4919 1.2754 0 FAT
1469 512 -1 4621 1.2689 0 FAT
1469 513 -1 4767 1.2685 0 FAT
1469 514 -1 4880 1.2713 0 FAT
1469 515 -1 5232 1.2746 0 FAT
1469 516 -1 5458 1.2797 0 FAT
1469 517 -1 5458 1.2797 0 FAT
1469 518 -1 5458 1.2797 0 FAT
1469 519 -1 5458 1.2797 0 FAT
1469 520 -1 6002 1.2828 0 FAT
1469 521 -1 6127 1.2853 0 FAT
1469 522 -1 6266 1.2859 0 FAT
1469 523 -1 6227 1.2861 0 FAT
1469 524 -1 6221 1.2897 0 FAT
1469 525 -1 6221 1.2897 0 FAT
1469 526 -1 6457 1.2910 0 FAT
1469 527 -1 6642 1.2940 0 FAT
1469 528 -1 6353 1.2907 0 FAT
1469 529 -1 6010 1.2871 0 FAT
1469 530 -1 5837 1.2851 0 FAT
1469 531 -1 5176 1.2782 0 FAT
1469 532 -1 4274 1.2784 0 FAT
1469 533 -1 4274 1.2784 0 FAT
1469 534 -1 4274 1.2784 0 FAT
1469 535 -1 4274 1.2784 0 FAT
1469 536 -1 4274 1.2784 0 FAT
1469 537 -1 4274 1.2784 0 FAT
1469 538 -1 4274 1.2784 0 FAT
1469 539 -1 4274 1.2784 0 FAT
1469 540 -1 4274 1.2784 0 FAT
1469 541 -1 4274 1.2784 0 FAT
1469 542 -1 4274 1.2784 0 FAT
1469 543 -1 4274 1.2784 0 FAT
1469 544 -1 4274 1.2784 0 FAT
1469 545 -1 4274 1.2784 0 FAT
1469 546 -1 4274 1.2784 0 FAT
1469 547 -1 4274 1.2784 0 FAT
1469 548 -1 4274 1.2784 0 FAT
1469 549 -1 4274 1.2784 0 FAT
1469 550 -1 4274 1.2784 0 FAT
1469 551 -1 4274 1.2784 0 FAT
1469 552 -1 4274 1.2784 0 FAT
1469 553 -1 4274 1.2784 0 FAT
1469 554 -1 4274 1.2784 0 FAT
1469 555 -1 4274 1.2784 0 FAT
1469 556 -1 4274 1.2784 0 FAT
1469 557 -1 4274 1.2784 0 FAT
1469 558 -1 4274 1.2784 0 FAT
1469 559 -1 4274 1.2784 0 FAT
1469 560 -1 4274 1.2784 0 FAT
1469 561 -1 4274 1.2784 0 FAT
1469 562 -1 4274 1.2784 0 FAT
1469 563 -1 4274 1.2784 0 FAT
1469 564 -1 4076 1.2756 2 FAT
1469 565 -1 3767 1.2692 2 FAT
1469 566 -1 3510 1.2646 2 FAT
1469 567 -1 3205 1.2650 2 FAT
1469 568 -1 3205 1.2650 2 FAT
1469 569 -1 3205 1.2650 2 FAT
1469 570 -1 3205 1.2650 2 FAT
1469 571 -1 3205 1.2650 2 FAT
1469 572 -1 3205 1.2650 2 FAT
1469 573 -1 3205 1.2650 2 FAT
1469 574 -1 3205 1.2650 2 FAT
1469 575 -1 3205 1.2650 2 FAT
1469 576 -1 2995 1.2596 2 FAT
1469 577 -1 2861 1.2591 2 FAT
1469 578 -1 4356 1.2654 0 FAT
1469 579 -1 4474 1.2683 0 FAT
1469 580 -1 4603 1.2723 0 FAT
1469 581 -1 4195 1.2621 0 FAT
1469 582 -1 4184 1.2607 0 FAT
1469 583 -1 3984 1.2566 2 FAT
1469 584 -1 3621 1.2466 2 FAT
1469 585 -1 3278 1.2443 2 FAT
1469 586 -1 3278 1.2443 2 FAT
1469 587 -1 3278 1.2443 2 FAT
1469 588 -1 3278 1.2443 2 FAT
1469 589 -1 3033 1.2403 2 FAT
1469 590 -1 2830 1.2336 2 FAT
1469 591 -1 2498 1.2204 2 FAT
1469 592 -1 2014 1.2016 2 FAT
1469 593 -1 2014 1.2016 2 FAT
1469 594 -1 1885 1.1973 2 FAT
1469 595 -1 1885 1.1973 2 FAT
1469 596 -1 2037 1.2024 2 FAT
1469 597 -1 2037 1.2024 2 FAT
1469 598 -1 2037 1.2024 2 FAT
1469 599 -1 2037 1.2024 2 FAT
1469 600 -1 2357 1.2084 2 FAT
1469 601 -1 2527 1.2123 2 FAT
1469 602 -1 2946 1.2309 2 FAT
1469 603 -1 3341 1.2427 2 FAT
1469 604 -1 3394 1.2446 2 FAT
1469 605 -1 3621 1.2466 2 FAT
1469 606 -1 3952 1.2551 2 FAT
1469 607 -1 4196 1.2613 0 FAT
1469 608 -1 4038 1.2619 2 FAT
1469 609 -1 4038 1.2619 2 FAT
1469 610 -1 4038 1.2619 2 FAT
1469 611 -1 4038 1.2619 2 FAT
1469 612 -1 3860 1.2608 2 FAT
1469 613 -1 3781 1.2604 2 FAT
1469 614 -1 3773 1.2492 2 FAT
1469 615 -1 3482 1.2402 2 FAT
1469 616 -1 3604 1.2411 2 FAT
1469 617 -1 3989 1.2540 2 FAT
1469 618 -1 3963 1.2512 2 FAT
1469 619 -1 2001 1.2534 2 FAT
1469 620 -1 2001 1.2534 2 FAT
1469 621 -1 2001 1.2534 2 FAT
1469 622 -1 2072 1.2535 2 FAT
1469 623 -1 2235 1.2591 2 FAT
1469 624 -1 2379 1.2638 2 FAT
1469 625 -1 2379 1.2638 2 FAT
1469 626 -1 2379 1.2638 2 FAT
1469 627 -1 2379 1.2638 2 FAT
1469 628 -1 2379 1.2638 2 FAT
1469 629 -1 2379 1.2638 2 FAT
1469 630 -1 2379 1.2638 2 FAT
1469 631 -1 2379 1.2638 2 FAT
1469 632 -1 2379 1.2638 2 FAT
1469 633 -1 2379 1.2638 2 FAT
1469 634 -1 2379 1.2638 2 FAT
1469 635 -1 2379 1.2638 2 FAT
1469 636 -1 2379 1.2638 2 FAT
1469 637 -1 2379 1.2638 2 FAT
1469 638 -1 2379 1.2638 2 FAT
1469 639 -1 2379 1.2638 2 FAT
1469 640 -1 2379 1.2638 2 FAT
1469 641 -1 2379 1.2638 2 FAT
1469 642 -1 2379 1.2638 2 FAT
1469 643 -1 2379 1.2638 2 FAT
1469 644 -1 2379 1.2638 2 FAT
1469 645 -1 2669 1.2638 2 FAT
1469 646 -1 2669 1.2638 2 FAT
1469 647 -1 2669 1.2638 2 FAT
1469 648 -1 2669 1.2638 2 FAT
1469 649 -1 2669 1.2638 2 FAT
1469 650 -1 2813 1.2639 2 FAT
1469 651 -1 2919 1.2639 2 FAT
1469 652 -1 3157 1.2718 2 FAT
1469 653 -1 3241 1.2720 2 FAT
1469 654 -1 3457 1.2776 2 FAT
1469 655 -1 3527 1.2797 2 FAT
1469 656 -1 3527 1.2797 2 FAT
1469 657 -1 3628 1.2797 2 FAT
1469 658 -1 3803 1.2829 2 FAT
1469 659 -1 4009 1.2873 2 FAT
1469 660 -1 4036 1.2878 2 FAT
1469 661 -1 4258 1.2902 0 FAT
1469 662 -1 4417 1.2928 0 FAT
1469 663 -1 4472 1.2941 0 FAT
1469 664 -1 4472 1.2941 0 FAT
1469 665 -1 4472 1.2941 0 FAT
1469 666 -1 4472 1.2941 0 FAT
1469 667 -1 4472 1.2941 0 FAT
1469 668 -1 4472 1.2941 0 FAT
1469 669 -1 4472 1.2941 0 FAT
1469 670 -1 4472 1.2941 0 FAT
1469 671 -1 4734 1.2941 0 FAT
1469 672 -1 4734 1.2941 0 FAT
1469 673 -1 4855 1.2940 0 FAT
1469 674 -1 5084 1.2974 0 FAT
1469 675 -1 5312 1.3009 0 FAT
1469 676 -1 5387 1.3008 0 FAT
1469 677 -1 5627 1.3045 0 FAT
1469 678 -1 5820 1.3065 0 FAT
1469 679 -1 5928 1.3085 0 FAT
1469 680 -1 5928 1.3085 0 FAT
1469 681 -1 5928 1.3085 0 FAT
1469 682 -1 5928 1.3085 0 FAT
1469 683 -1 6188 1.3085 0 FAT
1469 684 -1 6437 1.3118 0 FAT
1469 685 -1 6661 1.3138 0 FAT
1469 686 -1 6780 1.3159 0 FAT
1469 687 -1 6780 1.3159 0 FAT
1469 688 -1 7065 1.3176 0 FAT
1469 689 -1 7243 1.3199 0 FAT
1469 690 -1 7487 1.3221 0 FAT
1469 691 -1 7739 1.3247 0 FAT
1469 692 -1 7739 1.3247 0 FAT
1469 693 -1 7739 1.3247 0 FAT
1469 694 -1 7739 1.3247 0 FAT
1469 695 -1 7739 1.3247 0 FAT
1469 696 -1 7739 1.3247 0 FAT
1469 697 -1 7739 1.3247 0 FAT
1469 698 -1 7739 1.3247 0 FAT
1469 699 -1 7739 1.3247 0 FAT
1469 700 -1 7739 1.3247 0 FAT
1469 701 -1 7739 1.3247 0 FAT
1469 702 -1 7739 1.3247 0 FAT
1469 703 -1 7739 1.3247 0 FAT
1469 704 -1 7739 1.3247 0 FAT
1469 705 -1 7739 1.3247 0 FAT
1469 706 -1 7739 1.3247 0 FAT
1469 707 -1 7739 1.3247 0 FAT
1469 708 -1 7739 1.3247 0 FAT
1469 709 -1 7739 1.3247 0 FAT
1469 710 -1 7739 1.3247 0 FAT
1469 711 -1 7739 1.3247 0 FAT
1469 712 -1 7739 1.3247 0 FAT
1469 713 -1 7739 1.3247 0 FAT
1469 714 -1 7739 1.3247 0 FAT
1469 715 -1 7739 1.3247 0 FAT
1469 716 -1 7739 1.3247 0 FAT
1469 717 -1 7739 1.3247 0 FAT
1469 718 -1 7739 1.3247 0 FAT
1469 719 -1 7739 1.3247 0 FAT
1469 720 -1 7739 1.3247 0 FAT
1469 721 -1 7739 1.3247 0 FAT
1469 722 -1 7739 1.3247 0 FAT
1469 723 -1 7739 1.3247 0 FAT
1469 724 -1 7739 1.3247 0 FAT
1469 725 -1 7739 1.3247 0 FAT
1469 726 -1 7739 1.3247 0 FAT
1469 727 -1 7739 1.3247 0 FAT
1469 728 -1 7739 1.3247 0 FAT
1469 729 -1 7739 1.3247 0 FAT
1469 730 -1 7739 1.3247 0 FAT
1469 731 -1 7739 1.3247 0 FAT
1469 732 -1 7739 1.3247 0 FAT
1469 733 -1 7739 1.3247 0 FAT
1469 734 -1 7739 1.3247 0 FAT
1469 735 -1 7739 1.3247 0 FAT
1469 736 -1 7739 1.3247 0 FAT
1469 737 -1 7739 1.3247 0 FAT
1469 738 -1 7739 1.3247 0 FAT
1469 739 -1 7739 1.3247 0 FAT
1469 740 -1 7739 1.3247 0 FAT
1469 741 -1 7739 1.3247 0 FAT
1469 742 -1 7739 1.3247 0 FAT
1469 743 -1 7739 1.3247 0 FAT
1469 744 -1 7739 1.3247 0 FAT
1469 745 -1 7739 1.3247 0 FAT
1469 746 -1 7739 1.3247 0 FAT
1469 747 -1 7739 1.3247 0 FAT
1469 748 -1 7739 1.3247 0 FAT
1469 749 -1 7739 1.3247 0 FAT
1469 750 -1 7739 1.3247 0 FAT
1469 751 -1 7739 1.3247 0 FAT
1469 752 -1 7739 1.3247 0 FAT
1469 753 -1 7739 1.3247 0 FAT
1469 754 -1 7739 1.3247 0 FAT
1469 755 -1 7739 1.3247 0 FAT
1469 756 -1 7739 1.3247 0 FAT
1469 757 -1 7739 1.3247 0 FAT
1469 758 -1 7705 1.3241 0 FAT
1469 759 -1 7446 1.3215 0 FAT
1469 760 -1 7206 1.3199 0 FAT
1469 761 -1 7152 1.3189 0 FAT
1469 762 -1 6937 1.3171 0 FAT
1469 763 -1 6713 1.3137 0 FAT
1469 764 -1 6337 1.3130 0 FAT
1469 765 -1 6337 1.3130 0 FAT
1469 766 -1 6337 1.3130 0 FAT
1469 767 -1 6337 1.3130 0 FAT
1469 768 -1 6274 1.3122 0 FAT
1469 769 -1 6105 1.3104 0 FAT
1469 770 -1 5873 1.3067 0 FAT
1469 771 -1 5664 1.3057 0 FAT
1469 772 -1 5664 1.3057 0 FAT
1469 773 -1 5473 1.3025 0 FAT
1469 774 -1 5319 1.3012 0 FAT
1469 775 -1 5125 1.2977 0 FAT
1469 776 -1 4825 1.2942 0 FAT
1469 777 -1 4734 1.2941 0 FAT
1469 778 -1 4582 1.2940 0 FAT
1469 779 -1 4582 1.2940 0 FAT
1469 780 -1 4328 1.2940 0 FAT
1469 781 -1 4328 1.2940 0 FAT
1469 782 -1 4328 1.2940 0 FAT
1469 783 -1 4328 1.2940 0 FAT
1469 784 -1 4328 1.2940 0 FAT
1469 785 -1 4328 1.2940 0 FAT
1469 786 -1 4328 1.2940 0 FAT
1469 787 -1 4328 1.2940 0 FAT
1469 788 -1 4328 1.2940 0 FAT
1469 789 -1 4328 1.2940 0 FAT
1469 790 -1 4328 1.2940 0 FAT
1469 791 -1 4328 1.2940 0 FAT
1469 792 -1 4328 1.2940 0 FAT
1469 793 -1 4217 1.2919 0 FAT
1469 794 -1 4011 1.2884 2 FAT
1469 795 -1 3950 1.2883 2 FAT
1469 796 -1 3874 1.2869 2 FAT
1469 797 -1 3671 1.2830 2 FAT
1469 798 -1 3557 1.2797 2 FAT
1469 799 -1 3379 1.2757 2 FAT
1469 800 -1 3183 1.2747 2 FAT
1469 801 -1 3069 1.2745 2 FAT
1469 802 -1 3069 1.2745 2 FAT
1469 803 -1 3069 1.2745 2 FAT
1469 804 -1 3069 1.2745 2 FAT
1469 805 -1 3069 1.2745 2 FAT
1469 806 -1 3069 1.2745 2 FAT
1469 807 -1 3002 1.2716 2 FAT
1469 808 -1 2934 1.2719 2 FAT
1469 809 -1 2738 1.2663 2 FAT
1469 810 -1 2549 1.2623 2 FAT
1469 811 -1 2489 1.2624 2 FAT
1469 812 -1 2489 1.2624 2 FAT
1469 813 -1 2466 1.2611 2 FAT
1469 814 -1 2300 1.2563 2 FAT
1469 815 -1 2187 1.2545 2 FAT
1469 816 -1 2117 1.2523 2 FAT
1469 817 -1 1975 1.2467 2 FAT
1469 818 -1 1767 1.2367 2 FAT
1469 819 -1 1701 1.2365 2 FAT
1469 820 -1 1640 1.2364 2 FAT
1469 821 -1 1640 1.2364 2 FAT
1469 822 -1 1547 1.2364 2 FAT
1469 823 -1 1547 1.2364 2 FAT
1469 824 -1 1547 1.2364 2 FAT
1469 825 -1 1547 1.2364 2 FAT
1469 826 -1 1405 1.2366 2 FAT
1469 827 -1 1405 1.2366 2 FAT
1469 828 -1 1405 1.2366 2 FAT
1469 829 -1 1405 1.2366 2 FAT
1469 830 -1 1405 1.2366 2 FAT
1469 831 -1 1405 1.2366 2 FAT
1469 832 -1 1405 1.2366 2 FAT
1469 833 -1 1405 1.2366 2 FAT
1469 834 -1 1405 1.2366 2 FAT
1469 835 -1 1405 1.2366 2 FAT
1469 836 -1 1405 1.2366 2 FAT
1469 837 -1 1405 1.2366 2 FAT
1469 838 -1 1188 1.2367 2 FAT
1469 839 -1 1188 1.2367 2 FAT
1469 840 -1 1188 1.2367 2 FAT
1469 841 -1 1188 1.2367 2 FAT
1469 842 -1 1188 1.2367 2 FAT
1469 843 -1 1188 1.2367 2 FAT
1469 844 -1 1188 1.2367 2 FAT
1469 845 -1 1188 1.2367 2 FAT
1469 846 -1 1188 1.2367 2 FAT
1469 847 -1 1188 1.2367 2 FAT
1469 848 -1 1188 1.2367 2 FAT
1469 849 -1 1188 1.2367 2 FAT
1469 850 -1 1188 1.2367 2 FAT
1469 851 -1 1188 1.2367 2 FAT
1469 852 -1 1188 1.2367 2 FAT
1469 853 -1 1188 1.2367 2 FAT
1469 854 -1 1188 1.2367 2 FAT
1469 855 -1 1188 1.2367 2 FAT
1469 856 -1 1188 1.2367 2 FAT
1469 857 -1 1188 1.2367 2 FAT
1469 858 -1 1188 1.2367 2 FAT
1469 859 -1 1188 1.2367 2 FAT
1469 860 -1 1188 1.2367 2 FAT
1469 861 -1 1188 1.2367 2 FAT
1469 862 -1 1188 1.2367 2 FAT
1469 863 -1 1188 1.2367 2 FAT
1469 864 -1 1188 1.2367 2 FAT
1469 865 -1 1188 1.2367 2 FAT
1469 866 -1 1188 1.2367 2 FAT
1469 867 -1 1188 1.2367 2 FAT
1469 868 -1 1188 1.2367 2 FAT
1469 869 -1 1188 1.2367 2 FAT
1469 870 -1 1188 1.2367 2 FAT
1469 871 -1 1188 1.2367 2 FAT
1469 872 -1 1188 1.2367 2 FAT
1469 873 -1 1188 1.2367 2 FAT
1469 874 -1 1188 1.2367 2 FAT
1469 875 -1 1188 1.2367 2 FAT
1469 876 -1 1188 1.2367 2 FAT
1469 877 -1 1188 1.2367 2 FAT
1469 878 -1 1188 1.2367 2 FAT
1469 879 -1 1188 1.2367 2 FAT
1469 880 -1 1188 1.2367 2 FAT
1469 881 -1 1188 1.2367 2 FAT
1469 882 -1 1188 1.2367 2 FAT
1469 883 -1 1188 1.2367 2 FAT
1469 884 -1 1188 1.2367 2 FAT
1469 885 -1 1188 1.2367 2 FAT
1469 886 -1 1188 1.2367 2 FAT
1469 887 -1 1188 1.2367 2 FAT
1469 888 -1 1094 1.2300 2 FAT
1469 889 -1 993 1.2242 2 FAT
1469 890 -1 942 1.2241 2 FAT
1469 891 -1 942 1.2241 2 FAT
1469 892 -1 942 1.2241 2 FAT
1469 893 -1 881 1.2179 2 FAT
1469 894 -1 807 1.2149 2 FAT
1469 895 -1 792 1.2143 2 FAT
1469 896 -1 721 1.2080 2 FAT
1469 897 -1 589 1.1904 2 FAT
1469 898 -1 557 1.1912 2 FAT
1469 899 -1 557 1.1912 2 FAT
1469 900 -1 530 1.1907 2 FAT
1469 901 -1 530 1.1907 2 FAT
1469 902 -1 530 1.1907 2 FAT
1469 903 -1 492 1.1903 2 FAT
1469 904 -1 492 1.1903 2 FAT
1469 905 -1 492 1.1903 2 FAT
1469 906 -1 492 1.1903 2 FAT
1469 907 -1 492 1.1903 2 FAT
1469 908 -1 492 1.1903 2 FAT
1469 909 -1 492 1.1903 2 FAT
1469 910 -1 438 1.1903 2 FAT
1469 911 -1 438 1.1903 2 FAT
1469 912 -1 438 1.1903 2 FAT
1469 913 -1 438 1.1903 2 FAT
1469 914 -1 438 1.1903 2 FAT
1469 915 -1 438 1.1903 2 FAT
1469 916 -1 438 1.1903 2 FAT
1469 917 -1 438 1.1903 2 FAT
1469 918 -1 438 1.1903 2 FAT
1469 919 -1 438 1.1903 2 FAT
1469 920 -1 438 1.1903 2 FAT
1469 921 -1 438 1.1903 2 FAT
1469 922 -1 438 1.1903 2 FAT
1469 923 -1 438 1.1903 2 FAT
1469 924 -1 438 1.1903 2 FAT
1469 925 -1 438 1.1903 2 FAT
1469 926 -1 438 1.1903 2 FAT
1469 927 -1 438 1.1903 2 FAT
1469 928 -1 438 1.1903 2 FAT
1469 929 -1 438 1.1903 2 FAT
1469 930 -1 438 1.1903 2 FAT
1469 931 -1 390 1.1820 2 FAT
1469 932 -1 302 1.1615 2 FAT
1469 933 -1 281 1.1589 2 FAT
1469 934 -1 270 1.1597 2 FAT
1469 935 -1 255 1.1612 2 FAT
1469 936 -1 255 1.1612 2 FAT
1469 937 -1 255 1.1612 2 FAT
1469 938 -1 255 1.1612 2 FAT
1469 939 -1 234 1.1621 2 FAT
1469 940 -1 234 1.1621 2 FAT
1469 941 -1 234 1.1621 2 FAT
1469 942 -1 234 1.1621 2 FAT
1469 943 -1 234 1.1621 2 FAT
1469 944 -1 234 1.1621 2 FAT
1469 945 -1 234 1.1621 2 FAT
1469 946 -1 234 1.1621 2 FAT
1469 947 -1 234 1.1621 2 FAT
1469 948 -1 178 1.1474 2 FAT
1469 949 -1 162 1.1421 2 FAT
1469 950 -1 162 1.1421 2 FAT
1469 951 -1 151 1.1422 2 FAT
1469 952 -1 151 1.1422 2 FAT
1469 953 -1 151 1.1422 2 FAT
1469 954 -1 151 1.1422 2 FAT
1469 955 -1 120 1.1256 2 FAT
1469 956 -1 429 1.1273 2 FAT
1469 957 -1 615 1.1550 2 FAT
1469 958 -1 840 1.1988 2 FAT
1469 959 -1 811 1.1897 2 FAT
1469 960 -1 561 1.1367 2 FAT
1469 961 -1 265 1.0779 2 FAT
1469 962 -1 265 1.0779 2 FAT
1469 963 -1 281 1.0842 2 FAT
1469 964 -1 281 1.0842 2 FAT
1469 965 -1 135 1.0428 2 FAT
1469 966 -1 135 1.0428 2 FAT
1469 967 -1 135 1.0428 2 FAT
1469 968 -1 135 1.0428 2 FAT
1469 969 -1 318 1.0945 2 FAT
1469 970 -1 318 1.0945 2 FAT
1469 971 -1 112 1.0410 2 FAT
1469 972 -1 112 1.0410 2 FAT
1469 973 -1 112 1.0410 2 FAT
1469 974 -1 112 1.0410 2 FAT
1469 975 -1 112 1.0410 2 FAT
1469 976 -1 112 1.0410 2 FAT
1469 977 -1 112 1.0410 2 FAT
1469 978 -1 112 1.0410 2 FAT
1469 979 -1 112 1.0410 2 FAT
1469 980 -1 112 1.0410 2 FAT
1469 981 -1 112 1.0410 2 FAT
1469 982 -1 192 1.0491 2 FAT
1469 983 -1 282 1.0848 2 FAT
1469 984 -1 416 1.1137 2 FAT
1469 985 -1 301 1.0915 2 FAT
1469 986 -1 87 1.0394 2 FAT
1469 987 -1 87 1.0394 2 FAT
1469 988 -1 87 1.0394 2 FAT
1469 989 -1 87 1.0394 2 FAT
1469 990 -1 87 1.0394 2 FAT
1469 991 -1 87 1.0394 2 FAT
1469 992 -1 87 1.0394 2 FAT
1469 993 -1 87 1.0394 2 FAT
1469 994 -1 87 1.0394 2 FAT
1469 995 -1 87 1.0394 2 FAT
1469 996 -1 87 1.0394 2 FAT
1469 997 -1 87 1.0394 2 FAT
1469 998 -1 87 1.0394 2 FAT
1469 999 -1 87 1.0394 2 FAT
1469 1000 -1 87 1.0394 2 FAT
1469 1001 -1 87 1.0394 2 FAT
1469 1002 -1 87 1.0394 2 FAT
1469 1003 -1 87 1.0394 2 FAT
1469 1004 -1 87 1.0394 2 FAT
1469 1005 -1 87 1.0394 2 FAT
1469 1006 -1 87 1.0394 2 FAT
1469 1007 -1 87 1.0394 2 FAT
1469 1008 -1 87 1.0394 2 FAT
1469 1009 -1 87 1.0394 2 FAT
1469 1010 -1 87 1.0394 2 FAT
1469 1011 -1 87 1.0394 2 FAT
1469 1012 -1 87 1.0394 2 FAT
1469 1013 -1 87 1.0394 2 FAT
1469 1014 -1 87 1.0394 2 FAT
1469 1015 -1 87 1.0394 2 FAT
1469 1016 -1 358 1.1037 2 FAT
1469 1017 -1 358 1.1037 2 FAT
1469 1018 -1 265 1.0779 2 FAT
1469 1019 -1 135 1.0428 2 FAT
1469 1020 -1 135 1.0428 2 FAT
1469 1021 -1 135 1.0428 2 FAT
1469 1022 -1 272 1.0815 2 FAT
1469 1023 -1 272 1.0815 2 FAT
1469 1024 -1 445 1.1195 2 FAT
1469 1025 -1 340 1.1028 2 FAT
1469 1026 -1 112 1.0410 2 FAT
1469 1027 -1 60 1.0379 2 FAT
1469 1028 -1 60 1.0379 2 FAT
1469 1029 -1 60 1.0379 2 FAT
1469 1030 -1 60 1.0379 2 FAT
1469 1031 -1 60 1.0379 2 FAT
1469 1032 -1 60 1.0379 2 FAT
1469 1033 -1 60 1.0379 2 FAT
1469 1034 -1 60 1.0379 2 FAT
1469 1035 -1 60 1.0379 2 FAT
1469 1036 -1 60 1.0379 2 FAT
1469 1037 -1 60 1.0379 2 FAT
1469 1038 -1 60 1.0379 2 FAT
1469 1039 -1 60 1.0379 2 FAT
1469 1040 -1 60 1.0379 2 FAT
1469 1041 -1 60 1.0379 2 FAT
1469 1042 -1 60 1.0379 2 FAT
1469 1043 -1 60 1.0379 2 FAT
1469 1044 -1 60 1.0379 2 FAT
1469 1045 -1 60 1.0379 2 FAT
1469 1046 -1 60 1.0379 2 FAT
1469 1047 -1 60 1.0379 2 FAT
1469 1048 -1 60 1.0379 2 FAT
1469 1049 -1 60 1.0379 2 FAT
1469 1050 -1 60 1.0379 2 FAT
1469 1051 -1 60 1.0379 2 FAT
1469 1052 -1 60 1.0379 2 FAT
1469 1053 -1 60 1.0379 2 FAT
1469 1054 -1 60 1.0379 2 FAT
1469 1055 -1 60 1.0379 2 FAT
1469 1056 -1 60 1.0379 2 FAT
1469 1057 -1 60 1.0379 2 FAT
1469 1058 -1 60 1.0379 2 FAT
1469 1059 -1 60 1.0379 2 FAT
1469 1060 -1 60 1.0379 2 FAT
1469 1061 -1 60 1.0379 2 FAT
1469 1062 -1 60 1.0379 2 FAT
1469 1063 -1 60 1.0379 2 FAT
1469 1064 -1 60 1.0379 2 FAT
1469 1065 -1 60 1.0379 2 FAT
1469 1066 -1 60 1.0379 2 FAT
1469 1067 -1 60 1.0379 2 FAT
1469 1068 -1 60 1.0379 2 FAT
1469 1069 -1 60 1.0379 2 FAT
1469 1070 -1 60 1.0379 2 FAT
1469 1071 -1 60 1.0379 2 FAT
1469 1072 -1 60 1.0379 2 FAT
1469 1073 -1 60 1.0379 2 FAT
1469 1074 -1 60 1.0379 2 FAT
1469 1075 -1 60 1.0379 2 FAT
1469 1076 -1 60 1.0379 2 FAT
1469 1077 -1 60 1.0379 2 FAT
1469 1078 -1 60 1.0379 2 FAT
1469 1079 -1 60 1.0379 2 FAT
1469 1080 -1 60 1.0379 2 FAT
1469 1081 -1 60 1.0379 2 FAT
1469 1082 -1 60 1.0379 2 FAT
1469 1083 -1 60 1.0379 2 FAT
1469 1084 -1 60 1.0379 2 FAT
1469 1085 -1 60 1.0379 2 FAT
1469 1086 -1 60 1.0379 2 FAT
1469 1087 -1 60 1.0379 2 FAT
1469 1088 -1 60 1.0379 2 FAT
1469 1089 -1 60 1.0379 2 FAT
1469 1090 -1 60 1.0379 2 FAT
1469 1091 -1 60 1.0379 2 FAT
1469 1092 -1 60 1.0379 2 FAT
1469 1093 -1 60 1.0379 2 FAT
1469 1094 -1 60 1.0379 2 FAT
1469 1095 -1 60 1.0379 2 FAT
1469 1096 -1 60 1.0379 2 FAT
1469 1097 -1 60 1.0379 2 FAT
1469 1098 -1 60 1.0379 2 FAT
1469 1099 -1 60 1.0379 2 FAT
1469 1100 -1 60 1.0379 2 FAT
1469 1101 -1 60 1.0379 2 FAT
1469 1102 -1 60 1.0379 2 FAT
1469 1103 -1 60 1.0379 2 FAT
1469 1104 -1 60 1.0379 2 FAT
1469 1105 -1 112 1.0410 2 FAT
1469 1106 -1 340 1.1028 2 FAT
1469 1107 -1 445 1.1195 2 FAT
1469 1108 -1 272 1.0815 2 FAT
1469 1109 -1 272 1.0815 2 FAT
1469 1110 -1 135 1.0428 2 FAT
1469 1111 -1 135 1.0428 2 FAT
1469 1112 -1 135 1.0428 2 FAT
1469 1113 -1 265 1.0779 2 FAT
1469 1114 -1 358 1.1037 2 FAT
1469 1115 -1 358 1.1037 2 FAT
1469 1116 -1 87 1.0394 2 FAT
1469 1117 -1 87 1.0394 2 FAT
1469 1118 -1 87 1.0394 2 FAT
1469 1119 -1 87 1.0394 2 FAT
1469 1120 -1 87 1.0394 2 FAT
1469 1121 -1 87 1.0394 2 FAT
1469 1122 -1 87 1.0394 2 FAT
1469 1123 -1 87 1.0394 2 FAT
1469 1124 -1 87 1.0394 2 FAT
1469 1125 -1 87 1.0394 2 FAT
1469 1126 -1 87 1.0394 2 FAT
1469 1127 -1 87 1.0394 2 FAT
1469 1128 -1 87 1.0394 2 FAT
1469 1129 -1 87 1.0394 2 FAT
1469 1130 -1 87 1.0394 2 FAT
1469 1131 -1 87 1.0394 2 FAT
1469 1132 -1 87 1.0394 2 FAT
1469 1133 -1 87 1.0394 2 FAT
1469 1134 -1 87 1.0394 2 FAT
1469 1135 -1 87 1.0394 2 FAT
1469 1136 -1 87 1.0394 2 FAT
1469 1137 -1 87 1.0394 2 FAT
1469 1138 -1 87 1.0394 2 FAT
1469 1139 -1 87 1.0394 2 FAT
1469 1140 -1 87 1.0394 2 FAT
1469 1141 -1 87 1.0394 2 FAT
1469 1142 -1 87 1.0394 2 FAT
1469 1143 -1 87 1.0394 2 FAT
1469 1144 -1 87 1.0394 2 FAT
1469 1145 -1 87 1.0394 2 FAT
1469 1146 -1 301 1.0915 2 FAT
1469 1147 -1 416 1.1137 2 FAT
1469 1148 -1 282 1.0848 2 FAT
1469 1149 -1 192 1.0491 2 FAT
1469 1150 -1 112 1.0410 2 FAT
1469 1151 -1 112 1.0410 2 FAT
1469 1152 -1 112 1.0410 2 FAT
1469 1153 -1 112 1.0410 2 FAT
1469 1154 -1 112 1.0410 2 FAT
1469 1155 -1 112 1.0410 2 FAT
1469 1156 -1 112 1.0410 2 FAT
1469 1157 -1 112 1.0410 2 FAT
1469 1158 -1 112 1.0410 2 FAT
1469 1159 -1 112 1.0410 2 FAT
1469 1160 -1 112 1.0410 2 FAT
1469 1161 -1 318 1.0945 2 FAT
1469 1162 -1 318 1.0945 2 FAT
1469 1163 -1 135 1.0428 2 FAT
1469 1164 -1 135 1.0428 2 FAT
1469 1165 -1 135 1.0428 2 FAT
1469 1166 -1 135 1.0428 2 FAT
1469 1167 -1 281 1.0842 2 FAT
1469 1168 -1 281 1.0842 2 FAT
1469 1169 -1 265 1.0779 2 FAT
1469 1170 -1 265 1.0779 2 FAT
1469 1171 -1 561 1.1367 2 FAT
1469 1172 -1 811 1.1897 2 FAT
1469 1173 -1 840 1.1988 2 FAT
1469 1174 -1 615 1.1550 2 FAT
1469 1175 -1 429 1.1273 2 FAT
1469 1176 -1 120 1.1256 2 FAT
1469 1177 -1 151 1.1422 2 FAT
1469 1178 -1 151 1.1422 2 FAT
1469 1179 -1 151 1.1422 2 FAT
1469 1180 -1 151 1.1422 2 FAT
1469 1181 -1 162 1.1421 2 FAT
1469 1182 -1 162 1.1421 2 FAT
1469 1183 -1 178 1.1474 2 FAT
1469 1184 -1 234 1.1621 2 FAT
1469 1185 -1 234 1.1621 2 FAT
1469 1186 -1 234 1.1621 2 FAT
1469 1187 -1 234 1.1621 2 FAT
1469 1188 -1 234 1.1621 2 FAT
1469 1189 -1 234 1.1621 2 FAT
1469 1190 -1 234 1.1621 2 FAT
1469 1191 -1 234 1.1621 2 FAT
1469 1192 -1 234 1.1621 2 FAT
1469 1193 -1 255 1.1612 2 FAT
1469 1194 -1 255 1.1612 2 FAT
1469 1195 -1 255 1.1612 2 FAT
1469 1196 -1 255 1.1612 2 FAT
1469 1197 -1 270 1.1597 2 FAT
1469 1198 -1 281 1.1589 2 FAT
1469 1199 -1 302 1.1615 2 FAT
1469 1200 -1 390 1.1820 2 FAT
1469 1201 -1 438 1.1903 2 FAT
1469 1202 -1 438 1.1903 2 FAT
1469 1203 -1 438 1.1903 2 FAT
1469 1204 -1 438 1.1903 2 FAT
1469 1205 -1 438 1.1903 2 FAT
1469 1206 -1 438 1.1903 2 FAT
1469 1207 -1 438 1.1903 2 FAT
1469 1208 -1 438 1.1903 2 FAT
1469 1209 -1 438 1.1903 2 FAT
1469 1210 -1 438 1.1903 2 FAT
1469 1211 -1 438 1.1903 2 FAT
1469 1212 -1 438 1.1903 2 FAT
1469 1213 -1 438 1.1903 2 FAT
1469 1214 -1 438 1.1903 2 FAT
1469 1215 -1 438 1.1903 2 FAT
1469 1216 -1 438 1.1903 2 FAT
1469 1217 -1 438 1.1903 2 FAT
1469 1218 -1 438 1.1903 2 FAT
1469 1219 -1 438 1.1903 2 FAT
1469 1220 -1 438 1.1903 2 FAT
1469 1221 -1 438 1.1903 2 FAT
1469 1222 -1 492 1.1903 2 FAT
1469 1223 -1 492 1.1903 2 FAT
1469 1224 -1 492 1.1903 2 FAT
1469 1225 -1 492 1.1903 2 FAT
1469 1226 -1 492 1.1903 2 FAT
1469 1227 -1 492 1.1903 2 FAT
1469 1228 -1 492 1.1903 2 FAT
1469 1229 -1 530 1.1907 2 FAT
1469 1230 -1 530 1.1907 2 FAT
1469 1231 -1 530 1.1907 2 FAT
1469 1232 -1 557 1.1912 2 FAT
1469 1233 -1 557 1.1912 2 FAT
1469 1234 -1 589 1.1904 2 FAT
1469 1235 -1 721 1.2080 2 FAT
1469 1236 -1 792 1.2143 2 FAT
1469 1237 -1 807 1.2149 2 FAT
1469 1238 -1 881 1.2179 2 FAT
1469 1239 -1 942 1.2241 2 FAT
1469 1240 -1 942 1.2241 2 FAT
1469 1241 -1 942 1.2241 2 FAT
1469 1242 -1 993 1.2242 2 FAT
1469 1243 -1 1094 1.2300 2 FAT
1469 1244 -1 1188 1.2367 2 FAT
1469 1245 -1 1188 1.2367 2 FAT
1469 1246 -1 1188 1.2367 2 FAT
1469 1247 -1 1188 1.2367 2 FAT
1469 1248 -1 1188 1.2367 2 FAT
1469 1249 -1 1188 1.2367 2 FAT
1469 1250 -1 1188 1.2367 2 FAT
1469 1251 -1 1188 1.2367 2 FAT
1469 1252 -1 1188 1.2367 2 FAT
1469 1253 -1 1188 1.2367 2 FAT
1469 1254 -1 1188 1.2367 2 FAT
1469 1255 -1 1188 1.2367 2 FAT
1469 1256 -1 1188 1.2367 2 FAT
1469 1257 -1 1188 1.2367 2 FAT
1469 1258 -1 1188 1.2367 2 FAT
1469 1259 -1 1188 1.2367 2 FAT
1469 1260 -1 1188 1.2367 2 FAT
1469 1261 -1 1188 1.2367 2 FAT
1469 1262 -1 1188 1.2367 2 FAT
1469 1263 -1 1188 1.2367 2 FAT
1469 1264 -1 1188 1.2367 2 FAT
1469 1265 -1 1188 1.2367 2 FAT
1469 1266 -1 1188 1.2367 2 FAT
1469 1267 -1 1188 1.2367 2 FAT
1469 1268 -1 1188 1.2367 2 FAT
1469 1269 -1 1188 1.2367 2 FAT
1469 1270 -1 1188 1.2367 2 FAT
1469 1271 -1 1188 1.2367 2 FAT
1469 1272 -1 1188 1.2367 2 FAT
1469 1273 -1 1188 1.2367 2 FAT
1469 1274 -1 1188 1.2367 2 FAT
1469 1275 -1 1188 1.2367 2 FAT
1469 1276 -1 1188 1.2367 2 FAT
1469 1277 -1 1188 1.2367 2 FAT
1469 1278 -1 1188 1.2367 2 FAT
1469 1279 -1 1188 1.2367 2 FAT
1469 1280 -1 1188 1.2367 2 FAT
1469 1281 -1 1188 1.2367 2 FAT
1469 1282 -1 1188 1.2367 2 FAT
1469 1283 -1 1188 1.2367 2 FAT
1469 1284 -1 1188 1.2367 2 FAT
1469 1285 -1 1188 1.2367 2 FAT
1469 1286 -1 1188 1.2367 2 FAT
1469 1287 -1 1188 1.2367 2 FAT
1469 1288 -1 1188 1.2367 2 FAT
1469 1289 -1 1188 1.2367 2 FAT
1469 1290 -1 1188 1.2367 2 FAT
1469 1291 -1 1188 1.2367 2 FAT
1469 1292 -1 1188 1.2367 2 FAT
1469 1293 -1 1188 1.2367 2 FAT
1469 1294 -1 1405 1.2366 2 FAT
1469 1295 -1 1405 1.2366 2 FAT
1469 1296 -1 1405 1.2366 2 FAT
1469 1297 -1 1405 1.2366 2 FAT
1469 1298 -1 1405 1.2366 2 FAT
1469 1299 -1 1405 1.2366 2 FAT
1469 1300 -1 1405 1.2366 2 FAT
1469 1301 -1 1405 1.2366 2 FAT
1469 1302 -1 1405 1.2366 2 FAT
1469 1303 -1 1405 1.2366 2 FAT
1469 1304 -1 1405 1.2366 2 FAT
1469 1305 -1 1405 1.2366 2 FAT
1469 1306 -1 1547 1.2364 2 FAT
1469 1307 -1 1547 1.2364 2 FAT
1469 1308 -1 1547 1.2364 2 FAT
1469 1309 -1 1547 1.2364 2 FAT
1469 1310 -1 1640 1.2364 2 FAT
1469 1311 -1 1640 1.2364 2 FAT
1469 1312 -1 1701 1.2365 2 FAT
1469 1313 -1 1767 1.2367 2 FAT
1469 1314 -1 1975 1.2467 2 FAT
1469 1315 -1 2117 1.2523 2 FAT
1469 1316 -1 2187 1.2545 2 FAT
1469 1317 -1 2300 1.2563 2 FAT
1469 1318 -1 2466 1.2611 2 FAT
1469 1319 -1 2489 1.2624 2 FAT
1469 1320 -1 2489 1.2624 2 FAT
1469 1321 -1 2549 1.2623 2 FAT
1469 1322 -1 2738 1.2663 2 FAT
1469 1323 -1 2934 1.2719 2 FAT
1469 1324 -1 3002 1.2716 2 FAT
1469 1325 -1 3069 1.2745 2 FAT
1469 1326 -1 3069 1.2745 2 FAT
1469 1327 -1 3069 1.2745 2 FAT
1469 1328 -1 3069 1.2745 2 FAT
1469 1329 -1 3069 1.2745 2 FAT
1469 1330 -1 3069 1.2745 2 FAT
1469 1331 -1 3183 1.2747 2 FAT
1469 1332 -1 3379 1.2757 2 FAT
1469 1333 -1 3557 1.2797 2 FAT
1469 1334 -1 3671 1.2830 2 FAT
1469 1335 -1 3874 1.2869 2 FAT
1469 1336 -1 3950 1.2883 2 FAT
1469 1337 -1 4011 1.2884 2 FAT
1469 1338 -1 4217 1.2919 0 FAT
1469 1339 -1 4328 1.2940 0 FAT
1469 1340 -1 4328 1.2940 0 FAT
1469 1341 -1 4328 1.2940 0 FAT
1469 1342 -1 4328 1.2940 0 FAT
1469 1343 -1 4328 1.2940 0 FAT
1469 1344 -1 4328 1.2940 0 FAT
1469 1345 -1 4328 1.2940 0 FAT
1469 1346 -1 4328 1.2940 0 FAT
1469 1347 -1 4328 1.2940 0 FAT
1469 1348 -1 4328 1.2940 0 FAT
1469 1349 -1 4328 1.2940 0 FAT
1469 1350 -1 4328 1.2940 0 FAT
1469 1351 -1 4328 1.2940 0 FAT
1469 1352 -1 4582 1.2940 0 FAT
1469 1353 -1 4582 1.2940 0 FAT
1469 1354 -1 4734 1.2941 0 FAT
1469 1355 -1 4825 1.2942 0 FAT
1469 1356 -1 5125 1.2977 0 FAT
1469 1357 -1 5319 1.3012 0 FAT
1469 1358 -1 5473 1.3025 0 FAT
1469 1359 -1 5664 1.3057 0 FAT
1469 1360 -1 5664 1.3057 0 FAT
1469 1361 -1 5873 1.3067 0 FAT
1469 1362 -1 6105 1.3104 0 FAT
1469 1363 -1 6274 1.3122 0 FAT
1469 1364 -1 6337 1.3130 0 FAT
1469 1365 -1 6337 1.3130 0 FAT
1469 1366 -1 6337 1.3130 0 FAT
1469 1367 -1 6337 1.3130 0 FAT
1469 1368 -1 6713 1.3137 0 FAT
1469 1369 -1 6937 1.3171 0 FAT
1469 1370 -1 7152 1.3189 0 FAT
1469 1371 -1 7206 1.3199 0 FAT
1469 1372 -1 7446 1.3215 0 FAT
1469 1373 -1 7705 1.3241 0 FAT
1469 1374 -1 7739 1.3247 0 FAT
1469 1375 -1 7739 1.3247 0 FAT
1469 1376 -1 7739 1.3247 0 FAT
1469 1377 -1 7739 1.3247 0 FAT
1469 1378 -1 7739 1.3247 0 FAT
1469 1379 -1 7739 1.3247 0 FAT
1469 1380 -1 7739 1.3247 0 FAT
1469 1381 -1 7739 1.3247 0 FAT
1469 1382 -1 7739 1.3247 0 FAT
1469 1383 -1 7739 1.3247 0 FAT
1469 1384 -1 7739 1.3247 0 FAT
1469 1385 -1 7739 1.3247 0 FAT
1469 1386 -1 7739 1.3247 0 FAT
1469 1387 -1 7739 1.3247 0 FAT
1469 1388 -1 7739 1.3247 0 FAT
1469 1389 -1 7739 1.3247 0 FAT
1469 1390 -1 7739 1.3247 0 FAT
1469 1391 -1 7739 1.3247 0 FAT
1469 1392 -1 7739 1.3247 0 FAT
1469 1393 -1 7739 1.3247 0 FAT
1469 1394 -1 7739 1.3247 0 FAT
1469 1395 -1 7739 1.3247 0 FAT
1469 1396 -1 7739 1.3247 0 FAT
1469 1397 -1 7739 1.3247 0 FAT
1469 1398 -1 7739 1.3247 0 FAT
1469 1399 -1 7739 1.3247 0 FAT
1469 1400 -1 7739 1.3247 0 FAT
1469 1401 -1 7739 1.3247 0 FAT
1469 1402 -1 7739 1.3247 0 FAT
1469 1403 -1 7739 1.3247 0 FAT
1469 1404 -1 7739 1.3247 0 FAT
1469 1405 -1 7739 1.3247 0 FAT
1469 1406 -1 7739 1.3247 0 FAT
1469 1407 -1 7739 1.3247 0 FAT
1469 1408 -1 7739 1.3247 0 FAT
1469 1409 -1 7739 1.3247 0 FAT
1469 1410 -1 7739 1.3247 0 FAT
1469 1411 -1 7739 1.3247 0 FAT
1469 1412 -1 7739 1.3247 0 FAT
1469 1413 -1 7739 1.3247 0 FAT
1469 1414 -1 7739 1.3247 0 FAT
1469 1415 -1 7739 1.3247 0 FAT
1469 1416 -1 7739 1.3247 0 FAT
1469 1417 -1 7739 1.3247 0 FAT
1469 1418 -1 7739 1.3247 0 FAT
1469 1419 -1 7739 1.3247 0 FAT
1469 1420 -1 7739 1.3247 0 FAT
1469 1421 -1 7739 1.3247 0 FAT
1469 1422 -1 7739 1.3247 0 FAT
1469 1423 -1 7739 1.3247 0 FAT
1469 1424 -1 7739 1.3247 0 FAT
1469 1425 -1 7739 1.3247 0 FAT
1469 1426 -1 7739 1.3247 0 FAT
1469 1427 -1 7739 1.3247 0 FAT
1469 1428 -1 7739 1.3247 0 FAT
1469 1429 -1 7739 1.3247 0 FAT
1469 1430 -1 7739 1.3247 0 FAT
1469 1431 -1 7739 1.3247 0 FAT
1469 1432 -1 7739 1.3247 0 FAT
1469 1433 -1 7739 1.3247 0 FAT
1469 1434 -1 7739 1.3247 0 FAT
1469 1435 -1 7739 1.3247 0 FAT
1469 1436 -1 7739 1.3247 0 FAT
1469 1437 -1 7739 1.3247 0 FAT
1469 1438 -1 7739 1.3247 0 FAT
1469 1439 -1 7739 1.3247 0 FAT
1469 1440 -1 7739 1.3247 0 FAT
1469 1441 -1 7487 1.3221 0 FAT
1469 1442 -1 7243 1.3199 0 FAT
1469 1443 -1 7065 1.3176 0 FAT
1469 1444 -1 6780 1.3159 0 FAT
1469 1445 -1 6780 1.3159 0 FAT
1469 1446 -1 6661 1.3138 0 FAT
1469 1447 -1 6437 1.3118 0 FAT
1469 1448 -1 6188 1.3085 0 FAT
1469 1449 -1 5928 1.3085 0 FAT
1469 1450 -1 5928 1.3085 0 FAT
1469 1451 -1 5928 1.3085 0 FAT
1469 1452 -1 5928 1.3085 0 FAT
1469 1453 -1 5820 1.3065 0 FAT
1469 1454 -1 5627 1.3045 0 FAT
1469 1455 -1 5387 1.3008 0 FAT
1469 1456 -1 5312 1.3009 0 FAT
1469 1457 -1 5084 1.2974 0 FAT
1469 1458 -1 4855 1.2940 0 FAT
1469 1459 -1 4734 1.2941 0 FAT
1469 1460 -1 4734 1.2941 0 FAT
1469 1461 -1 4472 1.2941 0 FAT
1469 1462 -1 4472 1.2941 0 FAT
1469 1463 -1 4472 1.2941 0 FAT
1469 1464 -1 4472 1.2941 0 FAT
1469 1465 -1 4472 1.2941 0 FAT
1469 1466 -1 4472 1.2941 0 FAT
1469 1467 -1 4472 1.2941 0 FAT
1469 1468 -1 4472 1.2941 0 FAT
1469 1469 -1 4417 1.2928 0 FAT
1469 1470 -1 4258 1.2902 0 FAT
1469 1471 -1 4036 1.2878 2 FAT
1469 1472 -1 4009 1.2873 2 FAT
1469 1473 -1 3803 1.2829 2 FAT
1469 1474 -1 3628 1.2797 2 FAT
1469 1475 -1 3527 1.2797 2 FAT
1469 1476 -1 3527 1.2797 2 FAT
1469 1477 -1 3457 1.2776 2 FAT
1469 1478 -1 3241 1.2720 2 FAT
1469 1479 -1 3157 1.2718 2 FAT
1469 1480 -1 2919 1.2639 2 FAT
1469 1481 -1 2813 1.2639 2 FAT
1469 1482 -1 2669 1.2638 2 FAT
1469 1483 -1 2669 1.2638 2 FAT
1469 1484 -1 2669 1.2638 2 FAT
1469 1485 -1 2669 1.2638 2 FAT
1469 1486 -1 2669 1.2638 2 FAT
1469 1487 -1 2379 1.2638 2 FAT
1469 1488 -1 2379 1.2638 2 FAT
1469 1489 -1 2379 1.2638 2 FAT
1469 1490 -1 2379 1.2638 2 FAT
1469 1491 -1 2379 1.2638 2 FAT
1469 1492 -1 2379 1.2638 2 FAT
1469 1493 -1 2379 1.2638 2 FAT
1469 1494 -1 2379 1.2638 2 FAT
1469 1495 -1 2379 1.2638 2 FAT
1469 1496 -1 2379 1.2638 2 FAT
1469 1497 -1 2379 1.2638 2 FAT
1469 1498 -1 2379 1.2638 2 FAT
1469 1499 -1 2379 1.2638 2 FAT
1469 1500 -1 2379 1.2638 2 FAT
1469 1501 -1 2379 1.2638 2 FAT
1469 1502 -1 2379 1.2638 2 FAT
1469 1503 -1 2379 1.2638 2 FAT
1469 1504 -1 2379 1.2638 2 FAT
1469 1505 -1 2379 1.2638 2 FAT
1469 1506 -1 2379 1.2638 2 FAT
1469 1507 -1 2379 1.2638 2 FAT
1469 1508 -1 2235 1.2591 2 FAT
1469 1509 -1 2072 1.2535 2 FAT
1469 1510 -1 2001 1.2534 2 FAT
1469 1511 -1 2001 1.2534 2 FAT
1469 1512 -1 2001 1.2534 2 FAT
1469 1513 -1 3963 1.2512 2 FAT
1469 1514 -1 3989 1.2540 2 FAT
1469 1515 -1 3604 1.2411 2 FAT
1469 1516 -1 3482 1.2402 2 FAT
1469 1517 -1 3773 1.2492 2 FAT
1469 1518 -1 3781 1.2604 2 FAT
1469 1519 -1 3860 1.2608 2 FAT
1469 1520 -1 4038 1.2619 2 FAT
1469 1521 -1 4038 1.2619 2 FAT
1469 1522 -1 4038 1.2619 2 FAT
1469 1523 -1 4038 1.2619 2 FAT
1469 1524 -1 4196 1.2613 0 FAT
1469 1525 -1 3952 1.2551 2 FAT
1469 1526 -1 3621 1.2466 2 FAT
1469 1527 -1 3394 1.2446 2 FAT
1469 1528 -1 3341 1.2427 2 FAT
1469 1529 -1 2946 1.2309 2 FAT
1469 1530 -1 2527 1.2123 2 FAT
1469 1531 -1 2357 1.2084 2 FAT
1469 1532 -1 2037 1.2024 2 FAT
1469 1533 -1 2037 1.2024 2 FAT
1469 1534 -1 2037 1.2024 2 FAT
1469 1535 -1 2037 1.2024 2 FAT
1469 1536 -1 1885 1.1973 2 FAT
1469 1537 -1 1885 1.1973 2 FAT
1469 1538 -1 2014 1.2016 2 FAT
1469 1539 -1 2014 1.2016 2 FAT
1469 1540 -1 2498 1.2204 2 FAT
1469 1541 -1 2830 1.2336 2 FAT
1469 1542 -1 3033 1.2403 2 FAT
1469 1543 -1 3278 1.2443 2 FAT
1469 1544 -1 3278 1.2443 2 FAT
1469 1545 -1 3278 1.2443 2 FAT
1469 1546 -1 3278 1.2443 2 FAT
1469 1547 -1 3621 1.2466 2 FAT
1469 1548 -1 3984 1.2566 2 FAT
1469 1549 -1 4184 1.2607 0 FAT
1469 1550 -1 4195 1.2621 0 FAT
1469 1551 -1 4603 1.2723 0 FAT
1469 1552 -1 4474 1.2683 0 FAT
1469 1553 -1 4356 1.2654 0 FAT
1469 1554 -1 2861 1.2591 2 FAT
1469 1555 -1 2995 1.2596 2 FAT
1469 1556 -1 3205 1.2650 2 FAT
1469 1557 -1 3205 1.2650 2 FAT
1469 1558 -1 3205 1.2650 2 FAT
1469 1559 -1 3205 1.2650 2 FAT
1469 1560 -1 3205 1.2650 2 FAT
1469 1561 -1 3205 1.2650 2 FAT
1469 1562 -1 3205 1.2650 2 FAT
1469 1563 -1 3205 1.2650 2 FAT
1469 1564 -1 3205 1.2650 2 FAT
1469 1565 -1 3510 1.2646 2 FAT
1469 1566 -1 3767 1.2692 2 FAT
1469 1567 -1 4076 1.2756 2 FAT
1469 1568 -1 4274 1.2784 0 FAT
1469 1569 -1 4274 1.2784 0 FAT
1469 1570 -1 4274 1.2784 0 FAT
1469 1571 -1 4274 1.2784 0 FAT
1469 1572 -1 4274 1.2784 0 FAT
1469 1573 -1 4274 1.2784 0 FAT
1469 1574 -1 4274 1.2784 0 FAT
1469 1575 -1 4274 1.2784 0 FAT
1469 1576 -1 4274 1.2784 0 FAT
1469 1577 -1 4274 1.2784 0 FAT
1469 1578 -1 4274 1.2784 0 FAT
1469 1579 -1 4274 1.2784 0 FAT
1469 1580 -1 4274 1.2784 0 FAT
1469 1581 -1 4274 1.2784 0 FAT
1469 1582 -1 4274 1.2784 0 FAT
1469 1583 -1 4274 1.2784 0 FAT
1469 1584 -1 4274 1.2784 0 FAT
1469 1585 -1 4274 1.2784 0 FAT
1469 1586 -1 4274 1.2784 0 FAT
1469 1587 -1 4274 1.2784 0 FAT
1469 1588 -1 4274 1.2784 0 FAT
1469 1589 -1 4274 1.2784 0 FAT
1469 1590 -1 4274 1.2784 0 FAT
1469 1591 -1 4274 1.2784 0 FAT
1469 1592 -1 4274 1.2784 0 FAT
1469 1593 -1 4274 1.2784 0 FAT
1469 1594 -1 4274 1.2784 0 FAT
1469 1595 -1 4274 1.2784 0 FAT
1469 1596 -1 4274 1.2784 0 FAT
1469 1597 -1 4274 1.2784 0 FAT
1469 1598 -1 4274 1.2784 0 FAT
1469 1599 -1 4274 1.2784 0 FAT
1469 1600 -1 5176 1.2782 0 FAT
1469 1601 -1 5837 1.2851 0 FAT
1469 1602 -1 6010 1.2871 0 FAT
1469 1603 -1 6353 1.2907 0 FAT
1469 1604 -1 6642 1.2940 0 FAT
1469 1605 -1 6457 1.2910 0 FAT
1469 1606 -1 6221 1.2897 0 FAT
1469 1607 -1 6221 1.2897 0 FAT
1469 1608 -1 6227 1.2861 0 FAT
1469 1609 -1 6266 1.2859 0 FAT
1469 1610 -1 6127 1.2853 0 FAT
1469 1611 -1 6002 1.2828 0 FAT
1469 1612 -1 5458 1.2797 0 FAT
1469 1613 -1 5458 1.2797 0 FAT
1469 1614 -1 5458 1.2797 0 FAT
1469 1615 -1 5458 1.2797 0 FAT
1469 1616 -1 5232 1.2746 0 FAT
1469 1617 -1 4880 1.2713 0 FAT
1469 1618 -1 4767 1.2685 0 FAT
1469 1619 -1 4621 1.2689 0 FAT
1469 1620 -1 4919 1.2754 0 FAT
1469 1621 -1 5233 1.2794 0 FAT
1469 1622 -1 5269 1.2800 0 FAT
1469 1623 -1 5269 1.2800 0 FAT
1469 1624 -1 5676 1.2834 0 FAT
1469 1625 -1 5823 1.2856 0 FAT
1469 1626 -1 6252 1.2912 0 FAT
1469 1627 -1 6591 1.2951 0 FAT
1469 1628 -1 6608 1.2956 0 FAT
1469 1629 -1 6911 1.2977 0 FAT
1469 1630 -1 7217 1.3005 0 FAT
1469 1631 -1 7308 1.3025 0 FAT
1469 1632 -1 7204 1.3011 0 FAT
1469 1633 -1 6876 1.2969 0 FAT
1469 1634 -1 6651 1.2956 0 FAT
1469 1635 -1 6363 1.2918 0 FAT
1469 1636 -1 5917 1.2898 0 FAT
1469 1637 -1 6589 1.2939 0 FAT
1469 1638 -1 6874 1.2973 0 FAT
1469 1639 -1 6874 1.2973 0 FAT
1469 1640 -1 6947 1.2962 0 FAT
1469 1641 -1 7103 1.2998 0 FAT
1469 1642 -1 7045 1.2992 0 FAT
1469 1643 -1 6618 1.2944 0 FAT
1469 1644 -1 6413 1.2916 0 FAT
1469 1645 -1 6034 1.2894 0 FAT
1469 1646 -1 6034 1.2894 0 FAT
1469 1647 -1 5905 1.2879 0 FAT
1469 1648 -1 5674 1.2854 0 FAT
1469 1649 -1 5314 1.2786 0 FAT
1469 1650 -1 4705 1.2774 0 FAT
1469 1651 -1 4705 1.2774 0 FAT
1469 1652 -1 4705 1.2774 0 FAT
1469 1653 -1 4705 1.2774 0 FAT
1469 1654 -1 4705 1.2774 0 FAT
1469 1655 -1 4705 1.2774 0 FAT
1469 1656 -1 4705 1.2774 0 FAT
1469 1657 -1 4705 1.2774 0 FAT
1469 1658 -1 4705 1.2774 0 FAT
1469 1659 -1 4495 1.2747 0 FAT
1469 1660 -1 4002 1.2684 2 FAT
1469 1661 -1 4002 1.2684 2 FAT
1469 1662 -1 4002 1.2684 2 FAT
1469 1663 -1 4738 1.2678 0 FAT
1469 1664 -1 4600 1.2651 0 FAT
1469 1665 -1 4740 1.2633 0 FAT
1469 1666 -1 4637 1.2644 0 FAT
1469 1667 -1 4637 1.2644 0 FAT
1469 1668 -1 3381 1.2602 2 FAT
1469 1669 -1 3381 1.2602 2 FAT
1469 1670 -1 3381 1.2602 2 FAT
1469 1671 -1 3381 1.2602 2 FAT
1469 1672 -1 3664 1.2602 2 FAT
1469 1673 -1 3957 1.2667 2 FAT
1469 1674 -1 3957 1.2667 2 FAT
1469 1675 -1 4223 1.2699 0 FAT
1469 1676 -1 4552 1.2767 0 FAT
1469 1677 -1 4778 1.2807 0 FAT
1469 1678 -1 4986 1.2824 0 FAT
1469 1679 -1 5272 1.2863 0 FAT
1469 1680 -1 5355 1.2883 0 FAT
1469 1681 -1 5355 1.2883 0 FAT
1469 1682 -1 5355 1.2883 0 FAT
1469 1683 -1 5355 1.2883 0 FAT
1469 1684 -1 5871 1.2917 0 FAT
1469 1685 -1 6095 1.2934 0 FAT
1469 1686 -1 6408 1.2970 0 FAT
1469 1687 -1 6642 1.2992 0 FAT
1469 1688 -1 6977 1.3043 0 FAT
1469 1689 -1 6977 1.3043 0 FAT
1469 1690 -1 6977 1.3043 0 FAT
1469 1691 -1 6977 1.3043 0 FAT
1469 1692 -1 6977 1.3043 0 FAT
1469 1693 -1 6977 1.3043 0 FAT
1469 1694 -1 6977 1.3043 0 FAT
1469 1695 -1 6977 1.3043 0 FAT
1469 1696 -1 6977 1.3043 0 FAT
1469 1697 -1 6977 1.3043 0 FAT
1469 1698 -1 6977 1.3043 0 FAT
1469 1699 -1 6977 1.3043 0 FAT
1469 1700 -1 6911 1.3032 0 FAT
1469 1701 -1 6640 1.3011 0 FAT
1469 1702 -1 6299 1.2965 0 FAT
1469 1703 -1 5981 1.2920 0 FAT
1469 1704 -1 5456 1.2918 0 FAT
1469 1705 -1 5456 1.2918 0 FAT
1469 1706 -1 5456 1.2918 0 FAT
1469 1707 -1 5456 1.2918 0 FAT
1469 1708 -1 5456 1.2918 0 FAT
1469 1709 -1 5456 1.2918 0 FAT
1469 1710 -1 5456 1.2918 0 FAT
1469 1711 -1 5456 1.2918 0 FAT
1469 1712 -1 5456 1.2918 0 FAT
1469 1713 -1 5137 1.2869 0 FAT
1469 1714 -1 4976 1.2864 0 FAT
1469 1715 -1 4976 1.2864 0 FAT
1469 1716 -1 4798 1.2841 0 FAT
1469 1717 -1 4666 1.2818 0 FAT
1469 1718 -1 4405 1.2772 0 FAT
1469 1719 -1 4012 1.2716 2 FAT
1469 1720 -1 4012 1.2716 2 FAT
1469 1721 -1 3891 1.2701 2 FAT
1469 1722 -1 3607 1.2634 2 FAT
1469 1723 -1 3319 1.2578 2 FAT
1469 1724 -1 3109 1.2578 2 FAT
1469 1725 -1 3109 1.2578 2 FAT
1469 1726 -1 3109 1.2578 2 FAT
1469 1727 -1 3109 1.2578 2 FAT
1469 1728 -1 3109 1.2578 2 FAT
1469 1729 -1 3031 1.2547 2 FAT
1469 1730 -1 2899 1.2550 2 FAT
1469 1731 -1 2813 1.2544 2 FAT
1469 1732 -1 2639 1.2478 2 FAT
1469 1733 -1 2288 1.2385 2 FAT
1469 1734 -1 2288 1.2385 2 FAT
1469 1735 -1 2033 1.2290 2 FAT
1469 1736 -1 1718 1.2204 2 FAT
1469 1737 -1 1718 1.2204 2 FAT
1469 1738 -1 1718 1.2204 2 FAT
1469 1739 -1 1455 1.2206 2 FAT
1469 1740 -1 1455 1.2206 2 FAT
1469 1741 -1 1455 1.2206 2 FAT
1469 1742 -1 1455 1.2206 2 FAT
1469 1743 -1 1455 1.2206 2 FAT
1469 1744 -1 1455 1.2206 2 FAT
1469 1745 -1 1455 1.2206 2 FAT
1469 1746 -1 1455 1.2206 2 FAT
1469 1747 -1 1455 1.2206 2 FAT
1469 1748 -1 1455 1.2206 2 FAT
1469 1749 -1 1455 1.2206 2 FAT
1469 1750 -1 1455 1.2206 2 FAT
1469 1751 -1 1455 1.2206 2 FAT
1469 1752 -1 1455 1.2206 2 FAT
1469 1753 -1 1455 1.2206 2 FAT
1469 1754 -1 1455 1.2206 2 FAT
1469 1755 -1 1455 1.2206 2 FAT
1469 1756 -1 870 1.2207 2 FAT
1469 1757 -1 870 1.2207 2 FAT
1469 1758 -1 870 1.2207 2 FAT
1469 1759 -1 870 1.2207 2 FAT
1469 1760 -1 870 1.2207 2 FAT
1469 1761 -1 870 1.2207 2 FAT
1469 1762 -1 870 1.2207 2 FAT
1469 1763 -1 870 1.2207 2 FAT
1469 1764 -1 870 1.2207 2 FAT
1469 1765 -1 870 1.2207 2 FAT
1469 1766 -1 870 1.2207 2 FAT
1469 1767 -1 870 1.2207 2 FAT
1469 1768 -1 870 1.2207 2 FAT
1469 1769 -1 870 1.2207 2 FAT
1469 1770 -1 1192 1.2208 2 FAT
1469 1771 -1 1192 1.2208 2 FAT
1469 1772 -1 1192 1.2208 2 FAT
1469 1773 -1 1192 1.2208 2 FAT
1469 1774 -1 1192 1.2208 2 FAT
1469 1775 -1 1192 1.2208 2 FAT
1469 1776 -1 1192 1.2208 2 FAT
1469 1777 -1 1192 1.2208 2 FAT
1469 1778 -1 1192 1.2208 2 FAT
1469 1779 -1 1192 1.2208 2 FAT
1469 1780 -1 1192 1.2208 2 FAT
1469 1781 -1 1192 1.2208 2 FAT
1469 1782 -1 1192 1.2208 2 FAT
1469 1783 -1 1192 1.2208 2 FAT
1469 1784 -1 1192 1.2208 2 FAT
1469 1785 -1 1192 1.2208 2 FAT
1469 1786 -1 1192 1.2208 2 FAT
1469 1787 -1 1192 1.2208 2 FAT
1469 1788 -1 1369 1.2211 2 FAT
1469 1789 -1 1369 1.2211 2 FAT
1469 1790 -1 1369 1.2211 2 FAT
1469 1791 -1 1369 1.2211 2 FAT
1469 1792 -1 1369 1.2211 2 FAT
1469 1793 -1 1466 1.2212 2 FAT
1469 1794 -1 1519 1.2212 2 FAT
1469 1795 -1 1741 1.2311 2 FAT
1469 1796 -1 1886 1.2395 2 FAT
1469 1797 -1 1957 1.2394 2 FAT
1469 1798 -1 2197 1.2507 2 FAT
1469 1799 -1 2275 1.2508 2 FAT
1469 1800 -1 2318 1.2533 2 FAT
1469 1801 -1 2318 1.2533 2 FAT
1469 1802 -1 2318 1.2533 2 FAT
1469 1803 -1 2424 1.2535 2 FAT
1469 1804 -1 2518 1.2535 2 FAT
1469 1805 -1 2777 1.2637 2 FAT
1469 1806 -1 2877 1.2647 2 FAT
1469 1807 -1 3041 1.2699 2 FAT
1469 1808 -1 3143 1.2714 2 FAT
1469 1809 -1 3143 1.2714 2 FAT
1469 1810 -1 3239 1.2714 2 FAT
1469 1811 -1 3441 1.2750 2 FAT
1469 1812 -1 3510 1.2768 2 FAT
1469 1813 -1 3510 1.2768 2 FAT
1469 1814 -1 3510 1.2768 2 FAT
1469 1815 -1 3510 1.2768 2 FAT
1469 1816 -1 3510 1.2768 2 FAT
1469 1817 -1 3510 1.2768 2 FAT
1469 1818 -1 3510 1.2768 2 FAT
1469 1819 -1 3510 1.2768 2 FAT
1469 1820 -1 3510 1.2768 2 FAT
1469 1821 -1 3510 1.2768 2 FAT
1469 1822 -1 3510 1.2768 2 FAT
1469 1823 -1 3510 1.2768 2 FAT
1469 1824 -1 3510 1.2768 2 FAT
1469 1825 -1 3809 1.2764 2 FAT
1469 1826 -1 3809 1.2764 2 FAT
1469 1827 -1 3954 1.2763 2 FAT
1469 1828 -1 4240 1.2805 0 FAT
1469 1829 -1 4382 1.2842 0 FAT
1469 1830 -1 4662 1.2882 0 FAT
1469 1831 -1 4858 1.2909 0 FAT
1469 1832 -1 4858 1.2909 0 FAT
1469 1833 -1 4858 1.2909 0 FAT
1469 1834 -1 5092 1.2908 0 FAT
1469 1835 -1 5301 1.2950 0 FAT
1469 1836 -1 5532 1.2981 0 FAT
1469 1837 -1 5669 1.3001 0 FAT
1469 1838 -1 5669 1.3001 0 FAT
1469 1839 -1 6009 1.3033 0 FAT
1469 1840 -1 6182 1.3058 0 FAT
1469 1841 -1 6182 1.3058 0 FAT
1469 1842 -1 6182 1.3058 0 FAT
1469 1843 -1 6182 1.3058 0 FAT
1469 1844 -1 6182 1.3058 0 FAT
1469 1845 -1 6182 1.3058 0 FAT
1469 1846 -1 6182 1.3058 0 FAT
1469 1847 -1 6182 1.3058 0 FAT
1469 1848 -1 6182 1.3058 0 FAT
1469 1849 -1 6522 1.3061 0 FAT
1469 1850 -1 6914 1.3078 0 FAT
1469 1851 -1 7149 1.3104 0 FAT
1469 1852 -1 7430 1.3142 0 FAT
1469 1853 -1 7452 1.3144 0 FAT
1469 1854 -1 7674 1.3147 0 FAT
1469 1855 -1 7940 1.3181 0 FAT
1469 1856 -1 8147 1.3206 0 FAT
1469 1857 -1 8349 1.3214 0 FAT
1469 1858 -1 8646 1.3246 0 FAT
1469 1859 -1 8651 1.3247 0 FAT
1469 1860 -1 8651 1.3247 0 FAT
1469 1861 -1 8651 1.3247 0 FAT
1469 1862 -1 8651 1.3247 0 FAT
1469 1863 -1 8651 1.3247 0 FAT
1469 1864 -1 8651 1.3247 0 FAT
1469 1865 -1 8651 1.3247 0 FAT
1469 1866 -1 8651 1.3247 0 FAT
1469 1867 -1 8651 1.3247 0 FAT
1469 1868 -1 8651 1.3247 0 FAT
1469 1869 -1 8651 1.3247 0 FAT
1469 1870 -1 8651 1.3247 0 FAT
1469 1871 -1 8651 1.3247 0 FAT
1469 1872 -1 8651 1.3247 0 FAT
1469 1873 -1 8651 1.3247 0 FAT
1469 1874 -1 8651 1.3247 0 FAT
1469 1875 -1 8651 1.3247 0 FAT
1469 1876 -1 8651 1.3247 0 FAT
1469 1877 -1 8651 1.3247 0 FAT
1469 1878 -1 8651 1.3247 0 FAT
1469 1879 -1 8651 1.3247 0 FAT
1469 1880 -1 8651 1.3247 0 FAT
1469 1881 -1 8651 1.3247 0 FAT
1469 1882 -1 8651 1.3247 0 FAT
1469 1883 -1 8651 1.3247 0 FAT
1469 1884 -1 8651 1.3247 0 FAT
1469 1885 -1 8651 1.3247 0 FAT
1469 1886 -1 8651 1.3247 0 FAT
1469 1887 -1 8651 1.3247 0 FAT
1469 1888 -1 8651 1.3247 0 FAT
1469 1889 -1 8651 1.3247 0 FAT
1469 1890 -1 8651 1.3247 0 FAT
1469 1891 -1 8651 1.3247 0 FAT
1469 1892 -1 8651 1.3247 0 FAT
1469 1893 -1 8651 1.3247 0 FAT
1469 1894 -1 8651 1.3247 0 FAT
1469 1895 -1 8534 1.3235 0 FAT
1469 1896 -1 8323 1.3219 0 FAT
1469 1897 -1 8048 1.3185 0 FAT
1469 1898 -1 7754 1.3173 0 FAT
1469 1899 -1 7754 1.3173 0 FAT
1469 1900 -1 7525 1.3147 0 FAT
1469 1901 -1 7122 1.3110 0 FAT
1469 1902 -1 7122 1.3110 0 FAT
1469 1903 -1 6845 1.3072 0 FAT
1469 1904 -1 6325 1.3058 0 FAT
1469 1905 -1 6325 1.3058 0 FAT
1469 1906 -1 6325 1.3058 0 FAT
1469 1907 -1 6325 1.3058 0 FAT
1469 1908 -1 6325 1.3058 0 FAT
1469 1909 -1 8791 1.3093 0 FAT
1469 1910 -1 9044 1.3108 0 FAT
1469 1911 -1 8892 1.3093 0 FAT
1469 1912 -1 8546 1.3074 0 FAT
1469 1913 -1 8343 1.3049 0 FAT
1469 1914 -1 8556 1.3052 0 FAT
1469 1915 -1 8656 1.3058 0 FAT
1469 1916 -1 8302 1.3073 0 FAT
1469 1917 -1 8302 1.3073 0 FAT
1469 1918 -1 8749 1.3105 0 FAT
1469 1919 -1 9122 1.3145 0 FAT
1469 1920 -1 9108 1.3144 0 FAT
1469 1921 -1 9027 1.3132 0 FAT
1469 1922 -1 8781 1.3102 0 FAT
1469 1923 -1 8421 1.3063 0 FAT
1469 1924 -1 7896 1.3037 0 FAT
1469 1925 -1 7896 1.3037 0 FAT
1469 1926 -1 7896 1.3037 0 FAT
1469 1927 -1 7544 1.3000 0 FAT
1469 1928 -1 6436 1.3004 0 FAT
1469 1929 -1 6436 1.3004 0 FAT
1469 1930 -1 7107 1.3005 0 FAT
1469 1931 -1 7455 1.3059 0 FAT
1469 1932 -1 7616 1.3077 0 FAT
1469 1933 -1 7616 1.3077 0 FAT
1469 1934 -1 8090 1.3111 0 FAT
1469 1935 -1 8421 1.3147 0 FAT
1469 1936 -1 8421 1.3147 0 FAT
1469 1937 -1 8914 1.3178 0 FAT
1469 1938 -1 9147 1.3189 0 FAT
1469 1939 -1 9308 1.3208 0 FAT
1469 1940 -1 9308 1.3208 0 FAT
1469 1941 -1 9308 1.3208 0 FAT
1469 1942 -1 9308 1.3208 0 FAT
1469 1943 -1 9308 1.3208 0 FAT
1469 1944 -1 9308 1.3208 0 FAT
1469 1945 -1 10166 1.3232 0 FAT
1469 1946 -1 10303 1.3244 0 FAT
1469 1947 -1 10666 1.3258 0 FAT
1469 1948 -1 10778 1.3272 0 FAT
1469 1949 -1 10741 1.3268 0 FAT
1469 1950 -1 10902 1.3281 0 FAT
1469 1951 -1 10601 1.3258 0 FAT
1469 1952 -1 10025 1.3241 0 FAT
1469 1953 -1 10025 1.3241 0 FAT
1469 1954 -1 10520 1.3247 0 FAT
1469 1955 -1 10751 1.3270 0 FAT
1469 1956 -1 10744 1.3268 0 FAT
1469 1957 -1 10922 1.3281 0 FAT
1469 1958 -1 10858 1.3281 0 FAT
1469 1959 -1 10505 1.3244 0 FAT
1469 1960 -1 10143 1.3240 0 FAT
1469 1961 -1 10143 1.3240 0 FAT
1469 1962 -1 9876 1.3218 0 FAT
1469 1963 -1 9590 1.3189 0 FAT
1469 1964 -1 9333 1.3161 0 FAT
1469 1965 -1 9049 1.3155 0 FAT
1469 1966 -1 8974 1.3146 0 FAT
1469 1967 -1 8649 1.3115 0 FAT
1469 1968 -1 7506 1.3087 0 FAT
1469 1969 -1 7506 1.3087 0 FAT
1469 1970 -1 7506 1.3087 0 FAT
1469 1971 -1 7506 1.3087 0 FAT
1469 1972 -1 7506 1.3087 0 FAT
1469 1973 -1 7506 1.3087 0 FAT
1469 1974 -1 7506 1.3087 0 FAT
1469 1975 -1 7506 1.3087 0 FAT
1469 1976 -1 7506 1.3087 0 FAT
1469 1977 -1 7506 1.3087 0 FAT
1469 1978 -1 7506 1.3087 0 FAT
1469 1979 -1 7506 1.3087 0 FAT
1469 1980 -1 7506 1.3087 0 FAT
1469 1981 -1 7506 1.3087 0 FAT
1469 1982 -1 7256 1.3056 0 FAT
1469 1983 -1 6847 1.3030 0 FAT
1469 1984 -1 6847 1.3030 0 FAT
1469 1985 -1 6847 1.3030 0 FAT
1469 1986 -1 6624 1.3004 0 FAT
1469 1987 -1 6323 1.2954 0 FAT
1469 1988 -1 5970 1.2934 0 FAT
1469 1989 -1 5970 1.2934 0 FAT
1469 1990 -1 7492 1.2948 0 FAT
1469 1991 -1 7175 1.2906 0 FAT
1469 1992 -1 7521 1.2954 0 FAT
1469 1993 -1 7164 1.2904 0 FAT
1469 1994 -1 6905 1.2875 0 FAT
1469 1995 -1 6195 1.2872 0 FAT
1469 1996 -1 6195 1.2872 0 FAT
1469 1997 -1 6195 1.2872 0 FAT
1469 1998 -1 6757 1.2883 0 FAT
1469 1999 -1 6855 1.2902 0 FAT
1469 2000 -1 7245 1.2936 0 FAT
1469 2001 -1 7488 1.2975 0 FAT
1469 2002 -1 7945 1.3029 0 FAT
1469 2003 -1 8209 1.3057 0 FAT
1469 2004 -1 7975 1.3052 0 FAT
1469 2005 -1 7975 1.3052 0 FAT
1469 2006 -1 7625 1.3016 0 FAT
1469 2007 -1 7175 1.2972 0 FAT
1469 2008 -1 7578 1.2979 0 FAT
1469 2009 -1 7532 1.2970 0 FAT
1469 2010 -1 7682 1.2986 0 FAT
1469 2011 -1 7719 1.2985 0 FAT
1469 2012 -1 7089 1.2969 0 FAT
1469 2013 -1 7089 1.2969 0 FAT
1469 2014 -1 7544 1.2976 0 FAT
1469 2015 -1 7919 1.3027 0 FAT
1469 2016 -1 8244 1.3070 0 FAT
1469 2017 -1 8231 1.3068 0 FAT
1469 2018 -1 8414 1.3071 0 FAT
1469 2019 -1 8459 1.3083 0 FAT
1469 2020 -1 8293 1.3075 0 FAT
1469 2021 -1 7888 1.3030 0 FAT
1469 2022 -1 7599 1.2994 0 FAT
1469 2023 -1 7034 1.2965 0 FAT
1469 2024 -1 4821 1.2963 0 FAT
1469 2025 -1 4821 1.2963 0 FAT
1469 2026 -1 4821 1.2963 0 FAT
1469 2027 -1 4821 1.2963 0 FAT
1469 2028 -1 4821 1.2963 0 FAT
1469 2029 -1 4821 1.2963 0 FAT
1469 2030 -1 4821 1.2963 0 FAT
1469 2031 -1 4821 1.2963 0 FAT
1469 2032 -1 4821 1.2963 0 FAT
1469 2033 -1 4821 1.2963 0 FAT
1469 2034 -1 4821 1.2963 0 FAT
1469 2035 -1 4821 1.2963 0 FAT
1469 2036 -1 4821 1.2963 0 FAT
1469 2037 -1 4821 1.2963 0 FAT
1469 2038 -1 4821 1.2963 0 FAT
1469 2039 -1 4821 1.2963 0 FAT
1469 2040 -1 5426 1.2964 0 FAT
1469 2041 -1 5426 1.2964 0 FAT
1469 2042 -1 5426 1.2964 0 FAT
1469 2043 -1 5641 1.2963 0 FAT
1469 2044 -1 5911 1.2999 0 FAT
1469 2045 -1 6133 1.3027 0 FAT
1469 2046 -1 6380 1.3056 0 FAT
1469 2047 -1 6440 1.3065 0 FAT
1469 2048 -1 6440 1.3065 0 FAT
1469 2049 -1 6619 1.3065 0 FAT
1469 2050 -1 6903 1.3089 0 FAT
1469 2051 -1 7173 1.3130 0 FAT
1469 2052 -1 7214 1.3135 0 FAT
1469 2053 -1 7354 1.3137 0 FAT
1469 2054 -1 7686 1.3171 0 FAT
1469 2055 -1 7782 1.3185 0 FAT
1469 2056 -1 8047 1.3200 0 FAT
1469 2057 -1 8195 1.3222 0 FAT
1469 2058 -1 8495 1.3247 0 FAT
1469 2059 -1 8495 1.3247 0 FAT
1469 2060 -1 8495 1.3247 0 FAT
1469 2061 -1 8495 1.3247 0 FAT
1469 2062 -1 8495 1.3247 0 FAT
1469 2063 -1 8495 1.3247 0 FAT
1469 2064 -1 8495 1.3247 0 FAT
1469 2065 -1 8495 1.3247 0 FAT
1469 2066 -1 8495 1.3247 0 FAT
1469 2067 -1 8495 1.3247 0 FAT
1469 2068 -1 8495 1.3247 0 FAT
1469 2069 -1 8495 1.3247 0 FAT
1469 2070 -1 8495 1.3247 0 FAT
1469 2071 -1 8495 1.3247 0 FAT
1469 2072 -1 9171 1.3247 0 FAT
1469 2073 -1 9610 1.3264 0 FAT
1469 2074 -1 9888 1.3286 0 FAT
1469 2075 -1 10086 1.3308 0 FAT
1469 2076 -1 10086 1.3308 0 FAT
1469 2077 -1 10485 1.3322 0 FAT
1469 2078 -1 10751 1.3350 0 FAT
1469 2079 -1 10883 1.3351 0 FAT
1469 2080 -1 11232 1.3381 0 FAT
1469 2081 -1 11452 1.3389 0 FAT
1469 2082 -1 11710 1.3406 0 FAT
1469 2083 -1 11992 1.3426 0 FAT
1469 2084 -1 11992 1.3426 0 FAT
1469 2085 -1 11992 1.3426 0 FAT
1469 2086 -1 11992 1.3426 0 FAT
1469 2087 -1 11992 1.3426 0 FAT
1469 2088 -1 11992 1.3426 0 FAT
1469 2089 -1 11992 1.3426 0 FAT
1469 2090 -1 11992 1.3426 0 FAT
1469 2091 -1 11992 1.3426 0 FAT
1469 2092 -1 12622 1.3426 0 FAT
1469 2093 -1 13188 1.3449 0 FAT
1469 2094 -1 13356 1.3463 0 FAT
1469 2095 -1 13677 1.3472 0 FAT
1469 2096 -1 13882 1.3489 0 FAT
1469 2097 -1 14254 1.3508 0 FAT
1469 2098 -1 14513 1.3521 0 FAT
1469 2099 -1 14819 1.3537 0 FAT
1469 2100 -1 14907 1.3543 0 FAT
1469 2101 -1 14907 1.3543 0 FAT
1469 2102 -1 14907 1.3543 0 FAT
1469 2103 -1 14907 1.3543 0 FAT
1469 2104 -1 14907 1.3543 0 FAT
1469 2105 -1 14770 1.3532 0 FAT
1469 2106 -1 15539 1.3542 0 FAT
1469 2107 -1 15187 1.3530 0 FAT
1469 2108 -1 15509 1.3546 0 FAT
1469 2109 -1 15647 1.3554 0 FAT
1469 2110 -1 15438 1.3552 0 FAT
1469 2111 -1 15438 1.3552 0 FAT
1469 2112 -1 14954 1.3528 0 FAT
1469 2113 -1 14866 1.3520 0 FAT
1469 2114 -1 15189 1.3511 0 FAT
1469 2115 -1 15105 1.3505 0 FAT
1469 2116 -1 14194 1.3506 0 FAT
1469 2117 -1 14547 1.3527 0 FAT
1469 2118 -1 14553 1.3528 0 FAT
1469 2119 -1 14553 1.3528 0 FAT
1469 2120 -1 15050 1.3538 0 FAT
1469 2121 -1 15360 1.3553 0 FAT
1469 2122 -1 15614 1.3570 0 FAT
1469 2123 -1 15614 1.3570 0 FAT
1469 2124 -1 16101 1.3583 0 FAT
1469 2125 -1 16232 1.3591 0 FAT
1469 2126 -1 16061 1.3579 0 FAT
1469 2127 -1 16253 1.3593 0 FAT
1469 2128 -1 16160 1.3586 0 FAT
1469 2129 -1 16246 1.3583 0 FAT
1469 2130 -1 16140 1.3586 0 FAT
1469 2131 -1 16267 1.3595 0 FAT
# row j=1469 L=0.408056 n=2132 KILL=0 CYCLE=0 FAT=2132 CAP=0 certified=0 lambda[1.0379,1.3595]
1470 0 -1 16536 1.3609 0 FAT
1470 1 -1 16489 1.3596 0 FAT
1470 2 -1 16452 1.3598 0 FAT
1470 3 -1 16532 1.3602 0 FAT
1470 4 -1 16352 1.3599 0 FAT
1470 5 -1 16474 1.3594 0 FAT
1470 6 -1 16370 1.3600 0 FAT
1470 7 -1 16101 1.3583 0 FAT
1470 8 -1 15614 1.3570 0 FAT
1470 9 -1 15614 1.3570 0 FAT
1470 10 -1 15360 1.3553 0 FAT
1470 11 -1 15050 1.3538 0 FAT
1470 12 -1 14553 1.3528 0 FAT
1470 13 -1 14553 1.3528 0 FAT
1470 14 -1 14547 1.3527 0 FAT
1470 15 -1 15419 1.3524 0 FAT
1470 16 -1 15461 1.3525 0 FAT
1470 17 -1 15491 1.3526 0 FAT
1470 18 -1 14954 1.3528 0 FAT
1470 19 -1 15438 1.3552 0 FAT
1470 20 -1 15438 1.3552 0 FAT
1470 21 -1 15973 1.3574 0 FAT
1470 22 -1 15815 1.3564 0 FAT
1470 23 -1 15509 1.3546 0 FAT
1470 24 -1 15755 1.3549 0 FAT
1470 25 -1 15845 1.3556 0 FAT
1470 26 -1 14907 1.3543 0 FAT
1470 27 -1 14907 1.3543 0 FAT
1470 28 -1 14907 1.3543 0 FAT
1470 29 -1 14907 1.3543 0 FAT
1470 30 -1 14907 1.3543 0 FAT
1470 31 -1 14907 1.3543 0 FAT
1470 32 -1 14819 1.3537 0 FAT
1470 33 -1 14513 1.3521 0 FAT
1470 34 -1 14254 1.3508 0 FAT
1470 35 -1 13882 1.3489 0 FAT
1470 36 -1 13677 1.3472 0 FAT
1470 37 -1 13356 1.3463 0 FAT
1470 38 -1 13188 1.3449 0 FAT
1470 39 -1 12622 1.3426 0 FAT
1470 40 -1 11992 1.3426 0 FAT
1470 41 -1 11992 1.3426 0 FAT
1470 42 -1 11992 1.3426 0 FAT
1470 43 -1 11992 1.3426 0 FAT
1470 44 -1 11992 1.3426 0 FAT
1470 45 -1 11992 1.3426 0 FAT
1470 46 -1 11992 1.3426 0 FAT
1470 47 -1 11992 1.3426 0 FAT
1470 48 -1 11992 1.3426 0 FAT
1470 49 -1 11710 1.3406 0 FAT
1470 50 -1 11452 1.3389 0 FAT
1470 51 -1 11232 1.3381 0 FAT
1470 52 -1 10883 1.3351 0 FAT
1470 53 -1 10751 1.3350 0 FAT
1470 54 -1 10485 1.3322 0 FAT
1470 55 -1 10086 1.3308 0 FAT
1470 56 -1 10086 1.3308 0 FAT
1470 57 -1 9888 1.3286 0 FAT
1470 58 -1 9610 1.3264 0 FAT
1470 59 -1 9171 1.3247 0 FAT
1470 60 -1 8495 1.3247 0 FAT
1470 61 -1 8495 1.3247 0 FAT
1470 62 -1 8495 1.3247 0 FAT
1470 63 -1 8495 1.3247 0 FAT
1470 64 -1 8495 1.3247 0 FAT
1470 65 -1 8495 1.3247 0 FAT
1470 66 -1 8495 1.3247 0 FAT
1470 67 -1 8495 1.3247 0 FAT
1470 68 -1 8495 1.3247 0 FAT
1470 69 -1 8495 1.3247 0 FAT
1470 70 -1 8495 1.3247 0 FAT
1470 71 -1 8495 1.3247 0 FAT
1470 72 -1 8495 1.3247 0 FAT
1470 73 -1 8495 1.3247 0 FAT
1470 74 -1 8195 1.3222 0 FAT
1470 75 -1 8047 1.3200 0 FAT
1470 76 -1 7782 1.3185 0 FAT
1470 77 -1 7686 1.3171 0 FAT
1470 78 -1 7354 1.3137 0 FAT
1470 79 -1 7214 1.3135 0 FAT
1470 80 -1 7173 1.3130 0 FAT
1470 81 -1 6903 1.3089 0 FAT
1470 82 -1 6619 1.3065 0 FAT
1470 83 -1 6440 1.3065 0 FAT
1470 84 -1 6440 1.3065 0 FAT
1470 85 -1 6380 1.3056 0 FAT
1470 86 -1 6133 1.3027 0 FAT
1470 87 -1 5911 1.2999 0 FAT
1470 88 -1 5641 1.2963 0 FAT
1470 89 -1 5426 1.2964 0 FAT
1470 90 -1 5426 1.2964 0 FAT
1470 91 -1 5426 1.2964 0 FAT
1470 92 -1 4821 1.2963 0 FAT
1470 93 -1 4821 1.2963 0 FAT
1470 94 -1 4821 1.2963 0 FAT
1470 95 -1 4821 1.2963 0 FAT
1470 96 -1 4821 1.2963 0 FAT
1470 97 -1 4821 1.2963 0 FAT
1470 98 -1 4821 1.2963 0 FAT
1470 99 -1 4821 1.2963 0 FAT
1470 100 -1 4821 1.2963 0 FAT
1470 101 -1 4821 1.2963 0 FAT
1470 102 -1 4821 1.2963 0 FAT
1470 103 -1 4821 1.2963 0 FAT
1470 104 -1 4821 1.2963 0 FAT
1470 105 -1 4821 1.2963 0 FAT
1470 106 -1 4821 1.2963 0 FAT
1470 107 -1 7034 1.2965 0 FAT
1470 108 -1 7599 1.2994 0 FAT
1470 109 -1 7888 1.3030 0 FAT
1470 110 -1 8293 1.3075 0 FAT
1470 111 -1 8540 1.3095 0 FAT
1470 112 -1 8782 1.3117 0 FAT
1470 113 -1 8644 1.3080 0 FAT
1470 114 -1 8244 1.3070 0 FAT
1470 115 -1 8244 1.3070 0 FAT
1470 116 -1 7919 1.3027 0 FAT
1470 117 -1 7544 1.2976 0 FAT
1470 118 -1 7089 1.2969 0 FAT
1470 119 -1 7719 1.2985 0 FAT
1470 120 -1 8051 1.3027 0 FAT
1470 121 -1 7855 1.3010 0 FAT
1470 122 -1 8038 1.3033 0 FAT
1470 123 -1 7669 1.2986 0 FAT
1470 124 -1 7625 1.3016 0 FAT
1470 125 -1 7975 1.3052 0 FAT
1470 126 -1 7975 1.3052 0 FAT
1470 127 -1 8356 1.3068 0 FAT
1470 128 -1 8267 1.3065 0 FAT
1470 129 -1 7945 1.3029 0 FAT
1470 130 -1 7488 1.2975 0 FAT
1470 131 -1 7245 1.2936 0 FAT
1470 132 -1 6855 1.2902 0 FAT
1470 133 -1 6757 1.2883 0 FAT
1470 134 -1 6195 1.2872 0 FAT
1470 135 -1 6195 1.2872 0 FAT
1470 136 -1 6905 1.2875 0 FAT
1470 137 -1 7164 1.2904 0 FAT
1470 138 -1 7539 1.2959 0 FAT
1470 139 -1 7521 1.2954 0 FAT
1470 140 -1 7769 1.2967 0 FAT
1470 141 -1 7734 1.2978 0 FAT
1470 142 -1 5970 1.2934 0 FAT
1470 143 -1 6323 1.2954 0 FAT
1470 144 -1 6624 1.3004 0 FAT
1470 145 -1 6847 1.3030 0 FAT
1470 146 -1 6847 1.3030 0 FAT
1470 147 -1 6847 1.3030 0 FAT
1470 148 -1 7256 1.3056 0 FAT
1470 149 -1 7506 1.3087 0 FAT
1470 150 -1 7506 1.3087 0 FAT
1470 151 -1 7506 1.3087 0 FAT
1470 152 -1 7506 1.3087 0 FAT
1470 153 -1 7506 1.3087 0 FAT
1470 154 -1 7506 1.3087 0 FAT
1470 155 -1 7506 1.3087 0 FAT
1470 156 -1 7506 1.3087 0 FAT
1470 157 -1 7506 1.3087 0 FAT
1470 158 -1 7506 1.3087 0 FAT
1470 159 -1 7506 1.3087 0 FAT
1470 160 -1 7506 1.3087 0 FAT
1470 161 -1 7506 1.3087 0 FAT
1470 162 -1 7506 1.3087 0 FAT
1470 163 -1 8649 1.3115 0 FAT
1470 164 -1 8974 1.3146 0 FAT
1470 165 -1 9049 1.3155 0 FAT
1470 166 -1 9333 1.3161 0 FAT
1470 167 -1 9590 1.3189 0 FAT
1470 168 -1 9876 1.3218 0 FAT
1470 169 -1 10143 1.3240 0 FAT
1470 170 -1 10143 1.3240 0 FAT
1470 171 -1 10505 1.3244 0 FAT
1470 172 -1 10858 1.3281 0 FAT
1470 173 -1 11183 1.3304 0 FAT
1470 174 -1 11081 1.3297 0 FAT
1470 175 -1 11147 1.3294 0 FAT
1470 176 -1 10751 1.3270 0 FAT
1470 177 -1 10520 1.3247 0 FAT
1470 178 -1 10025 1.3241 0 FAT
1470 179 -1 10601 1.3258 0 FAT
1470 180 -1 10956 1.3287 0 FAT
1470 181 -1 11038 1.3293 0 FAT
1470 182 -1 11171 1.3296 0 FAT
1470 183 -1 10925 1.3283 0 FAT
1470 184 -1 10666 1.3258 0 FAT
1470 185 -1 10303 1.3244 0 FAT
1470 186 -1 10166 1.3232 0 FAT
1470 187 -1 9308 1.3208 0 FAT
1470 188 -1 9308 1.3208 0 FAT
1470 189 -1 9308 1.3208 0 FAT
1470 190 -1 9308 1.3208 0 FAT
1470 191 -1 9308 1.3208 0 FAT
1470 192 -1 9308 1.3208 0 FAT
1470 193 -1 9147 1.3189 0 FAT
1470 194 -1 8914 1.3178 0 FAT
1470 195 -1 8421 1.3147 0 FAT
1470 196 -1 8421 1.3147 0 FAT
1470 197 -1 8090 1.3111 0 FAT
1470 198 -1 7616 1.3077 0 FAT
1470 199 -1 7616 1.3077 0 FAT
1470 200 -1 7455 1.3059 0 FAT
1470 201 -1 7107 1.3005 0 FAT
1470 202 -1 6436 1.3004 0 FAT
1470 203 -1 7544 1.3000 0 FAT
1470 204 -1 7896 1.3037 0 FAT
1470 205 -1 7896 1.3037 0 FAT
1470 206 -1 7896 1.3037 0 FAT
1470 207 -1 8421 1.3063 0 FAT
1470 208 -1 8781 1.3102 0 FAT
1470 209 -1 9027 1.3132 0 FAT
1470 210 -1 9434 1.3163 0 FAT
1470 211 -1 9221 1.3154 0 FAT
1470 212 -1 9122 1.3145 0 FAT
1470 213 -1 8749 1.3105 0 FAT
1470 214 -1 8302 1.3073 0 FAT
1470 215 -1 8988 1.3093 0 FAT
1470 216 -1 8902 1.3089 0 FAT
1470 217 -1 8976 1.3089 0 FAT
1470 218 -1 8546 1.3074 0 FAT
1470 219 -1 8892 1.3093 0 FAT
1470 220 -1 9244 1.3128 0 FAT
1470 221 -1 9143 1.3126 0 FAT
1470 222 -1 8791 1.3093 0 FAT
1470 223 -1 6325 1.3058 0 FAT
1470 224 -1 6325 1.3058 0 FAT
1470 225 -1 6325 1.3058 0 FAT
1470 226 -1 6325 1.3058 0 FAT
1470 227 -1 6845 1.3072 0 FAT
1470 228 -1 7122 1.3110 0 FAT
1470 229 -1 7122 1.3110 0 FAT
1470 230 -1 7525 1.3147 0 FAT
1470 231 -1 7754 1.3173 0 FAT
1470 232 -1 7754 1.3173 0 FAT
1470 233 -1 8048 1.3185 0 FAT
1470 234 -1 8323 1.3219 0 FAT
1470 235 -1 8534 1.3235 0 FAT
1470 236 -1 8651 1.3247 0 FAT
1470 237 -1 8651 1.3247 0 FAT
1470 238 -1 8651 1.3247 0 FAT
1470 239 -1 8651 1.3247 0 FAT
1470 240 -1 8651 1.3247 0 FAT
1470 241 -1 8651 1.3247 0 FAT
1470 242 -1 8651 1.3247 0 FAT
1470 243 -1 8651 1.3247 0 FAT
1470 244 -1 8651 1.3247 0 FAT
1470 245 -1 8651 1.3247 0 FAT
1470 246 -1 8651 1.3247 0 FAT
1470 247 -1 8651 1.3247 0 FAT
1470 248 -1 8651 1.3247 0 FAT
1470 249 -1 8651 1.3247 0 FAT
1470 250 -1 8651 1.3247 0 FAT
1470 251 -1 8651 1.3247 0 FAT
1470 252 -1 8651 1.3247 0 FAT
1470 253 -1 8651 1.3247 0 FAT
1470 254 -1 8651 1.3247 0 FAT
1470 255 -1 8651 1.3247 0 FAT
1470 256 -1 8651 1.3247 0 FAT
1470 257 -1 8651 1.3247 0 FAT
1470 258 -1 8651 1.3247 0 FAT
1470 259 -1 8651 1.3247 0 FAT
1470 260 -1 8651 1.3247 0 FAT
1470 261 -1 8651 1.3247 0 FAT
1470 262 -1 8651 1.3247 0 FAT
1470 263 -1 8651 1.3247 0 FAT
1470 264 -1 8651 1.3247 0 FAT
1470 265 -1 8651 1.3247 0 FAT
1470 266 -1 8651 1.3247 0 FAT
1470 267 -1 8651 1.3247 0 FAT
1470 268 -1 8651 1.3247 0 FAT
1470 269 -1 8651 1.3247 0 FAT
1470 270 -1 8651 1.3247 0 FAT
1470 271 -1 8651 1.3247 0 FAT
1470 272 -1 8651 1.3247 0 FAT
1470 273 -1 8646 1.3246 0 FAT
1470 274 -1 8349 1.3214 0 FAT
1470 275 -1 8147 1.3206 0 FAT
1470 276 -1 7940 1.3181 0 FAT
1470 277 -1 7674 1.3147 0 FAT
1470 278 -1 7452 1.3144 0 FAT
1470 279 -1 7430 1.3142 0 FAT
1470 280 -1 7149 1.3104 0 FAT
1470 281 -1 6914 1.3078 0 FAT
1470 282 -1 6522 1.3061 0 FAT
1470 283 -1 6182 1.3058 0 FAT
1470 284 -1 6182 1.3058 0 FAT
1470 285 -1 6182 1.3058 0 FAT
1470 286 -1 6182 1.3058 0 FAT
1470 287 -1 6182 1.3058 0 FAT
1470 288 -1 6182 1.3058 0 FAT
1470 289 -1 6182 1.3058 0 FAT
1470 290 -1 6182 1.3058 0 FAT
1470 291 -1 6182 1.3058 0 FAT
1470 292 -1 6009 1.3033 0 FAT
1470 293 -1 5669 1.3001 0 FAT
1470 294 -1 5669 1.3001 0 FAT
1470 295 -1 5532 1.2981 0 FAT
1470 296 -1 5301 1.2950 0 FAT
1470 297 -1 5092 1.2908 0 FAT
1470 298 -1 4858 1.2909 0 FAT
1470 299 -1 4858 1.2909 0 FAT
1470 300 -1 4858 1.2909 0 FAT
1470 301 -1 4662 1.2882 0 FAT
1470 302 -1 4382 1.2842 0 FAT
1470 303 -1 4240 1.2805 0 FAT
1470 304 -1 3954 1.2763 2 FAT
1470 305 -1 3809 1.2764 2 FAT
1470 306 -1 3809 1.2764 2 FAT
1470 307 -1 3510 1.2768 2 FAT
1470 308 -1 3510 1.2768 2 FAT
1470 309 -1 3510 1.2768 2 FAT
1470 310 -1 3510 1.2768 2 FAT
1470 311 -1 3510 1.2768 2 FAT
1470 312 -1 3510 1.2768 2 FAT
1470 313 -1 3510 1.2768 2 FAT
1470 314 -1 3510 1.2768 2 FAT
1470 315 -1 3510 1.2768 2 FAT
1470 316 -1 3510 1.2768 2 FAT
1470 317 -1 3510 1.2768 2 FAT
1470 318 -1 3510 1.2768 2 FAT
1470 319 -1 3510 1.2768 2 FAT
1470 320 -1 3441 1.2750 2 FAT
1470 321 -1 3239 1.2714 2 FAT
1470 322 -1 3143 1.2714 2 FAT
1470 323 -1 3143 1.2714 2 FAT
1470 324 -1 3041 1.2699 2 FAT
1470 325 -1 2877 1.2647 2 FAT
1470 326 -1 2777 1.2637 2 FAT
1470 327 -1 2518 1.2535 2 FAT
1470 328 -1 2424 1.2535 2 FAT
1470 329 -1 2318 1.2533 2 FAT
1470 330 -1 2318 1.2533 2 FAT
1470 331 -1 2318 1.2533 2 FAT
1470 332 -1 2275 1.2508 2 FAT
1470 333 -1 2197 1.2507 2 FAT
1470 334 -1 1957 1.2394 2 FAT
1470 335 -1 1886 1.2395 2 FAT
1470 336 -1 1741 1.2311 2 FAT
1470 337 -1 1519 1.2212 2 FAT
1470 338 -1 1466 1.2212 2 FAT
1470 339 -1 1369 1.2211 2 FAT
1470 340 -1 1369 1.2211 2 FAT
1470 341 -1 1369 1.2211 2 FAT
1470 342 -1 1369 1.2211 2 FAT
1470 343 -1 1369 1.2211 2 FAT
1470 344 -1 1192 1.2208 2 FAT
1470 345 -1 1192 1.2208 2 FAT
1470 346 -1 1192 1.2208 2 FAT
1470 347 -1 1192 1.2208 2 FAT
1470 348 -1 1192 1.2208 2 FAT
1470 349 -1 1192 1.2208 2 FAT
1470 350 -1 1192 1.2208 2 FAT
1470 351 -1 1192 1.2208 2 FAT
1470 352 -1 1192 1.2208 2 FAT
1470 353 -1 1192 1.2208 2 FAT
1470 354 -1 1192 1.2208 2 FAT
1470 355 -1 1192 1.2208 2 FAT
1470 356 -1 1192 1.2208 2 FAT
1470 357 -1 1192 1.2208 2 FAT
1470 358 -1 1192 1.2208 2 FAT
1470 359 -1 1192 1.2208 2 FAT
1470 360 -1 1192 1.2208 2 FAT
1470 361 -1 1192 1.2208 2 FAT
1470 362 -1 870 1.2207 2 FAT
1470 363 -1 870 1.2207 2 FAT
1470 364 -1 870 1.2207 2 FAT
1470 365 -1 870 1.2207 2 FAT
1470 366 -1 870 1.2207 2 FAT
1470 367 -1 870 1.2207 2 FAT
1470 368 -1 870 1.2207 2 FAT
1470 369 -1 870 1.2207 2 FAT
1470 370 -1 870 1.2207 2 FAT
1470 371 -1 870 1.2207 2 FAT
1470 372 -1 870 1.2207 2 FAT
1470 373 -1 870 1.2207 2 FAT
1470 374 -1 870 1.2207 2 FAT
1470 375 -1 1455 1.2206 2 FAT
1470 376 -1 1455 1.2206 2 FAT
1470 377 -1 1455 1.2206 2 FAT
1470 378 -1 1455 1.2206 2 FAT
1470 379 -1 1455 1.2206 2 FAT
1470 380 -1 1455 1.2206 2 FAT
1470 381 -1 1455 1.2206 2 FAT
1470 382 -1 1455 1.2206 2 FAT
1470 383 -1 1455 1.2206 2 FAT
1470 384 -1 1455 1.2206 2 FAT
1470 385 -1 1455 1.2206 2 FAT
1470 386 -1 1455 1.2206 2 FAT
1470 387 -1 1455 1.2206 2 FAT
1470 388 -1 1455 1.2206 2 FAT
1470 389 -1 1455 1.2206 2 FAT
1470 390 -1 1455 1.2206 2 FAT
1470 391 -1 1455 1.2206 2 FAT
1470 392 -1 1718 1.2204 2 FAT
1470 393 -1 1718 1.2204 2 FAT
1470 394 -1 1718 1.2204 2 FAT
1470 395 -1 2033 1.2290 2 FAT
1470 396 -1 2288 1.2385 2 FAT
1470 397 -1 2288 1.2385 2 FAT
1470 398 -1 2639 1.2478 2 FAT
1470 399 -1 2813 1.2544 2 FAT
1470 400 -1 2899 1.2550 2 FAT
1470 401 -1 3031 1.2547 2 FAT
1470 402 -1 3109 1.2578 2 FAT
1470 403 -1 3109 1.2578 2 FAT
1470 404 -1 3109 1.2578 2 FAT
1470 405 -1 3109 1.2578 2 FAT
1470 406 -1 3109 1.2578 2 FAT
1470 407 -1 3319 1.2578 2 FAT
1470 408 -1 3607 1.2634 2 FAT
1470 409 -1 3891 1.2701 2 FAT
1470 410 -1 4012 1.2716 2 FAT
1470 411 -1 4012 1.2716 2 FAT
1470 412 -1 4405 1.2772 0 FAT
1470 413 -1 4666 1.2818 0 FAT
1470 414 -1 4798 1.2841 0 FAT
1470 415 -1 4976 1.2864 0 FAT
1470 416 -1 4976 1.2864 0 FAT
1470 417 -1 5137 1.2869 0 FAT
1470 418 -1 5456 1.2918 0 FAT
1470 419 -1 5456 1.2918 0 FAT
1470 420 -1 5456 1.2918 0 FAT
1470 421 -1 5456 1.2918 0 FAT
1470 422 -1 5456 1.2918 0 FAT
1470 423 -1 5456 1.2918 0 FAT
1470 424 -1 5456 1.2918 0 FAT
1470 425 -1 5456 1.2918 0 FAT
1470 426 -1 5456 1.2918 0 FAT
1470 427 -1 5981 1.2920 0 FAT
1470 428 -1 6299 1.2965 0 FAT
1470 429 -1 6640 1.3011 0 FAT
1470 430 -1 6911 1.3032 0 FAT
1470 431 -1 6977 1.3043 0 FAT
1470 432 -1 6977 1.3043 0 FAT
1470 433 -1 6977 1.3043 0 FAT
1470 434 -1 6977 1.3043 0 FAT
1470 435 -1 6977 1.3043 0 FAT
1470 436 -1 6977 1.3043 0 FAT
1470 437 -1 6977 1.3043 0 FAT
1470 438 -1 6977 1.3043 0 FAT
1470 439 -1 6977 1.3043 0 FAT
1470 440 -1 6977 1.3043 0 FAT
1470 441 -1 6977 1.3043 0 FAT
1470 442 -1 6977 1.3043 0 FAT
1470 443 -1 6977 1.3043 0 FAT
1470 444 -1 6642 1.2992 0 FAT
1470 445 -1 6408 1.2970 0 FAT
1470 446 -1 6095 1.2934 0 FAT
1470 447 -1 5871 1.2917 0 FAT
1470 448 -1 5355 1.2883 0 FAT
1470 449 -1 5355 1.2883 0 FAT
1470 450 -1 5355 1.2883 0 FAT
1470 451 -1 5355 1.2883 0 FAT
1470 452 -1 5272 1.2863 0 FAT
1470 453 -1 4986 1.2824 0 FAT
1470 454 -1 4778 1.2807 0 FAT
1470 455 -1 4552 1.2767 0 FAT
1470 456 -1 4223 1.2699 0 FAT
1470 457 -1 3957 1.2667 2 FAT
1470 458 -1 3957 1.2667 2 FAT
1470 459 -1 3664 1.2602 2 FAT
1470 460 -1 3381 1.2602 2 FAT
1470 461 -1 3381 1.2602 2 FAT
1470 462 -1 4395 1.2601 0 FAT
1470 463 -1 4637 1.2644 0 FAT
1470 464 -1 4637 1.2644 0 FAT
1470 465 -1 5114 1.2715 0 FAT
1470 466 -1 5128 1.2716 0 FAT
1470 467 -1 4872 1.2680 0 FAT
1470 468 -1 5080 1.2728 0 FAT
1470 469 -1 4889 1.2684 0 FAT
1470 470 -1 4002 1.2684 2 FAT
1470 471 -1 4495 1.2747 0 FAT
1470 472 -1 4705 1.2774 0 FAT
1470 473 -1 4705 1.2774 0 FAT
1470 474 -1 4705 1.2774 0 FAT
1470 475 -1 4705 1.2774 0 FAT
1470 476 -1 4705 1.2774 0 FAT
1470 477 -1 4705 1.2774 0 FAT
1470 478 -1 4705 1.2774 0 FAT
1470 479 -1 4705 1.2774 0 FAT
1470 480 -1 4705 1.2774 0 FAT
1470 481 -1 5314 1.2786 0 FAT
1470 482 -1 5674 1.2854 0 FAT
1470 483 -1 5905 1.2879 0 FAT
1470 484 -1 6034 1.2894 0 FAT
1470 485 -1 6034 1.2894 0 FAT
1470 486 -1 6413 1.2916 0 FAT
1470 487 -1 6618 1.2944 0 FAT
1470 488 -1 7045 1.2992 0 FAT
1470 489 -1 7331 1.3024 0 FAT
1470 490 -1 7328 1.3009 0 FAT
1470 491 -1 7276 1.3005 0 FAT
1470 492 -1 6874 1.2973 0 FAT
1470 493 -1 6874 1.2973 0 FAT
1470 494 -1 6589 1.2939 0 FAT
1470 495 -1 6363 1.2918 0 FAT
1470 496 -1 6651 1.2956 0 FAT
1470 497 -1 6876 1.2969 0 FAT
1470 498 -1 7204 1.3011 0 FAT
1470 499 -1 7308 1.3025 0 FAT
1470 500 -1 7308 1.3025 0 FAT
1470 501 -1 7217 1.3005 0 FAT
1470 502 -1 6911 1.2977 0 FAT
1470 503 -1 6608 1.2956 0 FAT
1470 504 -1 6591 1.2951 0 FAT
1470 505 -1 6293 1.2912 0 FAT
1470 506 -1 5823 1.2856 0 FAT
1470 507 -1 5676 1.2834 0 FAT
1470 508 -1 5269 1.2800 0 FAT
1470 509 -1 5269 1.2800 0 FAT
1470 510 -1 5233 1.2794 0 FAT
1470 511 -1 4919 1.2754 0 FAT
1470 512 -1 5541 1.2719 0 FAT
1470 513 -1 4880 1.2713 0 FAT
1470 514 -1 5232 1.2746 0 FAT
1470 515 -1 5458 1.2797 0 FAT
1470 516 -1 5458 1.2797 0 FAT
1470 517 -1 5458 1.2797 0 FAT
1470 518 -1 5458 1.2797 0 FAT
1470 519 -1 6002 1.2828 0 FAT
1470 520 -1 6127 1.2853 0 FAT
1470 521 -1 6528 1.2887 0 FAT
1470 522 -1 6527 1.2908 0 FAT
1470 523 -1 6569 1.2908 0 FAT
1470 524 -1 6221 1.2897 0 FAT
1470 525 -1 6592 1.2925 0 FAT
1470 526 -1 6889 1.2961 0 FAT
1470 527 -1 6742 1.2960 0 FAT
1470 528 -1 6353 1.2907 0 FAT
1470 529 -1 6010 1.2871 0 FAT
1470 530 -1 5837 1.2851 0 FAT
1470 531 -1 5176 1.2782 0 FAT
1470 532 -1 4274 1.2784 0 FAT
1470 533 -1 4274 1.2784 0 FAT
1470 534 -1 4274 1.2784 0 FAT
1470 535 -1 4274 1.2784 0 FAT
1470 536 -1 4274 1.2784 0 FAT
1470 537 -1 4274 1.2784 0 FAT
1470 538 -1 4274 1.2784 0 FAT
1470 539 -1 4274 1.2784 0 FAT
1470 540 -1 4274 1.2784 0 FAT
1470 541 -1 4274 1.2784 0 FAT
1470 542 -1 4274 1.2784 0 FAT
1470 543 -1 4274 1.2784 0 FAT
1470 544 -1 4274 1.2784 0 FAT
1470 545 -1 4274 1.2784 0 FAT
1470 546 -1 4274 1.2784 0 FAT
1470 547 -1 4274 1.2784 0 FAT
1470 548 -1 4274 1.2784 0 FAT
1470 549 -1 4274 1.2784 0 FAT
1470 550 -1 4274 1.2784 0 FAT
1470 551 -1 4274 1.2784 0 FAT
1470 552 -1 4274 1.2784 0 FAT
1470 553 -1 4274 1.2784 0 FAT
1470 554 -1 4274 1.2784 0 FAT
1470 555 -1 4274 1.2784 0 FAT
1470 556 -1 4274 1.2784 0 FAT
1470 557 -1 4274 1.2784 0 FAT
1470 558 -1 4274 1.2784 0 FAT
1470 559 -1 4274 1.2784 0 FAT
1470 560 -1 4274 1.2784 0 FAT
1470 561 -1 4274 1.2784 0 FAT
1470 562 -1 4274 1.2784 0 FAT
1470 563 -1 4274 1.2784 0 FAT
1470 564 -1 4076 1.2756 2 FAT
1470 565 -1 3767 1.2692 2 FAT
1470 566 -1 3510 1.2646 2 FAT
1470 567 -1 3205 1.2650 2 FAT
1470 568 -1 3205 1.2650 2 FAT
1470 569 -1 3205 1.2650 2 FAT
1470 570 -1 3205 1.2650 2 FAT
1470 571 -1 3205 1.2650 2 FAT
1470 572 -1 3205 1.2650 2 FAT
1470 573 -1 3205 1.2650 2 FAT
1470 574 -1 3205 1.2650 2 FAT
1470 575 -1 3205 1.2650 2 FAT
1470 576 -1 2995 1.2596 2 FAT
1470 577 -1 4356 1.2654 0 FAT
1470 578 -1 4703 1.2711 0 FAT
1470 579 -1 4701 1.2737 0 FAT
1470 580 -1 4603 1.2723 0 FAT
1470 581 -1 4478 1.2646 0 FAT
1470 582 -1 4184 1.2607 0 FAT
1470 583 -1 3984 1.2566 2 FAT
1470 584 -1 3621 1.2466 2 FAT
1470 585 -1 3278 1.2443 2 FAT
1470 586 -1 3278 1.2443 2 FAT
1470 587 -1 3278 1.2443 2 FAT
1470 588 -1 3278 1.2443 2 FAT
1470 589 -1 3033 1.2403 2 FAT
1470 590 -1 2830 1.2336 2 FAT
1470 591 -1 2498 1.2204 2 FAT
1470 592 -1 2014 1.2016 2 FAT
1470 593 -1 2014 1.2016 2 FAT
1470 594 -1 2440 1.2023 2 FAT
1470 595 -1 2037 1.2024 2 FAT
1470 596 -1 2037 1.2024 2 FAT
1470 597 -1 2037 1.2024 2 FAT
1470 598 -1 2037 1.2024 2 FAT
1470 599 -1 2357 1.2084 2 FAT
1470 600 -1 2527 1.2123 2 FAT
1470 601 -1 2946 1.2309 2 FAT
1470 602 -1 3341 1.2427 2 FAT
1470 603 -1 3394 1.2446 2 FAT
1470 604 -1 3621 1.2466 2 FAT
1470 605 -1 3952 1.2551 2 FAT
1470 606 -1 4196 1.2613 0 FAT
1470 607 -1 4510 1.2661 0 FAT
1470 608 -1 4038 1.2619 2 FAT
1470 609 -1 4038 1.2619 2 FAT
1470 610 -1 4038 1.2619 2 FAT
1470 611 -1 4038 1.2619 2 FAT
1470 612 -1 3860 1.2608 2 FAT
1470 613 -1 4227 1.2613 0 FAT
1470 614 -1 3773 1.2492 2 FAT
1470 615 -1 3911 1.2458 2 FAT
1470 616 -1 3989 1.2540 2 FAT
1470 617 -1 4282 1.2583 0 FAT
1470 618 -1 4332 1.2615 0 FAT
1470 619 -1 2001 1.2534 2 FAT
1470 620 -1 2001 1.2534 2 FAT
1470 621 -1 2072 1.2535 2 FAT
1470 622 -1 2235 1.2591 2 FAT
1470 623 -1 2379 1.2638 2 FAT
1470 624 -1 2379 1.2638 2 FAT
1470 625 -1 2379 1.2638 2 FAT
1470 626 -1 2379 1.2638 2 FAT
1470 627 -1 2379 1.2638 2 FAT
1470 628 -1 2379 1.2638 2 FAT
1470 629 -1 2379 1.2638 2 FAT
1470 630 -1 2379 1.2638 2 FAT
1470 631 -1 2379 1.2638 2 FAT
1470 632 -1 2379 1.2638 2 FAT
1470 633 -1 2379 1.2638 2 FAT
1470 634 -1 2379 1.2638 2 FAT
1470 635 -1 2379 1.2638 2 FAT
1470 636 -1 2379 1.2638 2 FAT
1470 637 -1 2379 1.2638 2 FAT
1470 638 -1 2379 1.2638 2 FAT
1470 639 -1 2379 1.2638 2 FAT
1470 640 -1 2379 1.2638 2 FAT
1470 641 -1 2379 1.2638 2 FAT
1470 642 -1 2379 1.2638 2 FAT
1470 643 -1 2379 1.2638 2 FAT
1470 644 -1 2669 1.2638 2 FAT
1470 645 -1 2669 1.2638 2 FAT
1470 646 -1 2669 1.2638 2 FAT
1470 647 -1 2669 1.2638 2 FAT
1470 648 -1 2669 1.2638 2 FAT
1470 649 -1 2813 1.2639 2 FAT
1470 650 -1 2919 1.2639 2 FAT
1470 651 -1 3157 1.2718 2 FAT
1470 652 -1 3241 1.2720 2 FAT
1470 653 -1 3457 1.2776 2 FAT
1470 654 -1 3527 1.2797 2 FAT
1470 655 -1 3527 1.2797 2 FAT
1470 656 -1 3628 1.2797 2 FAT
1470 657 -1 3803 1.2829 2 FAT
1470 658 -1 4009 1.2873 2 FAT
1470 659 -1 4036 1.2878 2 FAT
1470 660 -1 4258 1.2902 0 FAT
1470 661 -1 4417 1.2928 0 FAT
1470 662 -1 4472 1.2941 0 FAT
1470 663 -1 4472 1.2941 0 FAT
1470 664 -1 4472 1.2941 0 FAT
1470 665 -1 4472 1.2941 0 FAT
1470 666 -1 4472 1.2941 0 FAT
1470 667 -1 4472 1.2941 0 FAT
1470 668 -1 4472 1.2941 0 FAT
1470 669 -1 4472 1.2941 0 FAT
1470 670 -1 4734 1.2941 0 FAT
1470 671 -1 4734 1.2941 0 FAT
1470 672 -1 4855 1.2940 0 FAT
1470 673 -1 5084 1.2974 0 FAT
1470 674 -1 5312 1.3009 0 FAT
1470 675 -1 5387 1.3008 0 FAT
1470 676 -1 5627 1.3045 0 FAT
1470 677 -1 5820 1.3065 0 FAT
1470 678 -1 5928 1.3085 0 FAT
1470 679 -1 5928 1.3085 0 FAT
1470 680 -1 5928 1.3085 0 FAT
1470 681 -1 5928 1.3085 0 FAT
1470 682 -1 6188 1.3085 0 FAT
1470 683 -1 6437 1.3118 0 FAT
1470 684 -1 6661 1.3138 0 FAT
1470 685 -1 6780 1.3159 0 FAT
1470 686 -1 6780 1.3159 0 FAT
1470 687 -1 7065 1.3176 0 FAT
1470 688 -1 7243 1.3199 0 FAT
1470 689 -1 7487 1.3221 0 FAT
1470 690 -1 7739 1.3247 0 FAT
1470 691 -1 7739 1.3247 0 FAT
1470 692 -1 7739 1.3247 0 FAT
1470 693 -1 7739 1.3247 0 FAT
1470 694 -1 7739 1.3247 0 FAT
1470 695 -1 7739 1.3247 0 FAT
1470 696 -1 7739 1.3247 0 FAT
1470 697 -1 7739 1.3247 0 FAT
1470 698 -1 7739 1.3247 0 FAT
1470 699 -1 7739 1.3247 0 FAT
1470 700 -1 7739 1.3247 0 FAT
1470 701 -1 7739 1.3247 0 FAT
1470 702 -1 7739 1.3247 0 FAT
1470 703 -1 7739 1.3247 0 FAT
1470 704 -1 7739 1.3247 0 FAT
1470 705 -1 7739 1.3247 0 FAT
1470 706 -1 7739 1.3247 0 FAT
1470 707 -1 7739 1.3247 0 FAT
1470 708 -1 7739 1.3247 0 FAT
1470 709 -1 7739 1.3247 0 FAT
1470 710 -1 7739 1.3247 0 FAT
1470 711 -1 7739 1.3247 0 FAT
1470 712 -1 7739 1.3247 0 FAT
1470 713 -1 7739 1.3247 0 FAT
1470 714 -1 7739 1.3247 0 FAT
1470 715 -1 7739 1.3247 0 FAT
1470 716 -1 7739 1.3247 0 FAT
1470 717 -1 7739 1.3247 0 FAT
1470 718 -1 7739 1.3247 0 FAT
1470 719 -1 7739 1.3247 0 FAT
1470 720 -1 7739 1.3247 0 FAT
1470 721 -1 7739 1.3247 0 FAT
1470 722 -1 7739 1.3247 0 FAT
1470 723 -1 7739 1.3247 0 FAT
1470 724 -1 7739 1.3247 0 FAT
1470 725 -1 7739 1.3247 0 FAT
1470 726 -1 7739 1.3247 0 FAT
1470 727 -1 7739 1.3247 0 FAT
1470 728 -1 7739 1.3247 0 FAT
1470 729 -1 7739 1.3247 0 FAT
1470 730 -1 7739 1.3247 0 FAT
1470 731 -1 7739 1.3247 0 FAT
1470 732 -1 7739 1.3247 0 FAT
1470 733 -1 7739 1.3247 0 FAT
1470 734 -1 7739 1.3247 0 FAT
1470 735 -1 7739 1.3247 0 FAT
1470 736 -1 7739 1.3247 0 FAT
1470 737 -1 7739 1.3247 0 FAT
1470 738 -1 7739 1.3247 0 FAT
1470 739 -1 7739 1.3247 0 FAT
1470 740 -1 7739 1.3247 0 FAT
1470 741 -1 7739 1.3247 0 FAT
1470 742 -1 7739 1.3247 0 FAT
1470 743 -1 7739 1.3247 0 FAT
1470 744 -1 7739 1.3247 0 FAT
1470 745 -1 7739 1.3247 0 FAT
1470 746 -1 7739 1.3247 0 FAT
1470 747 -1 7739 1.3247 0 FAT
1470 748 -1 7739 1.3247 0 FAT
1470 749 -1 7739 1.3247 0 FAT
1470 750 -1 7739 1.3247 0 FAT
1470 751 -1 7739 1.3247 0 FAT
1470 752 -1 7739 1.3247 0 FAT
1470 753 -1 7739 1.3247 0 FAT
1470 754 -1 7739 1.3247 0 FAT
1470 755 -1 7739 1.3247 0 FAT
1470 756 -1 7739 1.3247 0 FAT
1470 757 -1 7739 1.3247 0 FAT
1470 758 -1 7705 1.3241 0 FAT
1470 759 -1 7446 1.3215 0 FAT
1470 760 -1 7206 1.3199 0 FAT
1470 761 -1 7152 1.3189 0 FAT
1470 762 -1 6937 1.3171 0 FAT
1470 763 -1 6713 1.3137 0 FAT
1470 764 -1 6477 1.3128 0 FAT
1470 765 -1 6337 1.3130 0 FAT
1470 766 -1 6337 1.3130 0 FAT
1470 767 -1 6337 1.3130 0 FAT
1470 768 -1 6274 1.3122 0 FAT
1470 769 -1 6105 1.3104 0 FAT
1470 770 -1 5873 1.3067 0 FAT
1470 771 -1 5664 1.3057 0 FAT
1470 772 -1 5664 1.3057 0 FAT
1470 773 -1 5473 1.3025 0 FAT
1470 774 -1 5319 1.3012 0 FAT
1470 775 -1 5125 1.2977 0 FAT
1470 776 -1 4825 1.2942 0 FAT
1470 777 -1 4734 1.2941 0 FAT
1470 778 -1 4582 1.2940 0 FAT
1470 779 -1 4582 1.2940 0 FAT
1470 780 -1 4328 1.2940 0 FAT
1470 781 -1 4328 1.2940 0 FAT
1470 782 -1 4328 1.2940 0 FAT
1470 783 -1 4328 1.2940 0 FAT
1470 784 -1 4328 1.2940 0 FAT
1470 785 -1 4328 1.2940 0 FAT
1470 786 -1 4328 1.2940 0 FAT
1470 787 -1 4328 1.2940 0 FAT
1470 788 -1 4328 1.2940 0 FAT
1470 789 -1 4328 1.2940 0 FAT
1470 790 -1 4328 1.2940 0 FAT
1470 791 -1 4328 1.2940 0 FAT
1470 792 -1 4328 1.2940 0 FAT
1470 793 -1 4217 1.2919 0 FAT
1470 794 -1 4011 1.2884 2 FAT
1470 795 -1 3950 1.2883 2 FAT
1470 796 -1 3874 1.2869 2 FAT
1470 797 -1 3671 1.2830 2 FAT
1470 798 -1 3557 1.2797 2 FAT
1470 799 -1 3379 1.2757 2 FAT
1470 800 -1 3183 1.2747 2 FAT
1470 801 -1 3069 1.2745 2 FAT
1470 802 -1 3069 1.2745 2 FAT
1470 803 -1 3069 1.2745 2 FAT
1470 804 -1 3069 1.2745 2 FAT
1470 805 -1 3069 1.2745 2 FAT
1470 806 -1 3069 1.2745 2 FAT
1470 807 -1 3002 1.2716 2 FAT
1470 808 -1 2934 1.2719 2 FAT
1470 809 -1 2738 1.2663 2 FAT
1470 810 -1 2549 1.2623 2 FAT
1470 811 -1 2489 1.2624 2 FAT
1470 812 -1 2489 1.2624 2 FAT
1470 813 -1 2466 1.2611 2 FAT
1470 814 -1 2300 1.2563 2 FAT
1470 815 -1 2187 1.2545 2 FAT
1470 816 -1 2117 1.2523 2 FAT
1470 817 -1 1975 1.2467 2 FAT
1470 818 -1 1767 1.2367 2 FAT
1470 819 -1 1701 1.2365 2 FAT
1470 820 -1 1640 1.2364 2 FAT
1470 821 -1 1640 1.2364 2 FAT
1470 822 -1 1547 1.2364 2 FAT
1470 823 -1 1547 1.2364 2 FAT
1470 824 -1 1547 1.2364 2 FAT
1470 825 -1 1547 1.2364 2 FAT
1470 826 -1 1405 1.2366 2 FAT
1470 827 -1 1405 1.2366 2 FAT
1470 828 -1 1405 1.2366 2 FAT
1470 829 -1 1405 1.2366 2 FAT
1470 830 -1 1405 1.2366 2 FAT
1470 831 -1 1405 1.2366 2 FAT
1470 832 -1 1405 1.2366 2 FAT
1470 833 -1 1405 1.2366 2 FAT
1470 834 -1 1405 1.2366 2 FAT
1470 835 -1 1405 1.2366 2 FAT
1470 836 -1 1405 1.2366 2 FAT
1470 837 -1 1405 1.2366 2 FAT
1470 838 -1 1188 1.2367 2 FAT
1470 839 -1 1188 1.2367 2 FAT
1470 840 -1 1188 1.2367 2 FAT
1470 841 -1 1188 1.2367 2 FAT
1470 842 -1 1188 1.2367 2 FAT
1470 843 -1 1188 1.2367 2 FAT
1470 844 -1 1188 1.2367 2 FAT
1470 845 -1 1188 1.2367 2 FAT
1470 846 -1 1188 1.2367 2 FAT
1470 847 -1 1188 1.2367 2 FAT
1470 848 -1 1188 1.2367 2 FAT
1470 849 -1 1188 1.2367 2 FAT
1470 850 -1 1188 1.2367 2 FAT
1470 851 -1 1188 1.2367 2 FAT
1470 852 -1 1188 1.2367 2 FAT
1470 853 -1 1188 1.2367 2 FAT
1470 854 -1 1188 1.2367 2 FAT
1470 855 -1 1188 1.2367 2 FAT
1470 856 -1 1188 1.2367 2 FAT
1470 857 -1 1188 1.2367 2 FAT
1470 858 -1 1188 1.2367 2 FAT
1470 859 -1 1188 1.2367 2 FAT
1470 860 -1 1188 1.2367 2 FAT
1470 861 -1 1188 1.2367 2 FAT
1470 862 -1 1188 1.2367 2 FAT
1470 863 -1 1188 1.2367 2 FAT
1470 864 -1 1188 1.2367 2 FAT
1470 865 -1 1188 1.2367 2 FAT
1470 866 -1 1188 1.2367 2 FAT
1470 867 -1 1188 1.2367 2 FAT
1470 868 -1 1188 1.2367 2 FAT
1470 869 -1 1188 1.2367 2 FAT
1470 870 -1 1188 1.2367 2 FAT
1470 871 -1 1188 1.2367 2 FAT
1470 872 -1 1188 1.2367 2 FAT
1470 873 -1 1188 1.2367 2 FAT
1470 874 -1 1188 1.2367 2 FAT
1470 875 -1 1188 1.2367 2 FAT
1470 876 -1 1188 1.2367 2 FAT
1470 877 -1 1188 1.2367 2 FAT
1470 878 -1 1188 1.2367 2 FAT
1470 879 -1 1188 1.2367 2 FAT
1470 880 -1 1188 1.2367 2 FAT
1470 881 -1 1188 1.2367 2 FAT
1470 882 -1 1188 1.2367 2 FAT
1470 883 -1 1188 1.2367 2 FAT
1470 884 -1 1188 1.2367 2 FAT
1470 885 -1 1188 1.2367 2 FAT
1470 886 -1 1188 1.2367 2 FAT
1470 887 -1 1188 1.2367 2 FAT
1470 888 -1 1094 1.2300 2 FAT
1470 889 -1 993 1.2242 2 FAT
1470 890 -1 972 1.2240 2 FAT
1470 891 -1 942 1.2241 2 FAT
1470 892 -1 942 1.2241 2 FAT
1470 893 -1 881 1.2179 2 FAT
1470 894 -1 807 1.2149 2 FAT
1470 895 -1 792 1.2143 2 FAT
1470 896 -1 721 1.2080 2 FAT
1470 897 -1 598 1.1905 2 FAT
1470 898 -1 557 1.1912 2 FAT
1470 899 -1 557 1.1912 2 FAT
1470 900 -1 530 1.1907 2 FAT
1470 901 -1 530 1.1907 2 FAT
1470 902 -1 530 1.1907 2 FAT
1470 903 -1 492 1.1903 2 FAT
1470 904 -1 492 1.1903 2 FAT
1470 905 -1 492 1.1903 2 FAT
1470 906 -1 492 1.1903 2 FAT
1470 907 -1 492 1.1903 2 FAT
1470 908 -1 492 1.1903 2 FAT
1470 909 -1 492 1.1903 2 FAT
1470 910 -1 438 1.1903 2 FAT
1470 911 -1 438 1.1903 2 FAT
1470 912 -1 438 1.1903 2 FAT
1470 913 -1 438 1.1903 2 FAT
1470 914 -1 438 1.1903 2 FAT
1470 915 -1 438 1.1903 2 FAT
1470 916 -1 438 1.1903 2 FAT
1470 917 -1 438 1.1903 2 FAT
1470 918 -1 438 1.1903 2 FAT
1470 919 -1 438 1.1903 2 FAT
1470 920 -1 438 1.1903 2 FAT
1470 921 -1 438 1.1903 2 FAT
1470 922 -1 438 1.1903 2 FAT
1470 923 -1 438 1.1903 2 FAT
1470 924 -1 438 1.1903 2 FAT
1470 925 -1 438 1.1903 2 FAT
1470 926 -1 438 1.1903 2 FAT
1470 927 -1 438 1.1903 2 FAT
1470 928 -1 438 1.1903 2 FAT
1470 929 -1 438 1.1903 2 FAT
1470 930 -1 438 1.1903 2 FAT
1470 931 -1 390 1.1820 2 FAT
1470 932 -1 302 1.1615 2 FAT
1470 933 -1 281 1.1589 2 FAT
1470 934 -1 270 1.1597 2 FAT
1470 935 -1 255 1.1612 2 FAT
1470 936 -1 255 1.1612 2 FAT
1470 937 -1 255 1.1612 2 FAT
1470 938 -1 255 1.1612 2 FAT
1470 939 -1 234 1.1621 2 FAT
1470 940 -1 234 1.1621 2 FAT
1470 941 -1 234 1.1621 2 FAT
1470 942 -1 234 1.1621 2 FAT
1470 943 -1 234 1.1621 2 FAT
1470 944 -1 234 1.1621 2 FAT
1470 945 -1 234 1.1621 2 FAT
1470 946 -1 234 1.1621 2 FAT
1470 947 -1 234 1.1621 2 FAT
1470 948 -1 178 1.1474 2 FAT
1470 949 -1 162 1.1421 2 FAT
1470 950 -1 162 1.1421 2 FAT
1470 951 -1 151 1.1422 2 FAT
1470 952 -1 151 1.1422 2 FAT
1470 953 -1 151 1.1422 2 FAT
1470 954 -1 151 1.1422 2 FAT
1470 955 -1 606 1.1367 2 FAT
1470 956 -1 615 1.1550 2 FAT
1470 957 -1 1014 1.2101 2 FAT
1470 958 -1 954 1.1972 2 FAT
1470 959 -1 911 1.1893 2 FAT
1470 960 -1 561 1.1367 2 FAT
1470 961 -1 265 1.0779 2 FAT
1470 962 -1 422 1.1113 2 FAT
1470 963 -1 281 1.0842 2 FAT
1470 964 -1 281 1.0842 2 FAT
1470 965 -1 135 1.0428 2 FAT
1470 966 -1 135 1.0428 2 FAT
1470 967 -1 135 1.0428 2 FAT
1470 968 -1 318 1.0945 2 FAT
1470 969 -1 318 1.0945 2 FAT
1470 970 -1 318 1.0945 2 FAT
1470 971 -1 112 1.0410 2 FAT
1470 972 -1 112 1.0410 2 FAT
1470 973 -1 112 1.0410 2 FAT
1470 974 -1 112 1.0410 2 FAT
1470 975 -1 112 1.0410 2 FAT
1470 976 -1 112 1.0410 2 FAT
1470 977 -1 112 1.0410 2 FAT
1470 978 -1 112 1.0410 2 FAT
1470 979 -1 112 1.0410 2 FAT
1470 980 -1 112 1.0410 2 FAT
1470 981 -1 192 1.0491 2 FAT
1470 982 -1 282 1.0848 2 FAT
1470 983 -1 416 1.1137 2 FAT
1470 984 -1 416 1.1137 2 FAT
1470 985 -1 301 1.0915 2 FAT
1470 986 -1 87 1.0394 2 FAT
1470 987 -1 87 1.0394 2 FAT
1470 988 -1 87 1.0394 2 FAT
1470 989 -1 87 1.0394 2 FAT
1470 990 -1 87 1.0394 2 FAT
1470 991 -1 87 1.0394 2 FAT
1470 992 -1 87 1.0394 2 FAT
1470 993 -1 87 1.0394 2 FAT
1470 994 -1 87 1.0394 2 FAT
1470 995 -1 87 1.0394 2 FAT
1470 996 -1 87 1.0394 2 FAT
1470 997 -1 87 1.0394 2 FAT
1470 998 -1 87 1.0394 2 FAT
1470 999 -1 87 1.0394 2 FAT
1470 1000 -1 87 1.0394 2 FAT
1470 1001 -1 87 1.0394 2 FAT
1470 1002 -1 87 1.0394 2 FAT
1470 1003 -1 87 1.0394 2 FAT
1470 1004 -1 87 1.0394 2 FAT
1470 1005 -1 87 1.0394 2 FAT
1470 1006 -1 87 1.0394 2 FAT
1470 1007 -1 87 1.0394 2 FAT
1470 1008 -1 87 1.0394 2 FAT
1470 1009 -1 87 1.0394 2 FAT
1470 1010 -1 87 1.0394 2 FAT
1470 1011 -1 87 1.0394 2 FAT
1470 1012 -1 87 1.0394 2 FAT
1470 1013 -1 87 1.0394 2 FAT
1470 1014 -1 87 1.0394 2 FAT
1470 1015 -1 358 1.1037 2 FAT
1470 1016 -1 358 1.1037 2 FAT
1470 1017 -1 358 1.1037 2 FAT
1470 1018 -1 265 1.0779 2 FAT
1470 1019 -1 135 1.0428 2 FAT
1470 1020 -1 135 1.0428 2 FAT
1470 1021 -1 272 1.0815 2 FAT
1470 1022 -1 272 1.0815 2 FAT
1470 1023 -1 445 1.1195 2 FAT
1470 1024 -1 445 1.1195 2 FAT
1470 1025 -1 340 1.1028 2 FAT
1470 1026 -1 112 1.0410 2 FAT
1470 1027 -1 60 1.0379 2 FAT
1470 1028 -1 60 1.0379 2 FAT
1470 1029 -1 60 1.0379 2 FAT
1470 1030 -1 60 1.0379 2 FAT
1470 1031 -1 60 1.0379 2 FAT
1470 1032 -1 60 1.0379 2 FAT
1470 1033 -1 60 1.0379 2 FAT
1470 1034 -1 60 1.0379 2 FAT
1470 1035 -1 60 1.0379 2 FAT
1470 1036 -1 60 1.0379 2 FAT
1470 1037 -1 60 1.0379 2 FAT
1470 1038 -1 60 1.0379 2 FAT
1470 1039 -1 60 1.0379 2 FAT
1470 1040 -1 60 1.0379 2 FAT
1470 1041 -1 60 1.0379 2 FAT
1470 1042 -1 60 1.0379 2 FAT
1470 1043 -1 60 1.0379 2 FAT
1470 1044 -1 60 1.0379 2 FAT
1470 1045 -1 60 1.0379 2 FAT
1470 1046 -1 60 1.0379 2 FAT
1470 1047 -1 60 1.0379 2 FAT
1470 1048 -1 60 1.0379 2 FAT
1470 1049 -1 60 1.0379 2 FAT
1470 1050 -1 60 1.0379 2 FAT
1470 1051 -1 60 1.0379 2 FAT
1470 1052 -1 60 1.0379 2 FAT
1470 1053 -1 60 1.0379 2 FAT
1470 1054 -1 60 1.0379 2 FAT
1470 1055 -1 60 1.0379 2 FAT
1470 1056 -1 60 1.0379 2 FAT
1470 1057 -1 60 1.0379 2 FAT
1470 1058 -1 60 1.0379 2 FAT
1470 1059 -1 60 1.0379 2 FAT
1470 1060 -1 60 1.0379 2 FAT
1470 1061 -1 60 1.0379 2 FAT
1470 1062 -1 60 1.0379 2 FAT
1470 1063 -1 60 1.0379 2 FAT
1470 1064 -1 60 1.0379 2 FAT
1470 1065 -1 60 1.0379 2 FAT
1470 1066 -1 60 1.0379 2 FAT
1470 1067 -1 60 1.0379 2 FAT
1470 1068 -1 60 1.0379 2 FAT
1470 1069 -1 60 1.0379 2 FAT
1470 1070 -1 60 1.0379 2 FAT
1470 1071 -1 60 1.0379 2 FAT
1470 1072 -1 60 1.0379 2 FAT
1470 1073 -1 60 1.0379 2 FAT
1470 1074 -1 60 1.0379 2 FAT
1470 1075 -1 60 1.0379 2 FAT
1470 1076 -1 60 1.0379 2 FAT
1470 1077 -1 60 1.0379 2 FAT
1470 1078 -1 60 1.0379 2 FAT
1470 1079 -1 60 1.0379 2 FAT
1470 1080 -1 60 1.0379 2 FAT
1470 1081 -1 60 1.0379 2 FAT
1470 1082 -1 60 1.0379 2 FAT
1470 1083 -1 60 1.0379 2 FAT
1470 1084 -1 60 1.0379 2 FAT
1470 1085 -1 60 1.0379 2 FAT
1470 1086 -1 60 1.0379 2 FAT
1470 1087 -1 60 1.0379 2 FAT
1470 1088 -1 60 1.0379 2 FAT
1470 1089 -1 60 1.0379 2 FAT
1470 1090 -1 60 1.0379 2 FAT
1470 1091 -1 60 1.0379 2 FAT
1470 1092 -1 60 1.0379 2 FAT
1470 1093 -1 60 1.0379 2 FAT
1470 1094 -1 60 1.0379 2 FAT
1470 1095 -1 60 1.0379 2 FAT
1470 1096 -1 60 1.0379 2 FAT
1470 1097 -1 60 1.0379 2 FAT
1470 1098 -1 60 1.0379 2 FAT
1470 1099 -1 60 1.0379 2 FAT
1470 1100 -1 60 1.0379 2 FAT
1470 1101 -1 60 1.0379 2 FAT
1470 1102 -1 60 1.0379 2 FAT
1470 1103 -1 60 1.0379 2 FAT
1470 1104 -1 112 1.0410 2 FAT
1470 1105 -1 340 1.1028 2 FAT
1470 1106 -1 445 1.1195 2 FAT
1470 1107 -1 445 1.1195 2 FAT
1470 1108 -1 272 1.0815 2 FAT
1470 1109 -1 272 1.0815 2 FAT
1470 1110 -1 135 1.0428 2 FAT
1470 1111 -1 135 1.0428 2 FAT
1470 1112 -1 265 1.0779 2 FAT
1470 1113 -1 358 1.1037 2 FAT
1470 1114 -1 358 1.1037 2 FAT
1470 1115 -1 358 1.1037 2 FAT
1470 1116 -1 87 1.0394 2 FAT
1470 1117 -1 87 1.0394 2 FAT
1470 1118 -1 87 1.0394 2 FAT
1470 1119 -1 87 1.0394 2 FAT
1470 1120 -1 87 1.0394 2 FAT
1470 1121 -1 87 1.0394 2 FAT
1470 1122 -1 87 1.0394 2 FAT
1470 1123 -1 87 1.0394 2 FAT
1470 1124 -1 87 1.0394 2 FAT
1470 1125 -1 87 1.0394 2 FAT
1470 1126 -1 87 1.0394 2 FAT
1470 1127 -1 87 1.0394 2 FAT
1470 1128 -1 87 1.0394 2 FAT
1470 1129 -1 87 1.0394 2 FAT
1470 1130 -1 87 1.0394 2 FAT
1470 1131 -1 87 1.0394 2 FAT
1470 1132 -1 87 1.0394 2 FAT
1470 1133 -1 87 1.0394 2 FAT
1470 1134 -1 87 1.0394 2 FAT
1470 1135 -1 87 1.0394 2 FAT
1470 1136 -1 87 1.0394 2 FAT
1470 1137 -1 87 1.0394 2 FAT
1470 1138 -1 87 1.0394 2 FAT
1470 1139 -1 87 1.0394 2 FAT
1470 1140 -1 87 1.0394 2 FAT
1470 1141 -1 87 1.0394 2 FAT
1470 1142 -1 87 1.0394 2 FAT
1470 1143 -1 87 1.0394 2 FAT
1470 1144 -1 87 1.0394 2 FAT
1470 1145 -1 301 1.0915 2 FAT
1470 1146 -1 416 1.1137 2 FAT
1470 1147 -1 416 1.1137 2 FAT
1470 1148 -1 282 1.0848 2 FAT
1470 1149 -1 192 1.0491 2 FAT
1470 1150 -1 112 1.0410 2 FAT
1470 1151 -1 112 1.0410 2 FAT
1470 1152 -1 112 1.0410 2 FAT
1470 1153 -1 112 1.0410 2 FAT
1470 1154 -1 112 1.0410 2 FAT
1470 1155 -1 112 1.0410 2 FAT
1470 1156 -1 112 1.0410 2 FAT
1470 1157 -1 112 1.0410 2 FAT
1470 1158 -1 112 1.0410 2 FAT
1470 1159 -1 112 1.0410 2 FAT
1470 1160 -1 318 1.0945 2 FAT
1470 1161 -1 318 1.0945 2 FAT
1470 1162 -1 318 1.0945 2 FAT
1470 1163 -1 135 1.0428 2 FAT
1470 1164 -1 135 1.0428 2 FAT
1470 1165 -1 135 1.0428 2 FAT
1470 1166 -1 281 1.0842 2 FAT
1470 1167 -1 281 1.0842 2 FAT
1470 1168 -1 422 1.1113 2 FAT
1470 1169 -1 265 1.0779 2 FAT
1470 1170 -1 561 1.1367 2 FAT
1470 1171 -1 911 1.1893 2 FAT
1470 1172 -1 954 1.1972 2 FAT
1470 1173 -1 1014 1.2101 2 FAT
1470 1174 -1 615 1.1550 2 FAT
1470 1175 -1 606 1.1367 2 FAT
1470 1176 -1 151 1.1422 2 FAT
1470 1177 -1 151 1.1422 2 FAT
1470 1178 -1 151 1.1422 2 FAT
1470 1179 -1 151 1.1422 2 FAT
1470 1180 -1 162 1.1421 2 FAT
1470 1181 -1 162 1.1421 2 FAT
1470 1182 -1 178 1.1474 2 FAT
1470 1183 -1 234 1.1621 2 FAT
1470 1184 -1 234 1.1621 2 FAT
1470 1185 -1 234 1.1621 2 FAT
1470 1186 -1 234 1.1621 2 FAT
1470 1187 -1 234 1.1621 2 FAT
1470 1188 -1 234 1.1621 2 FAT
1470 1189 -1 234 1.1621 2 FAT
1470 1190 -1 234 1.1621 2 FAT
1470 1191 -1 234 1.1621 2 FAT
1470 1192 -1 255 1.1612 2 FAT
1470 1193 -1 255 1.1612 2 FAT
1470 1194 -1 255 1.1612 2 FAT
1470 1195 -1 255 1.1612 2 FAT
1470 1196 -1 270 1.1597 2 FAT
1470 1197 -1 281 1.1589 2 FAT
1470 1198 -1 302 1.1615 2 FAT
1470 1199 -1 390 1.1820 2 FAT
1470 1200 -1 438 1.1903 2 FAT
1470 1201 -1 438 1.1903 2 FAT
1470 1202 -1 438 1.1903 2 FAT
1470 1203 -1 438 1.1903 2 FAT
1470 1204 -1 438 1.1903 2 FAT
1470 1205 -1 438 1.1903 2 FAT
1470 1206 -1 438 1.1903 2 FAT
1470 1207 -1 438 1.1903 2 FAT
1470 1208 -1 438 1.1903 2 FAT
1470 1209 -1 438 1.1903 2 FAT
1470 1210 -1 438 1.1903 2 FAT
1470 1211 -1 438 1.1903 2 FAT
1470 1212 -1 438 1.1903 2 FAT
1470 1213 -1 438 1.1903 2 FAT
1470 1214 -1 438 1.1903 2 FAT
1470 1215 -1 438 1.1903 2 FAT
1470 1216 -1 438 1.1903 2 FAT
1470 1217 -1 438 1.1903 2 FAT
1470 1218 -1 438 1.1903 2 FAT
1470 1219 -1 438 1.1903 2 FAT
1470 1220 -1 438 1.1903 2 FAT
1470 1221 -1 492 1.1903 2 FAT
1470 1222 -1 492 1.1903 2 FAT
1470 1223 -1 492 1.1903 2 FAT
1470 1224 -1 492 1.1903 2 FAT
1470 1225 -1 492 1.1903 2 FAT
1470 1226 -1 492 1.1903 2 FAT
1470 1227 -1 492 1.1903 2 FAT
1470 1228 -1 530 1.1907 2 FAT
1470 1229 -1 530 1.1907 2 FAT
1470 1230 -1 530 1.1907 2 FAT
1470 1231 -1 557 1.1912 2 FAT
1470 1232 -1 557 1.1912 2 FAT
1470 1233 -1 598 1.1905 2 FAT
1470 1234 -1 721 1.2080 2 FAT
1470 1235 -1 792 1.2143 2 FAT
1470 1236 -1 807 1.2149 2 FAT
1470 1237 -1 881 1.2179 2 FAT
1470 1238 -1 942 1.2241 2 FAT
1470 1239 -1 942 1.2241 2 FAT
1470 1240 -1 972 1.2240 2 FAT
1470 1241 -1 993 1.2242 2 FAT
1470 1242 -1 1094 1.2300 2 FAT
1470 1243 -1 1188 1.2367 2 FAT
1470 1244 -1 1188 1.2367 2 FAT
1470 1245 -1 1188 1.2367 2 FAT
1470 1246 -1 1188 1.2367 2 FAT
1470 1247 -1 1188 1.2367 2 FAT
1470 1248 -1 1188 1.2367 2 FAT
1470 1249 -1 1188 1.2367 2 FAT
1470 1250 -1 1188 1.2367 2 FAT
1470 1251 -1 1188 1.2367 2 FAT
1470 1252 -1 1188 1.2367 2 FAT
1470 1253 -1 1188 1.2367 2 FAT
1470 1254 -1 1188 1.2367 2 FAT
1470 1255 -1 1188 1.2367 2 FAT
1470 1256 -1 1188 1.2367 2 FAT
1470 1257 -1 1188 1.2367 2 FAT
1470 1258 -1 1188 1.2367 2 FAT
1470 1259 -1 1188 1.2367 2 FAT
1470 1260 -1 1188 1.2367 2 FAT
1470 1261 -1 1188 1.2367 2 FAT
1470 1262 -1 1188 1.2367 2 FAT
1470 1263 -1 1188 1.2367 2 FAT
1470 1264 -1 1188 1.2367 2 FAT
1470 1265 -1 1188 1.2367 2 FAT
1470 1266 -1 1188 1.2367 2 FAT
1470 1267 -1 1188 1.2367 2 FAT
1470 1268 -1 1188 1.2367 2 FAT
1470 1269 -1 1188 1.2367 2 FAT
1470 1270 -1 1188 1.2367 2 FAT
1470 1271 -1 1188 1.2367 2 FAT
1470 1272 -1 1188 1.2367 2 FAT
1470 1273 -1 1188 1.2367 2 FAT
1470 1274 -1 1188 1.2367 2 FAT
1470 1275 -1 1188 1.2367 2 FAT
1470 1276 -1 1188 1.2367 2 FAT
1470 1277 -1 1188 1.2367 2 FAT
1470 1278 -1 1188 1.2367 2 FAT
1470 1279 -1 1188 1.2367 2 FAT
1470 1280 -1 1188 1.2367 2 FAT
1470 1281 -1 1188 1.2367 2 FAT
1470 1282 -1 1188 1.2367 2 FAT
1470 1283 -1 1188 1.2367 2 FAT
1470 1284 -1 1188 1.2367 2 FAT
1470 1285 -1 1188 1.2367 2 FAT
1470 1286 -1 1188 1.2367 2 FAT
1470 1287 -1 1188 1.2367 2 FAT
1470 1288 -1 1188 1.2367 2 FAT
1470 1289 -1 1188 1.2367 2 FAT
1470 1290 -1 1188 1.2367 2 FAT
1470 1291 -1 1188 1.2367 2 FAT
1470 1292 -1 1188 1.2367 2 FAT
1470 1293 -1 1405 1.2366 2 FAT
1470 1294 -1 1405 1.2366 2 FAT
1470 1295 -1 1405 1.2366 2 FAT
1470 1296 -1 1405 1.2366 2 FAT
1470 1297 -1 1405 1.2366 2 FAT
1470 1298 -1 1405 1.2366 2 FAT
1470 1299 -1 1405 1.2366 2 FAT
1470 1300 -1 1405 1.2366 2 FAT
1470 1301 -1 1405 1.2366 2 FAT
1470 1302 -1 1405 1.2366 2 FAT
1470 1303 -1 1405 1.2366 2 FAT
1470 1304 -1 1405 1.2366 2 FAT
1470 1305 -1 1547 1.2364 2 FAT
1470 1306 -1 1547 1.2364 2 FAT
1470 1307 -1 1547 1.2364 2 FAT
1470 1308 -1 1547 1.2364 2 FAT
1470 1309 -1 1640 1.2364 2 FAT
1470 1310 -1 1640 1.2364 2 FAT
1470 1311 -1 1701 1.2365 2 FAT
1470 1312 -1 1767 1.2367 2 FAT
1470 1313 -1 1975 1.2467 2 FAT
1470 1314 -1 2117 1.2523 2 FAT
1470 1315 -1 2187 1.2545 2 FAT
1470 1316 -1 2300 1.2563 2 FAT
1470 1317 -1 2466 1.2611 2 FAT
1470 1318 -1 2489 1.2624 2 FAT
1470 1319 -1 2489 1.2624 2 FAT
1470 1320 -1 2549 1.2623 2 FAT
1470 1321 -1 2738 1.2663 2 FAT
1470 1322 -1 2934 1.2719 2 FAT
1470 1323 -1 3002 1.2716 2 FAT
1470 1324 -1 3069 1.2745 2 FAT
1470 1325 -1 3069 1.2745 2 FAT
1470 1326 -1 3069 1.2745 2 FAT
1470 1327 -1 3069 1.2745 2 FAT
1470 1328 -1 3069 1.2745 2 FAT
1470 1329 -1 3069 1.2745 2 FAT
1470 1330 -1 3183 1.2747 2 FAT
1470 1331 -1 3379 1.2757 2 FAT
1470 1332 -1 3557 1.2797 2 FAT
1470 1333 -1 3671 1.2830 2 FAT
1470 1334 -1 3874 1.2869 2 FAT
1470 1335 -1 3950 1.2883 2 FAT
1470 1336 -1 4011 1.2884 2 FAT
1470 1337 -1 4217 1.2919 0 FAT
1470 1338 -1 4328 1.2940 0 FAT
1470 1339 -1 4328 1.2940 0 FAT
1470 1340 -1 4328 1.2940 0 FAT
1470 1341 -1 4328 1.2940 0 FAT
1470 1342 -1 4328 1.2940 0 FAT
1470 1343 -1 4328 1.2940 0 FAT
1470 1344 -1 4328 1.2940 0 FAT
1470 1345 -1 4328 1.2940 0 FAT
1470 1346 -1 4328 1.2940 0 FAT
1470 1347 -1 4328 1.2940 0 FAT
1470 1348 -1 4328 1.2940 0 FAT
1470 1349 -1 4328 1.2940 0 FAT
1470 1350 -1 4328 1.2940 0 FAT
1470 1351 -1 4582 1.2940 0 FAT
1470 1352 -1 4582 1.2940 0 FAT
1470 1353 -1 4734 1.2941 0 FAT
1470 1354 -1 4825 1.2942 0 FAT
1470 1355 -1 5125 1.2977 0 FAT
1470 1356 -1 5319 1.3012 0 FAT
1470 1357 -1 5473 1.3025 0 FAT
1470 1358 -1 5664 1.3057 0 FAT
1470 1359 -1 5664 1.3057 0 FAT
1470 1360 -1 5873 1.3067 0 FAT
1470 1361 -1 6105 1.3104 0 FAT
1470 1362 -1 6274 1.3122 0 FAT
1470 1363 -1 6337 1.3130 0 FAT
1470 1364 -1 6337 1.3130 0 FAT
1470 1365 -1 6337 1.3130 0 FAT
1470 1366 -1 6477 1.3128 0 FAT
1470 1367 -1 6713 1.3137 0 FAT
1470 1368 -1 6937 1.3171 0 FAT
1470 1369 -1 7152 1.3189 0 FAT
1470 1370 -1 7206 1.3199 0 FAT
1470 1371 -1 7446 1.3215 0 FAT
1470 1372 -1 7705 1.3241 0 FAT
1470 1373 -1 7739 1.3247 0 FAT
1470 1374 -1 7739 1.3247 0 FAT
1470 1375 -1 7739 1.3247 0 FAT
1470 1376 -1 7739 1.3247 0 FAT
1470 1377 -1 7739 1.3247 0 FAT
1470 1378 -1 7739 1.3247 0 FAT
1470 1379 -1 7739 1.3247 0 FAT
1470 1380 -1 7739 1.3247 0 FAT
1470 1381 -1 7739 1.3247 0 FAT
1470 1382 -1 7739 1.3247 0 FAT
1470 1383 -1 7739 1.3247 0 FAT
1470 1384 -1 7739 1.3247 0 FAT
1470 1385 -1 7739 1.3247 0 FAT
1470 1386 -1 7739 1.3247 0 FAT
1470 1387 -1 7739 1.3247 0 FAT
1470 1388 -1 7739 1.3247 0 FAT
1470 1389 -1 7739 1.3247 0 FAT
1470 1390 -1 7739 1.3247 0 FAT
1470 1391 -1 7739 1.3247 0 FAT
1470 1392 -1 7739 1.3247 0 FAT
1470 1393 -1 7739 1.3247 0 FAT
1470 1394 -1 7739 1.3247 0 FAT
1470 1395 -1 7739 1.3247 0 FAT
1470 1396 -1 7739 1.3247 0 FAT
1470 1397 -1 7739 1.3247 0 FAT
1470 1398 -1 7739 1.3247 0 FAT
1470 1399 -1 7739 1.3247 0 FAT
1470 1400 -1 7739 1.3247 0 FAT
1470 1401 -1 7739 1.3247 0 FAT
1470 1402 -1 7739 1.3247 0 FAT
1470 1403 -1 7739 1.3247 0 FAT
1470 1404 -1 7739 1.3247 0 FAT
1470 1405 -1 7739 1.3247 0 FAT
1470 1406 -1 7739 1.3247 0 FAT
1470 1407 -1 7739 1.3247 0 FAT
1470 1408 -1 7739 1.3247 0 FAT
1470 1409 -1 7739 1.3247 0 FAT
1470 1410 -1 7739 1.3247 0 FAT
1470 1411 -1 7739 1.3247 0 FAT
1470 1412 -1 7739 1.3247 0 FAT
1470 1413 -1 7739 1.3247 0 FAT
1470 1414 -1 7739 1.3247 0 FAT
1470 1415 -1 7739 1.3247 0 FAT
1470 1416 -1 7739 1.3247 0 FAT
1470 1417 -1 7739 1.3247 0 FAT
1470 1418 -1 7739 1.3247 0 FAT
1470 1419 -1 7739 1.3247 0 FAT
1470 1420 -1 7739 1.3247 0 FAT
1470 1421 -1 7739 1.3247 0 FAT
1470 1422 -1 7739 1.3247 0 FAT
1470 1423 -1 7739 1.3247 0 FAT
1470 1424 -1 7739 1.3247 0 FAT
1470 1425 -1 7739 1.3247 0 FAT
1470 1426 -1 7739 1.3247 0 FAT
1470 1427 -1 7739 1.3247 0 FAT
1470 1428 -1 7739 1.3247 0 FAT
1470 1429 -1 7739 1.3247 0 FAT
1470 1430 -1 7739 1.3247 0 FAT
1470 1431 -1 7739 1.3247 0 FAT
1470 1432 -1 7739 1.3247 0 FAT
1470 1433 -1 7739 1.3247 0 FAT
1470 1434 -1 7739 1.3247 0 FAT
1470 1435 -1 7739 1.3247 0 FAT
1470 1436 -1 7739 1.3247 0 FAT
1470 1437 -1 7739 1.3247 0 FAT
1470 1438 -1 7739 1.3247 0 FAT
1470 1439 -1 7739 1.3247 0 FAT
1470 1440 -1 7739 1.3247 0 FAT
1470 1441 -1 7487 1.3221 0 FAT
1470 1442 -1 7243 1.3199 0 FAT
1470 1443 -1 7065 1.3176 0 FAT
1470 1444 -1 6780 1.3159 0 FAT
1470 1445 -1 6780 1.3159 0 FAT
1470 1446 -1 6661 1.3138 0 FAT
1470 1447 -1 6437 1.3118 0 FAT
1470 1448 -1 6188 1.3085 0 FAT
1470 1449 -1 5928 1.3085 0 FAT
1470 1450 -1 5928 1.3085 0 FAT
1470 1451 -1 5928 1.3085 0 FAT
1470 1452 -1 5928 1.3085 0 FAT
1470 1453 -1 5820 1.3065 0 FAT
1470 1454 -1 5627 1.3045 0 FAT
1470 1455 -1 5387 1.3008 0 FAT
1470 1456 -1 5312 1.3009 0 FAT
1470 1457 -1 5084 1.2974 0 FAT
1470 1458 -1 4855 1.2940 0 FAT
1470 1459 -1 4734 1.2941 0 FAT
1470 1460 -1 4734 1.2941 0 FAT
1470 1461 -1 4472 1.2941 0 FAT
1470 1462 -1 4472 1.2941 0 FAT
1470 1463 -1 4472 1.2941 0 FAT
1470 1464 -1 4472 1.2941 0 FAT
1470 1465 -1 4472 1.2941 0 FAT
1470 1466 -1 4472 1.2941 0 FAT
1470 1467 -1 4472 1.2941 0 FAT
1470 1468 -1 4472 1.2941 0 FAT
1470 1469 -1 4417 1.2928 0 FAT
1470 1470 -1 4258 1.2902 0 FAT
1470 1471 -1 4036 1.2878 2 FAT
1470 1472 -1 4009 1.2873 2 FAT
1470 1473 -1 3803 1.2829 2 FAT
1470 1474 -1 3628 1.2797 2 FAT
1470 1475 -1 3527 1.2797 2 FAT
1470 1476 -1 3527 1.2797 2 FAT
1470 1477 -1 3457 1.2776 2 FAT
1470 1478 -1 3241 1.2720 2 FAT
1470 1479 -1 3157 1.2718 2 FAT
1470 1480 -1 2919 1.2639 2 FAT
1470 1481 -1 2813 1.2639 2 FAT
1470 1482 -1 2669 1.2638 2 FAT
1470 1483 -1 2669 1.2638 2 FAT
1470 1484 -1 2669 1.2638 2 FAT
1470 1485 -1 2669 1.2638 2 FAT
1470 1486 -1 2669 1.2638 2 FAT
1470 1487 -1 2379 1.2638 2 FAT
1470 1488 -1 2379 1.2638 2 FAT
1470 1489 -1 2379 1.2638 2 FAT
1470 1490 -1 2379 1.2638 2 FAT
1470 1491 -1 2379 1.2638 2 FAT
1470 1492 -1 2379 1.2638 2 FAT
1470 1493 -1 2379 1.2638 2 FAT
1470 1494 -1 2379 1.2638 2 FAT
1470 1495 -1 2379 1.2638 2 FAT
1470 1496 -1 2379 1.2638 2 FAT
1470 1497 -1 2379 1.2638 2 FAT
1470 1498 -1 2379 1.2638 2 FAT
1470 1499 -1 2379 1.2638 2 FAT
1470 1500 -1 2379 1.2638 2 FAT
1470 1501 -1 2379 1.2638 2 FAT
1470 1502 -1 2379 1.2638 2 FAT
1470 1503 -1 2379 1.2638 2 FAT
1470 1504 -1 2379 1.2638 2 FAT
1470 1505 -1 2379 1.2638 2 FAT
1470 1506 -1 2379 1.2638 2 FAT
1470 1507 -1 2379 1.2638 2 FAT
1470 1508 -1 2235 1.2591 2 FAT
1470 1509 -1 2072 1.2535 2 FAT
1470 1510 -1 2001 1.2534 2 FAT
1470 1511 -1 2001 1.2534 2 FAT
1470 1512 -1 4332 1.2615 0 FAT
1470 1513 -1 4282 1.2583 0 FAT
1470 1514 -1 3989 1.2540 2 FAT
1470 1515 -1 3911 1.2458 2 FAT
1470 1516 -1 3773 1.2492 2 FAT
1470 1517 -1 4227 1.2613 0 FAT
1470 1518 -1 3860 1.2608 2 FAT
1470 1519 -1 4038 1.2619 2 FAT
1470 1520 -1 4038 1.2619 2 FAT
1470 1521 -1 4038 1.2619 2 FAT
1470 1522 -1 4038 1.2619 2 FAT
1470 1523 -1 4510 1.2661 0 FAT
1470 1524 -1 4196 1.2613 0 FAT
1470 1525 -1 3952 1.2551 2 FAT
1470 1526 -1 3621 1.2466 2 FAT
1470 1527 -1 3394 1.2446 2 FAT
1470 1528 -1 3341 1.2427 2 FAT
1470 1529 -1 2946 1.2309 2 FAT
1470 1530 -1 2527 1.2123 2 FAT
1470 1531 -1 2357 1.2084 2 FAT
1470 1532 -1 2037 1.2024 2 FAT
1470 1533 -1 2037 1.2024 2 FAT
1470 1534 -1 2037 1.2024 2 FAT
1470 1535 -1 2037 1.2024 2 FAT
1470 1536 -1 2440 1.2023 2 FAT
1470 1537 -1 2014 1.2016 2 FAT
1470 1538 -1 2014 1.2016 2 FAT
1470 1539 -1 2498 1.2204 2 FAT
1470 1540 -1 2830 1.2336 2 FAT
1470 1541 -1 3033 1.2403 2 FAT
1470 1542 -1 3278 1.2443 2 FAT
1470 1543 -1 3278 1.2443 2 FAT
1470 1544 -1 3278 1.2443 2 FAT
1470 1545 -1 3278 1.2443 2 FAT
1470 1546 -1 3621 1.2466 2 FAT
1470 1547 -1 3984 1.2566 2 FAT
1470 1548 -1 4184 1.2607 0 FAT
1470 1549 -1 4478 1.2646 0 FAT
1470 1550 -1 4603 1.2723 0 FAT
1470 1551 -1 4701 1.2737 0 FAT
1470 1552 -1 4703 1.2711 0 FAT
1470 1553 -1 4356 1.2654 0 FAT
1470 1554 -1 2995 1.2596 2 FAT
1470 1555 -1 3205 1.2650 2 FAT
1470 1556 -1 3205 1.2650 2 FAT
1470 1557 -1 3205 1.2650 2 FAT
1470 1558 -1 3205 1.2650 2 FAT
1470 1559 -1 3205 1.2650 2 FAT
1470 1560 -1 3205 1.2650 2 FAT
1470 1561 -1 3205 1.2650 2 FAT
1470 1562 -1 3205 1.2650 2 FAT
1470 1563 -1 3205 1.2650 2 FAT
1470 1564 -1 3510 1.2646 2 FAT
1470 1565 -1 3767 1.2692 2 FAT
1470 1566 -1 4076 1.2756 2 FAT
1470 1567 -1 4274 1.2784 0 FAT
1470 1568 -1 4274 1.2784 0 FAT
1470 1569 -1 4274 1.2784 0 FAT
1470 1570 -1 4274 1.2784 0 FAT
1470 1571 -1 4274 1.2784 0 FAT
1470 1572 -1 4274 1.2784 0 FAT
1470 1573 -1 4274 1.2784 0 FAT
1470 1574 -1 4274 1.2784 0 FAT
1470 1575 -1 4274 1.2784 0 FAT
1470 1576 -1 4274 1.2784 0 FAT
1470 1577 -1 4274 1.2784 0 FAT
1470 1578 -1 4274 1.2784 0 FAT
1470 1579 -1 4274 1.2784 0 FAT
1470 1580 -1 4274 1.2784 0 FAT
1470 1581 -1 4274 1.2784 0 FAT
1470 1582 -1 4274 1.2784 0 FAT
1470 1583 -1 4274 1.2784 0 FAT
1470 1584 -1 4274 1.2784 0 FAT
1470 1585 -1 4274 1.2784 0 FAT
1470 1586 -1 4274 1.2784 0 FAT
1470 1587 -1 4274 1.2784 0 FAT
1470 1588 -1 4274 1.2784 0 FAT
1470 1589 -1 4274 1.2784 0 FAT
1470 1590 -1 4274 1.2784 0 FAT
1470 1591 -1 4274 1.2784 0 FAT
1470 1592 -1 4274 1.2784 0 FAT
1470 1593 -1 4274 1.2784 0 FAT
1470 1594 -1 4274 1.2784 0 FAT
1470 1595 -1 4274 1.2784 0 FAT
1470 1596 -1 4274 1.2784 0 FAT
1470 1597 -1 4274 1.2784 0 FAT
1470 1598 -1 4274 1.2784 0 FAT
1470 1599 -1 5176 1.2782 0 FAT
1470 1600 -1 5837 1.2851 0 FAT
1470 1601 -1 6010 1.2871 0 FAT
1470 1602 -1 6353 1.2907 0 FAT
1470 1603 -1 6742 1.2960 0 FAT
1470 1604 -1 6889 1.2961 0 FAT
1470 1605 -1 6592 1.2925 0 FAT
1470 1606 -1 6221 1.2897 0 FAT
1470 1607 -1 6569 1.2908 0 FAT
1470 1608 -1 6527 1.2908 0 FAT
1470 1609 -1 6528 1.2887 0 FAT
1470 1610 -1 6127 1.2853 0 FAT
1470 1611 -1 6002 1.2828 0 FAT
1470 1612 -1 5458 1.2797 0 FAT
1470 1613 -1 5458 1.2797 0 FAT
1470 1614 -1 5458 1.2797 0 FAT
1470 1615 -1 5458 1.2797 0 FAT
1470 1616 -1 5232 1.2746 0 FAT
1470 1617 -1 4880 1.2713 0 FAT
1470 1618 -1 5541 1.2719 0 FAT
1470 1619 -1 4919 1.2754 0 FAT
1470 1620 -1 5233 1.2794 0 FAT
1470 1621 -1 5269 1.2800 0 FAT
1470 1622 -1 5269 1.2800 0 FAT
1470 1623 -1 5676 1.2834 0 FAT
1470 1624 -1 5823 1.2856 0 FAT
1470 1625 -1 6293 1.2912 0 FAT
1470 1626 -1 6591 1.2951 0 FAT
1470 1627 -1 6608 1.2956 0 FAT
1470 1628 -1 6911 1.2977 0 FAT
1470 1629 -1 7217 1.3005 0 FAT
1470 1630 -1 7308 1.3025 0 FAT
1470 1631 -1 7308 1.3025 0 FAT
1470 1632 -1 7204 1.3011 0 FAT
1470 1633 -1 6876 1.2969 0 FAT
1470 1634 -1 6651 1.2956 0 FAT
1470 1635 -1 6363 1.2918 0 FAT
1470 1636 -1 6589 1.2939 0 FAT
1470 1637 -1 6874 1.2973 0 FAT
1470 1638 -1 6874 1.2973 0 FAT
1470 1639 -1 7276 1.3005 0 FAT
1470 1640 -1 7328 1.3009 0 FAT
1470 1641 -1 7331 1.3024 0 FAT
1470 1642 -1 7045 1.2992 0 FAT
1470 1643 -1 6618 1.2944 0 FAT
1470 1644 -1 6413 1.2916 0 FAT
1470 1645 -1 6034 1.2894 0 FAT
1470 1646 -1 6034 1.2894 0 FAT
1470 1647 -1 5905 1.2879 0 FAT
1470 1648 -1 5674 1.2854 0 FAT
1470 1649 -1 5314 1.2786 0 FAT
1470 1650 -1 4705 1.2774 0 FAT
1470 1651 -1 4705 1.2774 0 FAT
1470 1652 -1 4705 1.2774 0 FAT
1470 1653 -1 4705 1.2774 0 FAT
1470 1654 -1 4705 1.2774 0 FAT
1470 1655 -1 4705 1.2774 0 FAT
1470 1656 -1 4705 1.2774 0 FAT
1470 1657 -1 4705 1.2774 0 FAT
1470 1658 -1 4705 1.2774 0 FAT
1470 1659 -1 4495 1.2747 0 FAT
1470 1660 -1 4002 1.2684 2 FAT
1470 1661 -1 4889 1.2684 0 FAT
1470 1662 -1 5080 1.2728 0 FAT
1470 1663 -1 4872 1.2680 0 FAT
1470 1664 -1 5128 1.2716 0 FAT
1470 1665 -1 5114 1.2715 0 FAT
1470 1666 -1 4637 1.2644 0 FAT
1470 1667 -1 4637 1.2644 0 FAT
1470 1668 -1 4395 1.2601 0 FAT
1470 1669 -1 3381 1.2602 2 FAT
1470 1670 -1 3381 1.2602 2 FAT
1470 1671 -1 3664 1.2602 2 FAT
1470 1672 -1 3957 1.2667 2 FAT
1470 1673 -1 3957 1.2667 2 FAT
1470 1674 -1 4223 1.2699 0 FAT
1470 1675 -1 4552 1.2767 0 FAT
1470 1676 -1 4778 1.2807 0 FAT
1470 1677 -1 4986 1.2824 0 FAT
1470 1678 -1 5272 1.2863 0 FAT
1470 1679 -1 5355 1.2883 0 FAT
1470 1680 -1 5355 1.2883 0 FAT
1470 1681 -1 5355 1.2883 0 FAT
1470 1682 -1 5355 1.2883 0 FAT
1470 1683 -1 5871 1.2917 0 FAT
1470 1684 -1 6095 1.2934 0 FAT
1470 1685 -1 6408 1.2970 0 FAT
1470 1686 -1 6642 1.2992 0 FAT
1470 1687 -1 6977 1.3043 0 FAT
1470 1688 -1 6977 1.3043 0 FAT
1470 1689 -1 6977 1.3043 0 FAT
1470 1690 -1 6977 1.3043 0 FAT
1470 1691 -1 6977 1.3043 0 FAT
1470 1692 -1 6977 1.3043 0 FAT
1470 1693 -1 6977 1.3043 0 FAT
1470 1694 -1 6977 1.3043 0 FAT
1470 1695 -1 6977 1.3043 0 FAT
1470 1696 -1 6977 1.3043 0 FAT
1470 1697 -1 6977 1.3043 0 FAT
1470 1698 -1 6977 1.3043 0 FAT
1470 1699 -1 6977 1.3043 0 FAT
1470 1700 -1 6911 1.3032 0 FAT
1470 1701 -1 6640 1.3011 0 FAT
1470 1702 -1 6299 1.2965 0 FAT
1470 1703 -1 5981 1.2920 0 FAT
1470 1704 -1 5456 1.2918 0 FAT
1470 1705 -1 5456 1.2918 0 FAT
1470 1706 -1 5456 1.2918 0 FAT
1470 1707 -1 5456 1.2918 0 FAT
1470 1708 -1 5456 1.2918 0 FAT
1470 1709 -1 5456 1.2918 0 FAT
1470 1710 -1 5456 1.2918 0 FAT
1470 1711 -1 5456 1.2918 0 FAT
1470 1712 -1 5456 1.2918 0 FAT
1470 1713 -1 5137 1.2869 0 FAT
1470 1714 -1 4976 1.2864 0 FAT
1470 1715 -1 4976 1.2864 0 FAT
1470 1716 -1 4798 1.2841 0 FAT
1470 1717 -1 4666 1.2818 0 FAT
1470 1718 -1 4405 1.2772 0 FAT
1470 1719 -1 4012 1.2716 2 FAT
1470 1720 -1 4012 1.2716 2 FAT
1470 1721 -1 3891 1.2701 2 FAT
1470 1722 -1 3607 1.2634 2 FAT
1470 1723 -1 3319 1.2578 2 FAT
1470 1724 -1 3109 1.2578 2 FAT
1470 1725 -1 3109 1.2578 2 FAT
1470 1726 -1 3109 1.2578 2 FAT
1470 1727 -1 3109 1.2578 2 FAT
1470 1728 -1 3109 1.2578 2 FAT
1470 1729 -1 3031 1.2547 2 FAT
1470 1730 -1 2899 1.2550 2 FAT
1470 1731 -1 2813 1.2544 2 FAT
1470 1732 -1 2639 1.2478 2 FAT
1470 1733 -1 2288 1.2385 2 FAT
1470 1734 -1 2288 1.2385 2 FAT
1470 1735 -1 2033 1.2290 2 FAT
1470 1736 -1 1718 1.2204 2 FAT
1470 1737 -1 1718 1.2204 2 FAT
1470 1738 -1 1718 1.2204 2 FAT
1470 1739 -1 1455 1.2206 2 FAT
1470 1740 -1 1455 1.2206 2 FAT
1470 1741 -1 1455 1.2206 2 FAT
1470 1742 -1 1455 1.2206 2 FAT
1470 1743 -1 1455 1.2206 2 FAT
1470 1744 -1 1455 1.2206 2 FAT
1470 1745 -1 1455 1.2206 2 FAT
1470 1746 -1 1455 1.2206 2 FAT
1470 1747 -1 1455 1.2206 2 FAT
1470 1748 -1 1455 1.2206 2 FAT
1470 1749 -1 1455 1.2206 2 FAT
1470 1750 -1 1455 1.2206 2 FAT
1470 1751 -1 1455 1.2206 2 FAT
1470 1752 -1 1455 1.2206 2 FAT
1470 1753 -1 1455 1.2206 2 FAT
1470 1754 -1 1455 1.2206 2 FAT
1470 1755 -1 1455 1.2206 2 FAT
1470 1756 -1 870 1.2207 2 FAT
1470 1757 -1 870 1.2207 2 FAT
1470 1758 -1 870 1.2207 2 FAT
1470 1759 -1 870 1.2207 2 FAT
1470 1760 -1 870 1.2207 2 FAT
1470 1761 -1 870 1.2207 2 FAT
1470 1762 -1 870 1.2207 2 FAT
1470 1763 -1 870 1.2207 2 FAT
1470 1764 -1 870 1.2207 2 FAT
1470 1765 -1 870 1.2207 2 FAT
1470 1766 -1 870 1.2207 2 FAT
1470 1767 -1 870 1.2207 2 FAT
1470 1768 -1 870 1.2207 2 FAT
1470 1769 -1 1192 1.2208 2 FAT
1470 1770 -1 1192 1.2208 2 FAT
1470 1771 -1 1192 1.2208 2 FAT
1470 1772 -1 1192 1.2208 2 FAT
1470 1773 -1 1192 1.2208 2 FAT
1470 1774 -1 1192 1.2208 2 FAT
1470 1775 -1 1192 1.2208 2 FAT
1470 1776 -1 1192 1.2208 2 FAT
1470 1777 -1 1192 1.2208 2 FAT
1470 1778 -1 1192 1.2208 2 FAT
1470 1779 -1 1192 1.2208 2 FAT
1470 1780 -1 1192 1.2208 2 FAT
1470 1781 -1 1192 1.2208 2 FAT
1470 1782 -1 1192 1.2208 2 FAT
1470 1783 -1 1192 1.2208 2 FAT
1470 1784 -1 1192 1.2208 2 FAT
1470 1785 -1 1192 1.2208 2 FAT
1470 1786 -1 1192 1.2208 2 FAT
1470 1787 -1 1369 1.2211 2 FAT
1470 1788 -1 1369 1.2211 2 FAT
1470 1789 -1 1369 1.2211 2 FAT
1470 1790 -1 1369 1.2211 2 FAT
1470 1791 -1 1369 1.2211 2 FAT
1470 1792 -1 1466 1.2212 2 FAT
1470 1793 -1 1519 1.2212 2 FAT
1470 1794 -1 1741 1.2311 2 FAT
1470 1795 -1 1886 1.2395 2 FAT
1470 1796 -1 1957 1.2394 2 FAT
1470 1797 -1 2197 1.2507 2 FAT
1470 1798 -1 2275 1.2508 2 FAT
1470 1799 -1 2318 1.2533 2 FAT
1470 1800 -1 2318 1.2533 2 FAT
1470 1801 -1 2318 1.2533 2 FAT
1470 1802 -1 2424 1.2535 2 FAT
1470 1803 -1 2518 1.2535 2 FAT
1470 1804 -1 2777 1.2637 2 FAT
1470 1805 -1 2877 1.2647 2 FAT
1470 1806 -1 3041 1.2699 2 FAT
1470 1807 -1 3143 1.2714 2 FAT
1470 1808 -1 3143 1.2714 2 FAT
1470 1809 -1 3239 1.2714 2 FAT
1470 1810 -1 3441 1.2750 2 FAT
1470 1811 -1 3510 1.2768 2 FAT
1470 1812 -1 3510 1.2768 2 FAT
1470 1813 -1 3510 1.2768 2 FAT
1470 1814 -1 3510 1.2768 2 FAT
1470 1815 -1 3510 1.2768 2 FAT
1470 1816 -1 3510 1.2768 2 FAT
1470 1817 -1 3510 1.2768 2 FAT
1470 1818 -1 3510 1.2768 2 FAT
1470 1819 -1 3510 1.2768 2 FAT
1470 1820 -1 3510 1.2768 2 FAT
1470 1821 -1 3510 1.2768 2 FAT
1470 1822 -1 3510 1.2768 2 FAT
1470 1823 -1 3510 1.2768 2 FAT
1470 1824 -1 3809 1.2764 2 FAT
1470 1825 -1 3809 1.2764 2 FAT
1470 1826 -1 3954 1.2763 2 FAT
1470 1827 -1 4240 1.2805 0 FAT
1470 1828 -1 4382 1.2842 0 FAT
1470 1829 -1 4662 1.2882 0 FAT
1470 1830 -1 4858 1.2909 0 FAT
1470 1831 -1 4858 1.2909 0 FAT
1470 1832 -1 4858 1.2909 0 FAT
1470 1833 -1 5092 1.2908 0 FAT
1470 1834 -1 5301 1.2950 0 FAT
1470 1835 -1 5532 1.2981 0 FAT
1470 1836 -1 5669 1.3001 0 FAT
1470 1837 -1 5669 1.3001 0 FAT
1470 1838 -1 6009 1.3033 0 FAT
1470 1839 -1 6182 1.3058 0 FAT
1470 1840 -1 6182 1.3058 0 FAT
1470 1841 -1 6182 1.3058 0 FAT
1470 1842 -1 6182 1.3058 0 FAT
1470 1843 -1 6182 1.3058 0 FAT
1470 1844 -1 6182 1.3058 0 FAT
1470 1845 -1 6182 1.3058 0 FAT
1470 1846 -1 6182 1.3058 0 FAT
1470 1847 -1 6182 1.3058 0 FAT
1470 1848 -1 6522 1.3061 0 FAT
1470 1849 -1 6914 1.3078 0 FAT
1470 1850 -1 7149 1.3104 0 FAT
1470 1851 -1 7430 1.3142 0 FAT
1470 1852 -1 7452 1.3144 0 FAT
1470 1853 -1 7674 1.3147 0 FAT
1470 1854 -1 7940 1.3181 0 FAT
1470 1855 -1 8147 1.3206 0 FAT
1470 1856 -1 8349 1.3214 0 FAT
1470 1857 -1 8646 1.3246 0 FAT
1470 1858 -1 8651 1.3247 0 FAT
1470 1859 -1 8651 1.3247 0 FAT
1470 1860 -1 8651 1.3247 0 FAT
1470 1861 -1 8651 1.3247 0 FAT
1470 1862 -1 8651 1.3247 0 FAT
1470 1863 -1 8651 1.3247 0 FAT
1470 1864 -1 8651 1.3247 0 FAT
1470 1865 -1 8651 1.3247 0 FAT
1470 1866 -1 8651 1.3247 0 FAT
1470 1867 -1 8651 1.3247 0 FAT
1470 1868 -1 8651 1.3247 0 FAT
1470 1869 -1 8651 1.3247 0 FAT
1470 1870 -1 8651 1.3247 0 FAT
1470 1871 -1 8651 1.3247 0 FAT
1470 1872 -1 8651 1.3247 0 FAT
1470 1873 -1 8651 1.3247 0 FAT
1470 1874 -1 8651 1.3247 0 FAT
1470 1875 -1 8651 1.3247 0 FAT
1470 1876 -1 8651 1.3247 0 FAT
1470 1877 -1 8651 1.3247 0 FAT
1470 1878 -1 8651 1.3247 0 FAT
1470 1879 -1 8651 1.3247 0 FAT
1470 1880 -1 8651 1.3247 0 FAT
1470 1881 -1 8651 1.3247 0 FAT
1470 1882 -1 8651 1.3247 0 FAT
1470 1883 -1 8651 1.3247 0 FAT
1470 1884 -1 8651 1.3247 0 FAT
1470 1885 -1 8651 1.3247 0 FAT
1470 1886 -1 8651 1.3247 0 FAT
1470 1887 -1 8651 1.3247 0 FAT
1470 1888 -1 8651 1.3247 0 FAT
1470 1889 -1 8651 1.3247 0 FAT
1470 1890 -1 8651 1.3247 0 FAT
1470 1891 -1 8651 1.3247 0 FAT
1470 1892 -1 8651 1.3247 0 FAT
1470 1893 -1 8651 1.3247 0 FAT
1470 1894 -1 8651 1.3247 0 FAT
1470 1895 -1 8534 1.3235 0 FAT
1470 1896 -1 8323 1.3219 0 FAT
1470 1897 -1 8048 1.3185 0 FAT
1470 1898 -1 7754 1.3173 0 FAT
1470 1899 -1 7754 1.3173 0 FAT
1470 1900 -1 7525 1.3147 0 FAT
1470 1901 -1 7122 1.3110 0 FAT
1470 1902 -1 7122 1.3110 0 FAT
1470 1903 -1 6845 1.3072 0 FAT
1470 1904 -1 6325 1.3058 0 FAT
1470 1905 -1 6325 1.3058 0 FAT
1470 1906 -1 6325 1.3058 0 FAT
1470 1907 -1 6325 1.3058 0 FAT
1470 1908 -1 8791 1.3093 0 FAT
1470 1909 -1 9143 1.3126 0 FAT
1470 1910 -1 9244 1.3128 0 FAT
1470 1911 -1 8892 1.3093 0 FAT
1470 1912 -1 8546 1.3074 0 FAT
1470 1913 -1 8976 1.3089 0 FAT
1470 1914 -1 8902 1.3089 0 FAT
1470 1915 -1 8988 1.3093 0 FAT
1470 1916 -1 8302 1.3073 0 FAT
1470 1917 -1 8749 1.3105 0 FAT
1470 1918 -1 9122 1.3145 0 FAT
1470 1919 -1 9221 1.3154 0 FAT
1470 1920 -1 9434 1.3163 0 FAT
1470 1921 -1 9027 1.3132 0 FAT
1470 1922 -1 8781 1.3102 0 FAT
1470 1923 -1 8421 1.3063 0 FAT
1470 1924 -1 7896 1.3037 0 FAT
1470 1925 -1 7896 1.3037 0 FAT
1470 1926 -1 7896 1.3037 0 FAT
1470 1927 -1 7544 1.3000 0 FAT
1470 1928 -1 6436 1.3004 0 FAT
1470 1929 -1 7107 1.3005 0 FAT
1470 1930 -1 7455 1.3059 0 FAT
1470 1931 -1 7616 1.3077 0 FAT
1470 1932 -1 7616 1.3077 0 FAT
1470 1933 -1 8090 1.3111 0 FAT
1470 1934 -1 8421 1.3147 0 FAT
1470 1935 -1 8421 1.3147 0 FAT
1470 1936 -1 8914 1.3178 0 FAT
1470 1937 -1 9147 1.3189 0 FAT
1470 1938 -1 9308 1.3208 0 FAT
1470 1939 -1 9308 1.3208 0 FAT
1470 1940 -1 9308 1.3208 0 FAT
1470 1941 -1 9308 1.3208 0 FAT
1470 1942 -1 9308 1.3208 0 FAT
1470 1943 -1 9308 1.3208 0 FAT
1470 1944 -1 10166 1.3232 0 FAT
1470 1945 -1 10303 1.3244 0 FAT
1470 1946 -1 10666 1.3258 0 FAT
1470 1947 -1 10925 1.3283 0 FAT
1470 1948 -1 11171 1.3296 0 FAT
1470 1949 -1 11038 1.3293 0 FAT
1470 1950 -1 10956 1.3287 0 FAT
1470 1951 -1 10601 1.3258 0 FAT
1470 1952 -1 10025 1.3241 0 FAT
1470 1953 -1 10520 1.3247 0 FAT
1470 1954 -1 10751 1.3270 0 FAT
1470 1955 -1 11147 1.3294 0 FAT
1470 1956 -1 11081 1.3297 0 FAT
1470 1957 -1 11183 1.3304 0 FAT
1470 1958 -1 10858 1.3281 0 FAT
1470 1959 -1 10505 1.3244 0 FAT
1470 1960 -1 10143 1.3240 0 FAT
1470 1961 -1 10143 1.3240 0 FAT
1470 1962 -1 9876 1.3218 0 FAT
1470 1963 -1 9590 1.3189 0 FAT
1470 1964 -1 9333 1.3161 0 FAT
1470 1965 -1 9049 1.3155 0 FAT
1470 1966 -1 8974 1.3146 0 FAT
1470 1967 -1 8649 1.3115 0 FAT
1470 1968 -1 7506 1.3087 0 FAT
1470 1969 -1 7506 1.3087 0 FAT
1470 1970 -1 7506 1.3087 0 FAT
1470 1971 -1 7506 1.3087 0 FAT
1470 1972 -1 7506 1.3087 0 FAT
1470 1973 -1 7506 1.3087 0 FAT
1470 1974 -1 7506 1.3087 0 FAT
1470 1975 -1 7506 1.3087 0 FAT
1470 1976 -1 7506 1.3087 0 FAT
1470 1977 -1 7506 1.3087 0 FAT
1470 1978 -1 7506 1.3087 0 FAT
1470 1979 -1 7506 1.3087 0 FAT
1470 1980 -1 7506 1.3087 0 FAT
1470 1981 -1 7506 1.3087 0 FAT
1470 1982 -1 7256 1.3056 0 FAT
1470 1983 -1 6847 1.3030 0 FAT
1470 1984 -1 6847 1.3030 0 FAT
1470 1985 -1 6847 1.3030 0 FAT
1470 1986 -1 6624 1.3004 0 FAT
1470 1987 -1 6323 1.2954 0 FAT
1470 1988 -1 5970 1.2934 0 FAT
1470 1989 -1 7734 1.2978 0 FAT
1470 1990 -1 7769 1.2967 0 FAT
1470 1991 -1 7521 1.2954 0 FAT
1470 1992 -1 7539 1.2959 0 FAT
1470 1993 -1 7164 1.2904 0 FAT
1470 1994 -1 6905 1.2875 0 FAT
1470 1995 -1 6195 1.2872 0 FAT
1470 1996 -1 6195 1.2872 0 FAT
1470 1997 -1 6757 1.2883 0 FAT
1470 1998 -1 6855 1.2902 0 FAT
1470 1999 -1 7245 1.2936 0 FAT
1470 2000 -1 7488 1.2975 0 FAT
1470 2001 -1 7945 1.3029 0 FAT
1470 2002 -1 8267 1.3065 0 FAT
1470 2003 -1 8356 1.3068 0 FAT
1470 2004 -1 7975 1.3052 0 FAT
1470 2005 -1 7975 1.3052 0 FAT
1470 2006 -1 7625 1.3016 0 FAT
1470 2007 -1 7669 1.2986 0 FAT
1470 2008 -1 8038 1.3033 0 FAT
1470 2009 -1 7855 1.3010 0 FAT
1470 2010 -1 8051 1.3027 0 FAT
1470 2011 -1 7719 1.2985 0 FAT
1470 2012 -1 7089 1.2969 0 FAT
1470 2013 -1 7544 1.2976 0 FAT
1470 2014 -1 7919 1.3027 0 FAT
1470 2015 -1 8244 1.3070 0 FAT
1470 2016 -1 8244 1.3070 0 FAT
1470 2017 -1 8644 1.3080 0 FAT
1470 2018 -1 8782 1.3117 0 FAT
1470 2019 -1 8540 1.3095 0 FAT
1470 2020 -1 8293 1.3075 0 FAT
1470 2021 -1 7888 1.3030 0 FAT
1470 2022 -1 7599 1.2994 0 FAT
1470 2023 -1 7034 1.2965 0 FAT
1470 2024 -1 4821 1.2963 0 FAT
1470 2025 -1 4821 1.2963 0 FAT
1470 2026 -1 4821 1.2963 0 FAT
1470 2027 -1 4821 1.2963 0 FAT
1470 2028 -1 4821 1.2963 0 FAT
1470 2029 -1 4821 1.2963 0 FAT
1470 2030 -1 4821 1.2963 0 FAT
1470 2031 -1 4821 1.2963 0 FAT
1470 2032 -1 4821 1.2963 0 FAT
1470 2033 -1 4821 1.2963 0 FAT
1470 2034 -1 4821 1.2963 0 FAT
1470 2035 -1 4821 1.2963 0 FAT
1470 2036 -1 4821 1.2963 0 FAT
1470 2037 -1 4821 1.2963 0 FAT
1470 2038 -1 4821 1.2963 0 FAT
1470 2039 -1 5426 1.2964 0 FAT
1470 2040 -1 5426 1.2964 0 FAT
1470 2041 -1 5426 1.2964 0 FAT
1470 2042 -1 5641 1.2963 0 FAT
1470 2043 -1 5911 1.2999 0 FAT
1470 2044 -1 6133 1.3027 0 FAT
1470 2045 -1 6380 1.3056 0 FAT
1470 2046 -1 6440 1.3065 0 FAT
1470 2047 -1 6440 1.3065 0 FAT
1470 2048 -1 6619 1.3065 0 FAT
1470 2049 -1 6903 1.3089 0 FAT
1470 2050 -1 7173 1.3130 0 FAT
1470 2051 -1 7214 1.3135 0 FAT
1470 2052 -1 7354 1.3137 0 FAT
1470 2053 -1 7686 1.3171 0 FAT
1470 2054 -1 7782 1.3185 0 FAT
1470 2055 -1 8047 1.3200 0 FAT
1470 2056 -1 8195 1.3222 0 FAT
1470 2057 -1 8495 1.3247 0 FAT
1470 2058 -1 8495 1.3247 0 FAT
1470 2059 -1 8495 1.3247 0 FAT
1470 2060 -1 8495 1.3247 0 FAT
1470 2061 -1 8495 1.3247 0 FAT
1470 2062 -1 8495 1.3247 0 FAT
1470 2063 -1 8495 1.3247 0 FAT
1470 2064 -1 8495 1.3247 0 FAT
1470 2065 -1 8495 1.3247 0 FAT
1470 2066 -1 8495 1.3247 0 FAT
1470 2067 -1 8495 1.3247 0 FAT
1470 2068 -1 8495 1.3247 0 FAT
1470 2069 -1 8495 1.3247 0 FAT
1470 2070 -1 8495 1.3247 0 FAT
1470 2071 -1 9171 1.3247 0 FAT
1470 2072 -1 9610 1.3264 0 FAT
1470 2073 -1 9888 1.3286 0 FAT
1470 2074 -1 10086 1.3308 0 FAT
1470 2075 -1 10086 1.3308 0 FAT
1470 2076 -1 10485 1.3322 0 FAT
1470 2077 -1 10751 1.3350 0 FAT
1470 2078 -1 10883 1.3351 0 FAT
1470 2079 -1 11232 1.3381 0 FAT
1470 2080 -1 11452 1.3389 0 FAT
1470 2081 -1 11710 1.3406 0 FAT
1470 2082 -1 11992 1.3426 0 FAT
1470 2083 -1 11992 1.3426 0 FAT
1470 2084 -1 11992 1.3426 0 FAT
1470 2085 -1 11992 1.3426 0 FAT
1470 2086 -1 11992 1.3426 0 FAT
1470 2087 -1 11992 1.3426 0 FAT
1470 2088 -1 11992 1.3426 0 FAT
1470 2089 -1 11992 1.3426 0 FAT
1470 2090 -1 11992 1.3426 0 FAT
1470 2091 -1 12622 1.3426 0 FAT
1470 2092 -1 13188 1.3449 0 FAT
1470 2093 -1 13356 1.3463 0 FAT
1470 2094 -1 13677 1.3472 0 FAT
1470 2095 -1 13882 1.3489 0 FAT
1470 2096 -1 14254 1.3508 0 FAT
1470 2097 -1 14513 1.3521 0 FAT
1470 2098 -1 14819 1.3537 0 FAT
1470 2099 -1 14907 1.3543 0 FAT
1470 2100 -1 14907 1.3543 0 FAT
1470 2101 -1 14907 1.3543 0 FAT
1470 2102 -1 14907 1.3543 0 FAT
1470 2103 -1 14907 1.3543 0 FAT
1470 2104 -1 14907 1.3543 0 FAT
1470 2105 -1 15845 1.3556 0 FAT
1470 2106 -1 15755 1.3549 0 FAT
1470 2107 -1 15509 1.3546 0 FAT
1470 2108 -1 15815 1.3564 0 FAT
1470 2109 -1 15973 1.3574 0 FAT
1470 2110 -1 15438 1.3552 0 FAT
1470 2111 -1 15438 1.3552 0 FAT
1470 2112 -1 14954 1.3528 0 FAT
1470 2113 -1 15491 1.3526 0 FAT
1470 2114 -1 15461 1.3525 0 FAT
1470 2115 -1 15419 1.3524 0 FAT
1470 2116 -1 14547 1.3527 0 FAT
1470 2117 -1 14553 1.3528 0 FAT
1470 2118 -1 14553 1.3528 0 FAT
1470 2119 -1 15050 1.3538 0 FAT
1470 2120 -1 15360 1.3553 0 FAT
1470 2121 -1 15614 1.3570 0 FAT
1470 2122 -1 15614 1.3570 0 FAT
1470 2123 -1 16101 1.3583 0 FAT
1470 2124 -1 16370 1.3600 0 FAT
1470 2125 -1 16474 1.3594 0 FAT
1470 2126 -1 16352 1.3599 0 FAT
1470 2127 -1 16532 1.3602 0 FAT
1470 2128 -1 16452 1.3598 0 FAT
1470 2129 -1 16489 1.3596 0 FAT
1470 2130 -1 16536 1.3609 0 FAT
# row j=1470 L=0.408333 n=2131 KILL=0 CYCLE=0 FAT=2131 CAP=0 certified=0 lambda[1.0379,1.3609]
1471 0 -1 16885 1.3619 0 FAT
1471 1 -1 16695 1.3612 0 FAT
1471 2 -1 16824 1.3614 0 FAT
1471 3 -1 16631 1.3608 0 FAT
1471 4 -1 16765 1.3613 0 FAT
1471 5 -1 16612 1.3603 0 FAT
1471 6 -1 16370 1.3600 0 FAT
1471 7 -1 16101 1.3583 0 FAT
1471 8 -1 15614 1.3570 0 FAT
1471 9 -1 15614 1.3570 0 FAT
1471 10 -1 15360 1.3553 0 FAT
1471 11 -1 15050 1.3538 0 FAT
1471 12 -1 14553 1.3528 0 FAT
1471 13 -1 14553 1.3528 0 FAT
1471 14 -1 15792 1.3547 0 FAT
1471 15 -1 15775 1.3544 0 FAT
1471 16 -1 15763 1.3539 0 FAT
1471 17 -1 15579 1.3533 0 FAT
1471 18 -1 15438 1.3552 0 FAT
1471 19 -1 15438 1.3552 0 FAT
1471 20 -1 15973 1.3574 0 FAT
1471 21 -1 16141 1.3583 0 FAT
1471 22 -1 15815 1.3564 0 FAT
1471 23 -1 16081 1.3565 0 FAT
1471 24 -1 16061 1.3563 0 FAT
1471 25 -1 15982 1.3567 0 FAT
1471 26 -1 14907 1.3543 0 FAT
1471 27 -1 14907 1.3543 0 FAT
1471 28 -1 14907 1.3543 0 FAT
1471 29 -1 14907 1.3543 0 FAT
1471 30 -1 14907 1.3543 0 FAT
1471 31 -1 14907 1.3543 0 FAT
1471 32 -1 14819 1.3537 0 FAT
1471 33 -1 14513 1.3521 0 FAT
1471 34 -1 14254 1.3508 0 FAT
1471 35 -1 13882 1.3489 0 FAT
1471 36 -1 13677 1.3472 0 FAT
1471 37 -1 13356 1.3463 0 FAT
1471 38 -1 13188 1.3449 0 FAT
1471 39 -1 12622 1.3426 0 FAT
1471 40 -1 11992 1.3426 0 FAT
1471 41 -1 11992 1.3426 0 FAT
1471 42 -1 11992 1.3426 0 FAT
1471 43 -1 11992 1.3426 0 FAT
1471 44 -1 11992 1.3426 0 FAT
1471 45 -1 11992 1.3426 0 FAT
1471 46 -1 11992 1.3426 0 FAT
1471 47 -1 11992 1.3426 0 FAT
1471 48 -1 11992 1.3426 0 FAT
1471 49 -1 11710 1.3406 0 FAT
1471 50 -1 11452 1.3389 0 FAT
1471 51 -1 11232 1.3381 0 FAT
1471 52 -1 10883 1.3351 0 FAT
1471 53 -1 10751 1.3350 0 FAT
1471 54 -1 10485 1.3322 0 FAT
1471 55 -1 10086 1.3308 0 FAT
1471 56 -1 10086 1.3308 0 FAT
1471 57 -1 9888 1.3286 0 FAT
1471 58 -1 9610 1.3264 0 FAT
1471 59 -1 9171 1.3247 0 FAT
1471 60 -1 8495 1.3247 0 FAT
1471 61 -1 8495 1.3247 0 FAT
1471 62 -1 8495 1.3247 0 FAT
1471 63 -1 8495 1.3247 0 FAT
1471 64 -1 8495 1.3247 0 FAT
1471 65 -1 8495 1.3247 0 FAT
1471 66 -1 8495 1.3247 0 FAT
1471 67 -1 8495 1.3247 0 FAT
1471 68 -1 8495 1.3247 0 FAT
1471 69 -1 8495 1.3247 0 FAT
1471 70 -1 8495 1.3247 0 FAT
1471 71 -1 8495 1.3247 0 FAT
1471 72 -1 8495 1.3247 0 FAT
1471 73 -1 8495 1.3247 0 FAT
1471 74 -1 8195 1.3222 0 FAT
1471 75 -1 8047 1.3200 0 FAT
1471 76 -1 7782 1.3185 0 FAT
1471 77 -1 7686 1.3171 0 FAT
1471 78 -1 7354 1.3137 0 FAT
1471 79 -1 7214 1.3135 0 FAT
1471 80 -1 7173 1.3130 0 FAT
1471 81 -1 6903 1.3089 0 FAT
1471 82 -1 6619 1.3065 0 FAT
1471 83 -1 6440 1.3065 0 FAT
1471 84 -1 6440 1.3065 0 FAT
1471 85 -1 6380 1.3056 0 FAT
1471 86 -1 6133 1.3027 0 FAT
1471 87 -1 5911 1.2999 0 FAT
1471 88 -1 5641 1.2963 0 FAT
1471 89 -1 5426 1.2964 0 FAT
1471 90 -1 5426 1.2964 0 FAT
1471 91 -1 5426 1.2964 0 FAT
1471 92 -1 4821 1.2963 0 FAT
1471 93 -1 4821 1.2963 0 FAT
1471 94 -1 4821 1.2963 0 FAT
1471 95 -1 4821 1.2963 0 FAT
1471 96 -1 4821 1.2963 0 FAT
1471 97 -1 4821 1.2963 0 FAT
1471 98 -1 4821 1.2963 0 FAT
1471 99 -1 4821 1.2963 0 FAT
1471 100 -1 4821 1.2963 0 FAT
1471 101 -1 4821 1.2963 0 FAT
1471 102 -1 4821 1.2963 0 FAT
1471 103 -1 4821 1.2963 0 FAT
1471 104 -1 4821 1.2963 0 FAT
1471 105 -1 4821 1.2963 0 FAT
1471 106 -1 7034 1.2965 0 FAT
1471 107 -1 7599 1.2994 0 FAT
1471 108 -1 7888 1.3030 0 FAT
1471 109 -1 8293 1.3075 0 FAT
1471 110 -1 8540 1.3095 0 FAT
1471 111 -1 8863 1.3128 0 FAT
1471 112 -1 9012 1.3125 0 FAT
1471 113 -1 8657 1.3082 0 FAT
1471 114 -1 8244 1.3070 0 FAT
1471 115 -1 8244 1.3070 0 FAT
1471 116 -1 7919 1.3027 0 FAT
1471 117 -1 7544 1.2976 0 FAT
1471 118 -1 7719 1.2985 0 FAT
1471 119 -1 8051 1.3027 0 FAT
1471 120 -1 8224 1.3050 0 FAT
1471 121 -1 8361 1.3069 0 FAT
1471 122 -1 8129 1.3039 0 FAT
1471 123 -1 8139 1.3033 0 FAT
1471 124 -1 7975 1.3052 0 FAT
1471 125 -1 7975 1.3052 0 FAT
1471 126 -1 8356 1.3068 0 FAT
1471 127 -1 8414 1.3076 0 FAT
1471 128 -1 8267 1.3065 0 FAT
1471 129 -1 7945 1.3029 0 FAT
1471 130 -1 7488 1.2975 0 FAT
1471 131 -1 7245 1.2936 0 FAT
1471 132 -1 6855 1.2902 0 FAT
1471 133 -1 6757 1.2883 0 FAT
1471 134 -1 6195 1.2872 0 FAT
1471 135 -1 6905 1.2875 0 FAT
1471 136 -1 7164 1.2904 0 FAT
1471 137 -1 7539 1.2959 0 FAT
1471 138 -1 7539 1.2959 0 FAT
1471 139 -1 8117 1.3011 0 FAT
1471 140 -1 8011 1.2996 0 FAT
1471 141 -1 7734 1.2978 0 FAT
1471 142 -1 6323 1.2954 0 FAT
1471 143 -1 6624 1.3004 0 FAT
1471 144 -1 6847 1.3030 0 FAT
1471 145 -1 6847 1.3030 0 FAT
1471 146 -1 6847 1.3030 0 FAT
1471 147 -1 7256 1.3056 0 FAT
1471 148 -1 7506 1.3087 0 FAT
1471 149 -1 7506 1.3087 0 FAT
1471 150 -1 7506 1.3087 0 FAT
1471 151 -1 7506 1.3087 0 FAT
1471 152 -1 7506 1.3087 0 FAT
1471 153 -1 7506 1.3087 0 FAT
1471 154 -1 7506 1.3087 0 FAT
1471 155 -1 7506 1.3087 0 FAT
1471 156 -1 7506 1.3087 0 FAT
1471 157 -1 7506 1.3087 0 FAT
1471 158 -1 7506 1.3087 0 FAT
1471 159 -1 7506 1.3087 0 FAT
1471 160 -1 7506 1.3087 0 FAT
1471 161 -1 7506 1.3087 0 FAT
1471 162 -1 8649 1.3115 0 FAT
1471 163 -1 8974 1.3146 0 FAT
1471 164 -1 9049 1.3155 0 FAT
1471 165 -1 9333 1.3161 0 FAT
1471 166 -1 9590 1.3189 0 FAT
1471 167 -1 9876 1.3218 0 FAT
1471 168 -1 10143 1.3240 0 FAT
1471 169 -1 10143 1.3240 0 FAT
1471 170 -1 10505 1.3244 0 FAT
1471 171 -1 10858 1.3281 0 FAT
1471 172 -1 11183 1.3304 0 FAT
1471 173 -1 11342 1.3319 0 FAT
1471 174 -1 11484 1.3321 0 FAT
1471 175 -1 11147 1.3294 0 FAT
1471 176 -1 10751 1.3270 0 FAT
1471 177 -1 10520 1.3247 0 FAT
1471 178 -1 10601 1.3258 0 FAT
1471 179 -1 10956 1.3287 0 FAT
1471 180 -1 11092 1.3299 0 FAT
1471 181 -1 11468 1.3319 0 FAT
1471 182 -1 11318 1.3306 0 FAT
1471 183 -1 10925 1.3283 0 FAT
1471 184 -1 10666 1.3258 0 FAT
1471 185 -1 10303 1.3244 0 FAT
1471 186 -1 10166 1.3232 0 FAT
1471 187 -1 9308 1.3208 0 FAT
1471 188 -1 9308 1.3208 0 FAT
1471 189 -1 9308 1.3208 0 FAT
1471 190 -1 9308 1.3208 0 FAT
1471 191 -1 9308 1.3208 0 FAT
1471 192 -1 9308 1.3208 0 FAT
1471 193 -1 9147 1.3189 0 FAT
1471 194 -1 8914 1.3178 0 FAT
1471 195 -1 8421 1.3147 0 FAT
1471 196 -1 8421 1.3147 0 FAT
1471 197 -1 8090 1.3111 0 FAT
1471 198 -1 7616 1.3077 0 FAT
1471 199 -1 7616 1.3077 0 FAT
1471 200 -1 7455 1.3059 0 FAT
1471 201 -1 7107 1.3005 0 FAT
1471 202 -1 7544 1.3000 0 FAT
1471 203 -1 7896 1.3037 0 FAT
1471 204 -1 7896 1.3037 0 FAT
1471 205 -1 7896 1.3037 0 FAT
1471 206 -1 8421 1.3063 0 FAT
1471 207 -1 8781 1.3102 0 FAT
1471 208 -1 9027 1.3132 0 FAT
1471 209 -1 9434 1.3163 0 FAT
1471 210 -1 9547 1.3172 0 FAT
1471 211 -1 9221 1.3154 0 FAT
1471 212 -1 9122 1.3145 0 FAT
1471 213 -1 8749 1.3105 0 FAT
1471 214 -1 8988 1.3093 0 FAT
1471 215 -1 9234 1.3123 0 FAT
1471 216 -1 9322 1.3124 0 FAT
1471 217 -1 9181 1.3113 0 FAT
1471 218 -1 8892 1.3093 0 FAT
1471 219 -1 9244 1.3128 0 FAT
1471 220 -1 9343 1.3145 0 FAT
1471 221 -1 9143 1.3126 0 FAT
1471 222 -1 8791 1.3093 0 FAT
1471 223 -1 8428 1.3062 0 FAT
1471 224 -1 6325 1.3058 0 FAT
1471 225 -1 6325 1.3058 0 FAT
1471 226 -1 6845 1.3072 0 FAT
1471 227 -1 7122 1.3110 0 FAT
1471 228 -1 7122 1.3110 0 FAT
1471 229 -1 7525 1.3147 0 FAT
1471 230 -1 7754 1.3173 0 FAT
1471 231 -1 7754 1.3173 0 FAT
1471 232 -1 8048 1.3185 0 FAT
1471 233 -1 8323 1.3219 0 FAT
1471 234 -1 8534 1.3235 0 FAT
1471 235 -1 8651 1.3247 0 FAT
1471 236 -1 8651 1.3247 0 FAT
1471 237 -1 8651 1.3247 0 FAT
1471 238 -1 8651 1.3247 0 FAT
1471 239 -1 8651 1.3247 0 FAT
1471 240 -1 8651 1.3247 0 FAT
1471 241 -1 8651 1.3247 0 FAT
1471 242 -1 8651 1.3247 0 FAT
1471 243 -1 8651 1.3247 0 FAT
1471 244 -1 8651 1.3247 0 FAT
1471 245 -1 8651 1.3247 0 FAT
1471 246 -1 8651 1.3247 0 FAT
1471 247 -1 8651 1.3247 0 FAT
1471 248 -1 8651 1.3247 0 FAT
1471 249 -1 8651 1.3247 0 FAT
1471 250 -1 8651 1.3247 0 FAT
1471 251 -1 8651 1.3247 0 FAT
1471 252 -1 8651 1.3247 0 FAT
1471 253 -1 8651 1.3247 0 FAT
1471 254 -1 8651 1.3247 0 FAT
1471 255 -1 8651 1.3247 0 FAT
1471 256 -1 8651 1.3247 0 FAT
1471 257 -1 8651 1.3247 0 FAT
1471 258 -1 8651 1.3247 0 FAT
1471 259 -1 8651 1.3247 0 FAT
1471 260 -1 8651 1.3247 0 FAT
1471 261 -1 8651 1.3247 0 FAT
1471 262 -1 8651 1.3247 0 FAT
1471 263 -1 8651 1.3247 0 FAT
1471 264 -1 8651 1.3247 0 FAT
1471 265 -1 8651 1.3247 0 FAT
1471 266 -1 8651 1.3247 0 FAT
1471 267 -1 8651 1.3247 0 FAT
1471 268 -1 8651 1.3247 0 FAT
1471 269 -1 8651 1.3247 0 FAT
1471 270 -1 8651 1.3247 0 FAT
1471 271 -1 8651 1.3247 0 FAT
1471 272 -1 8651 1.3247 0 FAT
1471 273 -1 8646 1.3246 0 FAT
1471 274 -1 8349 1.3214 0 FAT
1471 275 -1 8147 1.3206 0 FAT
1471 276 -1 7940 1.3181 0 FAT
1471 277 -1 7674 1.3147 0 FAT
1471 278 -1 7452 1.3144 0 FAT
1471 279 -1 7430 1.3142 0 FAT
1471 280 -1 7149 1.3104 0 FAT
1471 281 -1 6914 1.3078 0 FAT
1471 282 -1 6522 1.3061 0 FAT
1471 283 -1 6182 1.3058 0 FAT
1471 284 -1 6182 1.3058 0 FAT
1471 285 -1 6182 1.3058 0 FAT
1471 286 -1 6182 1.3058 0 FAT
1471 287 -1 6182 1.3058 0 FAT
1471 288 -1 6182 1.3058 0 FAT
1471 289 -1 6182 1.3058 0 FAT
1471 290 -1 6182 1.3058 0 FAT
1471 291 -1 6182 1.3058 0 FAT
1471 292 -1 6009 1.3033 0 FAT
1471 293 -1 5669 1.3001 0 FAT
1471 294 -1 5669 1.3001 0 FAT
1471 295 -1 5532 1.2981 0 FAT
1471 296 -1 5301 1.2950 0 FAT
1471 297 -1 5092 1.2908 0 FAT
1471 298 -1 4858 1.2909 0 FAT
1471 299 -1 4858 1.2909 0 FAT
1471 300 -1 4858 1.2909 0 FAT
1471 301 -1 4662 1.2882 0 FAT
1471 302 -1 4382 1.2842 0 FAT
1471 303 -1 4240 1.2805 0 FAT
1471 304 -1 3954 1.2763 2 FAT
1471 305 -1 3809 1.2764 2 FAT
1471 306 -1 3809 1.2764 2 FAT
1471 307 -1 3510 1.2768 2 FAT
1471 308 -1 3510 1.2768 2 FAT
1471 309 -1 3510 1.2768 2 FAT
1471 310 -1 3510 1.2768 2 FAT
1471 311 -1 3510 1.2768 2 FAT
1471 312 -1 3510 1.2768 2 FAT
1471 313 -1 3510 1.2768 2 FAT
1471 314 -1 3510 1.2768 2 FAT
1471 315 -1 3510 1.2768 2 FAT
1471 316 -1 3510 1.2768 2 FAT
1471 317 -1 3510 1.2768 2 FAT
1471 318 -1 3510 1.2768 2 FAT
1471 319 -1 3510 1.2768 2 FAT
1471 320 -1 3441 1.2750 2 FAT
1471 321 -1 3239 1.2714 2 FAT
1471 322 -1 3143 1.2714 2 FAT
1471 323 -1 3143 1.2714 2 FAT
1471 324 -1 3041 1.2699 2 FAT
1471 325 -1 2877 1.2647 2 FAT
1471 326 -1 2777 1.2637 2 FAT
1471 327 -1 2518 1.2535 2 FAT
1471 328 -1 2424 1.2535 2 FAT
1471 329 -1 2318 1.2533 2 FAT
1471 330 -1 2318 1.2533 2 FAT
1471 331 -1 2318 1.2533 2 FAT
1471 332 -1 2275 1.2508 2 FAT
1471 333 -1 2197 1.2507 2 FAT
1471 334 -1 1957 1.2394 2 FAT
1471 335 -1 1886 1.2395 2 FAT
1471 336 -1 1741 1.2311 2 FAT
1471 337 -1 1519 1.2212 2 FAT
1471 338 -1 1466 1.2212 2 FAT
1471 339 -1 1369 1.2211 2 FAT
1471 340 -1 1369 1.2211 2 FAT
1471 341 -1 1369 1.2211 2 FAT
1471 342 -1 1369 1.2211 2 FAT
1471 343 -1 1369 1.2211 2 FAT
1471 344 -1 1192 1.2208 2 FAT
1471 345 -1 1192 1.2208 2 FAT
1471 346 -1 1192 1.2208 2 FAT
1471 347 -1 1192 1.2208 2 FAT
1471 348 -1 1192 1.2208 2 FAT
1471 349 -1 1192 1.2208 2 FAT
1471 350 -1 1192 1.2208 2 FAT
1471 351 -1 1192 1.2208 2 FAT
1471 352 -1 1192 1.2208 2 FAT
1471 353 -1 1192 1.2208 2 FAT
1471 354 -1 1192 1.2208 2 FAT
1471 355 -1 1192 1.2208 2 FAT
1471 356 -1 1192 1.2208 2 FAT
1471 357 -1 1192 1.2208 2 FAT
1471 358 -1 1192 1.2208 2 FAT
1471 359 -1 1192 1.2208 2 FAT
1471 360 -1 1192 1.2208 2 FAT
1471 361 -1 1192 1.2208 2 FAT
1471 362 -1 1192 1.2208 2 FAT
1471 363 -1 870 1.2207 2 FAT
1471 364 -1 870 1.2207 2 FAT
1471 365 -1 870 1.2207 2 FAT
1471 366 -1 870 1.2207 2 FAT
1471 367 -1 870 1.2207 2 FAT
1471 368 -1 870 1.2207 2 FAT
1471 369 -1 870 1.2207 2 FAT
1471 370 -1 870 1.2207 2 FAT
1471 371 -1 870 1.2207 2 FAT
1471 372 -1 870 1.2207 2 FAT
1471 373 -1 1455 1.2206 2 FAT
1471 374 -1 1455 1.2206 2 FAT
1471 375 -1 1455 1.2206 2 FAT
1471 376 -1 1455 1.2206 2 FAT
1471 377 -1 1455 1.2206 2 FAT
1471 378 -1 1455 1.2206 2 FAT
1471 379 -1 1455 1.2206 2 FAT
1471 380 -1 1455 1.2206 2 FAT
1471 381 -1 1455 1.2206 2 FAT
1471 382 -1 1455 1.2206 2 FAT
1471 383 -1 1455 1.2206 2 FAT
1471 384 -1 1455 1.2206 2 FAT
1471 385 -1 1455 1.2206 2 FAT
1471 386 -1 1455 1.2206 2 FAT
1471 387 -1 1455 1.2206 2 FAT
1471 388 -1 1455 1.2206 2 FAT
1471 389 -1 1455 1.2206 2 FAT
1471 390 -1 1455 1.2206 2 FAT
1471 391 -1 1718 1.2204 2 FAT
1471 392 -1 1718 1.2204 2 FAT
1471 393 -1 1718 1.2204 2 FAT
1471 394 -1 2033 1.2290 2 FAT
1471 395 -1 2288 1.2385 2 FAT
1471 396 -1 2288 1.2385 2 FAT
1471 397 -1 2639 1.2478 2 FAT
1471 398 -1 2813 1.2544 2 FAT
1471 399 -1 2899 1.2550 2 FAT
1471 400 -1 3031 1.2547 2 FAT
1471 401 -1 3109 1.2578 2 FAT
1471 402 -1 3109 1.2578 2 FAT
1471 403 -1 3109 1.2578 2 FAT
1471 404 -1 3109 1.2578 2 FAT
1471 405 -1 3109 1.2578 2 FAT
1471 406 -1 3319 1.2578 2 FAT
1471 407 -1 3607 1.2634 2 FAT
1471 408 -1 3891 1.2701 2 FAT
1471 409 -1 4012 1.2716 2 FAT
1471 410 -1 4012 1.2716 2 FAT
1471 411 -1 4405 1.2772 0 FAT
1471 412 -1 4666 1.2818 0 FAT
1471 413 -1 4798 1.2841 0 FAT
1471 414 -1 4976 1.2864 0 FAT
1471 415 -1 4976 1.2864 0 FAT
1471 416 -1 5137 1.2869 0 FAT
1471 417 -1 5456 1.2918 0 FAT
1471 418 -1 5456 1.2918 0 FAT
1471 419 -1 5456 1.2918 0 FAT
1471 420 -1 5456 1.2918 0 FAT
1471 421 -1 5456 1.2918 0 FAT
1471 422 -1 5456 1.2918 0 FAT
1471 423 -1 5456 1.2918 0 FAT
1471 424 -1 5456 1.2918 0 FAT
1471 425 -1 5456 1.2918 0 FAT
1471 426 -1 5981 1.2920 0 FAT
1471 427 -1 6299 1.2965 0 FAT
1471 428 -1 6640 1.3011 0 FAT
1471 429 -1 6911 1.3032 0 FAT
1471 430 -1 6977 1.3043 0 FAT
1471 431 -1 6977 1.3043 0 FAT
1471 432 -1 6977 1.3043 0 FAT
1471 433 -1 6977 1.3043 0 FAT
1471 434 -1 6977 1.3043 0 FAT
1471 435 -1 6977 1.3043 0 FAT
1471 436 -1 6977 1.3043 0 FAT
1471 437 -1 6977 1.3043 0 FAT
1471 438 -1 6977 1.3043 0 FAT
1471 439 -1 6977 1.3043 0 FAT
1471 440 -1 6977 1.3043 0 FAT
1471 441 -1 6977 1.3043 0 FAT
1471 442 -1 6977 1.3043 0 FAT
1471 443 -1 6977 1.3043 0 FAT
1471 444 -1 6642 1.2992 0 FAT
1471 445 -1 6408 1.2970 0 FAT
1471 446 -1 6095 1.2934 0 FAT
1471 447 -1 5871 1.2917 0 FAT
1471 448 -1 5355 1.2883 0 FAT
1471 449 -1 5355 1.2883 0 FAT
1471 450 -1 5355 1.2883 0 FAT
1471 451 -1 5355 1.2883 0 FAT
1471 452 -1 5272 1.2863 0 FAT
1471 453 -1 4986 1.2824 0 FAT
1471 454 -1 4778 1.2807 0 FAT
1471 455 -1 4552 1.2767 0 FAT
1471 456 -1 4223 1.2699 0 FAT
1471 457 -1 3957 1.2667 2 FAT
1471 458 -1 3957 1.2667 2 FAT
1471 459 -1 3664 1.2602 2 FAT
1471 460 -1 3381 1.2602 2 FAT
1471 461 -1 4395 1.2601 0 FAT
1471 462 -1 4637 1.2644 0 FAT
1471 463 -1 4637 1.2644 0 FAT
1471 464 -1 5114 1.2715 0 FAT
1471 465 -1 5502 1.2790 0 FAT
1471 466 -1 5406 1.2742 0 FAT
1471 467 -1 5080 1.2728 0 FAT
1471 468 -1 5080 1.2728 0 FAT
1471 469 -1 4889 1.2684 0 FAT
1471 470 -1 4495 1.2747 0 FAT
1471 471 -1 4705 1.2774 0 FAT
1471 472 -1 4705 1.2774 0 FAT
1471 473 -1 4705 1.2774 0 FAT
1471 474 -1 4705 1.2774 0 FAT
1471 475 -1 4705 1.2774 0 FAT
1471 476 -1 4705 1.2774 0 FAT
1471 477 -1 4705 1.2774 0 FAT
1471 478 -1 4705 1.2774 0 FAT
1471 479 -1 4705 1.2774 0 FAT
1471 480 -1 5314 1.2786 0 FAT
1471 481 -1 5674 1.2854 0 FAT
1471 482 -1 5905 1.2879 0 FAT
1471 483 -1 6034 1.2894 0 FAT
1471 484 -1 6034 1.2894 0 FAT
1471 485 -1 6413 1.2916 0 FAT
1471 486 -1 6618 1.2944 0 FAT
1471 487 -1 7045 1.2992 0 FAT
1471 488 -1 7331 1.3024 0 FAT
1471 489 -1 7556 1.3034 0 FAT
1471 490 -1 7657 1.3049 0 FAT
1471 491 -1 7276 1.3005 0 FAT
1471 492 -1 6874 1.2973 0 FAT
1471 493 -1 6874 1.2973 0 FAT
1471 494 -1 7095 1.2959 0 FAT
1471 495 -1 6651 1.2956 0 FAT
1471 496 -1 6876 1.2969 0 FAT
1471 497 -1 7204 1.3011 0 FAT
1471 498 -1 7308 1.3025 0 FAT
1471 499 -1 7308 1.3025 0 FAT
1471 500 -1 7308 1.3025 0 FAT
1471 501 -1 7217 1.3005 0 FAT
1471 502 -1 6911 1.2977 0 FAT
1471 503 -1 6608 1.2956 0 FAT
1471 504 -1 6591 1.2951 0 FAT
1471 505 -1 6293 1.2912 0 FAT
1471 506 -1 5823 1.2856 0 FAT
1471 507 -1 5676 1.2834 0 FAT
1471 508 -1 5269 1.2800 0 FAT
1471 509 -1 5269 1.2800 0 FAT
1471 510 -1 5233 1.2794 0 FAT
1471 511 -1 5867 1.2782 0 FAT
1471 512 -1 5658 1.2744 0 FAT
1471 513 -1 5232 1.2746 0 FAT
1471 514 -1 5458 1.2797 0 FAT
1471 515 -1 5458 1.2797 0 FAT
1471 516 -1 5458 1.2797 0 FAT
1471 517 -1 5458 1.2797 0 FAT
1471 518 -1 6002 1.2828 0 FAT
1471 519 -1 6127 1.2853 0 FAT
1471 520 -1 6528 1.2887 0 FAT
1471 521 -1 6789 1.2934 0 FAT
1471 522 -1 6869 1.2952 0 FAT
1471 523 -1 6569 1.2908 0 FAT
1471 524 -1 6592 1.2925 0 FAT
1471 525 -1 7024 1.2975 0 FAT
1471 526 -1 6989 1.2981 0 FAT
1471 527 -1 6742 1.2960 0 FAT
1471 528 -1 6353 1.2907 0 FAT
1471 529 -1 6010 1.2871 0 FAT
1471 530 -1 5837 1.2851 0 FAT
1471 531 -1 5176 1.2782 0 FAT
1471 532 -1 4274 1.2784 0 FAT
1471 533 -1 4274 1.2784 0 FAT
1471 534 -1 4274 1.2784 0 FAT
1471 535 -1 4274 1.2784 0 FAT
1471 536 -1 4274 1.2784 0 FAT
1471 537 -1 4274 1.2784 0 FAT
1471 538 -1 4274 1.2784 0 FAT
1471 539 -1 4274 1.2784 0 FAT
1471 540 -1 4274 1.2784 0 FAT
1471 541 -1 4274 1.2784 0 FAT
1471 542 -1 4274 1.2784 0 FAT
1471 543 -1 4274 1.2784 0 FAT
1471 544 -1 4274 1.2784 0 FAT
1471 545 -1 4274 1.2784 0 FAT
1471 546 -1 4274 1.2784 0 FAT
1471 547 -1 4274 1.2784 0 FAT
1471 548 -1 4274 1.2784 0 FAT
1471 549 -1 4274 1.2784 0 FAT
1471 550 -1 4274 1.2784 0 FAT
1471 551 -1 4274 1.2784 0 FAT
1471 552 -1 4274 1.2784 0 FAT
1471 553 -1 4274 1.2784 0 FAT
1471 554 -1 4274 1.2784 0 FAT
1471 555 -1 4274 1.2784 0 FAT
1471 556 -1 4274 1.2784 0 FAT
1471 557 -1 4274 1.2784 0 FAT
1471 558 -1 4274 1.2784 0 FAT
1471 559 -1 4274 1.2784 0 FAT
1471 560 -1 4274 1.2784 0 FAT
1471 561 -1 4274 1.2784 0 FAT
1471 562 -1 4274 1.2784 0 FAT
1471 563 -1 4274 1.2784 0 FAT
1471 564 -1 4076 1.2756 2 FAT
1471 565 -1 3767 1.2692 2 FAT
1471 566 -1 3510 1.2646 2 FAT
1471 567 -1 3205 1.2650 2 FAT
1471 568 -1 3205 1.2650 2 FAT
1471 569 -1 3205 1.2650 2 FAT
1471 570 -1 3205 1.2650 2 FAT
1471 571 -1 3205 1.2650 2 FAT
1471 572 -1 3205 1.2650 2 FAT
1471 573 -1 3205 1.2650 2 FAT
1471 574 -1 3205 1.2650 2 FAT
1471 575 -1 3205 1.2650 2 FAT
1471 576 -1 4632 1.2658 0 FAT
1471 577 -1 4703 1.2711 0 FAT
1471 578 -1 4930 1.2762 0 FAT
1471 579 -1 4701 1.2737 0 FAT
1471 580 -1 4888 1.2742 0 FAT
1471 581 -1 4478 1.2646 0 FAT
1471 582 -1 4184 1.2607 0 FAT
1471 583 -1 3984 1.2566 2 FAT
1471 584 -1 3621 1.2466 2 FAT
1471 585 -1 3278 1.2443 2 FAT
1471 586 -1 3278 1.2443 2 FAT
1471 587 -1 3278 1.2443 2 FAT
1471 588 -1 3278 1.2443 2 FAT
1471 589 -1 3033 1.2403 2 FAT
1471 590 -1 2830 1.2336 2 FAT
1471 591 -1 2498 1.2204 2 FAT
1471 592 -1 2014 1.2016 2 FAT
1471 593 -1 2601 1.2075 2 FAT
1471 594 -1 2630 1.2086 2 FAT
1471 595 -1 2037 1.2024 2 FAT
1471 596 -1 2037 1.2024 2 FAT
1471 597 -1 2037 1.2024 2 FAT
1471 598 -1 2357 1.2084 2 FAT
1471 599 -1 2527 1.2123 2 FAT
1471 600 -1 2946 1.2309 2 FAT
1471 601 -1 3341 1.2427 2 FAT
1471 602 -1 3394 1.2446 2 FAT
1471 603 -1 3621 1.2466 2 FAT
1471 604 -1 3952 1.2551 2 FAT
1471 605 -1 4196 1.2613 0 FAT
1471 606 -1 4510 1.2661 0 FAT
1471 607 -1 4510 1.2661 0 FAT
1471 608 -1 4038 1.2619 2 FAT
1471 609 -1 4038 1.2619 2 FAT
1471 610 -1 4038 1.2619 2 FAT
1471 611 -1 4038 1.2619 2 FAT
1471 612 -1 4316 1.2621 0 FAT
1471 613 -1 4227 1.2613 0 FAT
1471 614 -1 4202 1.2537 0 FAT
1471 615 -1 4296 1.2576 0 FAT
1471 616 -1 4282 1.2583 0 FAT
1471 617 -1 4651 1.2676 0 FAT
1471 618 -1 4332 1.2615 0 FAT
1471 619 -1 3928 1.2534 2 FAT
1471 620 -1 2072 1.2535 2 FAT
1471 621 -1 2235 1.2591 2 FAT
1471 622 -1 2379 1.2638 2 FAT
1471 623 -1 2379 1.2638 2 FAT
1471 624 -1 2379 1.2638 2 FAT
1471 625 -1 2379 1.2638 2 FAT
1471 626 -1 2379 1.2638 2 FAT
1471 627 -1 2379 1.2638 2 FAT
1471 628 -1 2379 1.2638 2 FAT
1471 629 -1 2379 1.2638 2 FAT
1471 630 -1 2379 1.2638 2 FAT
1471 631 -1 2379 1.2638 2 FAT
1471 632 -1 2379 1.2638 2 FAT
1471 633 -1 2379 1.2638 2 FAT
1471 634 -1 2379 1.2638 2 FAT
1471 635 -1 2379 1.2638 2 FAT
1471 636 -1 2379 1.2638 2 FAT
1471 637 -1 2379 1.2638 2 FAT
1471 638 -1 2379 1.2638 2 FAT
1471 639 -1 2379 1.2638 2 FAT
1471 640 -1 2379 1.2638 2 FAT
1471 641 -1 2379 1.2638 2 FAT
1471 642 -1 2379 1.2638 2 FAT
1471 643 -1 2669 1.2638 2 FAT
1471 644 -1 2669 1.2638 2 FAT
1471 645 -1 2669 1.2638 2 FAT
1471 646 -1 2669 1.2638 2 FAT
1471 647 -1 2669 1.2638 2 FAT
1471 648 -1 2813 1.2639 2 FAT
1471 649 -1 2919 1.2639 2 FAT
1471 650 -1 3157 1.2718 2 FAT
1471 651 -1 3241 1.2720 2 FAT
1471 652 -1 3457 1.2776 2 FAT
1471 653 -1 3527 1.2797 2 FAT
1471 654 -1 3527 1.2797 2 FAT
1471 655 -1 3628 1.2797 2 FAT
1471 656 -1 3803 1.2829 2 FAT
1471 657 -1 4009 1.2873 2 FAT
1471 658 -1 4036 1.2878 2 FAT
1471 659 -1 4258 1.2902 0 FAT
1471 660 -1 4417 1.2928 0 FAT
1471 661 -1 4472 1.2941 0 FAT
1471 662 -1 4472 1.2941 0 FAT
1471 663 -1 4472 1.2941 0 FAT
1471 664 -1 4472 1.2941 0 FAT
1471 665 -1 4472 1.2941 0 FAT
1471 666 -1 4472 1.2941 0 FAT
1471 667 -1 4472 1.2941 0 FAT
1471 668 -1 4472 1.2941 0 FAT
1471 669 -1 4734 1.2941 0 FAT
1471 670 -1 4734 1.2941 0 FAT
1471 671 -1 4855 1.2940 0 FAT
1471 672 -1 5084 1.2974 0 FAT
1471 673 -1 5312 1.3009 0 FAT
1471 674 -1 5387 1.3008 0 FAT
1471 675 -1 5627 1.3045 0 FAT
1471 676 -1 5820 1.3065 0 FAT
1471 677 -1 5928 1.3085 0 FAT
1471 678 -1 5928 1.3085 0 FAT
1471 679 -1 5928 1.3085 0 FAT
1471 680 -1 5928 1.3085 0 FAT
1471 681 -1 6188 1.3085 0 FAT
1471 682 -1 6437 1.3118 0 FAT
1471 683 -1 6661 1.3138 0 FAT
1471 684 -1 6780 1.3159 0 FAT
1471 685 -1 6780 1.3159 0 FAT
1471 686 -1 7065 1.3176 0 FAT
1471 687 -1 7243 1.3199 0 FAT
1471 688 -1 7487 1.3221 0 FAT
1471 689 -1 7739 1.3247 0 FAT
1471 690 -1 7739 1.3247 0 FAT
1471 691 -1 7739 1.3247 0 FAT
1471 692 -1 7739 1.3247 0 FAT
1471 693 -1 7739 1.3247 0 FAT
1471 694 -1 7739 1.3247 0 FAT
1471 695 -1 7739 1.3247 0 FAT
1471 696 -1 7739 1.3247 0 FAT
1471 697 -1 7739 1.3247 0 FAT
1471 698 -1 7739 1.3247 0 FAT
1471 699 -1 7739 1.3247 0 FAT
1471 700 -1 7739 1.3247 0 FAT
1471 701 -1 7739 1.3247 0 FAT
1471 702 -1 7739 1.3247 0 FAT
1471 703 -1 7739 1.3247 0 FAT
1471 704 -1 7739 1.3247 0 FAT
1471 705 -1 7739 1.3247 0 FAT
1471 706 -1 7739 1.3247 0 FAT
1471 707 -1 7739 1.3247 0 FAT
1471 708 -1 7739 1.3247 0 FAT
1471 709 -1 7739 1.3247 0 FAT
1471 710 -1 7739 1.3247 0 FAT
1471 711 -1 7739 1.3247 0 FAT
1471 712 -1 7739 1.3247 0 FAT
1471 713 -1 7739 1.3247 0 FAT
1471 714 -1 7739 1.3247 0 FAT
1471 715 -1 7739 1.3247 0 FAT
1471 716 -1 7739 1.3247 0 FAT
1471 717 -1 7739 1.3247 0 FAT
1471 718 -1 7739 1.3247 0 FAT
1471 719 -1 7739 1.3247 0 FAT
1471 720 -1 7739 1.3247 0 FAT
1471 721 -1 7739 1.3247 0 FAT
1471 722 -1 7739 1.3247 0 FAT
1471 723 -1 7739 1.3247 0 FAT
1471 724 -1 7739 1.3247 0 FAT
1471 725 -1 7739 1.3247 0 FAT
1471 726 -1 7739 1.3247 0 FAT
1471 727 -1 7739 1.3247 0 FAT
1471 728 -1 7739 1.3247 0 FAT
1471 729 -1 7739 1.3247 0 FAT
1471 730 -1 7739 1.3247 0 FAT
1471 731 -1 7739 1.3247 0 FAT
1471 732 -1 7739 1.3247 0 FAT
1471 733 -1 7739 1.3247 0 FAT
1471 734 -1 7739 1.3247 0 FAT
1471 735 -1 7739 1.3247 0 FAT
1471 736 -1 7739 1.3247 0 FAT
1471 737 -1 7739 1.3247 0 FAT
1471 738 -1 7739 1.3247 0 FAT
1471 739 -1 7739 1.3247 0 FAT
1471 740 -1 7739 1.3247 0 FAT
1471 741 -1 7739 1.3247 0 FAT
1471 742 -1 7739 1.3247 0 FAT
1471 743 -1 7739 1.3247 0 FAT
1471 744 -1 7739 1.3247 0 FAT
1471 745 -1 7739 1.3247 0 FAT
1471 746 -1 7739 1.3247 0 FAT
1471 747 -1 7739 1.3247 0 FAT
1471 748 -1 7739 1.3247 0 FAT
1471 749 -1 7739 1.3247 0 FAT
1471 750 -1 7739 1.3247 0 FAT
1471 751 -1 7739 1.3247 0 FAT
1471 752 -1 7739 1.3247 0 FAT
1471 753 -1 7739 1.3247 0 FAT
1471 754 -1 7739 1.3247 0 FAT
1471 755 -1 7739 1.3247 0 FAT
1471 756 -1 7739 1.3247 0 FAT
1471 757 -1 7739 1.3247 0 FAT
1471 758 -1 7705 1.3241 0 FAT
1471 759 -1 7446 1.3215 0 FAT
1471 760 -1 7206 1.3199 0 FAT
1471 761 -1 7152 1.3189 0 FAT
1471 762 -1 6937 1.3171 0 FAT
1471 763 -1 6713 1.3137 0 FAT
1471 764 -1 6477 1.3128 0 FAT
1471 765 -1 6337 1.3130 0 FAT
1471 766 -1 6337 1.3130 0 FAT
1471 767 -1 6337 1.3130 0 FAT
1471 768 -1 6274 1.3122 0 FAT
1471 769 -1 6105 1.3104 0 FAT
1471 770 -1 5873 1.3067 0 FAT
1471 771 -1 5664 1.3057 0 FAT
1471 772 -1 5664 1.3057 0 FAT
1471 773 -1 5473 1.3025 0 FAT
1471 774 -1 5319 1.3012 0 FAT
1471 775 -1 5125 1.2977 0 FAT
1471 776 -1 4825 1.2942 0 FAT
1471 777 -1 4734 1.2941 0 FAT
1471 778 -1 4582 1.2940 0 FAT
1471 779 -1 4582 1.2940 0 FAT
1471 780 -1 4328 1.2940 0 FAT
1471 781 -1 4328 1.2940 0 FAT
1471 782 -1 4328 1.2940 0 FAT
1471 783 -1 4328 1.2940 0 FAT
1471 784 -1 4328 1.2940 0 FAT
1471 785 -1 4328 1.2940 0 FAT
1471 786 -1 4328 1.2940 0 FAT
1471 787 -1 4328 1.2940 0 FAT
1471 788 -1 4328 1.2940 0 FAT
1471 789 -1 4328 1.2940 0 FAT
1471 790 -1 4328 1.2940 0 FAT
1471 791 -1 4328 1.2940 0 FAT
1471 792 -1 4328 1.2940 0 FAT
1471 793 -1 4217 1.2919 0 FAT
1471 794 -1 4011 1.2884 2 FAT
1471 795 -1 3950 1.2883 2 FAT
1471 796 -1 3874 1.2869 2 FAT
1471 797 -1 3671 1.2830 2 FAT
1471 798 -1 3557 1.2797 2 FAT
1471 799 -1 3379 1.2757 2 FAT
1471 800 -1 3183 1.2747 2 FAT
1471 801 -1 3069 1.2745 2 FAT
1471 802 -1 3069 1.2745 2 FAT
1471 803 -1 3069 1.2745 2 FAT
1471 804 -1 3069 1.2745 2 FAT
1471 805 -1 3069 1.2745 2 FAT
1471 806 -1 3069 1.2745 2 FAT
1471 807 -1 3002 1.2716 2 FAT
1471 808 -1 2934 1.2719 2 FAT
1471 809 -1 2738 1.2663 2 FAT
1471 810 -1 2549 1.2623 2 FAT
1471 811 -1 2489 1.2624 2 FAT
1471 812 -1 2489 1.2624 2 FAT
1471 813 -1 2466 1.2611 2 FAT
1471 814 -1 2300 1.2563 2 FAT
1471 815 -1 2187 1.2545 2 FAT
1471 816 -1 2117 1.2523 2 FAT
1471 817 -1 1975 1.2467 2 FAT
1471 818 -1 1767 1.2367 2 FAT
1471 819 -1 1701 1.2365 2 FAT
1471 820 -1 1640 1.2364 2 FAT
1471 821 -1 1640 1.2364 2 FAT
1471 822 -1 1547 1.2364 2 FAT
1471 823 -1 1547 1.2364 2 FAT
1471 824 -1 1547 1.2364 2 FAT
1471 825 -1 1547 1.2364 2 FAT
1471 826 -1 1405 1.2366 2 FAT
1471 827 -1 1405 1.2366 2 FAT
1471 828 -1 1405 1.2366 2 FAT
1471 829 -1 1405 1.2366 2 FAT
1471 830 -1 1405 1.2366 2 FAT
1471 831 -1 1405 1.2366 2 FAT
1471 832 -1 1405 1.2366 2 FAT
1471 833 -1 1405 1.2366 2 FAT
1471 834 -1 1405 1.2366 2 FAT
1471 835 -1 1405 1.2366 2 FAT
1471 836 -1 1405 1.2366 2 FAT
1471 837 -1 1405 1.2366 2 FAT
1471 838 -1 1188 1.2367 2 FAT
1471 839 -1 1188 1.2367 2 FAT
1471 840 -1 1188 1.2367 2 FAT
1471 841 -1 1188 1.2367 2 FAT
1471 842 -1 1188 1.2367 2 FAT
1471 843 -1 1188 1.2367 2 FAT
1471 844 -1 1188 1.2367 2 FAT
1471 845 -1 1188 1.2367 2 FAT
1471 846 -1 1188 1.2367 2 FAT
1471 847 -1 1188 1.2367 2 FAT
1471 848 -1 1188 1.2367 2 FAT
1471 849 -1 1188 1.2367 2 FAT
1471 850 -1 1188 1.2367 2 FAT
1471 851 -1 1188 1.2367 2 FAT
1471 852 -1 1188 1.2367 2 FAT
1471 853 -1 1188 1.2367 2 FAT
1471 854 -1 1188 1.2367 2 FAT
1471 855 -1 1188 1.2367 2 FAT
1471 856 -1 1188 1.2367 2 FAT
1471 857 -1 1188 1.2367 2 FAT
1471 858 -1 1188 1.2367 2 FAT
1471 859 -1 1188 1.2367 2 FAT
1471 860 -1 1188 1.2367 2 FAT
1471 861 -1 1188 1.2367 2 FAT
1471 862 -1 1188 1.2367 2 FAT
1471 863 -1 1188 1.2367 2 FAT
1471 864 -1 1188 1.2367 2 FAT
1471 865 -1 1188 1.2367 2 FAT
1471 866 -1 1188 1.2367 2 FAT
1471 867 -1 1188 1.2367 2 FAT
1471 868 -1 1188 1.2367 2 FAT
1471 869 -1 1188 1.2367 2 FAT
1471 870 -1 1188 1.2367 2 FAT
1471 871 -1 1188 1.2367 2 FAT
1471 872 -1 1188 1.2367 2 FAT
1471 873 -1 1188 1.2367 2 FAT
1471 874 -1 1188 1.2367 2 FAT
1471 875 -1 1188 1.2367 2 FAT
1471 876 -1 1188 1.2367 2 FAT
1471 877 -1 1188 1.2367 2 FAT
1471 878 -1 1188 1.2367 2 FAT
1471 879 -1 1188 1.2367 2 FAT
1471 880 -1 1188 1.2367 2 FAT
1471 881 -1 1188 1.2367 2 FAT
1471 882 -1 1188 1.2367 2 FAT
1471 883 -1 1188 1.2367 2 FAT
1471 884 -1 1188 1.2367 2 FAT
1471 885 -1 1188 1.2367 2 FAT
1471 886 -1 1188 1.2367 2 FAT
1471 887 -1 1188 1.2367 2 FAT
1471 888 -1 1094 1.2300 2 FAT
1471 889 -1 993 1.2242 2 FAT
1471 890 -1 972 1.2240 2 FAT
1471 891 -1 942 1.2241 2 FAT
1471 892 -1 942 1.2241 2 FAT
1471 893 -1 881 1.2179 2 FAT
1471 894 -1 807 1.2149 2 FAT
1471 895 -1 792 1.2143 2 FAT
1471 896 -1 721 1.2080 2 FAT
1471 897 -1 598 1.1905 2 FAT
1471 898 -1 557 1.1912 2 FAT
1471 899 -1 557 1.1912 2 FAT
1471 900 -1 530 1.1907 2 FAT
1471 901 -1 530 1.1907 2 FAT
1471 902 -1 530 1.1907 2 FAT
1471 903 -1 492 1.1903 2 FAT
1471 904 -1 492 1.1903 2 FAT
1471 905 -1 492 1.1903 2 FAT
1471 906 -1 492 1.1903 2 FAT
1471 907 -1 492 1.1903 2 FAT
1471 908 -1 492 1.1903 2 FAT
1471 909 -1 492 1.1903 2 FAT
1471 910 -1 438 1.1903 2 FAT
1471 911 -1 438 1.1903 2 FAT
1471 912 -1 438 1.1903 2 FAT
1471 913 -1 438 1.1903 2 FAT
1471 914 -1 438 1.1903 2 FAT
1471 915 -1 438 1.1903 2 FAT
1471 916 -1 438 1.1903 2 FAT
1471 917 -1 438 1.1903 2 FAT
1471 918 -1 438 1.1903 2 FAT
1471 919 -1 438 1.1903 2 FAT
1471 920 -1 438 1.1903 2 FAT
1471 921 -1 438 1.1903 2 FAT
1471 922 -1 438 1.1903 2 FAT
1471 923 -1 438 1.1903 2 FAT
1471 924 -1 438 1.1903 2 FAT
1471 925 -1 438 1.1903 2 FAT
1471 926 -1 438 1.1903 2 FAT
1471 927 -1 438 1.1903 2 FAT
1471 928 -1 438 1.1903 2 FAT
1471 929 -1 438 1.1903 2 FAT
1471 930 -1 438 1.1903 2 FAT
1471 931 -1 390 1.1820 2 FAT
1471 932 -1 302 1.1615 2 FAT
1471 933 -1 281 1.1589 2 FAT
1471 934 -1 270 1.1597 2 FAT
1471 935 -1 255 1.1612 2 FAT
1471 936 -1 255 1.1612 2 FAT
1471 937 -1 255 1.1612 2 FAT
1471 938 -1 255 1.1612 2 FAT
1471 939 -1 234 1.1621 2 FAT
1471 940 -1 234 1.1621 2 FAT
1471 941 -1 234 1.1621 2 FAT
1471 942 -1 234 1.1621 2 FAT
1471 943 -1 234 1.1621 2 FAT
1471 944 -1 234 1.1621 2 FAT
1471 945 -1 234 1.1621 2 FAT
1471 946 -1 234 1.1621 2 FAT
1471 947 -1 234 1.1621 2 FAT
1471 948 -1 178 1.1474 2 FAT
1471 949 -1 162 1.1421 2 FAT
1471 950 -1 162 1.1421 2 FAT
1471 951 -1 151 1.1422 2 FAT
1471 952 -1 151 1.1422 2 FAT
1471 953 -1 532 1.1419 2 FAT
1471 954 -1 825 1.1698 2 FAT
1471 955 -1 802 1.1589 2 FAT
1471 956 -1 1014 1.2101 2 FAT
1471 957 -1 1128 1.2074 2 FAT
1471 958 -1 1058 1.1968 2 FAT
1471 959 -1 911 1.1893 2 FAT
1471 960 -1 561 1.1367 2 FAT
1471 961 -1 422 1.1113 2 FAT
1471 962 -1 422 1.1113 2 FAT
1471 963 -1 281 1.0842 2 FAT
1471 964 -1 281 1.0842 2 FAT
1471 965 -1 135 1.0428 2 FAT
1471 966 -1 135 1.0428 2 FAT
1471 967 -1 318 1.0945 2 FAT
1471 968 -1 318 1.0945 2 FAT
1471 969 -1 318 1.0945 2 FAT
1471 970 -1 318 1.0945 2 FAT
1471 971 -1 192 1.0491 2 FAT
1471 972 -1 112 1.0410 2 FAT
1471 973 -1 112 1.0410 2 FAT
1471 974 -1 112 1.0410 2 FAT
1471 975 -1 112 1.0410 2 FAT
1471 976 -1 112 1.0410 2 FAT
1471 977 -1 112 1.0410 2 FAT
1471 978 -1 112 1.0410 2 FAT
1471 979 -1 112 1.0410 2 FAT
1471 980 -1 192 1.0491 2 FAT
1471 981 -1 282 1.0848 2 FAT
1471 982 -1 416 1.1137 2 FAT
1471 983 -1 416 1.1137 2 FAT
1471 984 -1 416 1.1137 2 FAT
1471 985 -1 301 1.0915 2 FAT
1471 986 -1 156 1.0447 2 FAT
1471 987 -1 87 1.0394 2 FAT
1471 988 -1 87 1.0394 2 FAT
1471 989 -1 87 1.0394 2 FAT
1471 990 -1 87 1.0394 2 FAT
1471 991 -1 87 1.0394 2 FAT
1471 992 -1 87 1.0394 2 FAT
1471 993 -1 87 1.0394 2 FAT
1471 994 -1 87 1.0394 2 FAT
1471 995 -1 87 1.0394 2 FAT
1471 996 -1 87 1.0394 2 FAT
1471 997 -1 87 1.0394 2 FAT
1471 998 -1 87 1.0394 2 FAT
1471 999 -1 87 1.0394 2 FAT
1471 1000 -1 87 1.0394 2 FAT
1471 1001 -1 87 1.0394 2 FAT
1471 1002 -1 87 1.0394 2 FAT
1471 1003 -1 87 1.0394 2 FAT
1471 1004 -1 87 1.0394 2 FAT
1471 1005 -1 87 1.0394 2 FAT
1471 1006 -1 87 1.0394 2 FAT
1471 1007 -1 87 1.0394 2 FAT
1471 1008 -1 87 1.0394 2 FAT
1471 1009 -1 87 1.0394 2 FAT
1471 1010 -1 87 1.0394 2 FAT
1471 1011 -1 87 1.0394 2 FAT
1471 1012 -1 87 1.0394 2 FAT
1471 1013 -1 156 1.0447 2 FAT
1471 1014 -1 358 1.1037 2 FAT
1471 1015 -1 358 1.1037 2 FAT
1471 1016 -1 358 1.1037 2 FAT
1471 1017 -1 358 1.1037 2 FAT
1471 1018 -1 265 1.0779 2 FAT
1471 1019 -1 135 1.0428 2 FAT
1471 1020 -1 272 1.0815 2 FAT
1471 1021 -1 272 1.0815 2 FAT
1471 1022 -1 445 1.1195 2 FAT
1471 1023 -1 445 1.1195 2 FAT
1471 1024 -1 445 1.1195 2 FAT
1471 1025 -1 340 1.1028 2 FAT
1471 1026 -1 112 1.0410 2 FAT
1471 1027 -1 60 1.0379 2 FAT
1471 1028 -1 60 1.0379 2 FAT
1471 1029 -1 60 1.0379 2 FAT
1471 1030 -1 60 1.0379 2 FAT
1471 1031 -1 60 1.0379 2 FAT
1471 1032 -1 60 1.0379 2 FAT
1471 1033 -1 60 1.0379 2 FAT
1471 1034 -1 60 1.0379 2 FAT
1471 1035 -1 60 1.0379 2 FAT
1471 1036 -1 60 1.0379 2 FAT
1471 1037 -1 60 1.0379 2 FAT
1471 1038 -1 60 1.0379 2 FAT
1471 1039 -1 60 1.0379 2 FAT
1471 1040 -1 60 1.0379 2 FAT
1471 1041 -1 60 1.0379 2 FAT
1471 1042 -1 60 1.0379 2 FAT
1471 1043 -1 60 1.0379 2 FAT
1471 1044 -1 60 1.0379 2 FAT
1471 1045 -1 60 1.0379 2 FAT
1471 1046 -1 60 1.0379 2 FAT
1471 1047 -1 60 1.0379 2 FAT
1471 1048 -1 60 1.0379 2 FAT
1471 1049 -1 60 1.0379 2 FAT
1471 1050 -1 60 1.0379 2 FAT
1471 1051 -1 60 1.0379 2 FAT
1471 1052 -1 60 1.0379 2 FAT
1471 1053 -1 60 1.0379 2 FAT
1471 1054 -1 60 1.0379 2 FAT
1471 1055 -1 60 1.0379 2 FAT
1471 1056 -1 60 1.0379 2 FAT
1471 1057 -1 60 1.0379 2 FAT
1471 1058 -1 60 1.0379 2 FAT
1471 1059 -1 60 1.0379 2 FAT
1471 1060 -1 60 1.0379 2 FAT
1471 1061 -1 60 1.0379 2 FAT
1471 1062 -1 60 1.0379 2 FAT
1471 1063 -1 60 1.0379 2 FAT
1471 1064 -1 60 1.0379 2 FAT
1471 1065 -1 60 1.0379 2 FAT
1471 1066 -1 60 1.0379 2 FAT
1471 1067 -1 60 1.0379 2 FAT
1471 1068 -1 60 1.0379 2 FAT
1471 1069 -1 60 1.0379 2 FAT
1471 1070 -1 60 1.0379 2 FAT
1471 1071 -1 60 1.0379 2 FAT
1471 1072 -1 60 1.0379 2 FAT
1471 1073 -1 60 1.0379 2 FAT
1471 1074 -1 60 1.0379 2 FAT
1471 1075 -1 60 1.0379 2 FAT
1471 1076 -1 60 1.0379 2 FAT
1471 1077 -1 60 1.0379 2 FAT
1471 1078 -1 60 1.0379 2 FAT
1471 1079 -1 60 1.0379 2 FAT
1471 1080 -1 60 1.0379 2 FAT
1471 1081 -1 60 1.0379 2 FAT
1471 1082 -1 60 1.0379 2 FAT
1471 1083 -1 60 1.0379 2 FAT
1471 1084 -1 60 1.0379 2 FAT
1471 1085 -1 60 1.0379 2 FAT
1471 1086 -1 60 1.0379 2 FAT
1471 1087 -1 60 1.0379 2 FAT
1471 1088 -1 60 1.0379 2 FAT
1471 1089 -1 60 1.0379 2 FAT
1471 1090 -1 60 1.0379 2 FAT
1471 1091 -1 60 1.0379 2 FAT
1471 1092 -1 60 1.0379 2 FAT
1471 1093 -1 60 1.0379 2 FAT
1471 1094 -1 60 1.0379 2 FAT
1471 1095 -1 60 1.0379 2 FAT
1471 1096 -1 60 1.0379 2 FAT
1471 1097 -1 60 1.0379 2 FAT
1471 1098 -1 60 1.0379 2 FAT
1471 1099 -1 60 1.0379 2 FAT
1471 1100 -1 60 1.0379 2 FAT
1471 1101 -1 60 1.0379 2 FAT
1471 1102 -1 60 1.0379 2 FAT
1471 1103 -1 112 1.0410 2 FAT
1471 1104 -1 340 1.1028 2 FAT
1471 1105 -1 445 1.1195 2 FAT
1471 1106 -1 445 1.1195 2 FAT
1471 1107 -1 445 1.1195 2 FAT
1471 1108 -1 272 1.0815 2 FAT
1471 1109 -1 272 1.0815 2 FAT
1471 1110 -1 135 1.0428 2 FAT
1471 1111 -1 265 1.0779 2 FAT
1471 1112 -1 358 1.1037 2 FAT
1471 1113 -1 358 1.1037 2 FAT
1471 1114 -1 358 1.1037 2 FAT
1471 1115 -1 358 1.1037 2 FAT
1471 1116 -1 156 1.0447 2 FAT
1471 1117 -1 87 1.0394 2 FAT
1471 1118 -1 87 1.0394 2 FAT
1471 1119 -1 87 1.0394 2 FAT
1471 1120 -1 87 1.0394 2 FAT
1471 1121 -1 87 1.0394 2 FAT
1471 1122 -1 87 1.0394 2 FAT
1471 1123 -1 87 1.0394 2 FAT
1471 1124 -1 87 1.0394 2 FAT
1471 1125 -1 87 1.0394 2 FAT
1471 1126 -1 87 1.0394 2 FAT
1471 1127 -1 87 1.0394 2 FAT
1471 1128 -1 87 1.0394 2 FAT
1471 1129 -1 87 1.0394 2 FAT
1471 1130 -1 87 1.0394 2 FAT
1471 1131 -1 87 1.0394 2 FAT
1471 1132 -1 87 1.0394 2 FAT
1471 1133 -1 87 1.0394 2 FAT
1471 1134 -1 87 1.0394 2 FAT
1471 1135 -1 87 1.0394 2 FAT
1471 1136 -1 87 1.0394 2 FAT
1471 1137 -1 87 1.0394 2 FAT
1471 1138 -1 87 1.0394 2 FAT
1471 1139 -1 87 1.0394 2 FAT
1471 1140 -1 87 1.0394 2 FAT
1471 1141 -1 87 1.0394 2 FAT
1471 1142 -1 87 1.0394 2 FAT
1471 1143 -1 156 1.0447 2 FAT
1471 1144 -1 301 1.0915 2 FAT
1471 1145 -1 416 1.1137 2 FAT
1471 1146 -1 416 1.1137 2 FAT
1471 1147 -1 416 1.1137 2 FAT
1471 1148 -1 282 1.0848 2 FAT
1471 1149 -1 192 1.0491 2 FAT
1471 1150 -1 112 1.0410 2 FAT
1471 1151 -1 112 1.0410 2 FAT
1471 1152 -1 112 1.0410 2 FAT
1471 1153 -1 112 1.0410 2 FAT
1471 1154 -1 112 1.0410 2 FAT
1471 1155 -1 112 1.0410 2 FAT
1471 1156 -1 112 1.0410 2 FAT
1471 1157 -1 112 1.0410 2 FAT
1471 1158 -1 192 1.0491 2 FAT
1471 1159 -1 318 1.0945 2 FAT
1471 1160 -1 318 1.0945 2 FAT
1471 1161 -1 318 1.0945 2 FAT
1471 1162 -1 318 1.0945 2 FAT
1471 1163 -1 135 1.0428 2 FAT
1471 1164 -1 135 1.0428 2 FAT
1471 1165 -1 281 1.0842 2 FAT
1471 1166 -1 281 1.0842 2 FAT
1471 1167 -1 422 1.1113 2 FAT
1471 1168 -1 422 1.1113 2 FAT
1471 1169 -1 561 1.1367 2 FAT
1471 1170 -1 911 1.1893 2 FAT
1471 1171 -1 1058 1.1968 2 FAT
1471 1172 -1 1128 1.2074 2 FAT
1471 1173 -1 1014 1.2101 2 FAT
1471 1174 -1 802 1.1589 2 FAT
1471 1175 -1 825 1.1698 2 FAT
1471 1176 -1 532 1.1419 2 FAT
1471 1177 -1 151 1.1422 2 FAT
1471 1178 -1 151 1.1422 2 FAT
1471 1179 -1 162 1.1421 2 FAT
1471 1180 -1 162 1.1421 2 FAT
1471 1181 -1 178 1.1474 2 FAT
1471 1182 -1 234 1.1621 2 FAT
1471 1183 -1 234 1.1621 2 FAT
1471 1184 -1 234 1.1621 2 FAT
1471 1185 -1 234 1.1621 2 FAT
1471 1186 -1 234 1.1621 2 FAT
1471 1187 -1 234 1.1621 2 FAT
1471 1188 -1 234 1.1621 2 FAT
1471 1189 -1 234 1.1621 2 FAT
1471 1190 -1 234 1.1621 2 FAT
1471 1191 -1 255 1.1612 2 FAT
1471 1192 -1 255 1.1612 2 FAT
1471 1193 -1 255 1.1612 2 FAT
1471 1194 -1 255 1.1612 2 FAT
1471 1195 -1 270 1.1597 2 FAT
1471 1196 -1 281 1.1589 2 FAT
1471 1197 -1 302 1.1615 2 FAT
1471 1198 -1 390 1.1820 2 FAT
1471 1199 -1 438 1.1903 2 FAT
1471 1200 -1 438 1.1903 2 FAT
1471 1201 -1 438 1.1903 2 FAT
1471 1202 -1 438 1.1903 2 FAT
1471 1203 -1 438 1.1903 2 FAT
1471 1204 -1 438 1.1903 2 FAT
1471 1205 -1 438 1.1903 2 FAT
1471 1206 -1 438 1.1903 2 FAT
1471 1207 -1 438 1.1903 2 FAT
1471 1208 -1 438 1.1903 2 FAT
1471 1209 -1 438 1.1903 2 FAT
1471 1210 -1 438 1.1903 2 FAT
1471 1211 -1 438 1.1903 2 FAT
1471 1212 -1 438 1.1903 2 FAT
1471 1213 -1 438 1.1903 2 FAT
1471 1214 -1 438 1.1903 2 FAT
1471 1215 -1 438 1.1903 2 FAT
1471 1216 -1 438 1.1903 2 FAT
1471 1217 -1 438 1.1903 2 FAT
1471 1218 -1 438 1.1903 2 FAT
1471 1219 -1 438 1.1903 2 FAT
1471 1220 -1 492 1.1903 2 FAT
1471 1221 -1 492 1.1903 2 FAT
1471 1222 -1 492 1.1903 2 FAT
1471 1223 -1 492 1.1903 2 FAT
1471 1224 -1 492 1.1903 2 FAT
1471 1225 -1 492 1.1903 2 FAT
1471 1226 -1 492 1.1903 2 FAT
1471 1227 -1 530 1.1907 2 FAT
1471 1228 -1 530 1.1907 2 FAT
1471 1229 -1 530 1.1907 2 FAT
1471 1230 -1 557 1.1912 2 FAT
1471 1231 -1 557 1.1912 2 FAT
1471 1232 -1 598 1.1905 2 FAT
1471 1233 -1 721 1.2080 2 FAT
1471 1234 -1 792 1.2143 2 FAT
1471 1235 -1 807 1.2149 2 FAT
1471 1236 -1 881 1.2179 2 FAT
1471 1237 -1 942 1.2241 2 FAT
1471 1238 -1 942 1.2241 2 FAT
1471 1239 -1 972 1.2240 2 FAT
1471 1240 -1 993 1.2242 2 FAT
1471 1241 -1 1094 1.2300 2 FAT
1471 1242 -1 1188 1.2367 2 FAT
1471 1243 -1 1188 1.2367 2 FAT
1471 1244 -1 1188 1.2367 2 FAT
1471 1245 -1 1188 1.2367 2 FAT
1471 1246 -1 1188 1.2367 2 FAT
1471 1247 -1 1188 1.2367 2 FAT
1471 1248 -1 1188 1.2367 2 FAT
1471 1249 -1 1188 1.2367 2 FAT
1471 1250 -1 1188 1.2367 2 FAT
1471 1251 -1 1188 1.2367 2 FAT
1471 1252 -1 1188 1.2367 2 FAT
1471 1253 -1 1188 1.2367 2 FAT
1471 1254 -1 1188 1.2367 2 FAT
1471 1255 -1 1188 1.2367 2 FAT
1471 1256 -1 1188 1.2367 2 FAT
1471 1257 -1 1188 1.2367 2 FAT
1471 1258 -1 1188 1.2367 2 FAT
1471 1259 -1 1188 1.2367 2 FAT
1471 1260 -1 1188 1.2367 2 FAT
1471 1261 -1 1188 1.2367 2 FAT
1471 1262 -1 1188 1.2367 2 FAT
1471 1263 -1 1188 1.2367 2 FAT
1471 1264 -1 1188 1.2367 2 FAT
1471 1265 -1 1188 1.2367 2 FAT
1471 1266 -1 1188 1.2367 2 FAT
1471 1267 -1 1188 1.2367 2 FAT
1471 1268 -1 1188 1.2367 2 FAT
1471 1269 -1 1188 1.2367 2 FAT
1471 1270 -1 1188 1.2367 2 FAT
1471 1271 -1 1188 1.2367 2 FAT
1471 1272 -1 1188 1.2367 2 FAT
1471 1273 -1 1188 1.2367 2 FAT
1471 1274 -1 1188 1.2367 2 FAT
1471 1275 -1 1188 1.2367 2 FAT
1471 1276 -1 1188 1.2367 2 FAT
1471 1277 -1 1188 1.2367 2 FAT
1471 1278 -1 1188 1.2367 2 FAT
1471 1279 -1 1188 1.2367 2 FAT
1471 1280 -1 1188 1.2367 2 FAT
1471 1281 -1 1188 1.2367 2 FAT
1471 1282 -1 1188 1.2367 2 FAT
1471 1283 -1 1188 1.2367 2 FAT
1471 1284 -1 1188 1.2367 2 FAT
1471 1285 -1 1188 1.2367 2 FAT
1471 1286 -1 1188 1.2367 2 FAT
1471 1287 -1 1188 1.2367 2 FAT
1471 1288 -1 1188 1.2367 2 FAT
1471 1289 -1 1188 1.2367 2 FAT
1471 1290 -1 1188 1.2367 2 FAT
1471 1291 -1 1188 1.2367 2 FAT
1471 1292 -1 1405 1.2366 2 FAT
1471 1293 -1 1405 1.2366 2 FAT
1471 1294 -1 1405 1.2366 2 FAT
1471 1295 -1 1405 1.2366 2 FAT
1471 1296 -1 1405 1.2366 2 FAT
1471 1297 -1 1405 1.2366 2 FAT
1471 1298 -1 1405 1.2366 2 FAT
1471 1299 -1 1405 1.2366 2 FAT
1471 1300 -1 1405 1.2366 2 FAT
1471 1301 -1 1405 1.2366 2 FAT
1471 1302 -1 1405 1.2366 2 FAT
1471 1303 -1 1405 1.2366 2 FAT
1471 1304 -1 1547 1.2364 2 FAT
1471 1305 -1 1547 1.2364 2 FAT
1471 1306 -1 1547 1.2364 2 FAT
1471 1307 -1 1547 1.2364 2 FAT
1471 1308 -1 1640 1.2364 2 FAT
1471 1309 -1 1640 1.2364 2 FAT
1471 1310 -1 1701 1.2365 2 FAT
1471 1311 -1 1767 1.2367 2 FAT
1471 1312 -1 1975 1.2467 2 FAT
1471 1313 -1 2117 1.2523 2 FAT
1471 1314 -1 2187 1.2545 2 FAT
1471 1315 -1 2300 1.2563 2 FAT
1471 1316 -1 2466 1.2611 2 FAT
1471 1317 -1 2489 1.2624 2 FAT
1471 1318 -1 2489 1.2624 2 FAT
1471 1319 -1 2549 1.2623 2 FAT
1471 1320 -1 2738 1.2663 2 FAT
1471 1321 -1 2934 1.2719 2 FAT
1471 1322 -1 3002 1.2716 2 FAT
1471 1323 -1 3069 1.2745 2 FAT
1471 1324 -1 3069 1.2745 2 FAT
1471 1325 -1 3069 1.2745 2 FAT
1471 1326 -1 3069 1.2745 2 FAT
1471 1327 -1 3069 1.2745 2 FAT
1471 1328 -1 3069 1.2745 2 FAT
1471 1329 -1 3183 1.2747 2 FAT
1471 1330 -1 3379 1.2757 2 FAT
1471 1331 -1 3557 1.2797 2 FAT
1471 1332 -1 3671 1.2830 2 FAT
1471 1333 -1 3874 1.2869 2 FAT
1471 1334 -1 3950 1.2883 2 FAT
1471 1335 -1 4011 1.2884 2 FAT
1471 1336 -1 4217 1.2919 0 FAT
1471 1337 -1 4328 1.2940 0 FAT
1471 1338 -1 4328 1.2940 0 FAT
1471 1339 -1 4328 1.2940 0 FAT
1471 1340 -1 4328 1.2940 0 FAT
1471 1341 -1 4328 1.2940 0 FAT
1471 1342 -1 4328 1.2940 0 FAT
1471 1343 -1 4328 1.2940 0 FAT
1471 1344 -1 4328 1.2940 0 FAT
1471 1345 -1 4328 1.2940 0 FAT
1471 1346 -1 4328 1.2940 0 FAT
1471 1347 -1 4328 1.2940 0 FAT
1471 1348 -1 4328 1.2940 0 FAT
1471 1349 -1 4328 1.2940 0 FAT
1471 1350 -1 4582 1.2940 0 FAT
1471 1351 -1 4582 1.2940 0 FAT
1471 1352 -1 4734 1.2941 0 FAT
1471 1353 -1 4825 1.2942 0 FAT
1471 1354 -1 5125 1.2977 0 FAT
1471 1355 -1 5319 1.3012 0 FAT
1471 1356 -1 5473 1.3025 0 FAT
1471 1357 -1 5664 1.3057 0 FAT
1471 1358 -1 5664 1.3057 0 FAT
1471 1359 -1 5873 1.3067 0 FAT
1471 1360 -1 6105 1.3104 0 FAT
1471 1361 -1 6274 1.3122 0 FAT
1471 1362 -1 6337 1.3130 0 FAT
1471 1363 -1 6337 1.3130 0 FAT
1471 1364 -1 6337 1.3130 0 FAT
1471 1365 -1 6477 1.3128 0 FAT
1471 1366 -1 6713 1.3137 0 FAT
1471 1367 -1 6937 1.3171 0 FAT
1471 1368 -1 7152 1.3189 0 FAT
1471 1369 -1 7206 1.3199 0 FAT
1471 1370 -1 7446 1.3215 0 FAT
1471 1371 -1 7705 1.3241 0 FAT
1471 1372 -1 7739 1.3247 0 FAT
1471 1373 -1 7739 1.3247 0 FAT
1471 1374 -1 7739 1.3247 0 FAT
1471 1375 -1 7739 1.3247 0 FAT
1471 1376 -1 7739 1.3247 0 FAT
1471 1377 -1 7739 1.3247 0 FAT
1471 1378 -1 7739 1.3247 0 FAT
1471 1379 -1 7739 1.3247 0 FAT
1471 1380 -1 7739 1.3247 0 FAT
1471 1381 -1 7739 1.3247 0 FAT
1471 1382 -1 7739 1.3247 0 FAT
1471 1383 -1 7739 1.3247 0 FAT
1471 1384 -1 7739 1.3247 0 FAT
1471 1385 -1 7739 1.3247 0 FAT
1471 1386 -1 7739 1.3247 0 FAT
1471 1387 -1 7739 1.3247 0 FAT
1471 1388 -1 7739 1.3247 0 FAT
1471 1389 -1 7739 1.3247 0 FAT
1471 1390 -1 7739 1.3247 0 FAT
1471 1391 -1 7739 1.3247 0 FAT
1471 1392 -1 7739 1.3247 0 FAT
1471 1393 -1 7739 1.3247 0 FAT
1471 1394 -1 7739 1.3247 0 FAT
1471 1395 -1 7739 1.3247 0 FAT
1471 1396 -1 7739 1.3247 0 FAT
1471 1397 -1 7739 1.3247 0 FAT
1471 1398 -1 7739 1.3247 0 FAT
1471 1399 -1 7739 1.3247 0 FAT
1471 1400 -1 7739 1.3247 0 FAT
1471 1401 -1 7739 1.3247 0 FAT
1471 1402 -1 7739 1.3247 0 FAT
1471 1403 -1 7739 1.3247 0 FAT
1471 1404 -1 7739 1.3247 0 FAT
1471 1405 -1 7739 1.3247 0 FAT
1471 1406 -1 7739 1.3247 0 FAT
1471 1407 -1 7739 1.3247 0 FAT
1471 1408 -1 7739 1.3247 0 FAT
1471 1409 -1 7739 1.3247 0 FAT
1471 1410 -1 7739 1.3247 0 FAT
1471 1411 -1 7739 1.3247 0 FAT
1471 1412 -1 7739 1.3247 0 FAT
1471 1413 -1 7739 1.3247 0 FAT
1471 1414 -1 7739 1.3247 0 FAT
1471 1415 -1 7739 1.3247 0 FAT
1471 1416 -1 7739 1.3247 0 FAT
1471 1417 -1 7739 1.3247 0 FAT
1471 1418 -1 7739 1.3247 0 FAT
1471 1419 -1 7739 1.3247 0 FAT
1471 1420 -1 7739 1.3247 0 FAT
1471 1421 -1 7739 1.3247 0 FAT
1471 1422 -1 7739 1.3247 0 FAT
1471 1423 -1 7739 1.3247 0 FAT
1471 1424 -1 7739 1.3247 0 FAT
1471 1425 -1 7739 1.3247 0 FAT
1471 1426 -1 7739 1.3247 0 FAT
1471 1427 -1 7739 1.3247 0 FAT
1471 1428 -1 7739 1.3247 0 FAT
1471 1429 -1 7739 1.3247 0 FAT
1471 1430 -1 7739 1.3247 0 FAT
1471 1431 -1 7739 1.3247 0 FAT
1471 1432 -1 7739 1.3247 0 FAT
1471 1433 -1 7739 1.3247 0 FAT
1471 1434 -1 7739 1.3247 0 FAT
1471 1435 -1 7739 1.3247 0 FAT
1471 1436 -1 7739 1.3247 0 FAT
1471 1437 -1 7739 1.3247 0 FAT
1471 1438 -1 7739 1.3247 0 FAT
1471 1439 -1 7739 1.3247 0 FAT
1471 1440 -1 7739 1.3247 0 FAT
1471 1441 -1 7487 1.3221 0 FAT
1471 1442 -1 7243 1.3199 0 FAT
1471 1443 -1 7065 1.3176 0 FAT
1471 1444 -1 6780 1.3159 0 FAT
1471 1445 -1 6780 1.3159 0 FAT
1471 1446 -1 6661 1.3138 0 FAT
1471 1447 -1 6437 1.3118 0 FAT
1471 1448 -1 6188 1.3085 0 FAT
1471 1449 -1 5928 1.3085 0 FAT
1471 1450 -1 5928 1.3085 0 FAT
1471 1451 -1 5928 1.3085 0 FAT
1471 1452 -1 5928 1.3085 0 FAT
1471 1453 -1 5820 1.3065 0 FAT
1471 1454 -1 5627 1.3045 0 FAT
1471 1455 -1 5387 1.3008 0 FAT
1471 1456 -1 5312 1.3009 0 FAT
1471 1457 -1 5084 1.2974 0 FAT
1471 1458 -1 4855 1.2940 0 FAT
1471 1459 -1 4734 1.2941 0 FAT
1471 1460 -1 4734 1.2941 0 FAT
1471 1461 -1 4472 1.2941 0 FAT
1471 1462 -1 4472 1.2941 0 FAT
1471 1463 -1 4472 1.2941 0 FAT
1471 1464 -1 4472 1.2941 0 FAT
1471 1465 -1 4472 1.2941 0 FAT
1471 1466 -1 4472 1.2941 0 FAT
1471 1467 -1 4472 1.2941 0 FAT
1471 1468 -1 4472 1.2941 0 FAT
1471 1469 -1 4417 1.2928 0 FAT
1471 1470 -1 4258 1.2902 0 FAT
1471 1471 -1 4036 1.2878 2 FAT
1471 1472 -1 4009 1.2873 2 FAT
1471 1473 -1 3803 1.2829 2 FAT
1471 1474 -1 3628 1.2797 2 FAT
1471 1475 -1 3527 1.2797 2 FAT
1471 1476 -1 3527 1.2797 2 FAT
1471 1477 -1 3457 1.2776 2 FAT
1471 1478 -1 3241 1.2720 2 FAT
1471 1479 -1 3157 1.2718 2 FAT
1471 1480 -1 2919 1.2639 2 FAT
1471 1481 -1 2813 1.2639 2 FAT
1471 1482 -1 2669 1.2638 2 FAT
1471 1483 -1 2669 1.2638 2 FAT
1471 1484 -1 2669 1.2638 2 FAT
1471 1485 -1 2669 1.2638 2 FAT
1471 1486 -1 2669 1.2638 2 FAT
1471 1487 -1 2379 1.2638 2 FAT
1471 1488 -1 2379 1.2638 2 FAT
1471 1489 -1 2379 1.2638 2 FAT
1471 1490 -1 2379 1.2638 2 FAT
1471 1491 -1 2379 1.2638 2 FAT
1471 1492 -1 2379 1.2638 2 FAT
1471 1493 -1 2379 1.2638 2 FAT
1471 1494 -1 2379 1.2638 2 FAT
1471 1495 -1 2379 1.2638 2 FAT
1471 1496 -1 2379 1.2638 2 FAT
1471 1497 -1 2379 1.2638 2 FAT
1471 1498 -1 2379 1.2638 2 FAT
1471 1499 -1 2379 1.2638 2 FAT
1471 1500 -1 2379 1.2638 2 FAT
1471 1501 -1 2379 1.2638 2 FAT
1471 1502 -1 2379 1.2638 2 FAT
1471 1503 -1 2379 1.2638 2 FAT
1471 1504 -1 2379 1.2638 2 FAT
1471 1505 -1 2379 1.2638 2 FAT
1471 1506 -1 2379 1.2638 2 FAT
1471 1507 -1 2379 1.2638 2 FAT
1471 1508 -1 2235 1.2591 2 FAT
1471 1509 -1 2072 1.2535 2 FAT
1471 1510 -1 3928 1.2534 2 FAT
1471 1511 -1 4332 1.2615 0 FAT
1471 1512 -1 4651 1.2676 0 FAT
1471 1513 -1 4282 1.2583 0 FAT
1471 1514 -1 4296 1.2576 0 FAT
1471 1515 -1 4202 1.2537 0 FAT
1471 1516 -1 4227 1.2613 0 FAT
1471 1517 -1 4316 1.2621 0 FAT
1471 1518 -1 4038 1.2619 2 FAT
1471 1519 -1 4038 1.2619 2 FAT
1471 1520 -1 4038 1.2619 2 FAT
1471 1521 -1 4038 1.2619 2 FAT
1471 1522 -1 4510 1.2661 0 FAT
1471 1523 -1 4510 1.2661 0 FAT
1471 1524 -1 4196 1.2613 0 FAT
1471 1525 -1 3952 1.2551 2 FAT
1471 1526 -1 3621 1.2466 2 FAT
1471 1527 -1 3394 1.2446 2 FAT
1471 1528 -1 3341 1.2427 2 FAT
1471 1529 -1 2946 1.2309 2 FAT
1471 1530 -1 2527 1.2123 2 FAT
1471 1531 -1 2357 1.2084 2 FAT
1471 1532 -1 2037 1.2024 2 FAT
1471 1533 -1 2037 1.2024 2 FAT
1471 1534 -1 2037 1.2024 2 FAT
1471 1535 -1 2630 1.2086 2 FAT
1471 1536 -1 2601 1.2075 2 FAT
1471 1537 -1 2014 1.2016 2 FAT
1471 1538 -1 2498 1.2204 2 FAT
1471 1539 -1 2830 1.2336 2 FAT
1471 1540 -1 3033 1.2403 2 FAT
1471 1541 -1 3278 1.2443 2 FAT
1471 1542 -1 3278 1.2443 2 FAT
1471 1543 -1 3278 1.2443 2 FAT
1471 1544 -1 3278 1.2443 2 FAT
1471 1545 -1 3621 1.2466 2 FAT
1471 1546 -1 3984 1.2566 2 FAT
1471 1547 -1 4184 1.2607 0 FAT
1471 1548 -1 4478 1.2646 0 FAT
1471 1549 -1 4888 1.2742 0 FAT
1471 1550 -1 4701 1.2737 0 FAT
1471 1551 -1 4930 1.2762 0 FAT
1471 1552 -1 4703 1.2711 0 FAT
1471 1553 -1 4632 1.2658 0 FAT
1471 1554 -1 3205 1.2650 2 FAT
1471 1555 -1 3205 1.2650 2 FAT
1471 1556 -1 3205 1.2650 2 FAT
1471 1557 -1 3205 1.2650 2 FAT
1471 1558 -1 3205 1.2650 2 FAT
1471 1559 -1 3205 1.2650 2 FAT
1471 1560 -1 3205 1.2650 2 FAT
1471 1561 -1 3205 1.2650 2 FAT
1471 1562 -1 3205 1.2650 2 FAT
1471 1563 -1 3510 1.2646 2 FAT
1471 1564 -1 3767 1.2692 2 FAT
1471 1565 -1 4076 1.2756 2 FAT
1471 1566 -1 4274 1.2784 0 FAT
1471 1567 -1 4274 1.2784 0 FAT
1471 1568 -1 4274 1.2784 0 FAT
1471 1569 -1 4274 1.2784 0 FAT
1471 1570 -1 4274 1.2784 0 FAT
1471 1571 -1 4274 1.2784 0 FAT
1471 1572 -1 4274 1.2784 0 FAT
1471 1573 -1 4274 1.2784 0 FAT
1471 1574 -1 4274 1.2784 0 FAT
1471 1575 -1 4274 1.2784 0 FAT
1471 1576 -1 4274 1.2784 0 FAT
1471 1577 -1 4274 1.2784 0 FAT
1471 1578 -1 4274 1.2784 0 FAT
1471 1579 -1 4274 1.2784 0 FAT
1471 1580 -1 4274 1.2784 0 FAT
1471 1581 -1 4274 1.2784 0 FAT
1471 1582 -1 4274 1.2784 0 FAT
1471 1583 -1 4274 1.2784 0 FAT
1471 1584 -1 4274 1.2784 0 FAT
1471 1585 -1 4274 1.2784 0 FAT
1471 1586 -1 4274 1.2784 0 FAT
1471 1587 -1 4274 1.2784 0 FAT
1471 1588 -1 4274 1.2784 0 FAT
1471 1589 -1 4274 1.2784 0 FAT
1471 1590 -1 4274 1.2784 0 FAT
1471 1591 -1 4274 1.2784 0 FAT
1471 1592 -1 4274 1.2784 0 FAT
1471 1593 -1 4274 1.2784 0 FAT
1471 1594 -1 4274 1.2784 0 FAT
1471 1595 -1 4274 1.2784 0 FAT
1471 1596 -1 4274 1.2784 0 FAT
1471 1597 -1 4274 1.2784 0 FAT
1471 1598 -1 5176 1.2782 0 FAT
1471 1599 -1 5837 1.2851 0 FAT
1471 1600 -1 6010 1.2871 0 FAT
1471 1601 -1 6353 1.2907 0 FAT
1471 1602 -1 6742 1.2960 0 FAT
1471 1603 -1 6989 1.2981 0 FAT
1471 1604 -1 7024 1.2975 0 FAT
1471 1605 -1 6592 1.2925 0 FAT
1471 1606 -1 6569 1.2908 0 FAT
1471 1607 -1 6869 1.2952 0 FAT
1471 1608 -1 6789 1.2934 0 FAT
1471 1609 -1 6528 1.2887 0 FAT
1471 1610 -1 6127 1.2853 0 FAT
1471 1611 -1 6002 1.2828 0 FAT
1471 1612 -1 5458 1.2797 0 FAT
1471 1613 -1 5458 1.2797 0 FAT
1471 1614 -1 5458 1.2797 0 FAT
1471 1615 -1 5458 1.2797 0 FAT
1471 1616 -1 5232 1.2746 0 FAT
1471 1617 -1 5658 1.2744 0 FAT
1471 1618 -1 5867 1.2782 0 FAT
1471 1619 -1 5233 1.2794 0 FAT
1471 1620 -1 5269 1.2800 0 FAT
1471 1621 -1 5269 1.2800 0 FAT
1471 1622 -1 5676 1.2834 0 FAT
1471 1623 -1 5823 1.2856 0 FAT
1471 1624 -1 6293 1.2912 0 FAT
1471 1625 -1 6591 1.2951 0 FAT
1471 1626 -1 6608 1.2956 0 FAT
1471 1627 -1 6911 1.2977 0 FAT
1471 1628 -1 7217 1.3005 0 FAT
1471 1629 -1 7308 1.3025 0 FAT
1471 1630 -1 7308 1.3025 0 FAT
1471 1631 -1 7308 1.3025 0 FAT
1471 1632 -1 7204 1.3011 0 FAT
1471 1633 -1 6876 1.2969 0 FAT
1471 1634 -1 6651 1.2956 0 FAT
1471 1635 -1 7095 1.2959 0 FAT
1471 1636 -1 6874 1.2973 0 FAT
1471 1637 -1 6874 1.2973 0 FAT
1471 1638 -1 7276 1.3005 0 FAT
1471 1639 -1 7657 1.3049 0 FAT
1471 1640 -1 7556 1.3034 0 FAT
1471 1641 -1 7331 1.3024 0 FAT
1471 1642 -1 7045 1.2992 0 FAT
1471 1643 -1 6618 1.2944 0 FAT
1471 1644 -1 6413 1.2916 0 FAT
1471 1645 -1 6034 1.2894 0 FAT
1471 1646 -1 6034 1.2894 0 FAT
1471 1647 -1 5905 1.2879 0 FAT
1471 1648 -1 5674 1.2854 0 FAT
1471 1649 -1 5314 1.2786 0 FAT
1471 1650 -1 4705 1.2774 0 FAT
1471 1651 -1 4705 1.2774 0 FAT
1471 1652 -1 4705 1.2774 0 FAT
1471 1653 -1 4705 1.2774 0 FAT
1471 1654 -1 4705 1.2774 0 FAT
1471 1655 -1 4705 1.2774 0 FAT
1471 1656 -1 4705 1.2774 0 FAT
1471 1657 -1 4705 1.2774 0 FAT
1471 1658 -1 4705 1.2774 0 FAT
1471 1659 -1 4495 1.2747 0 FAT
1471 1660 -1 4889 1.2684 0 FAT
1471 1661 -1 5080 1.2728 0 FAT
1471 1662 -1 5080 1.2728 0 FAT
1471 1663 -1 5406 1.2742 0 FAT
1471 1664 -1 5502 1.2790 0 FAT
1471 1665 -1 5114 1.2715 0 FAT
1471 1666 -1 4637 1.2644 0 FAT
1471 1667 -1 4637 1.2644 0 FAT
1471 1668 -1 4395 1.2601 0 FAT
1471 1669 -1 3381 1.2602 2 FAT
1471 1670 -1 3664 1.2602 2 FAT
1471 1671 -1 3957 1.2667 2 FAT
1471 1672 -1 3957 1.2667 2 FAT
1471 1673 -1 4223 1.2699 0 FAT
1471 1674 -1 4552 1.2767 0 FAT
1471 1675 -1 4778 1.2807 0 FAT
1471 1676 -1 4986 1.2824 0 FAT
1471 1677 -1 5272 1.2863 0 FAT
1471 1678 -1 5355 1.2883 0 FAT
1471 1679 -1 5355 1.2883 0 FAT
1471 1680 -1 5355 1.2883 0 FAT
1471 1681 -1 5355 1.2883 0 FAT
1471 1682 -1 5871 1.2917 0 FAT
1471 1683 -1 6095 1.2934 0 FAT
1471 1684 -1 6408 1.2970 0 FAT
1471 1685 -1 6642 1.2992 0 FAT
1471 1686 -1 6977 1.3043 0 FAT
1471 1687 -1 6977 1.3043 0 FAT
1471 1688 -1 6977 1.3043 0 FAT
1471 1689 -1 6977 1.3043 0 FAT
1471 1690 -1 6977 1.3043 0 FAT
1471 1691 -1 6977 1.3043 0 FAT
1471 1692 -1 6977 1.3043 0 FAT
1471 1693 -1 6977 1.3043 0 FAT
1471 1694 -1 6977 1.3043 0 FAT
1471 1695 -1 6977 1.3043 0 FAT
1471 1696 -1 6977 1.3043 0 FAT
1471 1697 -1 6977 1.3043 0 FAT
1471 1698 -1 6977 1.3043 0 FAT
1471 1699 -1 6977 1.3043 0 FAT
1471 1700 -1 6911 1.3032 0 FAT
1471 1701 -1 6640 1.3011 0 FAT
1471 1702 -1 6299 1.2965 0 FAT
1471 1703 -1 5981 1.2920 0 FAT
1471 1704 -1 5456 1.2918 0 FAT
1471 1705 -1 5456 1.2918 0 FAT
1471 1706 -1 5456 1.2918 0 FAT
1471 1707 -1 5456 1.2918 0 FAT
1471 1708 -1 5456 1.2918 0 FAT
1471 1709 -1 5456 1.2918 0 FAT
1471 1710 -1 5456 1.2918 0 FAT
1471 1711 -1 5456 1.2918 0 FAT
1471 1712 -1 5456 1.2918 0 FAT
1471 1713 -1 5137 1.2869 0 FAT
1471 1714 -1 4976 1.2864 0 FAT
1471 1715 -1 4976 1.2864 0 FAT
1471 1716 -1 4798 1.2841 0 FAT
1471 1717 -1 4666 1.2818 0 FAT
1471 1718 -1 4405 1.2772 0 FAT
1471 1719 -1 4012 1.2716 2 FAT
1471 1720 -1 4012 1.2716 2 FAT
1471 1721 -1 3891 1.2701 2 FAT
1471 1722 -1 3607 1.2634 2 FAT
1471 1723 -1 3319 1.2578 2 FAT
1471 1724 -1 3109 1.2578 2 FAT
1471 1725 -1 3109 1.2578 2 FAT
1471 1726 -1 3109 1.2578 2 FAT
1471 1727 -1 3109 1.2578 2 FAT
1471 1728 -1 3109 1.2578 2 FAT
1471 1729 -1 3031 1.2547 2 FAT
1471 1730 -1 2899 1.2550 2 FAT
1471 1731 -1 2813 1.2544 2 FAT
1471 1732 -1 2639 1.2478 2 FAT
1471 1733 -1 2288 1.2385 2 FAT
1471 1734 -1 2288 1.2385 2 FAT
1471 1735 -1 2033 1.2290 2 FAT
1471 1736 -1 1718 1.2204 2 FAT
1471 1737 -1 1718 1.2204 2 FAT
1471 1738 -1 1718 1.2204 2 FAT
1471 1739 -1 1455 1.2206 2 FAT
1471 1740 -1 1455 1.2206 2 FAT
1471 1741 -1 1455 1.2206 2 FAT
1471 1742 -1 1455 1.2206 2 FAT
1471 1743 -1 1455 1.2206 2 FAT
1471 1744 -1 1455 1.2206 2 FAT
1471 1745 -1 1455 1.2206 2 FAT
1471 1746 -1 1455 1.2206 2 FAT
1471 1747 -1 1455 1.2206 2 FAT
1471 1748 -1 1455 1.2206 2 FAT
1471 1749 -1 1455 1.2206 2 FAT
1471 1750 -1 1455 1.2206 2 FAT
1471 1751 -1 1455 1.2206 2 FAT
1471 1752 -1 1455 1.2206 2 FAT
1471 1753 -1 1455 1.2206 2 FAT
1471 1754 -1 1455 1.2206 2 FAT
1471 1755 -1 1455 1.2206 2 FAT
1471 1756 -1 1455 1.2206 2 FAT
1471 1757 -1 870 1.2207 2 FAT
1471 1758 -1 870 1.2207 2 FAT
1471 1759 -1 870 1.2207 2 FAT
1471 1760 -1 870 1.2207 2 FAT
1471 1761 -1 870 1.2207 2 FAT
1471 1762 -1 870 1.2207 2 FAT
1471 1763 -1 870 1.2207 2 FAT
1471 1764 -1 870 1.2207 2 FAT
1471 1765 -1 870 1.2207 2 FAT
1471 1766 -1 870 1.2207 2 FAT
1471 1767 -1 1192 1.2208 2 FAT
1471 1768 -1 1192 1.2208 2 FAT
1471 1769 -1 1192 1.2208 2 FAT
1471 1770 -1 1192 1.2208 2 FAT
1471 1771 -1 1192 1.2208 2 FAT
1471 1772 -1 1192 1.2208 2 FAT
1471 1773 -1 1192 1.2208 2 FAT
1471 1774 -1 1192 1.2208 2 FAT
1471 1775 -1 1192 1.2208 2 FAT
1471 1776 -1 1192 1.2208 2 FAT
1471 1777 -1 1192 1.2208 2 FAT
1471 1778 -1 1192 1.2208 2 FAT
1471 1779 -1 1192 1.2208 2 FAT
1471 1780 -1 1192 1.2208 2 FAT
1471 1781 -1 1192 1.2208 2 FAT
1471 1782 -1 1192 1.2208 2 FAT
1471 1783 -1 1192 1.2208 2 FAT
1471 1784 -1 1192 1.2208 2 FAT
1471 1785 -1 1192 1.2208 2 FAT
1471 1786 -1 1369 1.2211 2 FAT
1471 1787 -1 1369 1.2211 2 FAT
1471 1788 -1 1369 1.2211 2 FAT
1471 1789 -1 1369 1.2211 2 FAT
1471 1790 -1 1369 1.2211 2 FAT
1471 1791 -1 1466 1.2212 2 FAT
1471 1792 -1 1519 1.2212 2 FAT
1471 1793 -1 1741 1.2311 2 FAT
1471 1794 -1 1886 1.2395 2 FAT
1471 1795 -1 1957 1.2394 2 FAT
1471 1796 -1 2197 1.2507 2 FAT
1471 1797 -1 2275 1.2508 2 FAT
1471 1798 -1 2318 1.2533 2 FAT
1471 1799 -1 2318 1.2533 2 FAT
1471 1800 -1 2318 1.2533 2 FAT
1471 1801 -1 2424 1.2535 2 FAT
1471 1802 -1 2518 1.2535 2 FAT
1471 1803 -1 2777 1.2637 2 FAT
1471 1804 -1 2877 1.2647 2 FAT
1471 1805 -1 3041 1.2699 2 FAT
1471 1806 -1 3143 1.2714 2 FAT
1471 1807 -1 3143 1.2714 2 FAT
1471 1808 -1 3239 1.2714 2 FAT
1471 1809 -1 3441 1.2750 2 FAT
1471 1810 -1 3510 1.2768 2 FAT
1471 1811 -1 3510 1.2768 2 FAT
1471 1812 -1 3510 1.2768 2 FAT
1471 1813 -1 3510 1.2768 2 FAT
1471 1814 -1 3510 1.2768 2 FAT
1471 1815 -1 3510 1.2768 2 FAT
1471 1816 -1 3510 1.2768 2 FAT
1471 1817 -1 3510 1.2768 2 FAT
1471 1818 -1 3510 1.2768 2 FAT
1471 1819 -1 3510 1.2768 2 FAT
1471 1820 -1 3510 1.2768 2 FAT
1471 1821 -1 3510 1.2768 2 FAT
1471 1822 -1 3510 1.2768 2 FAT
1471 1823 -1 3809 1.2764 2 FAT
1471 1824 -1 3809 1.2764 2 FAT
1471 1825 -1 3954 1.2763 2 FAT
1471 1826 -1 4240 1.2805 0 FAT
1471 1827 -1 4382 1.2842 0 FAT
1471 1828 -1 4662 1.2882 0 FAT
1471 1829 -1 4858 1.2909 0 FAT
1471 1830 -1 4858 1.2909 0 FAT
1471 1831 -1 4858 1.2909 0 FAT
1471 1832 -1 5092 1.2908 0 FAT
1471 1833 -1 5301 1.2950 0 FAT
1471 1834 -1 5532 1.2981 0 FAT
1471 1835 -1 5669 1.3001 0 FAT
1471 1836 -1 5669 1.3001 0 FAT
1471 1837 -1 6009 1.3033 0 FAT
1471 1838 -1 6182 1.3058 0 FAT
1471 1839 -1 6182 1.3058 0 FAT
1471 1840 -1 6182 1.3058 0 FAT
1471 1841 -1 6182 1.3058 0 FAT
1471 1842 -1 6182 1.3058 0 FAT
1471 1843 -1 6182 1.3058 0 FAT
1471 1844 -1 6182 1.3058 0 FAT
1471 1845 -1 6182 1.3058 0 FAT
1471 1846 -1 6182 1.3058 0 FAT
1471 1847 -1 6522 1.3061 0 FAT
1471 1848 -1 6914 1.3078 0 FAT
1471 1849 -1 7149 1.3104 0 FAT
1471 1850 -1 7430 1.3142 0 FAT
1471 1851 -1 7452 1.3144 0 FAT
1471 1852 -1 7674 1.3147 0 FAT
1471 1853 -1 7940 1.3181 0 FAT
1471 1854 -1 8147 1.3206 0 FAT
1471 1855 -1 8349 1.3214 0 FAT
1471 1856 -1 8646 1.3246 0 FAT
1471 1857 -1 8651 1.3247 0 FAT
1471 1858 -1 8651 1.3247 0 FAT
1471 1859 -1 8651 1.3247 0 FAT
1471 1860 -1 8651 1.3247 0 FAT
1471 1861 -1 8651 1.3247 0 FAT
1471 1862 -1 8651 1.3247 0 FAT
1471 1863 -1 8651 1.3247 0 FAT
1471 1864 -1 8651 1.3247 0 FAT
1471 1865 -1 8651 1.3247 0 FAT
1471 1866 -1 8651 1.3247 0 FAT
1471 1867 -1 8651 1.3247 0 FAT
1471 1868 -1 8651 1.3247 0 FAT
1471 1869 -1 8651 1.3247 0 FAT
1471 1870 -1 8651 1.3247 0 FAT
1471 1871 -1 8651 1.3247 0 FAT
1471 1872 -1 8651 1.3247 0 FAT
1471 1873 -1 8651 1.3247 0 FAT
1471 1874 -1 8651 1.3247 0 FAT
1471 1875 -1 8651 1.3247 0 FAT
1471 1876 -1 8651 1.3247 0 FAT
1471 1877 -1 8651 1.3247 0 FAT
1471 1878 -1 8651 1.3247 0 FAT
1471 1879 -1 8651 1.3247 0 FAT
1471 1880 -1 8651 1.3247 0 FAT
1471 1881 -1 8651 1.3247 0 FAT
1471 1882 -1 8651 1.3247 0 FAT
1471 1883 -1 8651 1.3247 0 FAT
1471 1884 -1 8651 1.3247 0 FAT
1471 1885 -1 8651 1.3247 0 FAT
1471 1886 -1 8651 1.3247 0 FAT
1471 1887 -1 8651 1.3247 0 FAT
1471 1888 -1 8651 1.3247 0 FAT
1471 1889 -1 8651 1.3247 0 FAT
1471 1890 -1 8651 1.3247 0 FAT
1471 1891 -1 8651 1.3247 0 FAT
1471 1892 -1 8651 1.3247 0 FAT
1471 1893 -1 8651 1.3247 0 FAT
1471 1894 -1 8651 1.3247 0 FAT
1471 1895 -1 8534 1.3235 0 FAT
1471 1896 -1 8323 1.3219 0 FAT
1471 1897 -1 8048 1.3185 0 FAT
1471 1898 -1 7754 1.3173 0 FAT
1471 1899 -1 7754 1.3173 0 FAT
1471 1900 -1 7525 1.3147 0 FAT
1471 1901 -1 7122 1.3110 0 FAT
1471 1902 -1 7122 1.3110 0 FAT
1471 1903 -1 6845 1.3072 0 FAT
1471 1904 -1 6325 1.3058 0 FAT
1471 1905 -1 6325 1.3058 0 FAT
1471 1906 -1 8428 1.3062 0 FAT
1471 1907 -1 8791 1.3093 0 FAT
1471 1908 -1 9143 1.3126 0 FAT
1471 1909 -1 9343 1.3145 0 FAT
1471 1910 -1 9244 1.3128 0 FAT
1471 1911 -1 8892 1.3093 0 FAT
1471 1912 -1 9181 1.3113 0 FAT
1471 1913 -1 9322 1.3124 0 FAT
1471 1914 -1 9234 1.3123 0 FAT
1471 1915 -1 8988 1.3093 0 FAT
1471 1916 -1 8749 1.3105 0 FAT
1471 1917 -1 9122 1.3145 0 FAT
1471 1918 -1 9221 1.3154 0 FAT
1471 1919 -1 9547 1.3172 0 FAT
1471 1920 -1 9434 1.3163 0 FAT
1471 1921 -1 9027 1.3132 0 FAT
1471 1922 -1 8781 1.3102 0 FAT
1471 1923 -1 8421 1.3063 0 FAT
1471 1924 -1 7896 1.3037 0 FAT
1471 1925 -1 7896 1.3037 0 FAT
1471 1926 -1 7896 1.3037 0 FAT
1471 1927 -1 7544 1.3000 0 FAT
1471 1928 -1 7107 1.3005 0 FAT
1471 1929 -1 7455 1.3059 0 FAT
1471 1930 -1 7616 1.3077 0 FAT
1471 1931 -1 7616 1.3077 0 FAT
1471 1932 -1 8090 1.3111 0 FAT
1471 1933 -1 8421 1.3147 0 FAT
1471 1934 -1 8421 1.3147 0 FAT
1471 1935 -1 8914 1.3178 0 FAT
1471 1936 -1 9147 1.3189 0 FAT
1471 1937 -1 9308 1.3208 0 FAT
1471 1938 -1 9308 1.3208 0 FAT
1471 1939 -1 9308 1.3208 0 FAT
1471 1940 -1 9308 1.3208 0 FAT
1471 1941 -1 9308 1.3208 0 FAT
1471 1942 -1 9308 1.3208 0 FAT
1471 1943 -1 10166 1.3232 0 FAT
1471 1944 -1 10303 1.3244 0 FAT
1471 1945 -1 10666 1.3258 0 FAT
1471 1946 -1 10925 1.3283 0 FAT
1471 1947 -1 11318 1.3306 0 FAT
1471 1948 -1 11468 1.3319 0 FAT
1471 1949 -1 11092 1.3299 0 FAT
1471 1950 -1 10956 1.3287 0 FAT
1471 1951 -1 10601 1.3258 0 FAT
1471 1952 -1 10520 1.3247 0 FAT
1471 1953 -1 10751 1.3270 0 FAT
1471 1954 -1 11147 1.3294 0 FAT
1471 1955 -1 11484 1.3321 0 FAT
1471 1956 -1 11342 1.3319 0 FAT
1471 1957 -1 11183 1.3304 0 FAT
1471 1958 -1 10858 1.3281 0 FAT
1471 1959 -1 10505 1.3244 0 FAT
1471 1960 -1 10143 1.3240 0 FAT
1471 1961 -1 10143 1.3240 0 FAT
1471 1962 -1 9876 1.3218 0 FAT
1471 1963 -1 9590 1.3189 0 FAT
1471 1964 -1 9333 1.3161 0 FAT
1471 1965 -1 9049 1.3155 0 FAT
1471 1966 -1 8974 1.3146 0 FAT
1471 1967 -1 8649 1.3115 0 FAT
1471 1968 -1 7506 1.3087 0 FAT
1471 1969 -1 7506 1.3087 0 FAT
1471 1970 -1 7506 1.3087 0 FAT
1471 1971 -1 7506 1.3087 0 FAT
1471 1972 -1 7506 1.3087 0 FAT
1471 1973 -1 7506 1.3087 0 FAT
1471 1974 -1 7506 1.3087 0 FAT
1471 1975 -1 7506 1.3087 0 FAT
1471 1976 -1 7506 1.3087 0 FAT
1471 1977 -1 7506 1.3087 0 FAT
1471 1978 -1 7506 1.3087 0 FAT
1471 1979 -1 7506 1.3087 0 FAT
1471 1980 -1 7506 1.3087 0 FAT
1471 1981 -1 7506 1.3087 0 FAT
1471 1982 -1 7256 1.3056 0 FAT
1471 1983 -1 6847 1.3030 0 FAT
1471 1984 -1 6847 1.3030 0 FAT
1471 1985 -1 6847 1.3030 0 FAT
1471 1986 -1 6624 1.3004 0 FAT
1471 1987 -1 6323 1.2954 0 FAT
1471 1988 -1 7734 1.2978 0 FAT
1471 1989 -1 8011 1.2996 0 FAT
1471 1990 -1 8117 1.3011 0 FAT
1471 1991 -1 7539 1.2959 0 FAT
1471 1992 -1 7539 1.2959 0 FAT
1471 1993 -1 7164 1.2904 0 FAT
1471 1994 -1 6905 1.2875 0 FAT
1471 1995 -1 6195 1.2872 0 FAT
1471 1996 -1 6757 1.2883 0 FAT
1471 1997 -1 6855 1.2902 0 FAT
1471 1998 -1 7245 1.2936 0 FAT
1471 1999 -1 7488 1.2975 0 FAT
1471 2000 -1 7945 1.3029 0 FAT
1471 2001 -1 8267 1.3065 0 FAT
1471 2002 -1 8414 1.3076 0 FAT
1471 2003 -1 8356 1.3068 0 FAT
1471 2004 -1 7975 1.3052 0 FAT
1471 2005 -1 7975 1.3052 0 FAT
1471 2006 -1 8139 1.3033 0 FAT
1471 2007 -1 8129 1.3039 0 FAT
1471 2008 -1 8361 1.3069 0 FAT
1471 2009 -1 8224 1.3050 0 FAT
1471 2010 -1 8051 1.3027 0 FAT
1471 2011 -1 7719 1.2985 0 FAT
1471 2012 -1 7544 1.2976 0 FAT
1471 2013 -1 7919 1.3027 0 FAT
1471 2014 -1 8244 1.3070 0 FAT
1471 2015 -1 8244 1.3070 0 FAT
1471 2016 -1 8657 1.3082 0 FAT
1471 2017 -1 9012 1.3125 0 FAT
1471 2018 -1 8863 1.3128 0 FAT
1471 2019 -1 8540 1.3095 0 FAT
1471 2020 -1 8293 1.3075 0 FAT
1471 2021 -1 7888 1.3030 0 FAT
1471 2022 -1 7599 1.2994 0 FAT
1471 2023 -1 7034 1.2965 0 FAT
1471 2024 -1 4821 1.2963 0 FAT
1471 2025 -1 4821 1.2963 0 FAT
1471 2026 -1 4821 1.2963 0 FAT
1471 2027 -1 4821 1.2963 0 FAT
1471 2028 -1 4821 1.2963 0 FAT
1471 2029 -1 4821 1.2963 0 FAT
1471 2030 -1 4821 1.2963 0 FAT
1471 2031 -1 4821 1.2963 0 FAT
1471 2032 -1 4821 1.2963 0 FAT
1471 2033 -1 4821 1.2963 0 FAT
1471 2034 -1 4821 1.2963 0 FAT
1471 2035 -1 4821 1.2963 0 FAT
1471 2036 -1 4821 1.2963 0 FAT
1471 2037 -1 4821 1.2963 0 FAT
1471 2038 -1 5426 1.2964 0 FAT
1471 2039 -1 5426 1.2964 0 FAT
1471 2040 -1 5426 1.2964 0 FAT
1471 2041 -1 5641 1.2963 0 FAT
1471 2042 -1 5911 1.2999 0 FAT
1471 2043 -1 6133 1.3027 0 FAT
1471 2044 -1 6380 1.3056 0 FAT
1471 2045 -1 6440 1.3065 0 FAT
1471 2046 -1 6440 1.3065 0 FAT
1471 2047 -1 6619 1.3065 0 FAT
1471 2048 -1 6903 1.3089 0 FAT
1471 2049 -1 7173 1.3130 0 FAT
1471 2050 -1 7214 1.3135 0 FAT
1471 2051 -1 7354 1.3137 0 FAT
1471 2052 -1 7686 1.3171 0 FAT
1471 2053 -1 7782 1.3185 0 FAT
1471 2054 -1 8047 1.3200 0 FAT
1471 2055 -1 8195 1.3222 0 FAT
1471 2056 -1 8495 1.3247 0 FAT
1471 2057 -1 8495 1.3247 0 FAT
1471 2058 -1 8495 1.3247 0 FAT
1471 2059 -1 8495 1.3247 0 FAT
1471 2060 -1 8495 1.3247 0 FAT
1471 2061 -1 8495 1.3247 0 FAT
1471 2062 -1 8495 1.3247 0 FAT
1471 2063 -1 8495 1.3247 0 FAT
1471 2064 -1 8495 1.3247 0 FAT
1471 2065 -1 8495 1.3247 0 FAT
1471 2066 -1 8495 1.3247 0 FAT
1471 2067 -1 8495 1.3247 0 FAT
1471 2068 -1 8495 1.3247 0 FAT
1471 2069 -1 8495 1.3247 0 FAT
1471 2070 -1 9171 1.3247 0 FAT
1471 2071 -1 9610 1.3264 0 FAT
1471 2072 -1 9888 1.3286 0 FAT
1471 2073 -1 10086 1.3308 0 FAT
1471 2074 -1 10086 1.3308 0 FAT
1471 2075 -1 10485 1.3322 0 FAT
1471 2076 -1 10751 1.3350 0 FAT
1471 2077 -1 10883 1.3351 0 FAT
1471 2078 -1 11232 1.3381 0 FAT
1471 2079 -1 11452 1.3389 0 FAT
1471 2080 -1 11710 1.3406 0 FAT
1471 2081 -1 11992 1.3426 0 FAT
1471 2082 -1 11992 1.3426 0 FAT
1471 2083 -1 11992 1.3426 0 FAT
1471 2084 -1 11992 1.3426 0 FAT
1471 2085 -1 11992 1.3426 0 FAT
1471 2086 -1 11992 1.3426 0 FAT
1471 2087 -1 11992 1.3426 0 FAT
1471 2088 -1 11992 1.3426 0 FAT
1471 2089 -1 11992 1.3426 0 FAT
1471 2090 -1 12622 1.3426 0 FAT
1471 2091 -1 13188 1.3449 0 FAT
1471 2092 -1 13356 1.3463 0 FAT
1471 2093 -1 13677 1.3472 0 FAT
1471 2094 -1 13882 1.3489 0 FAT
1471 2095 -1 14254 1.3508 0 FAT
1471 2096 -1 14513 1.3521 0 FAT
1471 2097 -1 14819 1.3537 0 FAT
1471 2098 -1 14907 1.3543 0 FAT
1471 2099 -1 14907 1.3543 0 FAT
1471 2100 -1 14907 1.3543 0 FAT
1471 2101 -1 14907 1.3543 0 FAT
1471 2102 -1 14907 1.3543 0 FAT
1471 2103 -1 14907 1.3543 0 FAT
1471 2104 -1 15982 1.3567 0 FAT
1471 2105 -1 16061 1.3563 0 FAT
1471 2106 -1 16081 1.3565 0 FAT
1471 2107 -1 15815 1.3564 0 FAT
1471 2108 -1 16141 1.3583 0 FAT
1471 2109 -1 15973 1.3574 0 FAT
1471 2110 -1 15438 1.3552 0 FAT
1471 2111 -1 15438 1.3552 0 FAT
1471 2112 -1 15579 1.3533 0 FAT
1471 2113 -1 15763 1.3539 0 FAT
1471 2114 -1 15775 1.3544 0 FAT
1471 2115 -1 15792 1.3547 0 FAT
1471 2116 -1 14553 1.3528 0 FAT
1471 2117 -1 14553 1.3528 0 FAT
1471 2118 -1 15050 1.3538 0 FAT
1471 2119 -1 15360 1.3553 0 FAT
1471 2120 -1 15614 1.3570 0 FAT
1471 2121 -1 15614 1.3570 0 FAT
1471 2122 -1 16101 1.3583 0 FAT
1471 2123 -1 16370 1.3600 0 FAT
1471 2124 -1 16612 1.3603 0 FAT
1471 2125 -1 16765 1.3613 0 FAT
1471 2126 -1 16631 1.3608 0 FAT
1471 2127 -1 16824 1.3614 0 FAT
1471 2128 -1 16695 1.3612 0 FAT
1471 2129 -1 16885 1.3619 0 FAT
# row j=1471 L=0.408611 n=2130 KILL=0 CYCLE=0 FAT=2130 CAP=0 certified=0 lambda[1.0379,1.3619]
1472 0 -1 17091 1.3634 0 FAT
1472 1 -1 17067 1.3627 0 FAT
1472 2 -1 16923 1.3620 0 FAT
1472 3 -1 17048 1.3622 0 FAT
1472 4 -1 16903 1.3622 0 FAT
1472 5 -1 16612 1.3603 0 FAT
1472 6 -1 16370 1.3600 0 FAT
1472 7 -1 16101 1.3583 0 FAT
1472 8 -1 15614 1.3570 0 FAT
1472 9 -1 15614 1.3570 0 FAT
1472 10 -1 15360 1.3553 0 FAT
1472 11 -1 15050 1.3538 0 FAT
1472 12 -1 14553 1.3528 0 FAT
1472 13 -1 15798 1.3548 0 FAT
1472 14 -1 16148 1.3566 0 FAT
1472 15 -1 16077 1.3557 0 FAT
1472 16 -1 15851 1.3547 0 FAT
1472 17 -1 16075 1.3558 0 FAT
1472 18 -1 15438 1.3552 0 FAT
1472 19 -1 15973 1.3574 0 FAT
1472 20 -1 16141 1.3583 0 FAT
1472 21 -1 16141 1.3583 0 FAT
1472 22 -1 16389 1.3582 0 FAT
1472 23 -1 16387 1.3579 0 FAT
1472 24 -1 16224 1.3574 0 FAT
1472 25 -1 15982 1.3567 0 FAT
1472 26 -1 14907 1.3543 0 FAT
1472 27 -1 14907 1.3543 0 FAT
1472 28 -1 14907 1.3543 0 FAT
1472 29 -1 14907 1.3543 0 FAT
1472 30 -1 14907 1.3543 0 FAT
1472 31 -1 14907 1.3543 0 FAT
1472 32 -1 14819 1.3537 0 FAT
1472 33 -1 14513 1.3521 0 FAT
1472 34 -1 14254 1.3508 0 FAT
1472 35 -1 13882 1.3489 0 FAT
1472 36 -1 13677 1.3472 0 FAT
1472 37 -1 13356 1.3463 0 FAT
1472 38 -1 13188 1.3449 0 FAT
1472 39 -1 12622 1.3426 0 FAT
1472 40 -1 11992 1.3426 0 FAT
1472 41 -1 11992 1.3426 0 FAT
1472 42 -1 11992 1.3426 0 FAT
1472 43 -1 11992 1.3426 0 FAT
1472 44 -1 11992 1.3426 0 FAT
1472 45 -1 11992 1.3426 0 FAT
1472 46 -1 11992 1.3426 0 FAT
1472 47 -1 11992 1.3426 0 FAT
1472 48 -1 11992 1.3426 0 FAT
1472 49 -1 11710 1.3406 0 FAT
1472 50 -1 11452 1.3389 0 FAT
1472 51 -1 11232 1.3381 0 FAT
1472 52 -1 10883 1.3351 0 FAT
1472 53 -1 10751 1.3350 0 FAT
1472 54 -1 10486 1.3322 0 FAT
1472 55 -1 10086 1.3308 0 FAT
1472 56 -1 10086 1.3308 0 FAT
1472 57 -1 9888 1.3286 0 FAT
1472 58 -1 9610 1.3264 0 FAT
1472 59 -1 9171 1.3247 0 FAT
1472 60 -1 8495 1.3247 0 FAT
1472 61 -1 8495 1.3247 0 FAT
1472 62 -1 8495 1.3247 0 FAT
1472 63 -1 8495 1.3247 0 FAT
1472 64 -1 8495 1.3247 0 FAT
1472 65 -1 8495 1.3247 0 FAT
1472 66 -1 8495 1.3247 0 FAT
1472 67 -1 8495 1.3247 0 FAT
1472 68 -1 8495 1.3247 0 FAT
1472 69 -1 8495 1.3247 0 FAT
1472 70 -1 8495 1.3247 0 FAT
1472 71 -1 8495 1.3247 0 FAT
1472 72 -1 8495 1.3247 0 FAT
1472 73 -1 8495 1.3247 0 FAT
1472 74 -1 8195 1.3222 0 FAT
1472 75 -1 8047 1.3200 0 FAT
1472 76 -1 7782 1.3185 0 FAT
1472 77 -1 7686 1.3171 0 FAT
1472 78 -1 7354 1.3137 0 FAT
1472 79 -1 7214 1.3135 0 FAT
1472 80 -1 7173 1.3130 0 FAT
1472 81 -1 6903 1.3089 0 FAT
1472 82 -1 6619 1.3065 0 FAT
1472 83 -1 6440 1.3065 0 FAT
1472 84 -1 6440 1.3065 0 FAT
1472 85 -1 6380 1.3056 0 FAT
1472 86 -1 6133 1.3027 0 FAT
1472 87 -1 5911 1.2999 0 FAT
1472 88 -1 5641 1.2963 0 FAT
1472 89 -1 5426 1.2964 0 FAT
1472 90 -1 5426 1.2964 0 FAT
1472 91 -1 5426 1.2964 0 FAT
1472 92 -1 4821 1.2963 0 FAT
1472 93 -1 4821 1.2963 0 FAT
1472 94 -1 4821 1.2963 0 FAT
1472 95 -1 4821 1.2963 0 FAT
1472 96 -1 4821 1.2963 0 FAT
1472 97 -1 4821 1.2963 0 FAT
1472 98 -1 4821 1.2963 0 FAT
1472 99 -1 4821 1.2963 0 FAT
1472 100 -1 4821 1.2963 0 FAT
1472 101 -1 4821 1.2963 0 FAT
1472 102 -1 4821 1.2963 0 FAT
1472 103 -1 4821 1.2963 0 FAT
1472 104 -1 4821 1.2963 0 FAT
1472 105 -1 7034 1.2965 0 FAT
1472 106 -1 7599 1.2994 0 FAT
1472 107 -1 7888 1.3030 0 FAT
1472 108 -1 8293 1.3075 0 FAT
1472 109 -1 8540 1.3095 0 FAT
1472 110 -1 8863 1.3128 0 FAT
1472 111 -1 9093 1.3136 0 FAT
1472 112 -1 9025 1.3127 0 FAT
1472 113 -1 8657 1.3082 0 FAT
1472 114 -1 8244 1.3070 0 FAT
1472 115 -1 8244 1.3070 0 FAT
1472 116 -1 7919 1.3027 0 FAT
1472 117 -1 8230 1.2999 0 FAT
1472 118 -1 8051 1.3027 0 FAT
1472 119 -1 8224 1.3050 0 FAT
1472 120 -1 8730 1.3106 0 FAT
1472 121 -1 8452 1.3075 0 FAT
1472 122 -1 8603 1.3082 0 FAT
1472 123 -1 8499 1.3069 0 FAT
1472 124 -1 7975 1.3052 0 FAT
1472 125 -1 8356 1.3068 0 FAT
1472 126 -1 8414 1.3076 0 FAT
1472 127 -1 8414 1.3076 0 FAT
1472 128 -1 8267 1.3065 0 FAT
1472 129 -1 7945 1.3029 0 FAT
1472 130 -1 7488 1.2975 0 FAT
1472 131 -1 7245 1.2936 0 FAT
1472 132 -1 6855 1.2902 0 FAT
1472 133 -1 6757 1.2883 0 FAT
1472 134 -1 6905 1.2875 0 FAT
1472 135 -1 7164 1.2904 0 FAT
1472 136 -1 7539 1.2959 0 FAT
1472 137 -1 7539 1.2959 0 FAT
1472 138 -1 8135 1.3016 0 FAT
1472 139 -1 8359 1.3038 0 FAT
1472 140 -1 8011 1.2996 0 FAT
1472 141 -1 8243 1.3007 0 FAT
1472 142 -1 6624 1.3004 0 FAT
1472 143 -1 6847 1.3030 0 FAT
1472 144 -1 6847 1.3030 0 FAT
1472 145 -1 6847 1.3030 0 FAT
1472 146 -1 7256 1.3056 0 FAT
1472 147 -1 7506 1.3087 0 FAT
1472 148 -1 7506 1.3087 0 FAT
1472 149 -1 7506 1.3087 0 FAT
1472 150 -1 7506 1.3087 0 FAT
1472 151 -1 7506 1.3087 0 FAT
1472 152 -1 7506 1.3087 0 FAT
1472 153 -1 7506 1.3087 0 FAT
1472 154 -1 7506 1.3087 0 FAT
1472 155 -1 7506 1.3087 0 FAT
1472 156 -1 7506 1.3087 0 FAT
1472 157 -1 7506 1.3087 0 FAT
1472 158 -1 7506 1.3087 0 FAT
1472 159 -1 7506 1.3087 0 FAT
1472 160 -1 7506 1.3087 0 FAT
1472 161 -1 8649 1.3115 0 FAT
1472 162 -1 8974 1.3146 0 FAT
1472 163 -1 9049 1.3155 0 FAT
1472 164 -1 9333 1.3161 0 FAT
1472 165 -1 9590 1.3189 0 FAT
1472 166 -1 9876 1.3218 0 FAT
1472 167 -1 10143 1.3240 0 FAT
1472 168 -1 10143 1.3240 0 FAT
1472 169 -1 10505 1.3244 0 FAT
1472 170 -1 10858 1.3281 0 FAT
1472 171 -1 11183 1.3304 0 FAT
1472 172 -1 11342 1.3319 0 FAT
1472 173 -1 11745 1.3342 0 FAT
1472 174 -1 11484 1.3321 0 FAT
1472 175 -1 11147 1.3294 0 FAT
1472 176 -1 10751 1.3270 0 FAT
1472 177 -1 11136 1.3264 0 FAT
1472 178 -1 10956 1.3287 0 FAT
1472 179 -1 11092 1.3299 0 FAT
1472 180 -1 11522 1.3325 0 FAT
1472 181 -1 11615 1.3329 0 FAT
1472 182 -1 11318 1.3306 0 FAT
1472 183 -1 10925 1.3283 0 FAT
1472 184 -1 10666 1.3258 0 FAT
1472 185 -1 10303 1.3244 0 FAT
1472 186 -1 10166 1.3232 0 FAT
1472 187 -1 9308 1.3208 0 FAT
1472 188 -1 9308 1.3208 0 FAT
1472 189 -1 9308 1.3208 0 FAT
1472 190 -1 9308 1.3208 0 FAT
1472 191 -1 9308 1.3208 0 FAT
1472 192 -1 9308 1.3208 0 FAT
1472 193 -1 9147 1.3189 0 FAT
1472 194 -1 8914 1.3178 0 FAT
1472 195 -1 8421 1.3147 0 FAT
1472 196 -1 8421 1.3147 0 FAT
1472 197 -1 8090 1.3111 0 FAT
1472 198 -1 7616 1.3077 0 FAT
1472 199 -1 7616 1.3077 0 FAT
1472 200 -1 7455 1.3059 0 FAT
1472 201 -1 8471 1.3010 0 FAT
1472 202 -1 7896 1.3037 0 FAT
1472 203 -1 7896 1.3037 0 FAT
1472 204 -1 7896 1.3037 0 FAT
1472 205 -1 8421 1.3063 0 FAT
1472 206 -1 8781 1.3102 0 FAT
1472 207 -1 9027 1.3132 0 FAT
1472 208 -1 9434 1.3163 0 FAT
1472 209 -1 9547 1.3172 0 FAT
1472 210 -1 9547 1.3172 0 FAT
1472 211 -1 9221 1.3154 0 FAT
1472 212 -1 9122 1.3145 0 FAT
1472 213 -1 9463 1.3126 0 FAT
1472 214 -1 9234 1.3123 0 FAT
1472 215 -1 9654 1.3156 0 FAT
1472 216 -1 9527 1.3147 0 FAT
1472 217 -1 9539 1.3132 0 FAT
1472 218 -1 9244 1.3128 0 FAT
1472 219 -1 9343 1.3145 0 FAT
1472 220 -1 9343 1.3145 0 FAT
1472 221 -1 9143 1.3126 0 FAT
1472 222 -1 8791 1.3093 0 FAT
1472 223 -1 8428 1.3062 0 FAT
1472 224 -1 6325 1.3058 0 FAT
1472 225 -1 6845 1.3072 0 FAT
1472 226 -1 7122 1.3110 0 FAT
1472 227 -1 7122 1.3110 0 FAT
1472 228 -1 7525 1.3147 0 FAT
1472 229 -1 7754 1.3173 0 FAT
1472 230 -1 7754 1.3173 0 FAT
1472 231 -1 8048 1.3185 0 FAT
1472 232 -1 8323 1.3219 0 FAT
1472 233 -1 8534 1.3235 0 FAT
1472 234 -1 8651 1.3247 0 FAT
1472 235 -1 8651 1.3247 0 FAT
1472 236 -1 8651 1.3247 0 FAT
1472 237 -1 8651 1.3247 0 FAT
1472 238 -1 8651 1.3247 0 FAT
1472 239 -1 8651 1.3247 0 FAT
1472 240 -1 8651 1.3247 0 FAT
1472 241 -1 8651 1.3247 0 FAT
1472 242 -1 8651 1.3247 0 FAT
1472 243 -1 8651 1.3247 0 FAT
1472 244 -1 8651 1.3247 0 FAT
1472 245 -1 8651 1.3247 0 FAT
1472 246 -1 8651 1.3247 0 FAT
1472 247 -1 8651 1.3247 0 FAT
1472 248 -1 8651 1.3247 0 FAT
1472 249 -1 8651 1.3247 0 FAT
1472 250 -1 8651 1.3247 0 FAT
1472 251 -1 8651 1.3247 0 FAT
1472 252 -1 8651 1.3247 0 FAT
1472 253 -1 8651 1.3247 0 FAT
1472 254 -1 8651 1.3247 0 FAT
1472 255 -1 8651 1.3247 0 FAT
1472 256 -1 8651 1.3247 0 FAT
1472 257 -1 8651 1.3247 0 FAT
1472 258 -1 8651 1.3247 0 FAT
1472 259 -1 8651 1.3247 0 FAT
1472 260 -1 8651 1.3247 0 FAT
1472 261 -1 8651 1.3247 0 FAT
1472 262 -1 8651 1.3247 0 FAT
1472 263 -1 8651 1.3247 0 FAT
1472 264 -1 8651 1.3247 0 FAT
1472 265 -1 8651 1.3247 0 FAT
1472 266 -1 8651 1.3247 0 FAT
1472 267 -1 8651 1.3247 0 FAT
1472 268 -1 8651 1.3247 0 FAT
1472 269 -1 8651 1.3247 0 FAT
1472 270 -1 8651 1.3247 0 FAT
1472 271 -1 8651 1.3247 0 FAT
1472 272 -1 8651 1.3247 0 FAT
1472 273 -1 8646 1.3246 0 FAT
1472 274 -1 8349 1.3214 0 FAT
1472 275 -1 8147 1.3206 0 FAT
1472 276 -1 7940 1.3181 0 FAT
1472 277 -1 7674 1.3147 0 FAT
1472 278 -1 7452 1.3144 0 FAT
1472 279 -1 7430 1.3142 0 FAT
1472 280 -1 7149 1.3104 0 FAT
1472 281 -1 6914 1.3078 0 FAT
1472 282 -1 6522 1.3061 0 FAT
1472 283 -1 6182 1.3058 0 FAT
1472 284 -1 6182 1.3058 0 FAT
1472 285 -1 6182 1.3058 0 FAT
1472 286 -1 6182 1.3058 0 FAT
1472 287 -1 6182 1.3058 0 FAT
1472 288 -1 6182 1.3058 0 FAT
1472 289 -1 6182 1.3058 0 FAT
1472 290 -1 6182 1.3058 0 FAT
1472 291 -1 6182 1.3058 0 FAT
1472 292 -1 6009 1.3033 0 FAT
1472 293 -1 5669 1.3001 0 FAT
1472 294 -1 5669 1.3001 0 FAT
1472 295 -1 5532 1.2981 0 FAT
1472 296 -1 5301 1.2950 0 FAT
1472 297 -1 5092 1.2908 0 FAT
1472 298 -1 4858 1.2909 0 FAT
1472 299 -1 4858 1.2909 0 FAT
1472 300 -1 4858 1.2909 0 FAT
1472 301 -1 4662 1.2882 0 FAT
1472 302 -1 4382 1.2842 0 FAT
1472 303 -1 4240 1.2805 0 FAT
1472 304 -1 3954 1.2763 2 FAT
1472 305 -1 3809 1.2764 2 FAT
1472 306 -1 3809 1.2764 2 FAT
1472 307 -1 3510 1.2768 2 FAT
1472 308 -1 3510 1.2768 2 FAT
1472 309 -1 3510 1.2768 2 FAT
1472 310 -1 3510 1.2768 2 FAT
1472 311 -1 3510 1.2768 2 FAT
1472 312 -1 3510 1.2768 2 FAT
1472 313 -1 3510 1.2768 2 FAT
1472 314 -1 3510 1.2768 2 FAT
1472 315 -1 3510 1.2768 2 FAT
1472 316 -1 3510 1.2768 2 FAT
1472 317 -1 3510 1.2768 2 FAT
1472 318 -1 3510 1.2768 2 FAT
1472 319 -1 3510 1.2768 2 FAT
1472 320 -1 3441 1.2750 2 FAT
1472 321 -1 3239 1.2714 2 FAT
1472 322 -1 3143 1.2714 2 FAT
1472 323 -1 3143 1.2714 2 FAT
1472 324 -1 3041 1.2699 2 FAT
1472 325 -1 2877 1.2647 2 FAT
1472 326 -1 2777 1.2637 2 FAT
1472 327 -1 2518 1.2535 2 FAT
1472 328 -1 2424 1.2535 2 FAT
1472 329 -1 2318 1.2533 2 FAT
1472 330 -1 2318 1.2533 2 FAT
1472 331 -1 2318 1.2533 2 FAT
1472 332 -1 2275 1.2508 2 FAT
1472 333 -1 2197 1.2507 2 FAT
1472 334 -1 1957 1.2394 2 FAT
1472 335 -1 1886 1.2395 2 FAT
1472 336 -1 1741 1.2311 2 FAT
1472 337 -1 1548 1.2211 2 FAT
1472 338 -1 1466 1.2212 2 FAT
1472 339 -1 1369 1.2211 2 FAT
1472 340 -1 1369 1.2211 2 FAT
1472 341 -1 1369 1.2211 2 FAT
1472 342 -1 1369 1.2211 2 FAT
1472 343 -1 1369 1.2211 2 FAT
1472 344 -1 1192 1.2208 2 FAT
1472 345 -1 1192 1.2208 2 FAT
1472 346 -1 1192 1.2208 2 FAT
1472 347 -1 1192 1.2208 2 FAT
1472 348 -1 1192 1.2208 2 FAT
1472 349 -1 1192 1.2208 2 FAT
1472 350 -1 1192 1.2208 2 FAT
1472 351 -1 1192 1.2208 2 FAT
1472 352 -1 1192 1.2208 2 FAT
1472 353 -1 1192 1.2208 2 FAT
1472 354 -1 1192 1.2208 2 FAT
1472 355 -1 1192 1.2208 2 FAT
1472 356 -1 1192 1.2208 2 FAT
1472 357 -1 1192 1.2208 2 FAT
1472 358 -1 1192 1.2208 2 FAT
1472 359 -1 1192 1.2208 2 FAT
1472 360 -1 1192 1.2208 2 FAT
1472 361 -1 1192 1.2208 2 FAT
1472 362 -1 1192 1.2208 2 FAT
1472 363 -1 870 1.2207 2 FAT
1472 364 -1 870 1.2207 2 FAT
1472 365 -1 870 1.2207 2 FAT
1472 366 -1 870 1.2207 2 FAT
1472 367 -1 870 1.2207 2 FAT
1472 368 -1 870 1.2207 2 FAT
1472 369 -1 870 1.2207 2 FAT
1472 370 -1 870 1.2207 2 FAT
1472 371 -1 870 1.2207 2 FAT
1472 372 -1 1455 1.2206 2 FAT
1472 373 -1 1455 1.2206 2 FAT
1472 374 -1 1455 1.2206 2 FAT
1472 375 -1 1455 1.2206 2 FAT
1472 376 -1 1455 1.2206 2 FAT
1472 377 -1 1455 1.2206 2 FAT
1472 378 -1 1455 1.2206 2 FAT
1472 379 -1 1455 1.2206 2 FAT
1472 380 -1 1455 1.2206 2 FAT
1472 381 -1 1455 1.2206 2 FAT
1472 382 -1 1455 1.2206 2 FAT
1472 383 -1 1455 1.2206 2 FAT
1472 384 -1 1455 1.2206 2 FAT
1472 385 -1 1455 1.2206 2 FAT
1472 386 -1 1455 1.2206 2 FAT
1472 387 -1 1455 1.2206 2 FAT
1472 388 -1 1455 1.2206 2 FAT
1472 389 -1 1455 1.2206 2 FAT
1472 390 -1 1718 1.2204 2 FAT
1472 391 -1 1718 1.2204 2 FAT
1472 392 -1 1718 1.2204 2 FAT
1472 393 -1 2033 1.2290 2 FAT
1472 394 -1 2288 1.2385 2 FAT
1472 395 -1 2288 1.2385 2 FAT
1472 396 -1 2639 1.2478 2 FAT
1472 397 -1 2813 1.2544 2 FAT
1472 398 -1 2899 1.2550 2 FAT
1472 399 -1 3031 1.2547 2 FAT
1472 400 -1 3109 1.2578 2 FAT
1472 401 -1 3109 1.2578 2 FAT
1472 402 -1 3109 1.2578 2 FAT
1472 403 -1 3109 1.2578 2 FAT
1472 404 -1 3109 1.2578 2 FAT
1472 405 -1 3319 1.2578 2 FAT
1472 406 -1 3607 1.2634 2 FAT
1472 407 -1 3891 1.2701 2 FAT
1472 408 -1 4012 1.2716 2 FAT
1472 409 -1 4012 1.2716 2 FAT
1472 410 -1 4405 1.2772 0 FAT
1472 411 -1 4666 1.2818 0 FAT
1472 412 -1 4798 1.2841 0 FAT
1472 413 -1 4976 1.2864 0 FAT
1472 414 -1 4976 1.2864 0 FAT
1472 415 -1 5137 1.2869 0 FAT
1472 416 -1 5456 1.2918 0 FAT
1472 417 -1 5456 1.2918 0 FAT
1472 418 -1 5456 1.2918 0 FAT
1472 419 -1 5456 1.2918 0 FAT
1472 420 -1 5456 1.2918 0 FAT
1472 421 -1 5456 1.2918 0 FAT
1472 422 -1 5456 1.2918 0 FAT
1472 423 -1 5456 1.2918 0 FAT
1472 424 -1 5456 1.2918 0 FAT
1472 425 -1 5981 1.2920 0 FAT
1472 426 -1 6299 1.2965 0 FAT
1472 427 -1 6640 1.3011 0 FAT
1472 428 -1 6911 1.3032 0 FAT
1472 429 -1 6977 1.3043 0 FAT
1472 430 -1 6977 1.3043 0 FAT
1472 431 -1 6977 1.3043 0 FAT
1472 432 -1 6977 1.3043 0 FAT
1472 433 -1 6977 1.3043 0 FAT
1472 434 -1 6977 1.3043 0 FAT
1472 435 -1 6977 1.3043 0 FAT
1472 436 -1 6977 1.3043 0 FAT
1472 437 -1 6977 1.3043 0 FAT
1472 438 -1 6977 1.3043 0 FAT
1472 439 -1 6977 1.3043 0 FAT
1472 440 -1 6977 1.3043 0 FAT
1472 441 -1 6977 1.3043 0 FAT
1472 442 -1 6977 1.3043 0 FAT
1472 443 -1 6977 1.3043 0 FAT
1472 444 -1 6642 1.2992 0 FAT
1472 445 -1 6408 1.2970 0 FAT
1472 446 -1 6095 1.2934 0 FAT
1472 447 -1 5871 1.2917 0 FAT
1472 448 -1 5355 1.2883 0 FAT
1472 449 -1 5355 1.2883 0 FAT
1472 450 -1 5355 1.2883 0 FAT
1472 451 -1 5355 1.2883 0 FAT
1472 452 -1 5272 1.2863 0 FAT
1472 453 -1 4986 1.2824 0 FAT
1472 454 -1 4778 1.2807 0 FAT
1472 455 -1 4552 1.2767 0 FAT
1472 456 -1 4223 1.2699 0 FAT
1472 457 -1 3957 1.2667 2 FAT
1472 458 -1 3957 1.2667 2 FAT
1472 459 -1 3664 1.2602 2 FAT
1472 460 -1 4395 1.2601 0 FAT
1472 461 -1 4637 1.2644 0 FAT
1472 462 -1 4637 1.2644 0 FAT
1472 463 -1 5114 1.2715 0 FAT
1472 464 -1 5502 1.2790 0 FAT
1472 465 -1 5780 1.2812 0 FAT
1472 466 -1 5614 1.2784 0 FAT
1472 467 -1 5080 1.2728 0 FAT
1472 468 -1 5080 1.2728 0 FAT
1472 469 -1 5525 1.2762 0 FAT
1472 470 -1 4705 1.2774 0 FAT
1472 471 -1 4705 1.2774 0 FAT
1472 472 -1 4705 1.2774 0 FAT
1472 473 -1 4705 1.2774 0 FAT
1472 474 -1 4705 1.2774 0 FAT
1472 475 -1 4705 1.2774 0 FAT
1472 476 -1 4705 1.2774 0 FAT
1472 477 -1 4705 1.2774 0 FAT
1472 478 -1 4705 1.2774 0 FAT
1472 479 -1 5314 1.2786 0 FAT
1472 480 -1 5674 1.2854 0 FAT
1472 481 -1 5905 1.2879 0 FAT
1472 482 -1 6034 1.2894 0 FAT
1472 483 -1 6034 1.2894 0 FAT
1472 484 -1 6413 1.2916 0 FAT
1472 485 -1 6618 1.2944 0 FAT
1472 486 -1 7045 1.2992 0 FAT
1472 487 -1 7331 1.3024 0 FAT
1472 488 -1 7556 1.3034 0 FAT
1472 489 -1 7885 1.3072 0 FAT
1472 490 -1 7657 1.3049 0 FAT
1472 491 -1 7276 1.3005 0 FAT
1472 492 -1 6874 1.2973 0 FAT
1472 493 -1 7392 1.2994 0 FAT
1472 494 -1 7397 1.2996 0 FAT
1472 495 -1 7410 1.2974 0 FAT
1472 496 -1 7204 1.3011 0 FAT
1472 497 -1 7308 1.3025 0 FAT
1472 498 -1 7308 1.3025 0 FAT
1472 499 -1 7308 1.3025 0 FAT
1472 500 -1 7308 1.3025 0 FAT
1472 501 -1 7217 1.3005 0 FAT
1472 502 -1 6911 1.2977 0 FAT
1472 503 -1 6608 1.2956 0 FAT
1472 504 -1 6591 1.2951 0 FAT
1472 505 -1 6293 1.2912 0 FAT
1472 506 -1 5823 1.2856 0 FAT
1472 507 -1 5676 1.2834 0 FAT
1472 508 -1 5269 1.2800 0 FAT
1472 509 -1 5269 1.2800 0 FAT
1472 510 -1 6233 1.2828 0 FAT
1472 511 -1 5984 1.2806 0 FAT
1472 512 -1 6062 1.2784 0 FAT
1472 513 -1 5458 1.2797 0 FAT
1472 514 -1 5458 1.2797 0 FAT
1472 515 -1 5458 1.2797 0 FAT
1472 516 -1 5458 1.2797 0 FAT
1472 517 -1 6002 1.2828 0 FAT
1472 518 -1 6127 1.2853 0 FAT
1472 519 -1 6528 1.2887 0 FAT
1472 520 -1 6789 1.2934 0 FAT
1472 521 -1 7131 1.2976 0 FAT
1472 522 -1 6869 1.2952 0 FAT
1472 523 -1 6958 1.2940 0 FAT
1472 524 -1 7024 1.2975 0 FAT
1472 525 -1 7124 1.2994 0 FAT
1472 526 -1 6989 1.2981 0 FAT
1472 527 -1 6742 1.2960 0 FAT
1472 528 -1 6353 1.2907 0 FAT
1472 529 -1 6010 1.2871 0 FAT
1472 530 -1 5837 1.2851 0 FAT
1472 531 -1 5176 1.2782 0 FAT
1472 532 -1 4274 1.2784 0 FAT
1472 533 -1 4274 1.2784 0 FAT
1472 534 -1 4274 1.2784 0 FAT
1472 535 -1 4274 1.2784 0 FAT
1472 536 -1 4274 1.2784 0 FAT
1472 537 -1 4274 1.2784 0 FAT
1472 538 -1 4274 1.2784 0 FAT
1472 539 -1 4274 1.2784 0 FAT
1472 540 -1 4274 1.2784 0 FAT
1472 541 -1 4274 1.2784 0 FAT
1472 542 -1 4274 1.2784 0 FAT
1472 543 -1 4274 1.2784 0 FAT
1472 544 -1 4274 1.2784 0 FAT
1472 545 -1 4274 1.2784 0 FAT
1472 546 -1 4274 1.2784 0 FAT
1472 547 -1 4274 1.2784 0 FAT
1472 548 -1 4274 1.2784 0 FAT
1472 549 -1 4274 1.2784 0 FAT
1472 550 -1 4274 1.2784 0 FAT
1472 551 -1 4274 1.2784 0 FAT
1472 552 -1 4274 1.2784 0 FAT
1472 553 -1 4274 1.2784 0 FAT
1472 554 -1 4274 1.2784 0 FAT
1472 555 -1 4274 1.2784 0 FAT
1472 556 -1 4274 1.2784 0 FAT
1472 557 -1 4274 1.2784 0 FAT
1472 558 -1 4274 1.2784 0 FAT
1472 559 -1 4274 1.2784 0 FAT
1472 560 -1 4274 1.2784 0 FAT
1472 561 -1 4274 1.2784 0 FAT
1472 562 -1 4274 1.2784 0 FAT
1472 563 -1 4274 1.2784 0 FAT
1472 564 -1 4076 1.2756 2 FAT
1472 565 -1 3767 1.2692 2 FAT
1472 566 -1 3510 1.2646 2 FAT
1472 567 -1 3205 1.2650 2 FAT
1472 568 -1 3205 1.2650 2 FAT
1472 569 -1 3205 1.2650 2 FAT
1472 570 -1 3205 1.2650 2 FAT
1472 571 -1 3205 1.2650 2 FAT
1472 572 -1 3205 1.2650 2 FAT
1472 573 -1 3205 1.2650 2 FAT
1472 574 -1 4471 1.2650 0 FAT
1472 575 -1 4948 1.2728 0 FAT
1472 576 -1 4985 1.2714 0 FAT
1472 577 -1 4930 1.2762 0 FAT
1472 578 -1 4930 1.2762 0 FAT
1472 579 -1 4986 1.2755 0 FAT
1472 580 -1 4888 1.2742 0 FAT
1472 581 -1 4478 1.2646 0 FAT
1472 582 -1 4184 1.2607 0 FAT
1472 583 -1 3984 1.2566 2 FAT
1472 584 -1 3621 1.2466 2 FAT
1472 585 -1 3278 1.2443 2 FAT
1472 586 -1 3278 1.2443 2 FAT
1472 587 -1 3278 1.2443 2 FAT
1472 588 -1 3278 1.2443 2 FAT
1472 589 -1 3033 1.2403 2 FAT
1472 590 -1 2830 1.2336 2 FAT
1472 591 -1 2498 1.2204 2 FAT
1472 592 -1 2601 1.2075 2 FAT
1472 593 -1 2791 1.2133 2 FAT
1472 594 -1 2630 1.2086 2 FAT
1472 595 -1 2037 1.2024 2 FAT
1472 596 -1 2037 1.2024 2 FAT
1472 597 -1 2357 1.2084 2 FAT
1472 598 -1 2527 1.2123 2 FAT
1472 599 -1 2946 1.2309 2 FAT
1472 600 -1 3341 1.2427 2 FAT
1472 601 -1 3394 1.2446 2 FAT
1472 602 -1 3621 1.2466 2 FAT
1472 603 -1 3952 1.2551 2 FAT
1472 604 -1 4196 1.2613 0 FAT
1472 605 -1 4510 1.2661 0 FAT
1472 606 -1 4510 1.2661 0 FAT
1472 607 -1 4510 1.2661 0 FAT
1472 608 -1 4038 1.2619 2 FAT
1472 609 -1 4038 1.2619 2 FAT
1472 610 -1 4038 1.2619 2 FAT
1472 611 -1 4522 1.2640 0 FAT
1472 612 -1 4316 1.2621 0 FAT
1472 613 -1 4660 1.2647 0 FAT
1472 614 -1 4587 1.2645 0 FAT
1472 615 -1 4595 1.2617 0 FAT
1472 616 -1 4651 1.2676 0 FAT
1472 617 -1 4651 1.2676 0 FAT
1472 618 -1 4332 1.2615 0 FAT
1472 619 -1 4202 1.2543 0 FAT
1472 620 -1 2235 1.2591 2 FAT
1472 621 -1 2379 1.2638 2 FAT
1472 622 -1 2379 1.2638 2 FAT
1472 623 -1 2379 1.2638 2 FAT
1472 624 -1 2379 1.2638 2 FAT
1472 625 -1 2379 1.2638 2 FAT
1472 626 -1 2379 1.2638 2 FAT
1472 627 -1 2379 1.2638 2 FAT
1472 628 -1 2379 1.2638 2 FAT
1472 629 -1 2379 1.2638 2 FAT
1472 630 -1 2379 1.2638 2 FAT
1472 631 -1 2379 1.2638 2 FAT
1472 632 -1 2379 1.2638 2 FAT
1472 633 -1 2379 1.2638 2 FAT
1472 634 -1 2379 1.2638 2 FAT
1472 635 -1 2379 1.2638 2 FAT
1472 636 -1 2379 1.2638 2 FAT
1472 637 -1 2379 1.2638 2 FAT
1472 638 -1 2379 1.2638 2 FAT
1472 639 -1 2379 1.2638 2 FAT
1472 640 -1 2379 1.2638 2 FAT
1472 641 -1 2379 1.2638 2 FAT
1472 642 -1 2669 1.2638 2 FAT
1472 643 -1 2669 1.2638 2 FAT
1472 644 -1 2669 1.2638 2 FAT
1472 645 -1 2669 1.2638 2 FAT
1472 646 -1 2669 1.2638 2 FAT
1472 647 -1 2813 1.2639 2 FAT
1472 648 -1 2919 1.2639 2 FAT
1472 649 -1 3157 1.2718 2 FAT
1472 650 -1 3241 1.2720 2 FAT
1472 651 -1 3457 1.2776 2 FAT
1472 652 -1 3527 1.2797 2 FAT
1472 653 -1 3527 1.2797 2 FAT
1472 654 -1 3628 1.2797 2 FAT
1472 655 -1 3803 1.2829 2 FAT
1472 656 -1 4009 1.2873 2 FAT
1472 657 -1 4036 1.2878 2 FAT
1472 658 -1 4258 1.2902 0 FAT
1472 659 -1 4417 1.2928 0 FAT
1472 660 -1 4472 1.2941 0 FAT
1472 661 -1 4472 1.2941 0 FAT
1472 662 -1 4472 1.2941 0 FAT
1472 663 -1 4472 1.2941 0 FAT
1472 664 -1 4472 1.2941 0 FAT
1472 665 -1 4472 1.2941 0 FAT
1472 666 -1 4472 1.2941 0 FAT
1472 667 -1 4472 1.2941 0 FAT
1472 668 -1 4734 1.2941 0 FAT
1472 669 -1 4734 1.2941 0 FAT
1472 670 -1 4855 1.2940 0 FAT
1472 671 -1 5084 1.2974 0 FAT
1472 672 -1 5312 1.3009 0 FAT
1472 673 -1 5387 1.3008 0 FAT
1472 674 -1 5627 1.3045 0 FAT
1472 675 -1 5820 1.3065 0 FAT
1472 676 -1 5928 1.3085 0 FAT
1472 677 -1 5928 1.3085 0 FAT
1472 678 -1 5928 1.3085 0 FAT
1472 679 -1 5928 1.3085 0 FAT
1472 680 -1 6188 1.3085 0 FAT
1472 681 -1 6437 1.3118 0 FAT
1472 682 -1 6661 1.3138 0 FAT
1472 683 -1 6780 1.3159 0 FAT
1472 684 -1 6780 1.3159 0 FAT
1472 685 -1 7065 1.3176 0 FAT
1472 686 -1 7243 1.3199 0 FAT
1472 687 -1 7487 1.3221 0 FAT
1472 688 -1 7739 1.3247 0 FAT
1472 689 -1 7739 1.3247 0 FAT
1472 690 -1 7739 1.3247 0 FAT
1472 691 -1 7739 1.3247 0 FAT
1472 692 -1 7739 1.3247 0 FAT
1472 693 -1 7739 1.3247 0 FAT
1472 694 -1 7739 1.3247 0 FAT
1472 695 -1 7739 1.3247 0 FAT
1472 696 -1 7739 1.3247 0 FAT
1472 697 -1 7739 1.3247 0 FAT
1472 698 -1 7739 1.3247 0 FAT
1472 699 -1 7739 1.3247 0 FAT
1472 700 -1 7739 1.3247 0 FAT
1472 701 -1 7739 1.3247 0 FAT
1472 702 -1 7739 1.3247 0 FAT
1472 703 -1 7739 1.3247 0 FAT
1472 704 -1 7739 1.3247 0 FAT
1472 705 -1 7739 1.3247 0 FAT
1472 706 -1 7739 1.3247 0 FAT
1472 707 -1 7739 1.3247 0 FAT
1472 708 -1 7739 1.3247 0 FAT
1472 709 -1 7739 1.3247 0 FAT
1472 710 -1 7739 1.3247 0 FAT
1472 711 -1 7739 1.3247 0 FAT
1472 712 -1 7739 1.3247 0 FAT
1472 713 -1 7739 1.3247 0 FAT
1472 714 -1 7739 1.3247 0 FAT
1472 715 -1 7739 1.3247 0 FAT
1472 716 -1 7739 1.3247 0 FAT
1472 717 -1 7739 1.3247 0 FAT
1472 718 -1 7739 1.3247 0 FAT
1472 719 -1 7739 1.3247 0 FAT
1472 720 -1 7739 1.3247 0 FAT
1472 721 -1 7739 1.3247 0 FAT
1472 722 -1 7739 1.3247 0 FAT
1472 723 -1 7739 1.3247 0 FAT
1472 724 -1 7739 1.3247 0 FAT
1472 725 -1 7739 1.3247 0 FAT
1472 726 -1 7739 1.3247 0 FAT
1472 727 -1 7739 1.3247 0 FAT
1472 728 -1 7739 1.3247 0 FAT
1472 729 -1 7739 1.3247 0 FAT
1472 730 -1 7739 1.3247 0 FAT
1472 731 -1 7739 1.3247 0 FAT
1472 732 -1 7739 1.3247 0 FAT
1472 733 -1 7739 1.3247 0 FAT
1472 734 -1 7739 1.3247 0 FAT
1472 735 -1 7739 1.3247 0 FAT
1472 736 -1 7739 1.3247 0 FAT
1472 737 -1 7739 1.3247 0 FAT
1472 738 -1 7739 1.3247 0 FAT
1472 739 -1 7739 1.3247 0 FAT
1472 740 -1 7739 1.3247 0 FAT
1472 741 -1 7739 1.3247 0 FAT
1472 742 -1 7739 1.3247 0 FAT
1472 743 -1 7739 1.3247 0 FAT
1472 744 -1 7739 1.3247 0 FAT
1472 745 -1 7739 1.3247 0 FAT
1472 746 -1 7739 1.3247 0 FAT
1472 747 -1 7739 1.3247 0 FAT
1472 748 -1 7739 1.3247 0 FAT
1472 749 -1 7739 1.3247 0 FAT
1472 750 -1 7739 1.3247 0 FAT
1472 751 -1 7739 1.3247 0 FAT
1472 752 -1 7739 1.3247 0 FAT
1472 753 -1 7739 1.3247 0 FAT
1472 754 -1 7739 1.3247 0 FAT
1472 755 -1 7739 1.3247 0 FAT
1472 756 -1 7739 1.3247 0 FAT
1472 757 -1 7739 1.3247 0 FAT
1472 758 -1 7705 1.3241 0 FAT
1472 759 -1 7446 1.3215 0 FAT
1472 760 -1 7206 1.3199 0 FAT
1472 761 -1 7152 1.3189 0 FAT
1472 762 -1 6937 1.3171 0 FAT
1472 763 -1 6713 1.3137 0 FAT
1472 764 -1 6477 1.3128 0 FAT
1472 765 -1 6337 1.3130 0 FAT
1472 766 -1 6337 1.3130 0 FAT
1472 767 -1 6337 1.3130 0 FAT
1472 768 -1 6274 1.3122 0 FAT
1472 769 -1 6105 1.3104 0 FAT
1472 770 -1 5873 1.3067 0 FAT
1472 771 -1 5664 1.3057 0 FAT
1472 772 -1 5664 1.3057 0 FAT
1472 773 -1 5473 1.3025 0 FAT
1472 774 -1 5319 1.3012 0 FAT
1472 775 -1 5125 1.2977 0 FAT
1472 776 -1 4825 1.2942 0 FAT
1472 777 -1 4734 1.2941 0 FAT
1472 778 -1 4582 1.2940 0 FAT
1472 779 -1 4582 1.2940 0 FAT
1472 780 -1 4328 1.2940 0 FAT
1472 781 -1 4328 1.2940 0 FAT
1472 782 -1 4328 1.2940 0 FAT
1472 783 -1 4328 1.2940 0 FAT
1472 784 -1 4328 1.2940 0 FAT
1472 785 -1 4328 1.2940 0 FAT
1472 786 -1 4328 1.2940 0 FAT
1472 787 -1 4328 1.2940 0 FAT
1472 788 -1 4328 1.2940 0 FAT
1472 789 -1 4328 1.2940 0 FAT
1472 790 -1 4328 1.2940 0 FAT
1472 791 -1 4328 1.2940 0 FAT
1472 792 -1 4328 1.2940 0 FAT
1472 793 -1 4217 1.2919 0 FAT
1472 794 -1 4011 1.2884 2 FAT
1472 795 -1 3950 1.2883 2 FAT
1472 796 -1 3874 1.2869 2 FAT
1472 797 -1 3671 1.2830 2 FAT
1472 798 -1 3557 1.2797 2 FAT
1472 799 -1 3379 1.2757 2 FAT
1472 800 -1 3183 1.2747 2 FAT
1472 801 -1 3183 1.2747 2 FAT
1472 802 -1 3069 1.2745 2 FAT
1472 803 -1 3069 1.2745 2 FAT
1472 804 -1 3069 1.2745 2 FAT
1472 805 -1 3069 1.2745 2 FAT
1472 806 -1 3069 1.2745 2 FAT
1472 807 -1 3002 1.2716 2 FAT
1472 808 -1 2934 1.2719 2 FAT
1472 809 -1 2738 1.2663 2 FAT
1472 810 -1 2549 1.2623 2 FAT
1472 811 -1 2489 1.2624 2 FAT
1472 812 -1 2489 1.2624 2 FAT
1472 813 -1 2466 1.2611 2 FAT
1472 814 -1 2300 1.2563 2 FAT
1472 815 -1 2187 1.2545 2 FAT
1472 816 -1 2117 1.2523 2 FAT
1472 817 -1 1975 1.2467 2 FAT
1472 818 -1 1767 1.2367 2 FAT
1472 819 -1 1701 1.2365 2 FAT
1472 820 -1 1640 1.2364 2 FAT
1472 821 -1 1640 1.2364 2 FAT
1472 822 -1 1547 1.2364 2 FAT
1472 823 -1 1547 1.2364 2 FAT
1472 824 -1 1547 1.2364 2 FAT
1472 825 -1 1547 1.2364 2 FAT
1472 826 -1 1405 1.2366 2 FAT
1472 827 -1 1405 1.2366 2 FAT
1472 828 -1 1405 1.2366 2 FAT
1472 829 -1 1405 1.2366 2 FAT
1472 830 -1 1405 1.2366 2 FAT
1472 831 -1 1405 1.2366 2 FAT
1472 832 -1 1405 1.2366 2 FAT
1472 833 -1 1405 1.2366 2 FAT
1472 834 -1 1405 1.2366 2 FAT
1472 835 -1 1405 1.2366 2 FAT
1472 836 -1 1405 1.2366 2 FAT
1472 837 -1 1405 1.2366 2 FAT
1472 838 -1 1188 1.2367 2 FAT
1472 839 -1 1188 1.2367 2 FAT
1472 840 -1 1188 1.2367 2 FAT
1472 841 -1 1188 1.2367 2 FAT
1472 842 -1 1188 1.2367 2 FAT
1472 843 -1 1188 1.2367 2 FAT
1472 844 -1 1188 1.2367 2 FAT
1472 845 -1 1188 1.2367 2 FAT
1472 846 -1 1188 1.2367 2 FAT
1472 847 -1 1188 1.2367 2 FAT
1472 848 -1 1188 1.2367 2 FAT
1472 849 -1 1188 1.2367 2 FAT
1472 850 -1 1188 1.2367 2 FAT
1472 851 -1 1188 1.2367 2 FAT
1472 852 -1 1188 1.2367 2 FAT
1472 853 -1 1188 1.2367 2 FAT
1472 854 -1 1188 1.2367 2 FAT
1472 855 -1 1188 1.2367 2 FAT
1472 856 -1 1188 1.2367 2 FAT
1472 857 -1 1188 1.2367 2 FAT
1472 858 -1 1188 1.2367 2 FAT
1472 859 -1 1188 1.2367 2 FAT
1472 860 -1 1188 1.2367 2 FAT
1472 861 -1 1188 1.2367 2 FAT
1472 862 -1 1188 1.2367 2 FAT
1472 863 -1 1188 1.2367 2 FAT
1472 864 -1 1188 1.2367 2 FAT
1472 865 -1 1188 1.2367 2 FAT
1472 866 -1 1188 1.2367 2 FAT
1472 867 -1 1188 1.2367 2 FAT
1472 868 -1 1188 1.2367 2 FAT
1472 869 -1 1188 1.2367 2 FAT
1472 870 -1 1188 1.2367 2 FAT
1472 871 -1 1188 1.2367 2 FAT
1472 872 -1 1188 1.2367 2 FAT
1472 873 -1 1188 1.2367 2 FAT
1472 874 -1 1188 1.2367 2 FAT
1472 875 -1 1188 1.2367 2 FAT
1472 876 -1 1188 1.2367 2 FAT
1472 877 -1 1188 1.2367 2 FAT
1472 878 -1 1188 1.2367 2 FAT
1472 879 -1 1188 1.2367 2 FAT
1472 880 -1 1188 1.2367 2 FAT
1472 881 -1 1188 1.2367 2 FAT
1472 882 -1 1188 1.2367 2 FAT
1472 883 -1 1188 1.2367 2 FAT
1472 884 -1 1188 1.2367 2 FAT
1472 885 -1 1188 1.2367 2 FAT
1472 886 -1 1188 1.2367 2 FAT
1472 887 -1 1188 1.2367 2 FAT
1472 888 -1 1094 1.2300 2 FAT
1472 889 -1 993 1.2242 2 FAT
1472 890 -1 972 1.2240 2 FAT
1472 891 -1 942 1.2241 2 FAT
1472 892 -1 942 1.2241 2 FAT
1472 893 -1 881 1.2179 2 FAT
1472 894 -1 807 1.2149 2 FAT
1472 895 -1 792 1.2143 2 FAT
1472 896 -1 721 1.2080 2 FAT
1472 897 -1 598 1.1905 2 FAT
1472 898 -1 557 1.1912 2 FAT
1472 899 -1 557 1.1912 2 FAT
1472 900 -1 530 1.1907 2 FAT
1472 901 -1 530 1.1907 2 FAT
1472 902 -1 530 1.1907 2 FAT
1472 903 -1 492 1.1903 2 FAT
1472 904 -1 492 1.1903 2 FAT
1472 905 -1 492 1.1903 2 FAT
1472 906 -1 492 1.1903 2 FAT
1472 907 -1 492 1.1903 2 FAT
1472 908 -1 492 1.1903 2 FAT
1472 909 -1 492 1.1903 2 FAT
1472 910 -1 438 1.1903 2 FAT
1472 911 -1 438 1.1903 2 FAT
1472 912 -1 438 1.1903 2 FAT
1472 913 -1 438 1.1903 2 FAT
1472 914 -1 438 1.1903 2 FAT
1472 915 -1 438 1.1903 2 FAT
1472 916 -1 438 1.1903 2 FAT
1472 917 -1 438 1.1903 2 FAT
1472 918 -1 438 1.1903 2 FAT
1472 919 -1 438 1.1903 2 FAT
1472 920 -1 438 1.1903 2 FAT
1472 921 -1 438 1.1903 2 FAT
1472 922 -1 438 1.1903 2 FAT
1472 923 -1 438 1.1903 2 FAT
1472 924 -1 438 1.1903 2 FAT
1472 925 -1 438 1.1903 2 FAT
1472 926 -1 438 1.1903 2 FAT
1472 927 -1 438 1.1903 2 FAT
1472 928 -1 438 1.1903 2 FAT
1472 929 -1 438 1.1903 2 FAT
1472 930 -1 438 1.1903 2 FAT
1472 931 -1 390 1.1820 2 FAT
1472 932 -1 302 1.1615 2 FAT
1472 933 -1 281 1.1589 2 FAT
1472 934 -1 270 1.1597 2 FAT
1472 935 -1 255 1.1612 2 FAT
1472 936 -1 255 1.1612 2 FAT
1472 937 -1 255 1.1612 2 FAT
1472 938 -1 255 1.1612 2 FAT
1472 939 -1 234 1.1621 2 FAT
1472 940 -1 234 1.1621 2 FAT
1472 941 -1 234 1.1621 2 FAT
1472 942 -1 234 1.1621 2 FAT
1472 943 -1 234 1.1621 2 FAT
1472 944 -1 234 1.1621 2 FAT
1472 945 -1 234 1.1621 2 FAT
1472 946 -1 234 1.1621 2 FAT
1472 947 -1 234 1.1621 2 FAT
1472 948 -1 178 1.1474 2 FAT
1472 949 -1 162 1.1421 2 FAT
1472 950 -1 162 1.1421 2 FAT
1472 951 -1 532 1.1419 2 FAT
1472 952 -1 532 1.1419 2 FAT
1472 953 -1 825 1.1698 2 FAT
1472 954 -1 1021 1.1833 2 FAT
1472 955 -1 1203 1.2040 2 FAT
1472 956 -1 1128 1.2074 2 FAT
1472 957 -1 1232 1.2062 2 FAT
1472 958 -1 1058 1.1968 2 FAT
1472 959 -1 911 1.1893 2 FAT
1472 960 -1 746 1.1545 2 FAT
1472 961 -1 422 1.1113 2 FAT
1472 962 -1 422 1.1113 2 FAT
1472 963 -1 281 1.0842 2 FAT
1472 964 -1 281 1.0842 2 FAT
1472 965 -1 135 1.0428 2 FAT
1472 966 -1 318 1.0945 2 FAT
1472 967 -1 318 1.0945 2 FAT
1472 968 -1 318 1.0945 2 FAT
1472 969 -1 318 1.0945 2 FAT
1472 970 -1 318 1.0945 2 FAT
1472 971 -1 192 1.0491 2 FAT
1472 972 -1 112 1.0410 2 FAT
1472 973 -1 112 1.0410 2 FAT
1472 974 -1 112 1.0410 2 FAT
1472 975 -1 112 1.0410 2 FAT
1472 976 -1 112 1.0410 2 FAT
1472 977 -1 112 1.0410 2 FAT
1472 978 -1 112 1.0410 2 FAT
1472 979 -1 192 1.0491 2 FAT
1472 980 -1 282 1.0848 2 FAT
1472 981 -1 416 1.1137 2 FAT
1472 982 -1 416 1.1137 2 FAT
1472 983 -1 416 1.1137 2 FAT
1472 984 -1 416 1.1137 2 FAT
1472 985 -1 301 1.0915 2 FAT
1472 986 -1 156 1.0447 2 FAT
1472 987 -1 87 1.0394 2 FAT
1472 988 -1 87 1.0394 2 FAT
1472 989 -1 87 1.0394 2 FAT
1472 990 -1 87 1.0394 2 FAT
1472 991 -1 87 1.0394 2 FAT
1472 992 -1 87 1.0394 2 FAT
1472 993 -1 87 1.0394 2 FAT
1472 994 -1 87 1.0394 2 FAT
1472 995 -1 87 1.0394 2 FAT
1472 996 -1 87 1.0394 2 FAT
1472 997 -1 87 1.0394 2 FAT
1472 998 -1 87 1.0394 2 FAT
1472 999 -1 87 1.0394 2 FAT
1472 1000 -1 87 1.0394 2 FAT
1472 1001 -1 87 1.0394 2 FAT
1472 1002 -1 87 1.0394 2 FAT
1472 1003 -1 87 1.0394 2 FAT
1472 1004 -1 87 1.0394 2 FAT
1472 1005 -1 87 1.0394 2 FAT
1472 1006 -1 87 1.0394 2 FAT
1472 1007 -1 87 1.0394 2 FAT
1472 1008 -1 87 1.0394 2 FAT
1472 1009 -1 87 1.0394 2 FAT
1472 1010 -1 87 1.0394 2 FAT
1472 1011 -1 87 1.0394 2 FAT
1472 1012 -1 156 1.0447 2 FAT
1472 1013 -1 358 1.1037 2 FAT
1472 1014 -1 358 1.1037 2 FAT
1472 1015 -1 358 1.1037 2 FAT
1472 1016 -1 358 1.1037 2 FAT
1472 1017 -1 358 1.1037 2 FAT
1472 1018 -1 265 1.0779 2 FAT
1472 1019 -1 272 1.0815 2 FAT
1472 1020 -1 272 1.0815 2 FAT
1472 1021 -1 445 1.1195 2 FAT
1472 1022 -1 445 1.1195 2 FAT
1472 1023 -1 445 1.1195 2 FAT
1472 1024 -1 445 1.1195 2 FAT
1472 1025 -1 340 1.1028 2 FAT
1472 1026 -1 112 1.0410 2 FAT
1472 1027 -1 60 1.0379 2 FAT
1472 1028 -1 60 1.0379 2 FAT
1472 1029 -1 60 1.0379 2 FAT
1472 1030 -1 60 1.0379 2 FAT
1472 1031 -1 60 1.0379 2 FAT
1472 1032 -1 60 1.0379 2 FAT
1472 1033 -1 60 1.0379 2 FAT
1472 1034 -1 60 1.0379 2 FAT
1472 1035 -1 60 1.0379 2 FAT
1472 1036 -1 60 1.0379 2 FAT
1472 1037 -1 60 1.0379 2 FAT
1472 1038 -1 60 1.0379 2 FAT
1472 1039 -1 60 1.0379 2 FAT
1472 1040 -1 60 1.0379 2 FAT
1472 1041 -1 60 1.0379 2 FAT
1472 1042 -1 60 1.0379 2 FAT
1472 1043 -1 60 1.0379 2 FAT
1472 1044 -1 60 1.0379 2 FAT
1472 1045 -1 60 1.0379 2 FAT
1472 1046 -1 60 1.0379 2 FAT
1472 1047 -1 60 1.0379 2 FAT
1472 1048 -1 60 1.0379 2 FAT
1472 1049 -1 60 1.0379 2 FAT
1472 1050 -1 60 1.0379 2 FAT
1472 1051 -1 60 1.0379 2 FAT
1472 1052 -1 60 1.0379 2 FAT
1472 1053 -1 60 1.0379 2 FAT
1472 1054 -1 60 1.0379 2 FAT
1472 1055 -1 60 1.0379 2 FAT
1472 1056 -1 60 1.0379 2 FAT
1472 1057 -1 60 1.0379 2 FAT
1472 1058 -1 60 1.0379 2 FAT
1472 1059 -1 60 1.0379 2 FAT
1472 1060 -1 60 1.0379 2 FAT
1472 1061 -1 60 1.0379 2 FAT
1472 1062 -1 60 1.0379 2 FAT
1472 1063 -1 60 1.0379 2 FAT
1472 1064 -1 60 1.0379 2 FAT
1472 1065 -1 60 1.0379 2 FAT
1472 1066 -1 60 1.0379 2 FAT
1472 1067 -1 60 1.0379 2 FAT
1472 1068 -1 60 1.0379 2 FAT
1472 1069 -1 60 1.0379 2 FAT
1472 1070 -1 60 1.0379 2 FAT
1472 1071 -1 60 1.0379 2 FAT
1472 1072 -1 60 1.0379 2 FAT
1472 1073 -1 60 1.0379 2 FAT
1472 1074 -1 60 1.0379 2 FAT
1472 1075 -1 60 1.0379 2 FAT
1472 1076 -1 60 1.0379 2 FAT
1472 1077 -1 60 1.0379 2 FAT
1472 1078 -1 60 1.0379 2 FAT
1472 1079 -1 60 1.0379 2 FAT
1472 1080 -1 60 1.0379 2 FAT
1472 1081 -1 60 1.0379 2 FAT
1472 1082 -1 60 1.0379 2 FAT
1472 1083 -1 60 1.0379 2 FAT
1472 1084 -1 60 1.0379 2 FAT
1472 1085 -1 60 1.0379 2 FAT
1472 1086 -1 60 1.0379 2 FAT
1472 1087 -1 60 1.0379 2 FAT
1472 1088 -1 60 1.0379 2 FAT
1472 1089 -1 60 1.0379 2 FAT
1472 1090 -1 60 1.0379 2 FAT
1472 1091 -1 60 1.0379 2 FAT
1472 1092 -1 60 1.0379 2 FAT
1472 1093 -1 60 1.0379 2 FAT
1472 1094 -1 60 1.0379 2 FAT
1472 1095 -1 60 1.0379 2 FAT
1472 1096 -1 60 1.0379 2 FAT
1472 1097 -1 60 1.0379 2 FAT
1472 1098 -1 60 1.0379 2 FAT
1472 1099 -1 60 1.0379 2 FAT
1472 1100 -1 60 1.0379 2 FAT
1472 1101 -1 60 1.0379 2 FAT
1472 1102 -1 112 1.0410 2 FAT
1472 1103 -1 340 1.1028 2 FAT
1472 1104 -1 445 1.1195 2 FAT
1472 1105 -1 445 1.1195 2 FAT
1472 1106 -1 445 1.1195 2 FAT
1472 1107 -1 445 1.1195 2 FAT
1472 1108 -1 272 1.0815 2 FAT
1472 1109 -1 272 1.0815 2 FAT
1472 1110 -1 265 1.0779 2 FAT
1472 1111 -1 358 1.1037 2 FAT
1472 1112 -1 358 1.1037 2 FAT
1472 1113 -1 358 1.1037 2 FAT
1472 1114 -1 358 1.1037 2 FAT
1472 1115 -1 358 1.1037 2 FAT
1472 1116 -1 156 1.0447 2 FAT
1472 1117 -1 87 1.0394 2 FAT
1472 1118 -1 87 1.0394 2 FAT
1472 1119 -1 87 1.0394 2 FAT
1472 1120 -1 87 1.0394 2 FAT
1472 1121 -1 87 1.0394 2 FAT
1472 1122 -1 87 1.0394 2 FAT
1472 1123 -1 87 1.0394 2 FAT
1472 1124 -1 87 1.0394 2 FAT
1472 1125 -1 87 1.0394 2 FAT
1472 1126 -1 87 1.0394 2 FAT
1472 1127 -1 87 1.0394 2 FAT
1472 1128 -1 87 1.0394 2 FAT
1472 1129 -1 87 1.0394 2 FAT
1472 1130 -1 87 1.0394 2 FAT
1472 1131 -1 87 1.0394 2 FAT
1472 1132 -1 87 1.0394 2 FAT
1472 1133 -1 87 1.0394 2 FAT
1472 1134 -1 87 1.0394 2 FAT
1472 1135 -1 87 1.0394 2 FAT
1472 1136 -1 87 1.0394 2 FAT
1472 1137 -1 87 1.0394 2 FAT
1472 1138 -1 87 1.0394 2 FAT
1472 1139 -1 87 1.0394 2 FAT
1472 1140 -1 87 1.0394 2 FAT
1472 1141 -1 87 1.0394 2 FAT
1472 1142 -1 156 1.0447 2 FAT
1472 1143 -1 301 1.0915 2 FAT
1472 1144 -1 416 1.1137 2 FAT
1472 1145 -1 416 1.1137 2 FAT
1472 1146 -1 416 1.1137 2 FAT
1472 1147 -1 416 1.1137 2 FAT
1472 1148 -1 282 1.0848 2 FAT
1472 1149 -1 192 1.0491 2 FAT
1472 1150 -1 112 1.0410 2 FAT
1472 1151 -1 112 1.0410 2 FAT
1472 1152 -1 112 1.0410 2 FAT
1472 1153 -1 112 1.0410 2 FAT
1472 1154 -1 112 1.0410 2 FAT
1472 1155 -1 112 1.0410 2 FAT
1472 1156 -1 112 1.0410 2 FAT
1472 1157 -1 192 1.0491 2 FAT
1472 1158 -1 318 1.0945 2 FAT
1472 1159 -1 318 1.0945 2 FAT
1472 1160 -1 318 1.0945 2 FAT
1472 1161 -1 318 1.0945 2 FAT
1472 1162 -1 318 1.0945 2 FAT
1472 1163 -1 135 1.0428 2 FAT
1472 1164 -1 281 1.0842 2 FAT
1472 1165 -1 281 1.0842 2 FAT
1472 1166 -1 422 1.1113 2 FAT
1472 1167 -1 422 1.1113 2 FAT
1472 1168 -1 746 1.1545 2 FAT
1472 1169 -1 911 1.1893 2 FAT
1472 1170 -1 1058 1.1968 2 FAT
1472 1171 -1 1232 1.2062 2 FAT
1472 1172 -1 1128 1.2074 2 FAT
1472 1173 -1 1203 1.2040 2 FAT
1472 1174 -1 1021 1.1833 2 FAT
1472 1175 -1 825 1.1698 2 FAT
1472 1176 -1 532 1.1419 2 FAT
1472 1177 -1 532 1.1419 2 FAT
1472 1178 -1 162 1.1421 2 FAT
1472 1179 -1 162 1.1421 2 FAT
1472 1180 -1 178 1.1474 2 FAT
1472 1181 -1 234 1.1621 2 FAT
1472 1182 -1 234 1.1621 2 FAT
1472 1183 -1 234 1.1621 2 FAT
1472 1184 -1 234 1.1621 2 FAT
1472 1185 -1 234 1.1621 2 FAT
1472 1186 -1 234 1.1621 2 FAT
1472 1187 -1 234 1.1621 2 FAT
1472 1188 -1 234 1.1621 2 FAT
1472 1189 -1 234 1.1621 2 FAT
1472 1190 -1 255 1.1612 2 FAT
1472 1191 -1 255 1.1612 2 FAT
1472 1192 -1 255 1.1612 2 FAT
1472 1193 -1 255 1.1612 2 FAT
1472 1194 -1 270 1.1597 2 FAT
1472 1195 -1 281 1.1589 2 FAT
1472 1196 -1 302 1.1615 2 FAT
1472 1197 -1 390 1.1820 2 FAT
1472 1198 -1 438 1.1903 2 FAT
1472 1199 -1 438 1.1903 2 FAT
1472 1200 -1 438 1.1903 2 FAT
1472 1201 -1 438 1.1903 2 FAT
1472 1202 -1 438 1.1903 2 FAT
1472 1203 -1 438 1.1903 2 FAT
1472 1204 -1 438 1.1903 2 FAT
1472 1205 -1 438 1.1903 2 FAT
1472 1206 -1 438 1.1903 2 FAT
1472 1207 -1 438 1.1903 2 FAT
1472 1208 -1 438 1.1903 2 FAT
1472 1209 -1 438 1.1903 2 FAT
1472 1210 -1 438 1.1903 2 FAT
1472 1211 -1 438 1.1903 2 FAT
1472 1212 -1 438 1.1903 2 FAT
1472 1213 -1 438 1.1903 2 FAT
1472 1214 -1 438 1.1903 2 FAT
1472 1215 -1 438 1.1903 2 FAT
1472 1216 -1 438 1.1903 2 FAT
1472 1217 -1 438 1.1903 2 FAT
1472 1218 -1 438 1.1903 2 FAT
1472 1219 -1 492 1.1903 2 FAT
1472 1220 -1 492 1.1903 2 FAT
1472 1221 -1 492 1.1903 2 FAT
1472 1222 -1 492 1.1903 2 FAT
1472 1223 -1 492 1.1903 2 FAT
1472 1224 -1 492 1.1903 2 FAT
1472 1225 -1 492 1.1903 2 FAT
1472 1226 -1 530 1.1907 2 FAT
1472 1227 -1 530 1.1907 2 FAT
1472 1228 -1 530 1.1907 2 FAT
1472 1229 -1 557 1.1912 2 FAT
1472 1230 -1 557 1.1912 2 FAT
1472 1231 -1 598 1.1905 2 FAT
1472 1232 -1 721 1.2080 2 FAT
1472 1233 -1 792 1.2143 2 FAT
1472 1234 -1 807 1.2149 2 FAT
1472 1235 -1 881 1.2179 2 FAT
1472 1236 -1 942 1.2241 2 FAT
1472 1237 -1 942 1.2241 2 FAT
1472 1238 -1 972 1.2240 2 FAT
1472 1239 -1 993 1.2242 2 FAT
1472 1240 -1 1094 1.2300 2 FAT
1472 1241 -1 1188 1.2367 2 FAT
1472 1242 -1 1188 1.2367 2 FAT
1472 1243 -1 1188 1.2367 2 FAT
1472 1244 -1 1188 1.2367 2 FAT
1472 1245 -1 1188 1.2367 2 FAT
1472 1246 -1 1188 1.2367 2 FAT
1472 1247 -1 1188 1.2367 2 FAT
1472 1248 -1 1188 1.2367 2 FAT
1472 1249 -1 1188 1.2367 2 FAT
1472 1250 -1 1188 1.2367 2 FAT
1472 1251 -1 1188 1.2367 2 FAT
1472 1252 -1 1188 1.2367 2 FAT
1472 1253 -1 1188 1.2367 2 FAT
1472 1254 -1 1188 1.2367 2 FAT
1472 1255 -1 1188 1.2367 2 FAT
1472 1256 -1 1188 1.2367 2 FAT
1472 1257 -1 1188 1.2367 2 FAT
1472 1258 -1 1188 1.2367 2 FAT
1472 1259 -1 1188 1.2367 2 FAT
1472 1260 -1 1188 1.2367 2 FAT
1472 1261 -1 1188 1.2367 2 FAT
1472 1262 -1 1188 1.2367 2 FAT
1472 1263 -1 1188 1.2367 2 FAT
1472 1264 -1 1188 1.2367 2 FAT
1472 1265 -1 1188 1.2367 2 FAT
1472 1266 -1 1188 1.2367 2 FAT
1472 1267 -1 1188 1.2367 2 FAT
1472 1268 -1 1188 1.2367 2 FAT
1472 1269 -1 1188 1.2367 2 FAT
1472 1270 -1 1188 1.2367 2 FAT
1472 1271 -1 1188 1.2367 2 FAT
1472 1272 -1 1188 1.2367 2 FAT
1472 1273 -1 1188 1.2367 2 FAT
1472 1274 -1 1188 1.2367 2 FAT
1472 1275 -1 1188 1.2367 2 FAT
1472 1276 -1 1188 1.2367 2 FAT
1472 1277 -1 1188 1.2367 2 FAT
1472 1278 -1 1188 1.2367 2 FAT
1472 1279 -1 1188 1.2367 2 FAT
1472 1280 -1 1188 1.2367 2 FAT
1472 1281 -1 1188 1.2367 2 FAT
1472 1282 -1 1188 1.2367 2 FAT
1472 1283 -1 1188 1.2367 2 FAT
1472 1284 -1 1188 1.2367 2 FAT
1472 1285 -1 1188 1.2367 2 FAT
1472 1286 -1 1188 1.2367 2 FAT
1472 1287 -1 1188 1.2367 2 FAT
1472 1288 -1 1188 1.2367 2 FAT
1472 1289 -1 1188 1.2367 2 FAT
1472 1290 -1 1188 1.2367 2 FAT
1472 1291 -1 1405 1.2366 2 FAT
1472 1292 -1 1405 1.2366 2 FAT
1472 1293 -1 1405 1.2366 2 FAT
1472 1294 -1 1405 1.2366 2 FAT
1472 1295 -1 1405 1.2366 2 FAT
1472 1296 -1 1405 1.2366 2 FAT
1472 1297 -1 1405 1.2366 2 FAT
1472 1298 -1 1405 1.2366 2 FAT
1472 1299 -1 1405 1.2366 2 FAT
1472 1300 -1 1405 1.2366 2 FAT
1472 1301 -1 1405 1.2366 2 FAT
1472 1302 -1 1405 1.2366 2 FAT
1472 1303 -1 1547 1.2364 2 FAT
1472 1304 -1 1547 1.2364 2 FAT
1472 1305 -1 1547 1.2364 2 FAT
1472 1306 -1 1547 1.2364 2 FAT
1472 1307 -1 1640 1.2364 2 FAT
1472 1308 -1 1640 1.2364 2 FAT
1472 1309 -1 1701 1.2365 2 FAT
1472 1310 -1 1767 1.2367 2 FAT
1472 1311 -1 1975 1.2467 2 FAT
1472 1312 -1 2117 1.2523 2 FAT
1472 1313 -1 2187 1.2545 2 FAT
1472 1314 -1 2300 1.2563 2 FAT
1472 1315 -1 2466 1.2611 2 FAT
1472 1316 -1 2489 1.2624 2 FAT
1472 1317 -1 2489 1.2624 2 FAT
1472 1318 -1 2549 1.2623 2 FAT
1472 1319 -1 2738 1.2663 2 FAT
1472 1320 -1 2934 1.2719 2 FAT
1472 1321 -1 3002 1.2716 2 FAT
1472 1322 -1 3069 1.2745 2 FAT
1472 1323 -1 3069 1.2745 2 FAT
1472 1324 -1 3069 1.2745 2 FAT
1472 1325 -1 3069 1.2745 2 FAT
1472 1326 -1 3069 1.2745 2 FAT
1472 1327 -1 3183 1.2747 2 FAT
1472 1328 -1 3183 1.2747 2 FAT
1472 1329 -1 3379 1.2757 2 FAT
1472 1330 -1 3557 1.2797 2 FAT
1472 1331 -1 3671 1.2830 2 FAT
1472 1332 -1 3874 1.2869 2 FAT
1472 1333 -1 3950 1.2883 2 FAT
1472 1334 -1 4011 1.2884 2 FAT
1472 1335 -1 4217 1.2919 0 FAT
1472 1336 -1 4328 1.2940 0 FAT
1472 1337 -1 4328 1.2940 0 FAT
1472 1338 -1 4328 1.2940 0 FAT
1472 1339 -1 4328 1.2940 0 FAT
1472 1340 -1 4328 1.2940 0 FAT
1472 1341 -1 4328 1.2940 0 FAT
1472 1342 -1 4328 1.2940 0 FAT
1472 1343 -1 4328 1.2940 0 FAT
1472 1344 -1 4328 1.2940 0 FAT
1472 1345 -1 4328 1.2940 0 FAT
1472 1346 -1 4328 1.2940 0 FAT
1472 1347 -1 4328 1.2940 0 FAT
1472 1348 -1 4328 1.2940 0 FAT
1472 1349 -1 4582 1.2940 0 FAT
1472 1350 -1 4582 1.2940 0 FAT
1472 1351 -1 4734 1.2941 0 FAT
1472 1352 -1 4825 1.2942 0 FAT
1472 1353 -1 5125 1.2977 0 FAT
1472 1354 -1 5319 1.3012 0 FAT
1472 1355 -1 5473 1.3025 0 FAT
1472 1356 -1 5664 1.3057 0 FAT
1472 1357 -1 5664 1.3057 0 FAT
1472 1358 -1 5873 1.3067 0 FAT
1472 1359 -1 6105 1.3104 0 FAT
1472 1360 -1 6274 1.3122 0 FAT
1472 1361 -1 6337 1.3130 0 FAT
1472 1362 -1 6337 1.3130 0 FAT
1472 1363 -1 6337 1.3130 0 FAT
1472 1364 -1 6477 1.3128 0 FAT
1472 1365 -1 6713 1.3137 0 FAT
1472 1366 -1 6937 1.3171 0 FAT
1472 1367 -1 7152 1.3189 0 FAT
1472 1368 -1 7206 1.3199 0 FAT
1472 1369 -1 7446 1.3215 0 FAT
1472 1370 -1 7705 1.3241 0 FAT
1472 1371 -1 7739 1.3247 0 FAT
1472 1372 -1 7739 1.3247 0 FAT
1472 1373 -1 7739 1.3247 0 FAT
1472 1374 -1 7739 1.3247 0 FAT
1472 1375 -1 7739 1.3247 0 FAT
1472 1376 -1 7739 1.3247 0 FAT
1472 1377 -1 7739 1.3247 0 FAT
1472 1378 -1 7739 1.3247 0 FAT
1472 1379 -1 7739 1.3247 0 FAT
1472 1380 -1 7739 1.3247 0 FAT
1472 1381 -1 7739 1.3247 0 FAT
1472 1382 -1 7739 1.3247 0 FAT
1472 1383 -1 7739 1.3247 0 FAT
1472 1384 -1 7739 1.3247 0 FAT
1472 1385 -1 7739 1.3247 0 FAT
1472 1386 -1 7739 1.3247 0 FAT
1472 1387 -1 7739 1.3247 0 FAT
1472 1388 -1 7739 1.3247 0 FAT
1472 1389 -1 7739 1.3247 0 FAT
1472 1390 -1 7739 1.3247 0 FAT
1472 1391 -1 7739 1.3247 0 FAT
1472 1392 -1 7739 1.3247 0 FAT
1472 1393 -1 7739 1.3247 0 FAT
1472 1394 -1 7739 1.3247 0 FAT
1472 1395 -1 7739 1.3247 0 FAT
1472 1396 -1 7739 1.3247 0 FAT
1472 1397 -1 7739 1.3247 0 FAT
1472 1398 -1 7739 1.3247 0 FAT
1472 1399 -1 7739 1.3247 0 FAT
1472 1400 -1 7739 1.3247 0 FAT
1472 1401 -1 7739 1.3247 0 FAT
1472 1402 -1 7739 1.3247 0 FAT
1472 1403 -1 7739 1.3247 0 FAT
1472 1404 -1 7739 1.3247 0 FAT
1472 1405 -1 7739 1.3247 0 FAT
1472 1406 -1 7739 1.3247 0 FAT
1472 1407 -1 7739 1.3247 0 FAT
1472 1408 -1 7739 1.3247 0 FAT
1472 1409 -1 7739 1.3247 0 FAT
1472 1410 -1 7739 1.3247 0 FAT
1472 1411 -1 7739 1.3247 0 FAT
1472 1412 -1 7739 1.3247 0 FAT
1472 1413 -1 7739 1.3247 0 FAT
1472 1414 -1 7739 1.3247 0 FAT
1472 1415 -1 7739 1.3247 0 FAT
1472 1416 -1 7739 1.3247 0 FAT
1472 1417 -1 7739 1.3247 0 FAT
1472 1418 -1 7739 1.3247 0 FAT
1472 1419 -1 7739 1.3247 0 FAT
1472 1420 -1 7739 1.3247 0 FAT
1472 1421 -1 7739 1.3247 0 FAT
1472 1422 -1 7739 1.3247 0 FAT
1472 1423 -1 7739 1.3247 0 FAT
1472 1424 -1 7739 1.3247 0 FAT
1472 1425 -1 7739 1.3247 0 FAT
1472 1426 -1 7739 1.3247 0 FAT
1472 1427 -1 7739 1.3247 0 FAT
1472 1428 -1 7739 1.3247 0 FAT
1472 1429 -1 7739 1.3247 0 FAT
1472 1430 -1 7739 1.3247 0 FAT
1472 1431 -1 7739 1.3247 0 FAT
1472 1432 -1 7739 1.3247 0 FAT
1472 1433 -1 7739 1.3247 0 FAT
1472 1434 -1 7739 1.3247 0 FAT
1472 1435 -1 7739 1.3247 0 FAT
1472 1436 -1 7739 1.3247 0 FAT
1472 1437 -1 7739 1.3247 0 FAT
1472 1438 -1 7739 1.3247 0 FAT
1472 1439 -1 7739 1.3247 0 FAT
1472 1440 -1 7739 1.3247 0 FAT
1472 1441 -1 7487 1.3221 0 FAT
1472 1442 -1 7243 1.3199 0 FAT
1472 1443 -1 7065 1.3176 0 FAT
1472 1444 -1 6780 1.3159 0 FAT
1472 1445 -1 6780 1.3159 0 FAT
1472 1446 -1 6661 1.3138 0 FAT
1472 1447 -1 6437 1.3118 0 FAT
1472 1448 -1 6188 1.3085 0 FAT
1472 1449 -1 5928 1.3085 0 FAT
1472 1450 -1 5928 1.3085 0 FAT
1472 1451 -1 5928 1.3085 0 FAT
1472 1452 -1 5928 1.3085 0 FAT
1472 1453 -1 5820 1.3065 0 FAT
1472 1454 -1 5627 1.3045 0 FAT
1472 1455 -1 5387 1.3008 0 FAT
1472 1456 -1 5312 1.3009 0 FAT
1472 1457 -1 5084 1.2974 0 FAT
1472 1458 -1 4855 1.2940 0 FAT
1472 1459 -1 4734 1.2941 0 FAT
1472 1460 -1 4734 1.2941 0 FAT
1472 1461 -1 4472 1.2941 0 FAT
1472 1462 -1 4472 1.2941 0 FAT
1472 1463 -1 4472 1.2941 0 FAT
1472 1464 -1 4472 1.2941 0 FAT
1472 1465 -1 4472 1.2941 0 FAT
1472 1466 -1 4472 1.2941 0 FAT
1472 1467 -1 4472 1.2941 0 FAT
1472 1468 -1 4472 1.2941 0 FAT
1472 1469 -1 4417 1.2928 0 FAT
1472 1470 -1 4258 1.2902 0 FAT
1472 1471 -1 4036 1.2878 2 FAT
1472 1472 -1 4009 1.2873 2 FAT
1472 1473 -1 3803 1.2829 2 FAT
1472 1474 -1 3628 1.2797 2 FAT
1472 1475 -1 3527 1.2797 2 FAT
1472 1476 -1 3527 1.2797 2 FAT
1472 1477 -1 3457 1.2776 2 FAT
1472 1478 -1 3241 1.2720 2 FAT
1472 1479 -1 3157 1.2718 2 FAT
1472 1480 -1 2919 1.2639 2 FAT
1472 1481 -1 2813 1.2639 2 FAT
1472 1482 -1 2669 1.2638 2 FAT
1472 1483 -1 2669 1.2638 2 FAT
1472 1484 -1 2669 1.2638 2 FAT
1472 1485 -1 2669 1.2638 2 FAT
1472 1486 -1 2669 1.2638 2 FAT
1472 1487 -1 2379 1.2638 2 FAT
1472 1488 -1 2379 1.2638 2 FAT
1472 1489 -1 2379 1.2638 2 FAT
1472 1490 -1 2379 1.2638 2 FAT
1472 1491 -1 2379 1.2638 2 FAT
1472 1492 -1 2379 1.2638 2 FAT
1472 1493 -1 2379 1.2638 2 FAT
1472 1494 -1 2379 1.2638 2 FAT
1472 1495 -1 2379 1.2638 2 FAT
1472 1496 -1 2379 1.2638 2 FAT
1472 1497 -1 2379 1.2638 2 FAT
1472 1498 -1 2379 1.2638 2 FAT
1472 1499 -1 2379 1.2638 2 FAT
1472 1500 -1 2379 1.2638 2 FAT
1472 1501 -1 2379 1.2638 2 FAT
1472 1502 -1 2379 1.2638 2 FAT
1472 1503 -1 2379 1.2638 2 FAT
1472 1504 -1 2379 1.2638 2 FAT
1472 1505 -1 2379 1.2638 2 FAT
1472 1506 -1 2379 1.2638 2 FAT
1472 1507 -1 2379 1.2638 2 FAT
1472 1508 -1 2235 1.2591 2 FAT
1472 1509 -1 4202 1.2543 0 FAT
1472 1510 -1 4332 1.2615 0 FAT
1472 1511 -1 4651 1.2676 0 FAT
1472 1512 -1 4651 1.2676 0 FAT
1472 1513 -1 4595 1.2617 0 FAT
1472 1514 -1 4587 1.2645 0 FAT
1472 1515 -1 4660 1.2647 0 FAT
1472 1516 -1 4316 1.2621 0 FAT
1472 1517 -1 4522 1.2640 0 FAT
1472 1518 -1 4038 1.2619 2 FAT
1472 1519 -1 4038 1.2619 2 FAT
1472 1520 -1 4038 1.2619 2 FAT
1472 1521 -1 4510 1.2661 0 FAT
1472 1522 -1 4510 1.2661 0 FAT
1472 1523 -1 4510 1.2661 0 FAT
1472 1524 -1 4196 1.2613 0 FAT
1472 1525 -1 3952 1.2551 2 FAT
1472 1526 -1 3621 1.2466 2 FAT
1472 1527 -1 3394 1.2446 2 FAT
1472 1528 -1 3341 1.2427 2 FAT
1472 1529 -1 2946 1.2309 2 FAT
1472 1530 -1 2527 1.2123 2 FAT
1472 1531 -1 2357 1.2084 2 FAT
1472 1532 -1 2037 1.2024 2 FAT
1472 1533 -1 2037 1.2024 2 FAT
1472 1534 -1 2630 1.2086 2 FAT
1472 1535 -1 2791 1.2133 2 FAT
1472 1536 -1 2601 1.2075 2 FAT
1472 1537 -1 2498 1.2204 2 FAT
1472 1538 -1 2830 1.2336 2 FAT
1472 1539 -1 3033 1.2403 2 FAT
1472 1540 -1 3278 1.2443 2 FAT
1472 1541 -1 3278 1.2443 2 FAT
1472 1542 -1 3278 1.2443 2 FAT
1472 1543 -1 3278 1.2443 2 FAT
1472 1544 -1 3621 1.2466 2 FAT
1472 1545 -1 3984 1.2566 2 FAT
1472 1546 -1 4184 1.2607 0 FAT
1472 1547 -1 4478 1.2646 0 FAT
1472 1548 -1 4888 1.2742 0 FAT
1472 1549 -1 4986 1.2755 0 FAT
1472 1550 -1 4930 1.2762 0 FAT
1472 1551 -1 4930 1.2762 0 FAT
1472 1552 -1 4985 1.2714 0 FAT
1472 1553 -1 4948 1.2728 0 FAT
1472 1554 -1 4471 1.2650 0 FAT
1472 1555 -1 3205 1.2650 2 FAT
1472 1556 -1 3205 1.2650 2 FAT
1472 1557 -1 3205 1.2650 2 FAT
1472 1558 -1 3205 1.2650 2 FAT
1472 1559 -1 3205 1.2650 2 FAT
1472 1560 -1 3205 1.2650 2 FAT
1472 1561 -1 3205 1.2650 2 FAT
1472 1562 -1 3510 1.2646 2 FAT
1472 1563 -1 3767 1.2692 2 FAT
1472 1564 -1 4076 1.2756 2 FAT
1472 1565 -1 4274 1.2784 0 FAT
1472 1566 -1 4274 1.2784 0 FAT
1472 1567 -1 4274 1.2784 0 FAT
1472 1568 -1 4274 1.2784 0 FAT
1472 1569 -1 4274 1.2784 0 FAT
1472 1570 -1 4274 1.2784 0 FAT
1472 1571 -1 4274 1.2784 0 FAT
1472 1572 -1 4274 1.2784 0 FAT
1472 1573 -1 4274 1.2784 0 FAT
1472 1574 -1 4274 1.2784 0 FAT
1472 1575 -1 4274 1.2784 0 FAT
1472 1576 -1 4274 1.2784 0 FAT
1472 1577 -1 4274 1.2784 0 FAT
1472 1578 -1 4274 1.2784 0 FAT
1472 1579 -1 4274 1.2784 0 FAT
1472 1580 -1 4274 1.2784 0 FAT
1472 1581 -1 4274 1.2784 0 FAT
1472 1582 -1 4274 1.2784 0 FAT
1472 1583 -1 4274 1.2784 0 FAT
1472 1584 -1 4274 1.2784 0 FAT
1472 1585 -1 4274 1.2784 0 FAT
1472 1586 -1 4274 1.2784 0 FAT
1472 1587 -1 4274 1.2784 0 FAT
1472 1588 -1 4274 1.2784 0 FAT
1472 1589 -1 4274 1.2784 0 FAT
1472 1590 -1 4274 1.2784 0 FAT
1472 1591 -1 4274 1.2784 0 FAT
1472 1592 -1 4274 1.2784 0 FAT
1472 1593 -1 4274 1.2784 0 FAT
1472 1594 -1 4274 1.2784 0 FAT
1472 1595 -1 4274 1.2784 0 FAT
1472 1596 -1 4274 1.2784 0 FAT
1472 1597 -1 5176 1.2782 0 FAT
1472 1598 -1 5837 1.2851 0 FAT
1472 1599 -1 6010 1.2871 0 FAT
1472 1600 -1 6353 1.2907 0 FAT
1472 1601 -1 6742 1.2960 0 FAT
1472 1602 -1 6989 1.2981 0 FAT
1472 1603 -1 7124 1.2994 0 FAT
1472 1604 -1 7024 1.2975 0 FAT
1472 1605 -1 6958 1.2940 0 FAT
1472 1606 -1 6869 1.2952 0 FAT
1472 1607 -1 7131 1.2976 0 FAT
1472 1608 -1 6789 1.2934 0 FAT
1472 1609 -1 6528 1.2887 0 FAT
1472 1610 -1 6127 1.2853 0 FAT
1472 1611 -1 6002 1.2828 0 FAT
1472 1612 -1 5458 1.2797 0 FAT
1472 1613 -1 5458 1.2797 0 FAT
1472 1614 -1 5458 1.2797 0 FAT
1472 1615 -1 5458 1.2797 0 FAT
1472 1616 -1 6062 1.2784 0 FAT
1472 1617 -1 5984 1.2806 0 FAT
1472 1618 -1 6233 1.2828 0 FAT
1472 1619 -1 5269 1.2800 0 FAT
1472 1620 -1 5269 1.2800 0 FAT
1472 1621 -1 5676 1.2834 0 FAT
1472 1622 -1 5823 1.2856 0 FAT
1472 1623 -1 6293 1.2912 0 FAT
1472 1624 -1 6591 1.2951 0 FAT
1472 1625 -1 6608 1.2956 0 FAT
1472 1626 -1 6911 1.2977 0 FAT
1472 1627 -1 7217 1.3005 0 FAT
1472 1628 -1 7308 1.3025 0 FAT
1472 1629 -1 7308 1.3025 0 FAT
1472 1630 -1 7308 1.3025 0 FAT
1472 1631 -1 7308 1.3025 0 FAT
1472 1632 -1 7204 1.3011 0 FAT
1472 1633 -1 7410 1.2974 0 FAT
1472 1634 -1 7397 1.2996 0 FAT
1472 1635 -1 7392 1.2994 0 FAT
1472 1636 -1 6874 1.2973 0 FAT
1472 1637 -1 7276 1.3005 0 FAT
1472 1638 -1 7657 1.3049 0 FAT
1472 1639 -1 7885 1.3072 0 FAT
1472 1640 -1 7556 1.3034 0 FAT
1472 1641 -1 7331 1.3024 0 FAT
1472 1642 -1 7045 1.2992 0 FAT
1472 1643 -1 6618 1.2944 0 FAT
1472 1644 -1 6413 1.2916 0 FAT
1472 1645 -1 6034 1.2894 0 FAT
1472 1646 -1 6034 1.2894 0 FAT
1472 1647 -1 5905 1.2879 0 FAT
1472 1648 -1 5674 1.2854 0 FAT
1472 1649 -1 5314 1.2786 0 FAT
1472 1650 -1 4705 1.2774 0 FAT
1472 1651 -1 4705 1.2774 0 FAT
1472 1652 -1 4705 1.2774 0 FAT
1472 1653 -1 4705 1.2774 0 FAT
1472 1654 -1 4705 1.2774 0 FAT
1472 1655 -1 4705 1.2774 0 FAT
1472 1656 -1 4705 1.2774 0 FAT
1472 1657 -1 4705 1.2774 0 FAT
1472 1658 -1 4705 1.2774 0 FAT
1472 1659 -1 5525 1.2762 0 FAT
1472 1660 -1 5080 1.2728 0 FAT
1472 1661 -1 5080 1.2728 0 FAT
1472 1662 -1 5614 1.2784 0 FAT
1472 1663 -1 5780 1.2812 0 FAT
1472 1664 -1 5502 1.2790 0 FAT
1472 1665 -1 5114 1.2715 0 FAT
1472 1666 -1 4637 1.2644 0 FAT
1472 1667 -1 4637 1.2644 0 FAT
1472 1668 -1 4395 1.2601 0 FAT
1472 1669 -1 3664 1.2602 2 FAT
1472 1670 -1 3957 1.2667 2 FAT
1472 1671 -1 3957 1.2667 2 FAT
1472 1672 -1 4223 1.2699 0 FAT
1472 1673 -1 4552 1.2767 0 FAT
1472 1674 -1 4778 1.2807 0 FAT
1472 1675 -1 4986 1.2824 0 FAT
1472 1676 -1 5272 1.2863 0 FAT
1472 1677 -1 5355 1.2883 0 FAT
1472 1678 -1 5355 1.2883 0 FAT
1472 1679 -1 5355 1.2883 0 FAT
1472 1680 -1 5355 1.2883 0 FAT
1472 1681 -1 5871 1.2917 0 FAT
1472 1682 -1 6095 1.2934 0 FAT
1472 1683 -1 6408 1.2970 0 FAT
1472 1684 -1 6642 1.2992 0 FAT
1472 1685 -1 6977 1.3043 0 FAT
1472 1686 -1 6977 1.3043 0 FAT
1472 1687 -1 6977 1.3043 0 FAT
1472 1688 -1 6977 1.3043 0 FAT
1472 1689 -1 6977 1.3043 0 FAT
1472 1690 -1 6977 1.3043 0 FAT
1472 1691 -1 6977 1.3043 0 FAT
1472 1692 -1 6977 1.3043 0 FAT
1472 1693 -1 6977 1.3043 0 FAT
1472 1694 -1 6977 1.3043 0 FAT
1472 1695 -1 6977 1.3043 0 FAT
1472 1696 -1 6977 1.3043 0 FAT
1472 1697 -1 6977 1.3043 0 FAT
1472 1698 -1 6977 1.3043 0 FAT
1472 1699 -1 6977 1.3043 0 FAT
1472 1700 -1 6911 1.3032 0 FAT
1472 1701 -1 6640 1.3011 0 FAT
1472 1702 -1 6299 1.2965 0 FAT
1472 1703 -1 5981 1.2920 0 FAT
1472 1704 -1 5456 1.2918 0 FAT
1472 1705 -1 5456 1.2918 0 FAT
1472 1706 -1 5456 1.2918 0 FAT
1472 1707 -1 5456 1.2918 0 FAT
1472 1708 -1 5456 1.2918 0 FAT
1472 1709 -1 5456 1.2918 0 FAT
1472 1710 -1 5456 1.2918 0 FAT
1472 1711 -1 5456 1.2918 0 FAT
1472 1712 -1 5456 1.2918 0 FAT
1472 1713 -1 5137 1.2869 0 FAT
1472 1714 -1 4976 1.2864 0 FAT
1472 1715 -1 4976 1.2864 0 FAT
1472 1716 -1 4798 1.2841 0 FAT
1472 1717 -1 4666 1.2818 0 FAT
1472 1718 -1 4405 1.2772 0 FAT
1472 1719 -1 4012 1.2716 2 FAT
1472 1720 -1 4012 1.2716 2 FAT
1472 1721 -1 3891 1.2701 2 FAT
1472 1722 -1 3607 1.2634 2 FAT
1472 1723 -1 3319 1.2578 2 FAT
1472 1724 -1 3109 1.2578 2 FAT
1472 1725 -1 3109 1.2578 2 FAT
1472 1726 -1 3109 1.2578 2 FAT
1472 1727 -1 3109 1.2578 2 FAT
1472 1728 -1 3109 1.2578 2 FAT
1472 1729 -1 3031 1.2547 2 FAT
1472 1730 -1 2899 1.2550 2 FAT
1472 1731 -1 2813 1.2544 2 FAT
1472 1732 -1 2639 1.2478 2 FAT
1472 1733 -1 2288 1.2385 2 FAT
1472 1734 -1 2288 1.2385 2 FAT
1472 1735 -1 2033 1.2290 2 FAT
1472 1736 -1 1718 1.2204 2 FAT
1472 1737 -1 1718 1.2204 2 FAT
1472 1738 -1 1718 1.2204 2 FAT
1472 1739 -1 1455 1.2206 2 FAT
1472 1740 -1 1455 1.2206 2 FAT
1472 1741 -1 1455 1.2206 2 FAT
1472 1742 -1 1455 1.2206 2 FAT
1472 1743 -1 1455 1.2206 2 FAT
1472 1744 -1 1455 1.2206 2 FAT
1472 1745 -1 1455 1.2206 2 FAT
1472 1746 -1 1455 1.2206 2 FAT
1472 1747 -1 1455 1.2206 2 FAT
1472 1748 -1 1455 1.2206 2 FAT
1472 1749 -1 1455 1.2206 2 FAT
1472 1750 -1 1455 1.2206 2 FAT
1472 1751 -1 1455 1.2206 2 FAT
1472 1752 -1 1455 1.2206 2 FAT
1472 1753 -1 1455 1.2206 2 FAT
1472 1754 -1 1455 1.2206 2 FAT
1472 1755 -1 1455 1.2206 2 FAT
1472 1756 -1 1455 1.2206 2 FAT
1472 1757 -1 870 1.2207 2 FAT
1472 1758 -1 870 1.2207 2 FAT
1472 1759 -1 870 1.2207 2 FAT
1472 1760 -1 870 1.2207 2 FAT
1472 1761 -1 870 1.2207 2 FAT
1472 1762 -1 870 1.2207 2 FAT
1472 1763 -1 870 1.2207 2 FAT
1472 1764 -1 870 1.2207 2 FAT
1472 1765 -1 870 1.2207 2 FAT
1472 1766 -1 1192 1.2208 2 FAT
1472 1767 -1 1192 1.2208 2 FAT
1472 1768 -1 1192 1.2208 2 FAT
1472 1769 -1 1192 1.2208 2 FAT
1472 1770 -1 1192 1.2208 2 FAT
1472 1771 -1 1192 1.2208 2 FAT
1472 1772 -1 1192 1.2208 2 FAT
1472 1773 -1 1192 1.2208 2 FAT
1472 1774 -1 1192 1.2208 2 FAT
1472 1775 -1 1192 1.2208 2 FAT
1472 1776 -1 1192 1.2208 2 FAT
1472 1777 -1 1192 1.2208 2 FAT
1472 1778 -1 1192 1.2208 2 FAT
1472 1779 -1 1192 1.2208 2 FAT
1472 1780 -1 1192 1.2208 2 FAT
1472 1781 -1 1192 1.2208 2 FAT
1472 1782 -1 1192 1.2208 2 FAT
1472 1783 -1 1192 1.2208 2 FAT
1472 1784 -1 1192 1.2208 2 FAT
1472 1785 -1 1369 1.2211 2 FAT
1472 1786 -1 1369 1.2211 2 FAT
1472 1787 -1 1369 1.2211 2 FAT
1472 1788 -1 1369 1.2211 2 FAT
1472 1789 -1 1369 1.2211 2 FAT
1472 1790 -1 1466 1.2212 2 FAT
1472 1791 -1 1548 1.2211 2 FAT
1472 1792 -1 1741 1.2311 2 FAT
1472 1793 -1 1886 1.2395 2 FAT
1472 1794 -1 1957 1.2394 2 FAT
1472 1795 -1 2197 1.2507 2 FAT
1472 1796 -1 2275 1.2508 2 FAT
1472 1797 -1 2318 1.2533 2 FAT
1472 1798 -1 2318 1.2533 2 FAT
1472 1799 -1 2318 1.2533 2 FAT
1472 1800 -1 2424 1.2535 2 FAT
1472 1801 -1 2518 1.2535 2 FAT
1472 1802 -1 2777 1.2637 2 FAT
1472 1803 -1 2877 1.2647 2 FAT
1472 1804 -1 3041 1.2699 2 FAT
1472 1805 -1 3143 1.2714 2 FAT
1472 1806 -1 3143 1.2714 2 FAT
1472 1807 -1 3239 1.2714 2 FAT
1472 1808 -1 3441 1.2750 2 FAT
1472 1809 -1 3510 1.2768 2 FAT
1472 1810 -1 3510 1.2768 2 FAT
1472 1811 -1 3510 1.2768 2 FAT
1472 1812 -1 3510 1.2768 2 FAT
1472 1813 -1 3510 1.2768 2 FAT
1472 1814 -1 3510 1.2768 2 FAT
1472 1815 -1 3510 1.2768 2 FAT
1472 1816 -1 3510 1.2768 2 FAT
1472 1817 -1 3510 1.2768 2 FAT
1472 1818 -1 3510 1.2768 2 FAT
1472 1819 -1 3510 1.2768 2 FAT
1472 1820 -1 3510 1.2768 2 FAT
1472 1821 -1 3510 1.2768 2 FAT
1472 1822 -1 3809 1.2764 2 FAT
1472 1823 -1 3809 1.2764 2 FAT
1472 1824 -1 3954 1.2763 2 FAT
1472 1825 -1 4240 1.2805 0 FAT
1472 1826 -1 4382 1.2842 0 FAT
1472 1827 -1 4662 1.2882 0 FAT
1472 1828 -1 4858 1.2909 0 FAT
1472 1829 -1 4858 1.2909 0 FAT
1472 1830 -1 4858 1.2909 0 FAT
1472 1831 -1 5092 1.2908 0 FAT
1472 1832 -1 5301 1.2950 0 FAT
1472 1833 -1 5532 1.2981 0 FAT
1472 1834 -1 5669 1.3001 0 FAT
1472 1835 -1 5669 1.3001 0 FAT
1472 1836 -1 6009 1.3033 0 FAT
1472 1837 -1 6182 1.3058 0 FAT
1472 1838 -1 6182 1.3058 0 FAT
1472 1839 -1 6182 1.3058 0 FAT
1472 1840 -1 6182 1.3058 0 FAT
1472 1841 -1 6182 1.3058 0 FAT
1472 1842 -1 6182 1.3058 0 FAT
1472 1843 -1 6182 1.3058 0 FAT
1472 1844 -1 6182 1.3058 0 FAT
1472 1845 -1 6182 1.3058 0 FAT
1472 1846 -1 6522 1.3061 0 FAT
1472 1847 -1 6914 1.3078 0 FAT
1472 1848 -1 7149 1.3104 0 FAT
1472 1849 -1 7430 1.3142 0 FAT
1472 1850 -1 7452 1.3144 0 FAT
1472 1851 -1 7674 1.3147 0 FAT
1472 1852 -1 7940 1.3181 0 FAT
1472 1853 -1 8147 1.3206 0 FAT
1472 1854 -1 8349 1.3214 0 FAT
1472 1855 -1 8646 1.3246 0 FAT
1472 1856 -1 8651 1.3247 0 FAT
1472 1857 -1 8651 1.3247 0 FAT
1472 1858 -1 8651 1.3247 0 FAT
1472 1859 -1 8651 1.3247 0 FAT
1472 1860 -1 8651 1.3247 0 FAT
1472 1861 -1 8651 1.3247 0 FAT
1472 1862 -1 8651 1.3247 0 FAT
1472 1863 -1 8651 1.3247 0 FAT
1472 1864 -1 8651 1.3247 0 FAT
1472 1865 -1 8651 1.3247 0 FAT
1472 1866 -1 8651 1.3247 0 FAT
1472 1867 -1 8651 1.3247 0 FAT
1472 1868 -1 8651 1.3247 0 FAT
1472 1869 -1 8651 1.3247 0 FAT
1472 1870 -1 8651 1.3247 0 FAT
1472 1871 -1 8651 1.3247 0 FAT
1472 1872 -1 8651 1.3247 0 FAT
1472 1873 -1 8651 1.3247 0 FAT
1472 1874 -1 8651 1.3247 0 FAT
1472 1875 -1 8651 1.3247 0 FAT
1472 1876 -1 8651 1.3247 0 FAT
1472 1877 -1 8651 1.3247 0 FAT
1472 1878 -1 8651 1.3247 0 FAT
1472 1879 -1 8651 1.3247 0 FAT
1472 1880 -1 8651 1.3247 0 FAT
1472 1881 -1 8651 1.3247 0 FAT
1472 1882 -1 8651 1.3247 0 FAT
1472 1883 -1 8651 1.3247 0 FAT
1472 1884 -1 8651 1.3247 0 FAT
1472 1885 -1 8651 1.3247 0 FAT
1472 1886 -1 8651 1.3247 0 FAT
1472 1887 -1 8651 1.3247 0 FAT
1472 1888 -1 8651 1.3247 0 FAT
1472 1889 -1 8651 1.3247 0 FAT
1472 1890 -1 8651 1.3247 0 FAT
1472 1891 -1 8651 1.3247 0 FAT
1472 1892 -1 8651 1.3247 0 FAT
1472 1893 -1 8651 1.3247 0 FAT
1472 1894 -1 8651 1.3247 0 FAT
1472 1895 -1 8534 1.3235 0 FAT
1472 1896 -1 8323 1.3219 0 FAT
1472 1897 -1 8048 1.3185 0 FAT
1472 1898 -1 7754 1.3173 0 FAT
1472 1899 -1 7754 1.3173 0 FAT
1472 1900 -1 7525 1.3147 0 FAT
1472 1901 -1 7122 1.3110 0 FAT
1472 1902 -1 7122 1.3110 0 FAT
1472 1903 -1 6845 1.3072 0 FAT
1472 1904 -1 6325 1.3058 0 FAT
1472 1905 -1 8428 1.3062 0 FAT
1472 1906 -1 8791 1.3093 0 FAT
1472 1907 -1 9143 1.3126 0 FAT
1472 1908 -1 9343 1.3145 0 FAT
1472 1909 -1 9343 1.3145 0 FAT
1472 1910 -1 9244 1.3128 0 FAT
1472 1911 -1 9539 1.3132 0 FAT
1472 1912 -1 9527 1.3147 0 FAT
1472 1913 -1 9654 1.3156 0 FAT
1472 1914 -1 9234 1.3123 0 FAT
1472 1915 -1 9463 1.3126 0 FAT
1472 1916 -1 9122 1.3145 0 FAT
1472 1917 -1 9221 1.3154 0 FAT
1472 1918 -1 9547 1.3172 0 FAT
1472 1919 -1 9547 1.3172 0 FAT
1472 1920 -1 9434 1.3163 0 FAT
1472 1921 -1 9027 1.3132 0 FAT
1472 1922 -1 8781 1.3102 0 FAT
1472 1923 -1 8421 1.3063 0 FAT
1472 1924 -1 7896 1.3037 0 FAT
1472 1925 -1 7896 1.3037 0 FAT
1472 1926 -1 7896 1.3037 0 FAT
1472 1927 -1 8471 1.3010 0 FAT
1472 1928 -1 7455 1.3059 0 FAT
1472 1929 -1 7616 1.3077 0 FAT
1472 1930 -1 7616 1.3077 0 FAT
1472 1931 -1 8090 1.3111 0 FAT
1472 1932 -1 8421 1.3147 0 FAT
1472 1933 -1 8421 1.3147 0 FAT
1472 1934 -1 8914 1.3178 0 FAT
1472 1935 -1 9147 1.3189 0 FAT
1472 1936 -1 9308 1.3208 0 FAT
1472 1937 -1 9308 1.3208 0 FAT
1472 1938 -1 9308 1.3208 0 FAT
1472 1939 -1 9308 1.3208 0 FAT
1472 1940 -1 9308 1.3208 0 FAT
1472 1941 -1 9308 1.3208 0 FAT
1472 1942 -1 10166 1.3232 0 FAT
1472 1943 -1 10303 1.3244 0 FAT
1472 1944 -1 10666 1.3258 0 FAT
1472 1945 -1 10925 1.3283 0 FAT
1472 1946 -1 11318 1.3306 0 FAT
1472 1947 -1 11615 1.3329 0 FAT
1472 1948 -1 11522 1.3325 0 FAT
1472 1949 -1 11092 1.3299 0 FAT
1472 1950 -1 10956 1.3287 0 FAT
1472 1951 -1 11136 1.3264 0 FAT
1472 1952 -1 10751 1.3270 0 FAT
1472 1953 -1 11147 1.3294 0 FAT
1472 1954 -1 11484 1.3321 0 FAT
1472 1955 -1 11745 1.3342 0 FAT
1472 1956 -1 11342 1.3319 0 FAT
1472 1957 -1 11183 1.3304 0 FAT
1472 1958 -1 10858 1.3281 0 FAT
1472 1959 -1 10505 1.3244 0 FAT
1472 1960 -1 10143 1.3240 0 FAT
1472 1961 -1 10143 1.3240 0 FAT
1472 1962 -1 9876 1.3218 0 FAT
1472 1963 -1 9590 1.3189 0 FAT
1472 1964 -1 9333 1.3161 0 FAT
1472 1965 -1 9049 1.3155 0 FAT
1472 1966 -1 8974 1.3146 0 FAT
1472 1967 -1 8649 1.3115 0 FAT
1472 1968 -1 7506 1.3087 0 FAT
1472 1969 -1 7506 1.3087 0 FAT
1472 1970 -1 7506 1.3087 0 FAT
1472 1971 -1 7506 1.3087 0 FAT
1472 1972 -1 7506 1.3087 0 FAT
1472 1973 -1 7506 1.3087 0 FAT
1472 1974 -1 7506 1.3087 0 FAT
1472 1975 -1 7506 1.3087 0 FAT
1472 1976 -1 7506 1.3087 0 FAT
1472 1977 -1 7506 1.3087 0 FAT
1472 1978 -1 7506 1.3087 0 FAT
1472 1979 -1 7506 1.3087 0 FAT
1472 1980 -1 7506 1.3087 0 FAT
1472 1981 -1 7506 1.3087 0 FAT
1472 1982 -1 7256 1.3056 0 FAT
1472 1983 -1 6847 1.3030 0 FAT
1472 1984 -1 6847 1.3030 0 FAT
1472 1985 -1 6847 1.3030 0 FAT
1472 1986 -1 6624 1.3004 0 FAT
1472 1987 -1 8243 1.3007 0 FAT
1472 1988 -1 8011 1.2996 0 FAT
1472 1989 -1 8359 1.3038 0 FAT
1472 1990 -1 8135 1.3016 0 FAT
1472 1991 -1 7539 1.2959 0 FAT
1472 1992 -1 7539 1.2959 0 FAT
1472 1993 -1 7164 1.2904 0 FAT
1472 1994 -1 6905 1.2875 0 FAT
1472 1995 -1 6757 1.2883 0 FAT
1472 1996 -1 6855 1.2902 0 FAT
1472 1997 -1 7245 1.2936 0 FAT
1472 1998 -1 7488 1.2975 0 FAT
1472 1999 -1 7945 1.3029 0 FAT
1472 2000 -1 8267 1.3065 0 FAT
1472 2001 -1 8414 1.3076 0 FAT
1472 2002 -1 8414 1.3076 0 FAT
1472 2003 -1 8356 1.3068 0 FAT
1472 2004 -1 7975 1.3052 0 FAT
1472 2005 -1 8499 1.3069 0 FAT
1472 2006 -1 8603 1.3082 0 FAT
1472 2007 -1 8452 1.3075 0 FAT
1472 2008 -1 8730 1.3106 0 FAT
1472 2009 -1 8224 1.3050 0 FAT
1472 2010 -1 8051 1.3027 0 FAT
1472 2011 -1 8230 1.2999 0 FAT
1472 2012 -1 7919 1.3027 0 FAT
1472 2013 -1 8244 1.3070 0 FAT
1472 2014 -1 8244 1.3070 0 FAT
1472 2015 -1 8657 1.3082 0 FAT
1472 2016 -1 9025 1.3127 0 FAT
1472 2017 -1 9093 1.3136 0 FAT
1472 2018 -1 8863 1.3128 0 FAT
1472 2019 -1 8540 1.3095 0 FAT
1472 2020 -1 8293 1.3075 0 FAT
1472 2021 -1 7888 1.3030 0 FAT
1472 2022 -1 7599 1.2994 0 FAT
1472 2023 -1 7034 1.2965 0 FAT
1472 2024 -1 4821 1.2963 0 FAT
1472 2025 -1 4821 1.2963 0 FAT
1472 2026 -1 4821 1.2963 0 FAT
1472 2027 -1 4821 1.2963 0 FAT
1472 2028 -1 4821 1.2963 0 FAT
1472 2029 -1 4821 1.2963 0 FAT
1472 2030 -1 4821 1.2963 0 FAT
1472 2031 -1 4821 1.2963 0 FAT
1472 2032 -1 4821 1.2963 0 FAT
1472 2033 -1 4821 1.2963 0 FAT
1472 2034 -1 4821 1.2963 0 FAT
1472 2035 -1 4821 1.2963 0 FAT
1472 2036 -1 4821 1.2963 0 FAT
1472 2037 -1 5426 1.2964 0 FAT
1472 2038 -1 5426 1.2964 0 FAT
1472 2039 -1 5426 1.2964 0 FAT
1472 2040 -1 5641 1.2963 0 FAT
1472 2041 -1 5911 1.2999 0 FAT
1472 2042 -1 6133 1.3027 0 FAT
1472 2043 -1 6380 1.3056 0 FAT
1472 2044 -1 6440 1.3065 0 FAT
1472 2045 -1 6440 1.3065 0 FAT
1472 2046 -1 6619 1.3065 0 FAT
1472 2047 -1 6903 1.3089 0 FAT
1472 2048 -1 7173 1.3130 0 FAT
1472 2049 -1 7214 1.3135 0 FAT
1472 2050 -1 7354 1.3137 0 FAT
1472 2051 -1 7686 1.3171 0 FAT
1472 2052 -1 7782 1.3185 0 FAT
1472 2053 -1 8047 1.3200 0 FAT
1472 2054 -1 8195 1.3222 0 FAT
1472 2055 -1 8495 1.3247 0 FAT
1472 2056 -1 8495 1.3247 0 FAT
1472 2057 -1 8495 1.3247 0 FAT
1472 2058 -1 8495 1.3247 0 FAT
1472 2059 -1 8495 1.3247 0 FAT
1472 2060 -1 8495 1.3247 0 FAT
1472 2061 -1 8495 1.3247 0 FAT
1472 2062 -1 8495 1.3247 0 FAT
1472 2063 -1 8495 1.3247 0 FAT
1472 2064 -1 8495 1.3247 0 FAT
1472 2065 -1 8495 1.3247 0 FAT
1472 2066 -1 8495 1.3247 0 FAT
1472 2067 -1 8495 1.3247 0 FAT
1472 2068 -1 8495 1.3247 0 FAT
1472 2069 -1 9171 1.3247 0 FAT
1472 2070 -1 9610 1.3264 0 FAT
1472 2071 -1 9888 1.3286 0 FAT
1472 2072 -1 10086 1.3308 0 FAT
1472 2073 -1 10086 1.3308 0 FAT
1472 2074 -1 10486 1.3322 0 FAT
1472 2075 -1 10751 1.3350 0 FAT
1472 2076 -1 10883 1.3351 0 FAT
1472 2077 -1 11232 1.3381 0 FAT
1472 2078 -1 11452 1.3389 0 FAT
1472 2079 -1 11710 1.3406 0 FAT
1472 2080 -1 11992 1.3426 0 FAT
1472 2081 -1 11992 1.3426 0 FAT
1472 2082 -1 11992 1.3426 0 FAT
1472 2083 -1 11992 1.3426 0 FAT
1472 2084 -1 11992 1.3426 0 FAT
1472 2085 -1 11992 1.3426 0 FAT
1472 2086 -1 11992 1.3426 0 FAT
1472 2087 -1 11992 1.3426 0 FAT
1472 2088 -1 11992 1.3426 0 FAT
1472 2089 -1 12622 1.3426 0 FAT
1472 2090 -1 13188 1.3449 0 FAT
1472 2091 -1 13356 1.3463 0 FAT
1472 2092 -1 13677 1.3472 0 FAT
1472 2093 -1 13882 1.3489 0 FAT
1472 2094 -1 14254 1.3508 0 FAT
1472 2095 -1 14513 1.3521 0 FAT
1472 2096 -1 14819 1.3537 0 FAT
1472 2097 -1 14907 1.3543 0 FAT
1472 2098 -1 14907 1.3543 0 FAT
1472 2099 -1 14907 1.3543 0 FAT
1472 2100 -1 14907 1.3543 0 FAT
1472 2101 -1 14907 1.3543 0 FAT
1472 2102 -1 14907 1.3543 0 FAT
1472 2103 -1 15982 1.3567 0 FAT
1472 2104 -1 16224 1.3574 0 FAT
1472 2105 -1 16387 1.3579 0 FAT
1472 2106 -1 16389 1.3582 0 FAT
1472 2107 -1 16141 1.3583 0 FAT
1472 2108 -1 16141 1.3583 0 FAT
1472 2109 -1 15973 1.3574 0 FAT
1472 2110 -1 15438 1.3552 0 FAT
1472 2111 -1 16075 1.3558 0 FAT
1472 2112 -1 15851 1.3547 0 FAT
1472 2113 -1 16077 1.3557 0 FAT
1472 2114 -1 16148 1.3566 0 FAT
1472 2115 -1 15798 1.3548 0 FAT
1472 2116 -1 14553 1.3528 0 FAT
1472 2117 -1 15050 1.3538 0 FAT
1472 2118 -1 15360 1.3553 0 FAT
1472 2119 -1 15614 1.3570 0 FAT
1472 2120 -1 15614 1.3570 0 FAT
1472 2121 -1 16101 1.3583 0 FAT
1472 2122 -1 16370 1.3600 0 FAT
1472 2123 -1 16612 1.3603 0 FAT
1472 2124 -1 16903 1.3622 0 FAT
1472 2125 -1 17048 1.3622 0 FAT
1472 2126 -1 16923 1.3620 0 FAT
1472 2127 -1 17067 1.3627 0 FAT
1472 2128 -1 17091 1.3634 0 FAT
# row j=1472 L=0.408889 n=2129 KILL=0 CYCLE=0 FAT=2129 CAP=0 certified=0 lambda[1.0379,1.3634]
1473 0 -1 17463 1.3649 0 FAT
1473 1 -1 17166 1.3633 0 FAT
1473 2 -1 17342 1.3634 0 FAT
1473 3 -1 17186 1.3631 0 FAT
1473 4 -1 16903 1.3622 0 FAT
1473 5 -1 16612 1.3603 0 FAT
1473 6 -1 16370 1.3600 0 FAT
1473 7 -1 16101 1.3583 0 FAT
1473 8 -1 15614 1.3570 0 FAT
1473 9 -1 15614 1.3570 0 FAT
1473 10 -1 15360 1.3553 0 FAT
1473 11 -1 15050 1.3538 0 FAT
1473 12 -1 15798 1.3548 0 FAT
1473 13 -1 16154 1.3567 0 FAT
1473 14 -1 16450 1.3579 0 FAT
1473 15 -1 16165 1.3565 0 FAT
1473 16 -1 16347 1.3571 0 FAT
1473 17 -1 16075 1.3558 0 FAT
1473 18 -1 15973 1.3574 0 FAT
1473 19 -1 16141 1.3583 0 FAT
1473 20 -1 16141 1.3583 0 FAT
1473 21 -1 16715 1.3601 0 FAT
1473 22 -1 16695 1.3595 0 FAT
1473 23 -1 16524 1.3589 0 FAT
1473 24 -1 16231 1.3574 0 FAT
1473 25 -1 15982 1.3567 0 FAT
1473 26 -1 14907 1.3543 0 FAT
1473 27 -1 14907 1.3543 0 FAT
1473 28 -1 14907 1.3543 0 FAT
1473 29 -1 14907 1.3543 0 FAT
1473 30 -1 14907 1.3543 0 FAT
1473 31 -1 14907 1.3543 0 FAT
1473 32 -1 14819 1.3537 0 FAT
1473 33 -1 14513 1.3521 0 FAT
1473 34 -1 14254 1.3508 0 FAT
1473 35 -1 13882 1.3489 0 FAT
1473 36 -1 13677 1.3472 0 FAT
1473 37 -1 13356 1.3463 0 FAT
1473 38 -1 13188 1.3449 0 FAT
1473 39 -1 12622 1.3426 0 FAT
1473 40 -1 11992 1.3426 0 FAT
1473 41 -1 11992 1.3426 0 FAT
1473 42 -1 11992 1.3426 0 FAT
1473 43 -1 11992 1.3426 0 FAT
1473 44 -1 11992 1.3426 0 FAT
1473 45 -1 11992 1.3426 0 FAT
1473 46 -1 11992 1.3426 0 FAT
1473 47 -1 11992 1.3426 0 FAT
1473 48 -1 11992 1.3426 0 FAT
1473 49 -1 11710 1.3406 0 FAT
1473 50 -1 11452 1.3389 0 FAT
1473 51 -1 11232 1.3381 0 FAT
1473 52 -1 10883 1.3351 0 FAT
1473 53 -1 10751 1.3350 0 FAT
1473 54 -1 10486 1.3322 0 FAT
1473 55 -1 10086 1.3308 0 FAT
1473 56 -1 10086 1.3308 0 FAT
1473 57 -1 9888 1.3286 0 FAT
1473 58 -1 9610 1.3264 0 FAT
1473 59 -1 9171 1.3247 0 FAT
1473 60 -1 8495 1.3247 0 FAT
1473 61 -1 8495 1.3247 0 FAT
1473 62 -1 8495 1.3247 0 FAT
1473 63 -1 8495 1.3247 0 FAT
1473 64 -1 8495 1.3247 0 FAT
1473 65 -1 8495 1.3247 0 FAT
1473 66 -1 8495 1.3247 0 FAT
1473 67 -1 8495 1.3247 0 FAT
1473 68 -1 8495 1.3247 0 FAT
1473 69 -1 8495 1.3247 0 FAT
1473 70 -1 8495 1.3247 0 FAT
1473 71 -1 8495 1.3247 0 FAT
1473 72 -1 8495 1.3247 0 FAT
1473 73 -1 8495 1.3247 0 FAT
1473 74 -1 8195 1.3222 0 FAT
1473 75 -1 8047 1.3200 0 FAT
1473 76 -1 7782 1.3185 0 FAT
1473 77 -1 7686 1.3171 0 FAT
1473 78 -1 7354 1.3137 0 FAT
1473 79 -1 7214 1.3135 0 FAT
1473 80 -1 7173 1.3130 0 FAT
1473 81 -1 6903 1.3089 0 FAT
1473 82 -1 6619 1.3065 0 FAT
1473 83 -1 6440 1.3065 0 FAT
1473 84 -1 6440 1.3065 0 FAT
1473 85 -1 6380 1.3056 0 FAT
1473 86 -1 6133 1.3027 0 FAT
1473 87 -1 5911 1.2999 0 FAT
1473 88 -1 5641 1.2963 0 FAT
1473 89 -1 5426 1.2964 0 FAT
1473 90 -1 5426 1.2964 0 FAT
1473 91 -1 5426 1.2964 0 FAT
1473 92 -1 4821 1.2963 0 FAT
1473 93 -1 4821 1.2963 0 FAT
1473 94 -1 4821 1.2963 0 FAT
1473 95 -1 4821 1.2963 0 FAT
1473 96 -1 4821 1.2963 0 FAT
1473 97 -1 4821 1.2963 0 FAT
1473 98 -1 4821 1.2963 0 FAT
1473 99 -1 4821 1.2963 0 FAT
1473 100 -1 4821 1.2963 0 FAT
1473 101 -1 4821 1.2963 0 FAT
1473 102 -1 4821 1.2963 0 FAT
1473 103 -1 7034 1.2965 0 FAT
1473 104 -1 7034 1.2965 0 FAT
1473 105 -1 7599 1.2994 0 FAT
1473 106 -1 7888 1.3030 0 FAT
1473 107 -1 8293 1.3075 0 FAT
1473 108 -1 8540 1.3095 0 FAT
1473 109 -1 8863 1.3128 0 FAT
1473 110 -1 9093 1.3136 0 FAT
1473 111 -1 9106 1.3138 0 FAT
1473 112 -1 9025 1.3127 0 FAT
1473 113 -1 8657 1.3082 0 FAT
1473 114 -1 8244 1.3070 0 FAT
1473 115 -1 8244 1.3070 0 FAT
1473 116 -1 8615 1.3048 0 FAT
1473 117 -1 8568 1.3040 0 FAT
1473 118 -1 8224 1.3050 0 FAT
1473 119 -1 8730 1.3106 0 FAT
1473 120 -1 8821 1.3111 0 FAT
1473 121 -1 8928 1.3116 0 FAT
1473 122 -1 8963 1.3115 0 FAT
1473 123 -1 8499 1.3069 0 FAT
1473 124 -1 8356 1.3068 0 FAT
1473 125 -1 8414 1.3076 0 FAT
1473 126 -1 8414 1.3076 0 FAT
1473 127 -1 8414 1.3076 0 FAT
1473 128 -1 8267 1.3065 0 FAT
1473 129 -1 7945 1.3029 0 FAT
1473 130 -1 7488 1.2975 0 FAT
1473 131 -1 7245 1.2936 0 FAT
1473 132 -1 6855 1.2902 0 FAT
1473 133 -1 7584 1.2894 0 FAT
1473 134 -1 7164 1.2904 0 FAT
1473 135 -1 7539 1.2959 0 FAT
1473 136 -1 7539 1.2959 0 FAT
1473 137 -1 8135 1.3016 0 FAT
1473 138 -1 8377 1.3042 0 FAT
1473 139 -1 8359 1.3038 0 FAT
1473 140 -1 8526 1.3025 0 FAT
1473 141 -1 8614 1.3057 0 FAT
1473 142 -1 6847 1.3030 0 FAT
1473 143 -1 6847 1.3030 0 FAT
1473 144 -1 6847 1.3030 0 FAT
1473 145 -1 7256 1.3056 0 FAT
1473 146 -1 7506 1.3087 0 FAT
1473 147 -1 7506 1.3087 0 FAT
1473 148 -1 7506 1.3087 0 FAT
1473 149 -1 7506 1.3087 0 FAT
1473 150 -1 7506 1.3087 0 FAT
1473 151 -1 7506 1.3087 0 FAT
1473 152 -1 7506 1.3087 0 FAT
1473 153 -1 7506 1.3087 0 FAT
1473 154 -1 7506 1.3087 0 FAT
1473 155 -1 7506 1.3087 0 FAT
1473 156 -1 7506 1.3087 0 FAT
1473 157 -1 7506 1.3087 0 FAT
1473 158 -1 7506 1.3087 0 FAT
1473 159 -1 8291 1.3091 0 FAT
1473 160 -1 8649 1.3115 0 FAT
1473 161 -1 8974 1.3146 0 FAT
1473 162 -1 9049 1.3155 0 FAT
1473 163 -1 9333 1.3161 0 FAT
1473 164 -1 9590 1.3189 0 FAT
1473 165 -1 9876 1.3218 0 FAT
1473 166 -1 10143 1.3240 0 FAT
1473 167 -1 10143 1.3240 0 FAT
1473 168 -1 10505 1.3244 0 FAT
1473 169 -1 10858 1.3281 0 FAT
1473 170 -1 11183 1.3304 0 FAT
1473 171 -1 11342 1.3319 0 FAT
1473 172 -1 11745 1.3342 0 FAT
1473 173 -1 11745 1.3342 0 FAT
1473 174 -1 11484 1.3321 0 FAT
1473 175 -1 11147 1.3294 0 FAT
1473 176 -1 11369 1.3286 0 FAT
1473 177 -1 11499 1.3293 0 FAT
1473 178 -1 11092 1.3299 0 FAT
1473 179 -1 11522 1.3325 0 FAT
1473 180 -1 11669 1.3335 0 FAT
1473 181 -1 11615 1.3329 0 FAT
1473 182 -1 11318 1.3306 0 FAT
1473 183 -1 10925 1.3283 0 FAT
1473 184 -1 10666 1.3258 0 FAT
1473 185 -1 10303 1.3244 0 FAT
1473 186 -1 10166 1.3232 0 FAT
1473 187 -1 9308 1.3208 0 FAT
1473 188 -1 9308 1.3208 0 FAT
1473 189 -1 9308 1.3208 0 FAT
1473 190 -1 9308 1.3208 0 FAT
1473 191 -1 9308 1.3208 0 FAT
1473 192 -1 9308 1.3208 0 FAT
1473 193 -1 9147 1.3189 0 FAT
1473 194 -1 8914 1.3178 0 FAT
1473 195 -1 8421 1.3147 0 FAT
1473 196 -1 8421 1.3147 0 FAT
1473 197 -1 8090 1.3111 0 FAT
1473 198 -1 7616 1.3077 0 FAT
1473 199 -1 7616 1.3077 0 FAT
1473 200 -1 8867 1.3065 0 FAT
1473 201 -1 8853 1.3050 0 FAT
1473 202 -1 7896 1.3037 0 FAT
1473 203 -1 7896 1.3037 0 FAT
1473 204 -1 8421 1.3063 0 FAT
1473 205 -1 8781 1.3102 0 FAT
1473 206 -1 9027 1.3132 0 FAT
1473 207 -1 9434 1.3163 0 FAT
1473 208 -1 9547 1.3172 0 FAT
1473 209 -1 9547 1.3172 0 FAT
1473 210 -1 9547 1.3172 0 FAT
1473 211 -1 9221 1.3154 0 FAT
1473 212 -1 9846 1.3165 0 FAT
1473 213 -1 9709 1.3154 0 FAT
1473 214 -1 9654 1.3156 0 FAT
1473 215 -1 9859 1.3177 0 FAT
1473 216 -1 9887 1.3165 0 FAT
1473 217 -1 9897 1.3165 0 FAT
1473 218 -1 9343 1.3145 0 FAT
1473 219 -1 9343 1.3145 0 FAT
1473 220 -1 9343 1.3145 0 FAT
1473 221 -1 9143 1.3126 0 FAT
1473 222 -1 8791 1.3093 0 FAT
1473 223 -1 9051 1.3065 0 FAT
1473 224 -1 6845 1.3072 0 FAT
1473 225 -1 7122 1.3110 0 FAT
1473 226 -1 7122 1.3110 0 FAT
1473 227 -1 7525 1.3147 0 FAT
1473 228 -1 7754 1.3173 0 FAT
1473 229 -1 7754 1.3173 0 FAT
1473 230 -1 8048 1.3185 0 FAT
1473 231 -1 8323 1.3219 0 FAT
1473 232 -1 8534 1.3235 0 FAT
1473 233 -1 8651 1.3247 0 FAT
1473 234 -1 8651 1.3247 0 FAT
1473 235 -1 8651 1.3247 0 FAT
1473 236 -1 8651 1.3247 0 FAT
1473 237 -1 8651 1.3247 0 FAT
1473 238 -1 8651 1.3247 0 FAT
1473 239 -1 8651 1.3247 0 FAT
1473 240 -1 8651 1.3247 0 FAT
1473 241 -1 8651 1.3247 0 FAT
1473 242 -1 8651 1.3247 0 FAT
1473 243 -1 8651 1.3247 0 FAT
1473 244 -1 8651 1.3247 0 FAT
1473 245 -1 8651 1.3247 0 FAT
1473 246 -1 8651 1.3247 0 FAT
1473 247 -1 8651 1.3247 0 FAT
1473 248 -1 8651 1.3247 0 FAT
1473 249 -1 8651 1.3247 0 FAT
1473 250 -1 8651 1.3247 0 FAT
1473 251 -1 8651 1.3247 0 FAT
1473 252 -1 8651 1.3247 0 FAT
1473 253 -1 8651 1.3247 0 FAT
1473 254 -1 8651 1.3247 0 FAT
1473 255 -1 8651 1.3247 0 FAT
1473 256 -1 8651 1.3247 0 FAT
1473 257 -1 8651 1.3247 0 FAT
1473 258 -1 8651 1.3247 0 FAT
1473 259 -1 8651 1.3247 0 FAT
1473 260 -1 8651 1.3247 0 FAT
1473 261 -1 8651 1.3247 0 FAT
1473 262 -1 8651 1.3247 0 FAT
1473 263 -1 8651 1.3247 0 FAT
1473 264 -1 8651 1.3247 0 FAT
1473 265 -1 8651 1.3247 0 FAT
1473 266 -1 8651 1.3247 0 FAT
1473 267 -1 8651 1.3247 0 FAT
1473 268 -1 8651 1.3247 0 FAT
1473 269 -1 8651 1.3247 0 FAT
1473 270 -1 8651 1.3247 0 FAT
1473 271 -1 8651 1.3247 0 FAT
1473 272 -1 8651 1.3247 0 FAT
1473 273 -1 8646 1.3246 0 FAT
1473 274 -1 8349 1.3214 0 FAT
1473 275 -1 8147 1.3206 0 FAT
1473 276 -1 7940 1.3181 0 FAT
1473 277 -1 7674 1.3147 0 FAT
1473 278 -1 7452 1.3144 0 FAT
1473 279 -1 7430 1.3142 0 FAT
1473 280 -1 7149 1.3104 0 FAT
1473 281 -1 6914 1.3078 0 FAT
1473 282 -1 6522 1.3061 0 FAT
1473 283 -1 6182 1.3058 0 FAT
1473 284 -1 6182 1.3058 0 FAT
1473 285 -1 6182 1.3058 0 FAT
1473 286 -1 6182 1.3058 0 FAT
1473 287 -1 6182 1.3058 0 FAT
1473 288 -1 6182 1.3058 0 FAT
1473 289 -1 6182 1.3058 0 FAT
1473 290 -1 6182 1.3058 0 FAT
1473 291 -1 6182 1.3058 0 FAT
1473 292 -1 6009 1.3033 0 FAT
1473 293 -1 5669 1.3001 0 FAT
1473 294 -1 5669 1.3001 0 FAT
1473 295 -1 5532 1.2981 0 FAT
1473 296 -1 5301 1.2950 0 FAT
1473 297 -1 5092 1.2908 0 FAT
1473 298 -1 4858 1.2909 0 FAT
1473 299 -1 4858 1.2909 0 FAT
1473 300 -1 4858 1.2909 0 FAT
1473 301 -1 4662 1.2882 0 FAT
1473 302 -1 4382 1.2842 0 FAT
1473 303 -1 4240 1.2805 0 FAT
1473 304 -1 3954 1.2763 2 FAT
1473 305 -1 3809 1.2764 2 FAT
1473 306 -1 3809 1.2764 2 FAT
1473 307 -1 3510 1.2768 2 FAT
1473 308 -1 3510 1.2768 2 FAT
1473 309 -1 3510 1.2768 2 FAT
1473 310 -1 3510 1.2768 2 FAT
1473 311 -1 3510 1.2768 2 FAT
1473 312 -1 3510 1.2768 2 FAT
1473 313 -1 3510 1.2768 2 FAT
1473 314 -1 3510 1.2768 2 FAT
1473 315 -1 3510 1.2768 2 FAT
1473 316 -1 3510 1.2768 2 FAT
1473 317 -1 3510 1.2768 2 FAT
1473 318 -1 3510 1.2768 2 FAT
1473 319 -1 3510 1.2768 2 FAT
1473 320 -1 3441 1.2750 2 FAT
1473 321 -1 3239 1.2714 2 FAT
1473 322 -1 3143 1.2714 2 FAT
1473 323 -1 3143 1.2714 2 FAT
1473 324 -1 3041 1.2699 2 FAT
1473 325 -1 2877 1.2647 2 FAT
1473 326 -1 2777 1.2637 2 FAT
1473 327 -1 2518 1.2535 2 FAT
1473 328 -1 2424 1.2535 2 FAT
1473 329 -1 2318 1.2533 2 FAT
1473 330 -1 2318 1.2533 2 FAT
1473 331 -1 2318 1.2533 2 FAT
1473 332 -1 2275 1.2508 2 FAT
1473 333 -1 2197 1.2507 2 FAT
1473 334 -1 1957 1.2394 2 FAT
1473 335 -1 1886 1.2395 2 FAT
1473 336 -1 1741 1.2311 2 FAT
1473 337 -1 1548 1.2211 2 FAT
1473 338 -1 1466 1.2212 2 FAT
1473 339 -1 1369 1.2211 2 FAT
1473 340 -1 1369 1.2211 2 FAT
1473 341 -1 1369 1.2211 2 FAT
1473 342 -1 1369 1.2211 2 FAT
1473 343 -1 1369 1.2211 2 FAT
1473 344 -1 1192 1.2208 2 FAT
1473 345 -1 1192 1.2208 2 FAT
1473 346 -1 1192 1.2208 2 FAT
1473 347 -1 1192 1.2208 2 FAT
1473 348 -1 1192 1.2208 2 FAT
1473 349 -1 1192 1.2208 2 FAT
1473 350 -1 1192 1.2208 2 FAT
1473 351 -1 1192 1.2208 2 FAT
1473 352 -1 1192 1.2208 2 FAT
1473 353 -1 1192 1.2208 2 FAT
1473 354 -1 1192 1.2208 2 FAT
1473 355 -1 1192 1.2208 2 FAT
1473 356 -1 1192 1.2208 2 FAT
1473 357 -1 1192 1.2208 2 FAT
1473 358 -1 1192 1.2208 2 FAT
1473 359 -1 1192 1.2208 2 FAT
1473 360 -1 1192 1.2208 2 FAT
1473 361 -1 1192 1.2208 2 FAT
1473 362 -1 1192 1.2208 2 FAT
1473 363 -1 870 1.2207 2 FAT
1473 364 -1 870 1.2207 2 FAT
1473 365 -1 870 1.2207 2 FAT
1473 366 -1 870 1.2207 2 FAT
1473 367 -1 870 1.2207 2 FAT
1473 368 -1 870 1.2207 2 FAT
1473 369 -1 870 1.2207 2 FAT
1473 370 -1 1455 1.2206 2 FAT
1473 371 -1 1455 1.2206 2 FAT
1473 372 -1 1455 1.2206 2 FAT
1473 373 -1 1455 1.2206 2 FAT
1473 374 -1 1455 1.2206 2 FAT
1473 375 -1 1455 1.2206 2 FAT
1473 376 -1 1455 1.2206 2 FAT
1473 377 -1 1455 1.2206 2 FAT
1473 378 -1 1455 1.2206 2 FAT
1473 379 -1 1455 1.2206 2 FAT
1473 380 -1 1455 1.2206 2 FAT
1473 381 -1 1455 1.2206 2 FAT
1473 382 -1 1455 1.2206 2 FAT
1473 383 -1 1455 1.2206 2 FAT
1473 384 -1 1455 1.2206 2 FAT
1473 385 -1 1455 1.2206 2 FAT
1473 386 -1 1455 1.2206 2 FAT
1473 387 -1 1455 1.2206 2 FAT
1473 388 -1 1455 1.2206 2 FAT
1473 389 -1 1718 1.2204 2 FAT
1473 390 -1 1718 1.2204 2 FAT
1473 391 -1 1718 1.2204 2 FAT
1473 392 -1 2033 1.2290 2 FAT
1473 393 -1 2288 1.2385 2 FAT
1473 394 -1 2288 1.2385 2 FAT
1473 395 -1 2639 1.2478 2 FAT
1473 396 -1 2813 1.2544 2 FAT
1473 397 -1 2899 1.2550 2 FAT
1473 398 -1 3031 1.2547 2 FAT
1473 399 -1 3109 1.2578 2 FAT
1473 400 -1 3109 1.2578 2 FAT
1473 401 -1 3109 1.2578 2 FAT
1473 402 -1 3109 1.2578 2 FAT
1473 403 -1 3109 1.2578 2 FAT
1473 404 -1 3319 1.2578 2 FAT
1473 405 -1 3607 1.2634 2 FAT
1473 406 -1 3891 1.2701 2 FAT
1473 407 -1 4012 1.2716 2 FAT
1473 408 -1 4012 1.2716 2 FAT
1473 409 -1 4405 1.2772 0 FAT
1473 410 -1 4666 1.2818 0 FAT
1473 411 -1 4798 1.2841 0 FAT
1473 412 -1 4976 1.2864 0 FAT
1473 413 -1 4976 1.2864 0 FAT
1473 414 -1 5137 1.2869 0 FAT
1473 415 -1 5456 1.2918 0 FAT
1473 416 -1 5456 1.2918 0 FAT
1473 417 -1 5456 1.2918 0 FAT
1473 418 -1 5456 1.2918 0 FAT
1473 419 -1 5456 1.2918 0 FAT
1473 420 -1 5456 1.2918 0 FAT
1473 421 -1 5456 1.2918 0 FAT
1473 422 -1 5456 1.2918 0 FAT
1473 423 -1 5456 1.2918 0 FAT
1473 424 -1 5981 1.2920 0 FAT
1473 425 -1 6299 1.2965 0 FAT
1473 426 -1 6640 1.3011 0 FAT
1473 427 -1 6911 1.3032 0 FAT
1473 428 -1 6977 1.3043 0 FAT
1473 429 -1 6977 1.3043 0 FAT
1473 430 -1 6977 1.3043 0 FAT
1473 431 -1 6977 1.3043 0 FAT
1473 432 -1 6977 1.3043 0 FAT
1473 433 -1 6977 1.3043 0 FAT
1473 434 -1 6977 1.3043 0 FAT
1473 435 -1 6977 1.3043 0 FAT
1473 436 -1 6977 1.3043 0 FAT
1473 437 -1 6977 1.3043 0 FAT
1473 438 -1 6977 1.3043 0 FAT
1473 439 -1 6977 1.3043 0 FAT
1473 440 -1 6977 1.3043 0 FAT
1473 441 -1 6977 1.3043 0 FAT
1473 442 -1 6977 1.3043 0 FAT
1473 443 -1 6977 1.3043 0 FAT
1473 444 -1 6642 1.2992 0 FAT
1473 445 -1 6408 1.2970 0 FAT
1473 446 -1 6095 1.2934 0 FAT
1473 447 -1 5871 1.2917 0 FAT
1473 448 -1 5355 1.2883 0 FAT
1473 449 -1 5355 1.2883 0 FAT
1473 450 -1 5355 1.2883 0 FAT
1473 451 -1 5355 1.2883 0 FAT
1473 452 -1 5272 1.2863 0 FAT
1473 453 -1 4986 1.2824 0 FAT
1473 454 -1 4778 1.2807 0 FAT
1473 455 -1 4552 1.2767 0 FAT
1473 456 -1 4223 1.2699 0 FAT
1473 457 -1 3957 1.2667 2 FAT
1473 458 -1 3957 1.2667 2 FAT
1473 459 -1 4876 1.2611 0 FAT
1473 460 -1 4637 1.2644 0 FAT
1473 461 -1 4637 1.2644 0 FAT
1473 462 -1 5114 1.2715 0 FAT
1473 463 -1 5502 1.2790 0 FAT
1473 464 -1 5780 1.2812 0 FAT
1473 465 -1 5988 1.2850 0 FAT
1473 466 -1 5614 1.2784 0 FAT
1473 467 -1 5080 1.2728 0 FAT
1473 468 -1 5716 1.2799 0 FAT
1473 469 -1 5789 1.2794 0 FAT
1473 470 -1 4705 1.2774 0 FAT
1473 471 -1 4705 1.2774 0 FAT
1473 472 -1 4705 1.2774 0 FAT
1473 473 -1 4705 1.2774 0 FAT
1473 474 -1 4705 1.2774 0 FAT
1473 475 -1 4705 1.2774 0 FAT
1473 476 -1 4705 1.2774 0 FAT
1473 477 -1 4705 1.2774 0 FAT
1473 478 -1 5314 1.2786 0 FAT
1473 479 -1 5674 1.2854 0 FAT
1473 480 -1 5905 1.2879 0 FAT
1473 481 -1 6034 1.2894 0 FAT
1473 482 -1 6034 1.2894 0 FAT
1473 483 -1 6413 1.2916 0 FAT
1473 484 -1 6618 1.2944 0 FAT
1473 485 -1 7045 1.2992 0 FAT
1473 486 -1 7331 1.3024 0 FAT
1473 487 -1 7556 1.3034 0 FAT
1473 488 -1 7885 1.3072 0 FAT
1473 489 -1 7885 1.3072 0 FAT
1473 490 -1 7657 1.3049 0 FAT
1473 491 -1 7276 1.3005 0 FAT
1473 492 -1 7392 1.2994 0 FAT
1473 493 -1 7694 1.3029 0 FAT
1473 494 -1 7648 1.3012 0 FAT
1473 495 -1 7752 1.3016 0 FAT
1473 496 -1 7308 1.3025 0 FAT
1473 497 -1 7308 1.3025 0 FAT
1473 498 -1 7308 1.3025 0 FAT
1473 499 -1 7308 1.3025 0 FAT
1473 500 -1 7308 1.3025 0 FAT
1473 501 -1 7217 1.3005 0 FAT
1473 502 -1 6911 1.2977 0 FAT
1473 503 -1 6608 1.2956 0 FAT
1473 504 -1 6591 1.2951 0 FAT
1473 505 -1 6293 1.2912 0 FAT
1473 506 -1 5823 1.2856 0 FAT
1473 507 -1 5676 1.2834 0 FAT
1473 508 -1 5269 1.2800 0 FAT
1473 509 -1 6273 1.2834 0 FAT
1473 510 -1 6350 1.2849 0 FAT
1473 511 -1 6388 1.2841 0 FAT
1473 512 -1 6298 1.2830 0 FAT
1473 513 -1 5458 1.2797 0 FAT
1473 514 -1 5458 1.2797 0 FAT
1473 515 -1 5458 1.2797 0 FAT
1473 516 -1 6002 1.2828 0 FAT
1473 517 -1 6127 1.2853 0 FAT
1473 518 -1 6528 1.2887 0 FAT
1473 519 -1 6789 1.2934 0 FAT
1473 520 -1 7131 1.2976 0 FAT
1473 521 -1 7131 1.2976 0 FAT
1473 522 -1 7258 1.2981 0 FAT
1473 523 -1 7398 1.2990 0 FAT
1473 524 -1 7124 1.2994 0 FAT
1473 525 -1 7124 1.2994 0 FAT
1473 526 -1 6989 1.2981 0 FAT
1473 527 -1 6742 1.2960 0 FAT
1473 528 -1 6353 1.2907 0 FAT
1473 529 -1 6010 1.2871 0 FAT
1473 530 -1 5837 1.2851 0 FAT
1473 531 -1 5176 1.2782 0 FAT
1473 532 -1 4274 1.2784 0 FAT
1473 533 -1 4274 1.2784 0 FAT
1473 534 -1 4274 1.2784 0 FAT
1473 535 -1 4274 1.2784 0 FAT
1473 536 -1 4274 1.2784 0 FAT
1473 537 -1 4274 1.2784 0 FAT
1473 538 -1 4274 1.2784 0 FAT
1473 539 -1 4274 1.2784 0 FAT
1473 540 -1 4274 1.2784 0 FAT
1473 541 -1 4274 1.2784 0 FAT
1473 542 -1 4274 1.2784 0 FAT
1473 543 -1 4274 1.2784 0 FAT
1473 544 -1 4274 1.2784 0 FAT
1473 545 -1 4274 1.2784 0 FAT
1473 546 -1 4274 1.2784 0 FAT
1473 547 -1 4274 1.2784 0 FAT
1473 548 -1 4274 1.2784 0 FAT
1473 549 -1 4274 1.2784 0 FAT
1473 550 -1 4274 1.2784 0 FAT
1473 551 -1 4274 1.2784 0 FAT
1473 552 -1 4274 1.2784 0 FAT
1473 553 -1 4274 1.2784 0 FAT
1473 554 -1 4274 1.2784 0 FAT
1473 555 -1 4274 1.2784 0 FAT
1473 556 -1 4274 1.2784 0 FAT
1473 557 -1 4274 1.2784 0 FAT
1473 558 -1 4274 1.2784 0 FAT
1473 559 -1 4274 1.2784 0 FAT
1473 560 -1 4274 1.2784 0 FAT
1473 561 -1 4274 1.2784 0 FAT
1473 562 -1 4274 1.2784 0 FAT
1473 563 -1 4274 1.2784 0 FAT
1473 564 -1 4076 1.2756 2 FAT
1473 565 -1 3767 1.2692 2 FAT
1473 566 -1 3510 1.2646 2 FAT
1473 567 -1 3205 1.2650 2 FAT
1473 568 -1 3205 1.2650 2 FAT
1473 569 -1 3205 1.2650 2 FAT
1473 570 -1 3205 1.2650 2 FAT
1473 571 -1 3205 1.2650 2 FAT
1473 572 -1 3205 1.2650 2 FAT
1473 573 -1 4471 1.2650 0 FAT
1473 574 -1 4948 1.2728 0 FAT
1473 575 -1 5301 1.2778 0 FAT
1473 576 -1 5214 1.2764 0 FAT
1473 577 -1 4930 1.2762 0 FAT
1473 578 -1 5221 1.2781 0 FAT
1473 579 -1 4986 1.2755 0 FAT
1473 580 -1 4888 1.2742 0 FAT
1473 581 -1 4478 1.2646 0 FAT
1473 582 -1 4184 1.2607 0 FAT
1473 583 -1 3984 1.2566 2 FAT
1473 584 -1 3621 1.2466 2 FAT
1473 585 -1 3278 1.2443 2 FAT
1473 586 -1 3278 1.2443 2 FAT
1473 587 -1 3278 1.2443 2 FAT
1473 588 -1 3278 1.2443 2 FAT
1473 589 -1 3033 1.2403 2 FAT
1473 590 -1 2830 1.2336 2 FAT
1473 591 -1 3183 1.2263 2 FAT
1473 592 -1 2791 1.2133 2 FAT
1473 593 -1 2791 1.2133 2 FAT
1473 594 -1 2630 1.2086 2 FAT
1473 595 -1 2037 1.2024 2 FAT
1473 596 -1 2357 1.2084 2 FAT
1473 597 -1 2527 1.2123 2 FAT
1473 598 -1 2946 1.2309 2 FAT
1473 599 -1 3341 1.2427 2 FAT
1473 600 -1 3394 1.2446 2 FAT
1473 601 -1 3621 1.2466 2 FAT
1473 602 -1 3952 1.2551 2 FAT
1473 603 -1 4196 1.2613 0 FAT
1473 604 -1 4510 1.2661 0 FAT
1473 605 -1 4510 1.2661 0 FAT
1473 606 -1 4510 1.2661 0 FAT
1473 607 -1 4510 1.2661 0 FAT
1473 608 -1 4038 1.2619 2 FAT
1473 609 -1 4038 1.2619 2 FAT
1473 610 -1 4522 1.2640 0 FAT
1473 611 -1 4522 1.2640 0 FAT
1473 612 -1 4751 1.2654 0 FAT
1473 613 -1 5045 1.2742 0 FAT
1473 614 -1 4886 1.2681 0 FAT
1473 615 -1 4966 1.2705 0 FAT
1473 616 -1 4651 1.2676 0 FAT
1473 617 -1 4651 1.2676 0 FAT
1473 618 -1 4618 1.2624 0 FAT
1473 619 -1 4652 1.2634 0 FAT
1473 620 -1 4765 1.2659 0 FAT
1473 621 -1 2379 1.2638 2 FAT
1473 622 -1 2379 1.2638 2 FAT
1473 623 -1 2379 1.2638 2 FAT
1473 624 -1 2379 1.2638 2 FAT
1473 625 -1 2379 1.2638 2 FAT
1473 626 -1 2379 1.2638 2 FAT
1473 627 -1 2379 1.2638 2 FAT
1473 628 -1 2379 1.2638 2 FAT
1473 629 -1 2379 1.2638 2 FAT
1473 630 -1 2379 1.2638 2 FAT
1473 631 -1 2379 1.2638 2 FAT
1473 632 -1 2379 1.2638 2 FAT
1473 633 -1 2379 1.2638 2 FAT
1473 634 -1 2379 1.2638 2 FAT
1473 635 -1 2379 1.2638 2 FAT
1473 636 -1 2379 1.2638 2 FAT
1473 637 -1 2379 1.2638 2 FAT
1473 638 -1 2379 1.2638 2 FAT
1473 639 -1 2379 1.2638 2 FAT
1473 640 -1 2379 1.2638 2 FAT
1473 641 -1 2669 1.2638 2 FAT
1473 642 -1 2669 1.2638 2 FAT
1473 643 -1 2669 1.2638 2 FAT
1473 644 -1 2669 1.2638 2 FAT
1473 645 -1 2669 1.2638 2 FAT
1473 646 -1 2813 1.2639 2 FAT
1473 647 -1 2919 1.2639 2 FAT
1473 648 -1 3157 1.2718 2 FAT
1473 649 -1 3241 1.2720 2 FAT
1473 650 -1 3457 1.2776 2 FAT
1473 651 -1 3527 1.2797 2 FAT
1473 652 -1 3527 1.2797 2 FAT
1473 653 -1 3628 1.2797 2 FAT
1473 654 -1 3803 1.2829 2 FAT
1473 655 -1 4009 1.2873 2 FAT
1473 656 -1 4036 1.2878 2 FAT
1473 657 -1 4258 1.2902 0 FAT
1473 658 -1 4417 1.2928 0 FAT
1473 659 -1 4472 1.2941 0 FAT
1473 660 -1 4472 1.2941 0 FAT
1473 661 -1 4472 1.2941 0 FAT
1473 662 -1 4472 1.2941 0 FAT
1473 663 -1 4472 1.2941 0 FAT
1473 664 -1 4472 1.2941 0 FAT
1473 665 -1 4472 1.2941 0 FAT
1473 666 -1 4472 1.2941 0 FAT
1473 667 -1 4734 1.2941 0 FAT
1473 668 -1 4734 1.2941 0 FAT
1473 669 -1 4855 1.2940 0 FAT
1473 670 -1 5084 1.2974 0 FAT
1473 671 -1 5312 1.3009 0 FAT
1473 672 -1 5387 1.3008 0 FAT
1473 673 -1 5627 1.3045 0 FAT
1473 674 -1 5820 1.3065 0 FAT
1473 675 -1 5928 1.3085 0 FAT
1473 676 -1 5928 1.3085 0 FAT
1473 677 -1 5928 1.3085 0 FAT
1473 678 -1 5928 1.3085 0 FAT
1473 679 -1 6188 1.3085 0 FAT
1473 680 -1 6437 1.3118 0 FAT
1473 681 -1 6661 1.3138 0 FAT
1473 682 -1 6780 1.3159 0 FAT
1473 683 -1 6780 1.3159 0 FAT
1473 684 -1 7065 1.3176 0 FAT
1473 685 -1 7243 1.3199 0 FAT
1473 686 -1 7487 1.3221 0 FAT
1473 687 -1 7739 1.3247 0 FAT
1473 688 -1 7739 1.3247 0 FAT
1473 689 -1 7739 1.3247 0 FAT
1473 690 -1 7739 1.3247 0 FAT
1473 691 -1 7739 1.3247 0 FAT
1473 692 -1 7739 1.3247 0 FAT
1473 693 -1 7739 1.3247 0 FAT
1473 694 -1 7739 1.3247 0 FAT
1473 695 -1 7739 1.3247 0 FAT
1473 696 -1 7739 1.3247 0 FAT
1473 697 -1 7739 1.3247 0 FAT
1473 698 -1 7739 1.3247 0 FAT
1473 699 -1 7739 1.3247 0 FAT
1473 700 -1 7739 1.3247 0 FAT
1473 701 -1 7739 1.3247 0 FAT
1473 702 -1 7739 1.3247 0 FAT
1473 703 -1 7739 1.3247 0 FAT
1473 704 -1 7739 1.3247 0 FAT
1473 705 -1 7739 1.3247 0 FAT
1473 706 -1 7739 1.3247 0 FAT
1473 707 -1 7739 1.3247 0 FAT
1473 708 -1 7739 1.3247 0 FAT
1473 709 -1 7739 1.3247 0 FAT
1473 710 -1 7739 1.3247 0 FAT
1473 711 -1 7739 1.3247 0 FAT
1473 712 -1 7739 1.3247 0 FAT
1473 713 -1 7739 1.3247 0 FAT
1473 714 -1 7739 1.3247 0 FAT
1473 715 -1 7739 1.3247 0 FAT
1473 716 -1 7739 1.3247 0 FAT
1473 717 -1 7739 1.3247 0 FAT
1473 718 -1 7739 1.3247 0 FAT
1473 719 -1 7739 1.3247 0 FAT
1473 720 -1 7739 1.3247 0 FAT
1473 721 -1 7739 1.3247 0 FAT
1473 722 -1 7739 1.3247 0 FAT
1473 723 -1 7739 1.3247 0 FAT
1473 724 -1 7739 1.3247 0 FAT
1473 725 -1 7739 1.3247 0 FAT
1473 726 -1 7739 1.3247 0 FAT
1473 727 -1 7739 1.3247 0 FAT
1473 728 -1 7739 1.3247 0 FAT
1473 729 -1 7739 1.3247 0 FAT
1473 730 -1 7739 1.3247 0 FAT
1473 731 -1 7739 1.3247 0 FAT
1473 732 -1 7739 1.3247 0 FAT
1473 733 -1 7739 1.3247 0 FAT
1473 734 -1 7739 1.3247 0 FAT
1473 735 -1 7739 1.3247 0 FAT
1473 736 -1 7739 1.3247 0 FAT
1473 737 -1 7739 1.3247 0 FAT
1473 738 -1 7739 1.3247 0 FAT
1473 739 -1 7739 1.3247 0 FAT
1473 740 -1 7739 1.3247 0 FAT
1473 741 -1 7739 1.3247 0 FAT
1473 742 -1 7739 1.3247 0 FAT
1473 743 -1 7739 1.3247 0 FAT
1473 744 -1 7739 1.3247 0 FAT
1473 745 -1 7739 1.3247 0 FAT
1473 746 -1 7739 1.3247 0 FAT
1473 747 -1 7739 1.3247 0 FAT
1473 748 -1 7739 1.3247 0 FAT
1473 749 -1 7739 1.3247 0 FAT
1473 750 -1 7739 1.3247 0 FAT
1473 751 -1 7739 1.3247 0 FAT
1473 752 -1 7739 1.3247 0 FAT
1473 753 -1 7739 1.3247 0 FAT
1473 754 -1 7739 1.3247 0 FAT
1473 755 -1 7739 1.3247 0 FAT
1473 756 -1 7739 1.3247 0 FAT
1473 757 -1 7739 1.3247 0 FAT
1473 758 -1 7705 1.3241 0 FAT
1473 759 -1 7446 1.3215 0 FAT
1473 760 -1 7206 1.3199 0 FAT
1473 761 -1 7152 1.3189 0 FAT
1473 762 -1 6937 1.3171 0 FAT
1473 763 -1 6713 1.3137 0 FAT
1473 764 -1 6477 1.3128 0 FAT
1473 765 -1 6337 1.3130 0 FAT
1473 766 -1 6337 1.3130 0 FAT
1473 767 -1 6337 1.3130 0 FAT
1473 768 -1 6274 1.3122 0 FAT
1473 769 -1 6105 1.3104 0 FAT
1473 770 -1 5873 1.3067 0 FAT
1473 771 -1 5664 1.3057 0 FAT
1473 772 -1 5664 1.3057 0 FAT
1473 773 -1 5473 1.3025 0 FAT
1473 774 -1 5319 1.3012 0 FAT
1473 775 -1 5125 1.2977 0 FAT
1473 776 -1 4825 1.2942 0 FAT
1473 777 -1 4734 1.2941 0 FAT
1473 778 -1 4582 1.2940 0 FAT
1473 779 -1 4582 1.2940 0 FAT
1473 780 -1 4328 1.2940 0 FAT
1473 781 -1 4328 1.2940 0 FAT
1473 782 -1 4328 1.2940 0 FAT
1473 783 -1 4328 1.2940 0 FAT
1473 784 -1 4328 1.2940 0 FAT
1473 785 -1 4328 1.2940 0 FAT
1473 786 -1 4328 1.2940 0 FAT
1473 787 -1 4328 1.2940 0 FAT
1473 788 -1 4328 1.2940 0 FAT
1473 789 -1 4328 1.2940 0 FAT
1473 790 -1 4328 1.2940 0 FAT
1473 791 -1 4328 1.2940 0 FAT
1473 792 -1 4328 1.2940 0 FAT
1473 793 -1 4217 1.2919 0 FAT
1473 794 -1 4011 1.2884 2 FAT
1473 795 -1 3950 1.2883 2 FAT
1473 796 -1 3874 1.2869 2 FAT
1473 797 -1 3671 1.2830 2 FAT
1473 798 -1 3557 1.2797 2 FAT
1473 799 -1 3379 1.2757 2 FAT
1473 800 -1 3183 1.2747 2 FAT
1473 801 -1 3183 1.2747 2 FAT
1473 802 -1 3069 1.2745 2 FAT
1473 803 -1 3069 1.2745 2 FAT
1473 804 -1 3069 1.2745 2 FAT
1473 805 -1 3069 1.2745 2 FAT
1473 806 -1 3069 1.2745 2 FAT
1473 807 -1 3002 1.2716 2 FAT
1473 808 -1 2934 1.2719 2 FAT
1473 809 -1 2738 1.2663 2 FAT
1473 810 -1 2549 1.2623 2 FAT
1473 811 -1 2489 1.2624 2 FAT
1473 812 -1 2489 1.2624 2 FAT
1473 813 -1 2466 1.2611 2 FAT
1473 814 -1 2300 1.2563 2 FAT
1473 815 -1 2187 1.2545 2 FAT
1473 816 -1 2117 1.2523 2 FAT
1473 817 -1 1975 1.2467 2 FAT
1473 818 -1 1767 1.2367 2 FAT
1473 819 -1 1701 1.2365 2 FAT
1473 820 -1 1640 1.2364 2 FAT
1473 821 -1 1640 1.2364 2 FAT
1473 822 -1 1547 1.2364 2 FAT
1473 823 -1 1547 1.2364 2 FAT
1473 824 -1 1547 1.2364 2 FAT
1473 825 -1 1547 1.2364 2 FAT
1473 826 -1 1405 1.2366 2 FAT
1473 827 -1 1405 1.2366 2 FAT
1473 828 -1 1405 1.2366 2 FAT
1473 829 -1 1405 1.2366 2 FAT
1473 830 -1 1405 1.2366 2 FAT
1473 831 -1 1405 1.2366 2 FAT
1473 832 -1 1405 1.2366 2 FAT
1473 833 -1 1405 1.2366 2 FAT
1473 834 -1 1405 1.2366 2 FAT
1473 835 -1 1405 1.2366 2 FAT
1473 836 -1 1405 1.2366 2 FAT
1473 837 -1 1405 1.2366 2 FAT
1473 838 -1 1188 1.2367 2 FAT
1473 839 -1 1188 1.2367 2 FAT
1473 840 -1 1188 1.2367 2 FAT
1473 841 -1 1188 1.2367 2 FAT
1473 842 -1 1188 1.2367 2 FAT
1473 843 -1 1188 1.2367 2 FAT
1473 844 -1 1188 1.2367 2 FAT
1473 845 -1 1188 1.2367 2 FAT
1473 846 -1 1188 1.2367 2 FAT
1473 847 -1 1188 1.2367 2 FAT
1473 848 -1 1188 1.2367 2 FAT
1473 849 -1 1188 1.2367 2 FAT
1473 850 -1 1188 1.2367 2 FAT
1473 851 -1 1188 1.2367 2 FAT
1473 852 -1 1188 1.2367 2 FAT
1473 853 -1 1188 1.2367 2 FAT
1473 854 -1 1188 1.2367 2 FAT
1473 855 -1 1188 1.2367 2 FAT
1473 856 -1 1188 1.2367 2 FAT
1473 857 -1 1188 1.2367 2 FAT
1473 858 -1 1188 1.2367 2 FAT
1473 859 -1 1188 1.2367 2 FAT
1473 860 -1 1188 1.2367 2 FAT
1473 861 -1 1188 1.2367 2 FAT
1473 862 -1 1188 1.2367 2 FAT
1473 863 -1 1188 1.2367 2 FAT
1473 864 -1 1188 1.2367 2 FAT
1473 865 -1 1188 1.2367 2 FAT
1473 866 -1 1188 1.2367 2 FAT
1473 867 -1 1188 1.2367 2 FAT
1473 868 -1 1188 1.2367 2 FAT
1473 869 -1 1188 1.2367 2 FAT
1473 870 -1 1188 1.2367 2 FAT
1473 871 -1 1188 1.2367 2 FAT
1473 872 -1 1188 1.2367 2 FAT
1473 873 -1 1188 1.2367 2 FAT
1473 874 -1 1188 1.2367 2 FAT
1473 875 -1 1188 1.2367 2 FAT
1473 876 -1 1188 1.2367 2 FAT
1473 877 -1 1188 1.2367 2 FAT
1473 878 -1 1188 1.2367 2 FAT
1473 879 -1 1188 1.2367 2 FAT
1473 880 -1 1188 1.2367 2 FAT
1473 881 -1 1188 1.2367 2 FAT
1473 882 -1 1188 1.2367 2 FAT
1473 883 -1 1188 1.2367 2 FAT
1473 884 -1 1188 1.2367 2 FAT
1473 885 -1 1188 1.2367 2 FAT
1473 886 -1 1188 1.2367 2 FAT
1473 887 -1 1188 1.2367 2 FAT
1473 888 -1 1094 1.2300 2 FAT
1473 889 -1 993 1.2242 2 FAT
1473 890 -1 972 1.2240 2 FAT
1473 891 -1 942 1.2241 2 FAT
1473 892 -1 942 1.2241 2 FAT
1473 893 -1 881 1.2179 2 FAT
1473 894 -1 807 1.2149 2 FAT
1473 895 -1 792 1.2143 2 FAT
1473 896 -1 721 1.2080 2 FAT
1473 897 -1 598 1.1905 2 FAT
1473 898 -1 557 1.1912 2 FAT
1473 899 -1 557 1.1912 2 FAT
1473 900 -1 530 1.1907 2 FAT
1473 901 -1 530 1.1907 2 FAT
1473 902 -1 530 1.1907 2 FAT
1473 903 -1 492 1.1903 2 FAT
1473 904 -1 492 1.1903 2 FAT
1473 905 -1 492 1.1903 2 FAT
1473 906 -1 492 1.1903 2 FAT
1473 907 -1 492 1.1903 2 FAT
1473 908 -1 492 1.1903 2 FAT
1473 909 -1 492 1.1903 2 FAT
1473 910 -1 438 1.1903 2 FAT
1473 911 -1 438 1.1903 2 FAT
1473 912 -1 438 1.1903 2 FAT
1473 913 -1 438 1.1903 2 FAT
1473 914 -1 438 1.1903 2 FAT
1473 915 -1 438 1.1903 2 FAT
1473 916 -1 438 1.1903 2 FAT
1473 917 -1 438 1.1903 2 FAT
1473 918 -1 438 1.1903 2 FAT
1473 919 -1 438 1.1903 2 FAT
1473 920 -1 438 1.1903 2 FAT
1473 921 -1 438 1.1903 2 FAT
1473 922 -1 438 1.1903 2 FAT
1473 923 -1 438 1.1903 2 FAT
1473 924 -1 438 1.1903 2 FAT
1473 925 -1 438 1.1903 2 FAT
1473 926 -1 438 1.1903 2 FAT
1473 927 -1 438 1.1903 2 FAT
1473 928 -1 438 1.1903 2 FAT
1473 929 -1 438 1.1903 2 FAT
1473 930 -1 438 1.1903 2 FAT
1473 931 -1 390 1.1820 2 FAT
1473 932 -1 302 1.1615 2 FAT
1473 933 -1 281 1.1589 2 FAT
1473 934 -1 270 1.1597 2 FAT
1473 935 -1 255 1.1612 2 FAT
1473 936 -1 255 1.1612 2 FAT
1473 937 -1 255 1.1612 2 FAT
1473 938 -1 255 1.1612 2 FAT
1473 939 -1 234 1.1621 2 FAT
1473 940 -1 234 1.1621 2 FAT
1473 941 -1 234 1.1621 2 FAT
1473 942 -1 234 1.1621 2 FAT
1473 943 -1 234 1.1621 2 FAT
1473 944 -1 234 1.1621 2 FAT
1473 945 -1 234 1.1621 2 FAT
1473 946 -1 234 1.1621 2 FAT
1473 947 -1 234 1.1621 2 FAT
1473 948 -1 178 1.1474 2 FAT
1473 949 -1 599 1.1420 2 FAT
1473 950 -1 681 1.1464 2 FAT
1473 951 -1 532 1.1419 2 FAT
1473 952 -1 825 1.1698 2 FAT
1473 953 -1 1021 1.1833 2 FAT
1473 954 -1 1422 1.2178 2 FAT
1473 955 -1 1321 1.2029 2 FAT
1473 956 -1 1232 1.2062 2 FAT
1473 957 -1 1232 1.2062 2 FAT
1473 958 -1 1058 1.1968 2 FAT
1473 959 -1 1100 1.1954 2 FAT
1473 960 -1 746 1.1545 2 FAT
1473 961 -1 422 1.1113 2 FAT
1473 962 -1 422 1.1113 2 FAT
1473 963 -1 281 1.0842 2 FAT
1473 964 -1 281 1.0842 2 FAT
1473 965 -1 318 1.0945 2 FAT
1473 966 -1 318 1.0945 2 FAT
1473 967 -1 318 1.0945 2 FAT
1473 968 -1 318 1.0945 2 FAT
1473 969 -1 318 1.0945 2 FAT
1473 970 -1 318 1.0945 2 FAT
1473 971 -1 192 1.0491 2 FAT
1473 972 -1 112 1.0410 2 FAT
1473 973 -1 112 1.0410 2 FAT
1473 974 -1 112 1.0410 2 FAT
1473 975 -1 112 1.0410 2 FAT
1473 976 -1 112 1.0410 2 FAT
1473 977 -1 112 1.0410 2 FAT
1473 978 -1 192 1.0491 2 FAT
1473 979 -1 282 1.0848 2 FAT
1473 980 -1 416 1.1137 2 FAT
1473 981 -1 416 1.1137 2 FAT
1473 982 -1 416 1.1137 2 FAT
1473 983 -1 416 1.1137 2 FAT
1473 984 -1 416 1.1137 2 FAT
1473 985 -1 301 1.0915 2 FAT
1473 986 -1 156 1.0447 2 FAT
1473 987 -1 87 1.0394 2 FAT
1473 988 -1 87 1.0394 2 FAT
1473 989 -1 87 1.0394 2 FAT
1473 990 -1 87 1.0394 2 FAT
1473 991 -1 87 1.0394 2 FAT
1473 992 -1 87 1.0394 2 FAT
1473 993 -1 87 1.0394 2 FAT
1473 994 -1 87 1.0394 2 FAT
1473 995 -1 87 1.0394 2 FAT
1473 996 -1 87 1.0394 2 FAT
1473 997 -1 87 1.0394 2 FAT
1473 998 -1 87 1.0394 2 FAT
1473 999 -1 87 1.0394 2 FAT
1473 1000 -1 87 1.0394 2 FAT
1473 1001 -1 87 1.0394 2 FAT
1473 1002 -1 87 1.0394 2 FAT
1473 1003 -1 87 1.0394 2 FAT
1473 1004 -1 87 1.0394 2 FAT
1473 1005 -1 87 1.0394 2 FAT
1473 1006 -1 87 1.0394 2 FAT
1473 1007 -1 87 1.0394 2 FAT
1473 1008 -1 87 1.0394 2 FAT
1473 1009 -1 87 1.0394 2 FAT
1473 1010 -1 87 1.0394 2 FAT
1473 1011 -1 156 1.0447 2 FAT
1473 1012 -1 358 1.1037 2 FAT
1473 1013 -1 358 1.1037 2 FAT
1473 1014 -1 358 1.1037 2 FAT
1473 1015 -1 358 1.1037 2 FAT
1473 1016 -1 358 1.1037 2 FAT
1473 1017 -1 358 1.1037 2 FAT
1473 1018 -1 478 1.1126 2 FAT
1473 1019 -1 272 1.0815 2 FAT
1473 1020 -1 445 1.1195 2 FAT
1473 1021 -1 445 1.1195 2 FAT
1473 1022 -1 445 1.1195 2 FAT
1473 1023 -1 445 1.1195 2 FAT
1473 1024 -1 445 1.1195 2 FAT
1473 1025 -1 340 1.1028 2 FAT
1473 1026 -1 112 1.0410 2 FAT
1473 1027 -1 112 1.0410 2 FAT
1473 1028 -1 60 1.0379 2 FAT
1473 1029 -1 60 1.0379 2 FAT
1473 1030 -1 60 1.0379 2 FAT
1473 1031 -1 60 1.0379 2 FAT
1473 1032 -1 60 1.0379 2 FAT
1473 1033 -1 60 1.0379 2 FAT
1473 1034 -1 60 1.0379 2 FAT
1473 1035 -1 60 1.0379 2 FAT
1473 1036 -1 60 1.0379 2 FAT
1473 1037 -1 60 1.0379 2 FAT
1473 1038 -1 60 1.0379 2 FAT
1473 1039 -1 60 1.0379 2 FAT
1473 1040 -1 60 1.0379 2 FAT
1473 1041 -1 60 1.0379 2 FAT
1473 1042 -1 60 1.0379 2 FAT
1473 1043 -1 60 1.0379 2 FAT
1473 1044 -1 60 1.0379 2 FAT
1473 1045 -1 60 1.0379 2 FAT
1473 1046 -1 60 1.0379 2 FAT
1473 1047 -1 60 1.0379 2 FAT
1473 1048 -1 60 1.0379 2 FAT
1473 1049 -1 60 1.0379 2 FAT
1473 1050 -1 60 1.0379 2 FAT
1473 1051 -1 60 1.0379 2 FAT
1473 1052 -1 60 1.0379 2 FAT
1473 1053 -1 60 1.0379 2 FAT
1473 1054 -1 60 1.0379 2 FAT
1473 1055 -1 60 1.0379 2 FAT
1473 1056 -1 60 1.0379 2 FAT
1473 1057 -1 60 1.0379 2 FAT
1473 1058 -1 60 1.0379 2 FAT
1473 1059 -1 60 1.0379 2 FAT
1473 1060 -1 60 1.0379 2 FAT
1473 1061 -1 60 1.0379 2 FAT
1473 1062 -1 60 1.0379 2 FAT
1473 1063 -1 60 1.0379 2 FAT
1473 1064 -1 60 1.0379 2 FAT
1473 1065 -1 60 1.0379 2 FAT
1473 1066 -1 60 1.0379 2 FAT
1473 1067 -1 60 1.0379 2 FAT
1473 1068 -1 60 1.0379 2 FAT
1473 1069 -1 60 1.0379 2 FAT
1473 1070 -1 60 1.0379 2 FAT
1473 1071 -1 60 1.0379 2 FAT
1473 1072 -1 60 1.0379 2 FAT
1473 1073 -1 60 1.0379 2 FAT
1473 1074 -1 60 1.0379 2 FAT
1473 1075 -1 60 1.0379 2 FAT
1473 1076 -1 60 1.0379 2 FAT
1473 1077 -1 60 1.0379 2 FAT
1473 1078 -1 60 1.0379 2 FAT
1473 1079 -1 60 1.0379 2 FAT
1473 1080 -1 60 1.0379 2 FAT
1473 1081 -1 60 1.0379 2 FAT
1473 1082 -1 60 1.0379 2 FAT
1473 1083 -1 60 1.0379 2 FAT
1473 1084 -1 60 1.0379 2 FAT
1473 1085 -1 60 1.0379 2 FAT
1473 1086 -1 60 1.0379 2 FAT
1473 1087 -1 60 1.0379 2 FAT
1473 1088 -1 60 1.0379 2 FAT
1473 1089 -1 60 1.0379 2 FAT
1473 1090 -1 60 1.0379 2 FAT
1473 1091 -1 60 1.0379 2 FAT
1473 1092 -1 60 1.0379 2 FAT
1473 1093 -1 60 1.0379 2 FAT
1473 1094 -1 60 1.0379 2 FAT
1473 1095 -1 60 1.0379 2 FAT
1473 1096 -1 60 1.0379 2 FAT
1473 1097 -1 60 1.0379 2 FAT
1473 1098 -1 60 1.0379 2 FAT
1473 1099 -1 60 1.0379 2 FAT
1473 1100 -1 112 1.0410 2 FAT
1473 1101 -1 112 1.0410 2 FAT
1473 1102 -1 340 1.1028 2 FAT
1473 1103 -1 445 1.1195 2 FAT
1473 1104 -1 445 1.1195 2 FAT
1473 1105 -1 445 1.1195 2 FAT
1473 1106 -1 445 1.1195 2 FAT
1473 1107 -1 445 1.1195 2 FAT
1473 1108 -1 272 1.0815 2 FAT
1473 1109 -1 478 1.1126 2 FAT
1473 1110 -1 358 1.1037 2 FAT
1473 1111 -1 358 1.1037 2 FAT
1473 1112 -1 358 1.1037 2 FAT
1473 1113 -1 358 1.1037 2 FAT
1473 1114 -1 358 1.1037 2 FAT
1473 1115 -1 358 1.1037 2 FAT
1473 1116 -1 156 1.0447 2 FAT
1473 1117 -1 87 1.0394 2 FAT
1473 1118 -1 87 1.0394 2 FAT
1473 1119 -1 87 1.0394 2 FAT
1473 1120 -1 87 1.0394 2 FAT
1473 1121 -1 87 1.0394 2 FAT
1473 1122 -1 87 1.0394 2 FAT
1473 1123 -1 87 1.0394 2 FAT
1473 1124 -1 87 1.0394 2 FAT
1473 1125 -1 87 1.0394 2 FAT
1473 1126 -1 87 1.0394 2 FAT
1473 1127 -1 87 1.0394 2 FAT
1473 1128 -1 87 1.0394 2 FAT
1473 1129 -1 87 1.0394 2 FAT
1473 1130 -1 87 1.0394 2 FAT
1473 1131 -1 87 1.0394 2 FAT
1473 1132 -1 87 1.0394 2 FAT
1473 1133 -1 87 1.0394 2 FAT
1473 1134 -1 87 1.0394 2 FAT
1473 1135 -1 87 1.0394 2 FAT
1473 1136 -1 87 1.0394 2 FAT
1473 1137 -1 87 1.0394 2 FAT
1473 1138 -1 87 1.0394 2 FAT
1473 1139 -1 87 1.0394 2 FAT
1473 1140 -1 87 1.0394 2 FAT
1473 1141 -1 156 1.0447 2 FAT
1473 1142 -1 301 1.0915 2 FAT
1473 1143 -1 416 1.1137 2 FAT
1473 1144 -1 416 1.1137 2 FAT
1473 1145 -1 416 1.1137 2 FAT
1473 1146 -1 416 1.1137 2 FAT
1473 1147 -1 416 1.1137 2 FAT
1473 1148 -1 282 1.0848 2 FAT
1473 1149 -1 192 1.0491 2 FAT
1473 1150 -1 112 1.0410 2 FAT
1473 1151 -1 112 1.0410 2 FAT
1473 1152 -1 112 1.0410 2 FAT
1473 1153 -1 112 1.0410 2 FAT
1473 1154 -1 112 1.0410 2 FAT
1473 1155 -1 112 1.0410 2 FAT
1473 1156 -1 192 1.0491 2 FAT
1473 1157 -1 318 1.0945 2 FAT
1473 1158 -1 318 1.0945 2 FAT
1473 1159 -1 318 1.0945 2 FAT
1473 1160 -1 318 1.0945 2 FAT
1473 1161 -1 318 1.0945 2 FAT
1473 1162 -1 318 1.0945 2 FAT
1473 1163 -1 281 1.0842 2 FAT
1473 1164 -1 281 1.0842 2 FAT
1473 1165 -1 422 1.1113 2 FAT
1473 1166 -1 422 1.1113 2 FAT
1473 1167 -1 746 1.1545 2 FAT
1473 1168 -1 1100 1.1954 2 FAT
1473 1169 -1 1058 1.1968 2 FAT
1473 1170 -1 1232 1.2062 2 FAT
1473 1171 -1 1232 1.2062 2 FAT
1473 1172 -1 1321 1.2029 2 FAT
1473 1173 -1 1422 1.2178 2 FAT
1473 1174 -1 1021 1.1833 2 FAT
1473 1175 -1 825 1.1698 2 FAT
1473 1176 -1 532 1.1419 2 FAT
1473 1177 -1 681 1.1464 2 FAT
1473 1178 -1 599 1.1420 2 FAT
1473 1179 -1 178 1.1474 2 FAT
1473 1180 -1 234 1.1621 2 FAT
1473 1181 -1 234 1.1621 2 FAT
1473 1182 -1 234 1.1621 2 FAT
1473 1183 -1 234 1.1621 2 FAT
1473 1184 -1 234 1.1621 2 FAT
1473 1185 -1 234 1.1621 2 FAT
1473 1186 -1 234 1.1621 2 FAT
1473 1187 -1 234 1.1621 2 FAT
1473 1188 -1 234 1.1621 2 FAT
1473 1189 -1 255 1.1612 2 FAT
1473 1190 -1 255 1.1612 2 FAT
1473 1191 -1 255 1.1612 2 FAT
1473 1192 -1 255 1.1612 2 FAT
1473 1193 -1 270 1.1597 2 FAT
1473 1194 -1 281 1.1589 2 FAT
1473 1195 -1 302 1.1615 2 FAT
1473 1196 -1 390 1.1820 2 FAT
1473 1197 -1 438 1.1903 2 FAT
1473 1198 -1 438 1.1903 2 FAT
1473 1199 -1 438 1.1903 2 FAT
1473 1200 -1 438 1.1903 2 FAT
1473 1201 -1 438 1.1903 2 FAT
1473 1202 -1 438 1.1903 2 FAT
1473 1203 -1 438 1.1903 2 FAT
1473 1204 -1 438 1.1903 2 FAT
1473 1205 -1 438 1.1903 2 FAT
1473 1206 -1 438 1.1903 2 FAT
1473 1207 -1 438 1.1903 2 FAT
1473 1208 -1 438 1.1903 2 FAT
1473 1209 -1 438 1.1903 2 FAT
1473 1210 -1 438 1.1903 2 FAT
1473 1211 -1 438 1.1903 2 FAT
1473 1212 -1 438 1.1903 2 FAT
1473 1213 -1 438 1.1903 2 FAT
1473 1214 -1 438 1.1903 2 FAT
1473 1215 -1 438 1.1903 2 FAT
1473 1216 -1 438 1.1903 2 FAT
1473 1217 -1 438 1.1903 2 FAT
1473 1218 -1 492 1.1903 2 FAT
1473 1219 -1 492 1.1903 2 FAT
1473 1220 -1 492 1.1903 2 FAT
1473 1221 -1 492 1.1903 2 FAT
1473 1222 -1 492 1.1903 2 FAT
1473 1223 -1 492 1.1903 2 FAT
1473 1224 -1 492 1.1903 2 FAT
1473 1225 -1 530 1.1907 2 FAT
1473 1226 -1 530 1.1907 2 FAT
1473 1227 -1 530 1.1907 2 FAT
1473 1228 -1 557 1.1912 2 FAT
1473 1229 -1 557 1.1912 2 FAT
1473 1230 -1 598 1.1905 2 FAT
1473 1231 -1 721 1.2080 2 FAT
1473 1232 -1 792 1.2143 2 FAT
1473 1233 -1 807 1.2149 2 FAT
1473 1234 -1 881 1.2179 2 FAT
1473 1235 -1 942 1.2241 2 FAT
1473 1236 -1 942 1.2241 2 FAT
1473 1237 -1 972 1.2240 2 FAT
1473 1238 -1 993 1.2242 2 FAT
1473 1239 -1 1094 1.2300 2 FAT
1473 1240 -1 1188 1.2367 2 FAT
1473 1241 -1 1188 1.2367 2 FAT
1473 1242 -1 1188 1.2367 2 FAT
1473 1243 -1 1188 1.2367 2 FAT
1473 1244 -1 1188 1.2367 2 FAT
1473 1245 -1 1188 1.2367 2 FAT
1473 1246 -1 1188 1.2367 2 FAT
1473 1247 -1 1188 1.2367 2 FAT
1473 1248 -1 1188 1.2367 2 FAT
1473 1249 -1 1188 1.2367 2 FAT
1473 1250 -1 1188 1.2367 2 FAT
1473 1251 -1 1188 1.2367 2 FAT
1473 1252 -1 1188 1.2367 2 FAT
1473 1253 -1 1188 1.2367 2 FAT
1473 1254 -1 1188 1.2367 2 FAT
1473 1255 -1 1188 1.2367 2 FAT
1473 1256 -1 1188 1.2367 2 FAT
1473 1257 -1 1188 1.2367 2 FAT
1473 1258 -1 1188 1.2367 2 FAT
1473 1259 -1 1188 1.2367 2 FAT
1473 1260 -1 1188 1.2367 2 FAT
1473 1261 -1 1188 1.2367 2 FAT
1473 1262 -1 1188 1.2367 2 FAT
1473 1263 -1 1188 1.2367 2 FAT
1473 1264 -1 1188 1.2367 2 FAT
1473 1265 -1 1188 1.2367 2 FAT
1473 1266 -1 1188 1.2367 2 FAT
1473 1267 -1 1188 1.2367 2 FAT
1473 1268 -1 1188 1.2367 2 FAT
1473 1269 -1 1188 1.2367 2 FAT
1473 1270 -1 1188 1.2367 2 FAT
1473 1271 -1 1188 1.2367 2 FAT
1473 1272 -1 1188 1.2367 2 FAT
1473 1273 -1 1188 1.2367 2 FAT
1473 1274 -1 1188 1.2367 2 FAT
1473 1275 -1 1188 1.2367 2 FAT
1473 1276 -1 1188 1.2367 2 FAT
1473 1277 -1 1188 1.2367 2 FAT
1473 1278 -1 1188 1.2367 2 FAT
1473 1279 -1 1188 1.2367 2 FAT
1473 1280 -1 1188 1.2367 2 FAT
1473 1281 -1 1188 1.2367 2 FAT
1473 1282 -1 1188 1.2367 2 FAT
1473 1283 -1 1188 1.2367 2 FAT
1473 1284 -1 1188 1.2367 2 FAT
1473 1285 -1 1188 1.2367 2 FAT
1473 1286 -1 1188 1.2367 2 FAT
1473 1287 -1 1188 1.2367 2 FAT
1473 1288 -1 1188 1.2367 2 FAT
1473 1289 -1 1188 1.2367 2 FAT
1473 1290 -1 1405 1.2366 2 FAT
1473 1291 -1 1405 1.2366 2 FAT
1473 1292 -1 1405 1.2366 2 FAT
1473 1293 -1 1405 1.2366 2 FAT
1473 1294 -1 1405 1.2366 2 FAT
1473 1295 -1 1405 1.2366 2 FAT
1473 1296 -1 1405 1.2366 2 FAT
1473 1297 -1 1405 1.2366 2 FAT
1473 1298 -1 1405 1.2366 2 FAT
1473 1299 -1 1405 1.2366 2 FAT
1473 1300 -1 1405 1.2366 2 FAT
1473 1301 -1 1405 1.2366 2 FAT
1473 1302 -1 1547 1.2364 2 FAT
1473 1303 -1 1547 1.2364 2 FAT
1473 1304 -1 1547 1.2364 2 FAT
1473 1305 -1 1547 1.2364 2 FAT
1473 1306 -1 1640 1.2364 2 FAT
1473 1307 -1 1640 1.2364 2 FAT
1473 1308 -1 1701 1.2365 2 FAT
1473 1309 -1 1767 1.2367 2 FAT
1473 1310 -1 1975 1.2467 2 FAT
1473 1311 -1 2117 1.2523 2 FAT
1473 1312 -1 2187 1.2545 2 FAT
1473 1313 -1 2300 1.2563 2 FAT
1473 1314 -1 2466 1.2611 2 FAT
1473 1315 -1 2489 1.2624 2 FAT
1473 1316 -1 2489 1.2624 2 FAT
1473 1317 -1 2549 1.2623 2 FAT
1473 1318 -1 2738 1.2663 2 FAT
1473 1319 -1 2934 1.2719 2 FAT
1473 1320 -1 3002 1.2716 2 FAT
1473 1321 -1 3069 1.2745 2 FAT
1473 1322 -1 3069 1.2745 2 FAT
1473 1323 -1 3069 1.2745 2 FAT
1473 1324 -1 3069 1.2745 2 FAT
1473 1325 -1 3069 1.2745 2 FAT
1473 1326 -1 3183 1.2747 2 FAT
1473 1327 -1 3183 1.2747 2 FAT
1473 1328 -1 3379 1.2757 2 FAT
1473 1329 -1 3557 1.2797 2 FAT
1473 1330 -1 3671 1.2830 2 FAT
1473 1331 -1 3874 1.2869 2 FAT
1473 1332 -1 3950 1.2883 2 FAT
1473 1333 -1 4011 1.2884 2 FAT
1473 1334 -1 4217 1.2919 0 FAT
1473 1335 -1 4328 1.2940 0 FAT
1473 1336 -1 4328 1.2940 0 FAT
1473 1337 -1 4328 1.2940 0 FAT
1473 1338 -1 4328 1.2940 0 FAT
1473 1339 -1 4328 1.2940 0 FAT
1473 1340 -1 4328 1.2940 0 FAT
1473 1341 -1 4328 1.2940 0 FAT
1473 1342 -1 4328 1.2940 0 FAT
1473 1343 -1 4328 1.2940 0 FAT
1473 1344 -1 4328 1.2940 0 FAT
1473 1345 -1 4328 1.2940 0 FAT
1473 1346 -1 4328 1.2940 0 FAT
1473 1347 -1 4328 1.2940 0 FAT
1473 1348 -1 4582 1.2940 0 FAT
1473 1349 -1 4582 1.2940 0 FAT
1473 1350 -1 4734 1.2941 0 FAT
1473 1351 -1 4825 1.2942 0 FAT
1473 1352 -1 5125 1.2977 0 FAT
1473 1353 -1 5319 1.3012 0 FAT
1473 1354 -1 5473 1.3025 0 FAT
1473 1355 -1 5664 1.3057 0 FAT
1473 1356 -1 5664 1.3057 0 FAT
1473 1357 -1 5873 1.3067 0 FAT
1473 1358 -1 6105 1.3104 0 FAT
1473 1359 -1 6274 1.3122 0 FAT
1473 1360 -1 6337 1.3130 0 FAT
1473 1361 -1 6337 1.3130 0 FAT
1473 1362 -1 6337 1.3130 0 FAT
1473 1363 -1 6477 1.3128 0 FAT
1473 1364 -1 6713 1.3137 0 FAT
1473 1365 -1 6937 1.3171 0 FAT
1473 1366 -1 7152 1.3189 0 FAT
1473 1367 -1 7206 1.3199 0 FAT
1473 1368 -1 7446 1.3215 0 FAT
1473 1369 -1 7705 1.3241 0 FAT
1473 1370 -1 7739 1.3247 0 FAT
1473 1371 -1 7739 1.3247 0 FAT
1473 1372 -1 7739 1.3247 0 FAT
1473 1373 -1 7739 1.3247 0 FAT
1473 1374 -1 7739 1.3247 0 FAT
1473 1375 -1 7739 1.3247 0 FAT
1473 1376 -1 7739 1.3247 0 FAT
1473 1377 -1 7739 1.3247 0 FAT
1473 1378 -1 7739 1.3247 0 FAT
1473 1379 -1 7739 1.3247 0 FAT
1473 1380 -1 7739 1.3247 0 FAT
1473 1381 -1 7739 1.3247 0 FAT
1473 1382 -1 7739 1.3247 0 FAT
1473 1383 -1 7739 1.3247 0 FAT
1473 1384 -1 7739 1.3247 0 FAT
1473 1385 -1 7739 1.3247 0 FAT
1473 1386 -1 7739 1.3247 0 FAT
1473 1387 -1 7739 1.3247 0 FAT
1473 1388 -1 7739 1.3247 0 FAT
1473 1389 -1 7739 1.3247 0 FAT
1473 1390 -1 7739 1.3247 0 FAT
1473 1391 -1 7739 1.3247 0 FAT
1473 1392 -1 7739 1.3247 0 FAT
1473 1393 -1 7739 1.3247 0 FAT
1473 1394 -1 7739 1.3247 0 FAT
1473 1395 -1 7739 1.3247 0 FAT
1473 1396 -1 7739 1.3247 0 FAT
1473 1397 -1 7739 1.3247 0 FAT
1473 1398 -1 7739 1.3247 0 FAT
1473 1399 -1 7739 1.3247 0 FAT
1473 1400 -1 7739 1.3247 0 FAT
1473 1401 -1 7739 1.3247 0 FAT
1473 1402 -1 7739 1.3247 0 FAT
1473 1403 -1 7739 1.3247 0 FAT
1473 1404 -1 7739 1.3247 0 FAT
1473 1405 -1 7739 1.3247 0 FAT
1473 1406 -1 7739 1.3247 0 FAT
1473 1407 -1 7739 1.3247 0 FAT
1473 1408 -1 7739 1.3247 0 FAT
1473 1409 -1 7739 1.3247 0 FAT
1473 1410 -1 7739 1.3247 0 FAT
1473 1411 -1 7739 1.3247 0 FAT
1473 1412 -1 7739 1.3247 0 FAT
1473 1413 -1 7739 1.3247 0 FAT
1473 1414 -1 7739 1.3247 0 FAT
1473 1415 -1 7739 1.3247 0 FAT
1473 1416 -1 7739 1.3247 0 FAT
1473 1417 -1 7739 1.3247 0 FAT
1473 1418 -1 7739 1.3247 0 FAT
1473 1419 -1 7739 1.3247 0 FAT
1473 1420 -1 7739 1.3247 0 FAT
1473 1421 -1 7739 1.3247 0 FAT
1473 1422 -1 7739 1.3247 0 FAT
1473 1423 -1 7739 1.3247 0 FAT
1473 1424 -1 7739 1.3247 0 FAT
1473 1425 -1 7739 1.3247 0 FAT
1473 1426 -1 7739 1.3247 0 FAT
1473 1427 -1 7739 1.3247 0 FAT
1473 1428 -1 7739 1.3247 0 FAT
1473 1429 -1 7739 1.3247 0 FAT
1473 1430 -1 7739 1.3247 0 FAT
1473 1431 -1 7739 1.3247 0 FAT
1473 1432 -1 7739 1.3247 0 FAT
1473 1433 -1 7739 1.3247 0 FAT
1473 1434 -1 7739 1.3247 0 FAT
1473 1435 -1 7739 1.3247 0 FAT
1473 1436 -1 7739 1.3247 0 FAT
1473 1437 -1 7739 1.3247 0 FAT
1473 1438 -1 7739 1.3247 0 FAT
1473 1439 -1 7739 1.3247 0 FAT
1473 1440 -1 7739 1.3247 0 FAT
1473 1441 -1 7487 1.3221 0 FAT
1473 1442 -1 7243 1.3199 0 FAT
1473 1443 -1 7065 1.3176 0 FAT
1473 1444 -1 6780 1.3159 0 FAT
1473 1445 -1 6780 1.3159 0 FAT
1473 1446 -1 6661 1.3138 0 FAT
1473 1447 -1 6437 1.3118 0 FAT
1473 1448 -1 6188 1.3085 0 FAT
1473 1449 -1 5928 1.3085 0 FAT
1473 1450 -1 5928 1.3085 0 FAT
1473 1451 -1 5928 1.3085 0 FAT
1473 1452 -1 5928 1.3085 0 FAT
1473 1453 -1 5820 1.3065 0 FAT
1473 1454 -1 5627 1.3045 0 FAT
1473 1455 -1 5387 1.3008 0 FAT
1473 1456 -1 5312 1.3009 0 FAT
1473 1457 -1 5084 1.2974 0 FAT
1473 1458 -1 4855 1.2940 0 FAT
1473 1459 -1 4734 1.2941 0 FAT
1473 1460 -1 4734 1.2941 0 FAT
1473 1461 -1 4472 1.2941 0 FAT
1473 1462 -1 4472 1.2941 0 FAT
1473 1463 -1 4472 1.2941 0 FAT
1473 1464 -1 4472 1.2941 0 FAT
1473 1465 -1 4472 1.2941 0 FAT
1473 1466 -1 4472 1.2941 0 FAT
1473 1467 -1 4472 1.2941 0 FAT
1473 1468 -1 4472 1.2941 0 FAT
1473 1469 -1 4417 1.2928 0 FAT
1473 1470 -1 4258 1.2902 0 FAT
1473 1471 -1 4036 1.2878 2 FAT
1473 1472 -1 4009 1.2873 2 FAT
1473 1473 -1 3803 1.2829 2 FAT
1473 1474 -1 3628 1.2797 2 FAT
1473 1475 -1 3527 1.2797 2 FAT
1473 1476 -1 3527 1.2797 2 FAT
1473 1477 -1 3457 1.2776 2 FAT
1473 1478 -1 3241 1.2720 2 FAT
1473 1479 -1 3157 1.2718 2 FAT
1473 1480 -1 2919 1.2639 2 FAT
1473 1481 -1 2813 1.2639 2 FAT
1473 1482 -1 2669 1.2638 2 FAT
1473 1483 -1 2669 1.2638 2 FAT
1473 1484 -1 2669 1.2638 2 FAT
1473 1485 -1 2669 1.2638 2 FAT
1473 1486 -1 2669 1.2638 2 FAT
1473 1487 -1 2379 1.2638 2 FAT
1473 1488 -1 2379 1.2638 2 FAT
1473 1489 -1 2379 1.2638 2 FAT
1473 1490 -1 2379 1.2638 2 FAT
1473 1491 -1 2379 1.2638 2 FAT
1473 1492 -1 2379 1.2638 2 FAT
1473 1493 -1 2379 1.2638 2 FAT
1473 1494 -1 2379 1.2638 2 FAT
1473 1495 -1 2379 1.2638 2 FAT
1473 1496 -1 2379 1.2638 2 FAT
1473 1497 -1 2379 1.2638 2 FAT
1473 1498 -1 2379 1.2638 2 FAT
1473 1499 -1 2379 1.2638 2 FAT
1473 1500 -1 2379 1.2638 2 FAT
1473 1501 -1 2379 1.2638 2 FAT
1473 1502 -1 2379 1.2638 2 FAT
1473 1503 -1 2379 1.2638 2 FAT
1473 1504 -1 2379 1.2638 2 FAT
1473 1505 -1 2379 1.2638 2 FAT
1473 1506 -1 2379 1.2638 2 FAT
1473 1507 -1 4765 1.2659 0 FAT
1473 1508 -1 4652 1.2634 0 FAT
1473 1509 -1 4618 1.2624 0 FAT
1473 1510 -1 4651 1.2676 0 FAT
1473 1511 -1 4651 1.2676 0 FAT
1473 1512 -1 4966 1.2705 0 FAT
1473 1513 -1 4886 1.2681 0 FAT
1473 1514 -1 5045 1.2742 0 FAT
1473 1515 -1 4751 1.2654 0 FAT
1473 1516 -1 4522 1.2640 0 FAT
1473 1517 -1 4522 1.2640 0 FAT
1473 1518 -1 4038 1.2619 2 FAT
1473 1519 -1 4038 1.2619 2 FAT
1473 1520 -1 4510 1.2661 0 FAT
1473 1521 -1 4510 1.2661 0 FAT
1473 1522 -1 4510 1.2661 0 FAT
1473 1523 -1 4510 1.2661 0 FAT
1473 1524 -1 4196 1.2613 0 FAT
1473 1525 -1 3952 1.2551 2 FAT
1473 1526 -1 3621 1.2466 2 FAT
1473 1527 -1 3394 1.2446 2 FAT
1473 1528 -1 3341 1.2427 2 FAT
1473 1529 -1 2946 1.2309 2 FAT
1473 1530 -1 2527 1.2123 2 FAT
1473 1531 -1 2357 1.2084 2 FAT
1473 1532 -1 2037 1.2024 2 FAT
1473 1533 -1 2630 1.2086 2 FAT
1473 1534 -1 2791 1.2133 2 FAT
1473 1535 -1 2791 1.2133 2 FAT
1473 1536 -1 3183 1.2263 2 FAT
1473 1537 -1 2830 1.2336 2 FAT
1473 1538 -1 3033 1.2403 2 FAT
1473 1539 -1 3278 1.2443 2 FAT
1473 1540 -1 3278 1.2443 2 FAT
1473 1541 -1 3278 1.2443 2 FAT
1473 1542 -1 3278 1.2443 2 FAT
1473 1543 -1 3621 1.2466 2 FAT
1473 1544 -1 3984 1.2566 2 FAT
1473 1545 -1 4184 1.2607 0 FAT
1473 1546 -1 4478 1.2646 0 FAT
1473 1547 -1 4888 1.2742 0 FAT
1473 1548 -1 4986 1.2755 0 FAT
1473 1549 -1 5221 1.2781 0 FAT
1473 1550 -1 4930 1.2762 0 FAT
1473 1551 -1 5214 1.2764 0 FAT
1473 1552 -1 5301 1.2778 0 FAT
1473 1553 -1 4948 1.2728 0 FAT
1473 1554 -1 4471 1.2650 0 FAT
1473 1555 -1 3205 1.2650 2 FAT
1473 1556 -1 3205 1.2650 2 FAT
1473 1557 -1 3205 1.2650 2 FAT
1473 1558 -1 3205 1.2650 2 FAT
1473 1559 -1 3205 1.2650 2 FAT
1473 1560 -1 3205 1.2650 2 FAT
1473 1561 -1 3510 1.2646 2 FAT
1473 1562 -1 3767 1.2692 2 FAT
1473 1563 -1 4076 1.2756 2 FAT
1473 1564 -1 4274 1.2784 0 FAT
1473 1565 -1 4274 1.2784 0 FAT
1473 1566 -1 4274 1.2784 0 FAT
1473 1567 -1 4274 1.2784 0 FAT
1473 1568 -1 4274 1.2784 0 FAT
1473 1569 -1 4274 1.2784 0 FAT
1473 1570 -1 4274 1.2784 0 FAT
1473 1571 -1 4274 1.2784 0 FAT
1473 1572 -1 4274 1.2784 0 FAT
1473 1573 -1 4274 1.2784 0 FAT
1473 1574 -1 4274 1.2784 0 FAT
1473 1575 -1 4274 1.2784 0 FAT
1473 1576 -1 4274 1.2784 0 FAT
1473 1577 -1 4274 1.2784 0 FAT
1473 1578 -1 4274 1.2784 0 FAT
1473 1579 -1 4274 1.2784 0 FAT
1473 1580 -1 4274 1.2784 0 FAT
1473 1581 -1 4274 1.2784 0 FAT
1473 1582 -1 4274 1.2784 0 FAT
1473 1583 -1 4274 1.2784 0 FAT
1473 1584 -1 4274 1.2784 0 FAT
1473 1585 -1 4274 1.2784 0 FAT
1473 1586 -1 4274 1.2784 0 FAT
1473 1587 -1 4274 1.2784 0 FAT
1473 1588 -1 4274 1.2784 0 FAT
1473 1589 -1 4274 1.2784 0 FAT
1473 1590 -1 4274 1.2784 0 FAT
1473 1591 -1 4274 1.2784 0 FAT
1473 1592 -1 4274 1.2784 0 FAT
1473 1593 -1 4274 1.2784 0 FAT
1473 1594 -1 4274 1.2784 0 FAT
1473 1595 -1 4274 1.2784 0 FAT
1473 1596 -1 5176 1.2782 0 FAT
1473 1597 -1 5837 1.2851 0 FAT
1473 1598 -1 6010 1.2871 0 FAT
1473 1599 -1 6353 1.2907 0 FAT
1473 1600 -1 6742 1.2960 0 FAT
1473 1601 -1 6989 1.2981 0 FAT
1473 1602 -1 7124 1.2994 0 FAT
1473 1603 -1 7124 1.2994 0 FAT
1473 1604 -1 7398 1.2990 0 FAT
1473 1605 -1 7258 1.2981 0 FAT
1473 1606 -1 7131 1.2976 0 FAT
1473 1607 -1 7131 1.2976 0 FAT
1473 1608 -1 6789 1.2934 0 FAT
1473 1609 -1 6528 1.2887 0 FAT
1473 1610 -1 6127 1.2853 0 FAT
1473 1611 -1 6002 1.2828 0 FAT
1473 1612 -1 5458 1.2797 0 FAT
1473 1613 -1 5458 1.2797 0 FAT
1473 1614 -1 5458 1.2797 0 FAT
1473 1615 -1 6298 1.2830 0 FAT
1473 1616 -1 6388 1.2841 0 FAT
1473 1617 -1 6350 1.2849 0 FAT
1473 1618 -1 6273 1.2834 0 FAT
1473 1619 -1 5269 1.2800 0 FAT
1473 1620 -1 5676 1.2834 0 FAT
1473 1621 -1 5823 1.2856 0 FAT
1473 1622 -1 6293 1.2912 0 FAT
1473 1623 -1 6591 1.2951 0 FAT
1473 1624 -1 6608 1.2956 0 FAT
1473 1625 -1 6911 1.2977 0 FAT
1473 1626 -1 7217 1.3005 0 FAT
1473 1627 -1 7308 1.3025 0 FAT
1473 1628 -1 7308 1.3025 0 FAT
1473 1629 -1 7308 1.3025 0 FAT
1473 1630 -1 7308 1.3025 0 FAT
1473 1631 -1 7308 1.3025 0 FAT
1473 1632 -1 7752 1.3016 0 FAT
1473 1633 -1 7648 1.3012 0 FAT
1473 1634 -1 7694 1.3029 0 FAT
1473 1635 -1 7392 1.2994 0 FAT
1473 1636 -1 7276 1.3005 0 FAT
1473 1637 -1 7657 1.3049 0 FAT
1473 1638 -1 7885 1.3072 0 FAT
1473 1639 -1 7885 1.3072 0 FAT
1473 1640 -1 7556 1.3034 0 FAT
1473 1641 -1 7331 1.3024 0 FAT
1473 1642 -1 7045 1.2992 0 FAT
1473 1643 -1 6618 1.2944 0 FAT
1473 1644 -1 6413 1.2916 0 FAT
1473 1645 -1 6034 1.2894 0 FAT
1473 1646 -1 6034 1.2894 0 FAT
1473 1647 -1 5905 1.2879 0 FAT
1473 1648 -1 5674 1.2854 0 FAT
1473 1649 -1 5314 1.2786 0 FAT
1473 1650 -1 4705 1.2774 0 FAT
1473 1651 -1 4705 1.2774 0 FAT
1473 1652 -1 4705 1.2774 0 FAT
1473 1653 -1 4705 1.2774 0 FAT
1473 1654 -1 4705 1.2774 0 FAT
1473 1655 -1 4705 1.2774 0 FAT
1473 1656 -1 4705 1.2774 0 FAT
1473 1657 -1 4705 1.2774 0 FAT
1473 1658 -1 5789 1.2794 0 FAT
1473 1659 -1 5716 1.2799 0 FAT
1473 1660 -1 5080 1.2728 0 FAT
1473 1661 -1 5614 1.2784 0 FAT
1473 1662 -1 5988 1.2850 0 FAT
1473 1663 -1 5780 1.2812 0 FAT
1473 1664 -1 5502 1.2790 0 FAT
1473 1665 -1 5114 1.2715 0 FAT
1473 1666 -1 4637 1.2644 0 FAT
1473 1667 -1 4637 1.2644 0 FAT
1473 1668 -1 4876 1.2611 0 FAT
1473 1669 -1 3957 1.2667 2 FAT
1473 1670 -1 3957 1.2667 2 FAT
1473 1671 -1 4223 1.2699 0 FAT
1473 1672 -1 4552 1.2767 0 FAT
1473 1673 -1 4778 1.2807 0 FAT
1473 1674 -1 4986 1.2824 0 FAT
1473 1675 -1 5272 1.2863 0 FAT
1473 1676 -1 5355 1.2883 0 FAT
1473 1677 -1 5355 1.2883 0 FAT
1473 1678 -1 5355 1.2883 0 FAT
1473 1679 -1 5355 1.2883 0 FAT
1473 1680 -1 5871 1.2917 0 FAT
1473 1681 -1 6095 1.2934 0 FAT
1473 1682 -1 6408 1.2970 0 FAT
1473 1683 -1 6642 1.2992 0 FAT
1473 1684 -1 6977 1.3043 0 FAT
1473 1685 -1 6977 1.3043 0 FAT
1473 1686 -1 6977 1.3043 0 FAT
1473 1687 -1 6977 1.3043 0 FAT
1473 1688 -1 6977 1.3043 0 FAT
1473 1689 -1 6977 1.3043 0 FAT
1473 1690 -1 6977 1.3043 0 FAT
1473 1691 -1 6977 1.3043 0 FAT
1473 1692 -1 6977 1.3043 0 FAT
1473 1693 -1 6977 1.3043 0 FAT
1473 1694 -1 6977 1.3043 0 FAT
1473 1695 -1 6977 1.3043 0 FAT
1473 1696 -1 6977 1.3043 0 FAT
1473 1697 -1 6977 1.3043 0 FAT
1473 1698 -1 6977 1.3043 0 FAT
1473 1699 -1 6977 1.3043 0 FAT
1473 1700 -1 6911 1.3032 0 FAT
1473 1701 -1 6640 1.3011 0 FAT
1473 1702 -1 6299 1.2965 0 FAT
1473 1703 -1 5981 1.2920 0 FAT
1473 1704 -1 5456 1.2918 0 FAT
1473 1705 -1 5456 1.2918 0 FAT
1473 1706 -1 5456 1.2918 0 FAT
1473 1707 -1 5456 1.2918 0 FAT
1473 1708 -1 5456 1.2918 0 FAT
1473 1709 -1 5456 1.2918 0 FAT
1473 1710 -1 5456 1.2918 0 FAT
1473 1711 -1 5456 1.2918 0 FAT
1473 1712 -1 5456 1.2918 0 FAT
1473 1713 -1 5137 1.2869 0 FAT
1473 1714 -1 4976 1.2864 0 FAT
1473 1715 -1 4976 1.2864 0 FAT
1473 1716 -1 4798 1.2841 0 FAT
1473 1717 -1 4666 1.2818 0 FAT
1473 1718 -1 4405 1.2772 0 FAT
1473 1719 -1 4012 1.2716 2 FAT
1473 1720 -1 4012 1.2716 2 FAT
1473 1721 -1 3891 1.2701 2 FAT
1473 1722 -1 3607 1.2634 2 FAT
1473 1723 -1 3319 1.2578 2 FAT
1473 1724 -1 3109 1.2578 2 FAT
1473 1725 -1 3109 1.2578 2 FAT
1473 1726 -1 3109 1.2578 2 FAT
1473 1727 -1 3109 1.2578 2 FAT
1473 1728 -1 3109 1.2578 2 FAT
1473 1729 -1 3031 1.2547 2 FAT
1473 1730 -1 2899 1.2550 2 FAT
1473 1731 -1 2813 1.2544 2 FAT
1473 1732 -1 2639 1.2478 2 FAT
1473 1733 -1 2288 1.2385 2 FAT
1473 1734 -1 2288 1.2385 2 FAT
1473 1735 -1 2033 1.2290 2 FAT
1473 1736 -1 1718 1.2204 2 FAT
1473 1737 -1 1718 1.2204 2 FAT
1473 1738 -1 1718 1.2204 2 FAT
1473 1739 -1 1455 1.2206 2 FAT
1473 1740 -1 1455 1.2206 2 FAT
1473 1741 -1 1455 1.2206 2 FAT
1473 1742 -1 1455 1.2206 2 FAT
1473 1743 -1 1455 1.2206 2 FAT
1473 1744 -1 1455 1.2206 2 FAT
1473 1745 -1 1455 1.2206 2 FAT
1473 1746 -1 1455 1.2206 2 FAT
1473 1747 -1 1455 1.2206 2 FAT
1473 1748 -1 1455 1.2206 2 FAT
1473 1749 -1 1455 1.2206 2 FAT
1473 1750 -1 1455 1.2206 2 FAT
1473 1751 -1 1455 1.2206 2 FAT
1473 1752 -1 1455 1.2206 2 FAT
1473 1753 -1 1455 1.2206 2 FAT
1473 1754 -1 1455 1.2206 2 FAT
1473 1755 -1 1455 1.2206 2 FAT
1473 1756 -1 1455 1.2206 2 FAT
1473 1757 -1 1455 1.2206 2 FAT
1473 1758 -1 870 1.2207 2 FAT
1473 1759 -1 870 1.2207 2 FAT
1473 1760 -1 870 1.2207 2 FAT
1473 1761 -1 870 1.2207 2 FAT
1473 1762 -1 870 1.2207 2 FAT
1473 1763 -1 870 1.2207 2 FAT
1473 1764 -1 870 1.2207 2 FAT
1473 1765 -1 1192 1.2208 2 FAT
1473 1766 -1 1192 1.2208 2 FAT
1473 1767 -1 1192 1.2208 2 FAT
1473 1768 -1 1192 1.2208 2 FAT
1473 1769 -1 1192 1.2208 2 FAT
1473 1770 -1 1192 1.2208 2 FAT
1473 1771 -1 1192 1.2208 2 FAT
1473 1772 -1 1192 1.2208 2 FAT
1473 1773 -1 1192 1.2208 2 FAT
1473 1774 -1 1192 1.2208 2 FAT
1473 1775 -1 1192 1.2208 2 FAT
1473 1776 -1 1192 1.2208 2 FAT
1473 1777 -1 1192 1.2208 2 FAT
1473 1778 -1 1192 1.2208 2 FAT
1473 1779 -1 1192 1.2208 2 FAT
1473 1780 -1 1192 1.2208 2 FAT
1473 1781 -1 1192 1.2208 2 FAT
1473 1782 -1 1192 1.2208 2 FAT
1473 1783 -1 1192 1.2208 2 FAT
1473 1784 -1 1369 1.2211 2 FAT
1473 1785 -1 1369 1.2211 2 FAT
1473 1786 -1 1369 1.2211 2 FAT
1473 1787 -1 1369 1.2211 2 FAT
1473 1788 -1 1369 1.2211 2 FAT
1473 1789 -1 1466 1.2212 2 FAT
1473 1790 -1 1548 1.2211 2 FAT
1473 1791 -1 1741 1.2311 2 FAT
1473 1792 -1 1886 1.2395 2 FAT
1473 1793 -1 1957 1.2394 2 FAT
1473 1794 -1 2197 1.2507 2 FAT
1473 1795 -1 2275 1.2508 2 FAT
1473 1796 -1 2318 1.2533 2 FAT
1473 1797 -1 2318 1.2533 2 FAT
1473 1798 -1 2318 1.2533 2 FAT
1473 1799 -1 2424 1.2535 2 FAT
1473 1800 -1 2518 1.2535 2 FAT
1473 1801 -1 2777 1.2637 2 FAT
1473 1802 -1 2877 1.2647 2 FAT
1473 1803 -1 3041 1.2699 2 FAT
1473 1804 -1 3143 1.2714 2 FAT
1473 1805 -1 3143 1.2714 2 FAT
1473 1806 -1 3239 1.2714 2 FAT
1473 1807 -1 3441 1.2750 2 FAT
1473 1808 -1 3510 1.2768 2 FAT
1473 1809 -1 3510 1.2768 2 FAT
1473 1810 -1 3510 1.2768 2 FAT
1473 1811 -1 3510 1.2768 2 FAT
1473 1812 -1 3510 1.2768 2 FAT
1473 1813 -1 3510 1.2768 2 FAT
1473 1814 -1 3510 1.2768 2 FAT
1473 1815 -1 3510 1.2768 2 FAT
1473 1816 -1 3510 1.2768 2 FAT
1473 1817 -1 3510 1.2768 2 FAT
1473 1818 -1 3510 1.2768 2 FAT
1473 1819 -1 3510 1.2768 2 FAT
1473 1820 -1 3510 1.2768 2 FAT
1473 1821 -1 3809 1.2764 2 FAT
1473 1822 -1 3809 1.2764 2 FAT
1473 1823 -1 3954 1.2763 2 FAT
1473 1824 -1 4240 1.2805 0 FAT
1473 1825 -1 4382 1.2842 0 FAT
1473 1826 -1 4662 1.2882 0 FAT
1473 1827 -1 4858 1.2909 0 FAT
1473 1828 -1 4858 1.2909 0 FAT
1473 1829 -1 4858 1.2909 0 FAT
1473 1830 -1 5092 1.2908 0 FAT
1473 1831 -1 5301 1.2950 0 FAT
1473 1832 -1 5532 1.2981 0 FAT
1473 1833 -1 5669 1.3001 0 FAT
1473 1834 -1 5669 1.3001 0 FAT
1473 1835 -1 6009 1.3033 0 FAT
1473 1836 -1 6182 1.3058 0 FAT
1473 1837 -1 6182 1.3058 0 FAT
1473 1838 -1 6182 1.3058 0 FAT
1473 1839 -1 6182 1.3058 0 FAT
1473 1840 -1 6182 1.3058 0 FAT
1473 1841 -1 6182 1.3058 0 FAT
1473 1842 -1 6182 1.3058 0 FAT
1473 1843 -1 6182 1.3058 0 FAT
1473 1844 -1 6182 1.3058 0 FAT
1473 1845 -1 6522 1.3061 0 FAT
1473 1846 -1 6914 1.3078 0 FAT
1473 1847 -1 7149 1.3104 0 FAT
1473 1848 -1 7430 1.3142 0 FAT
1473 1849 -1 7452 1.3144 0 FAT
1473 1850 -1 7674 1.3147 0 FAT
1473 1851 -1 7940 1.3181 0 FAT
1473 1852 -1 8147 1.3206 0 FAT
1473 1853 -1 8349 1.3214 0 FAT
1473 1854 -1 8646 1.3246 0 FAT
1473 1855 -1 8651 1.3247 0 FAT
1473 1856 -1 8651 1.3247 0 FAT
1473 1857 -1 8651 1.3247 0 FAT
1473 1858 -1 8651 1.3247 0 FAT
1473 1859 -1 8651 1.3247 0 FAT
1473 1860 -1 8651 1.3247 0 FAT
1473 1861 -1 8651 1.3247 0 FAT
1473 1862 -1 8651 1.3247 0 FAT
1473 1863 -1 8651 1.3247 0 FAT
1473 1864 -1 8651 1.3247 0 FAT
1473 1865 -1 8651 1.3247 0 FAT
1473 1866 -1 8651 1.3247 0 FAT
1473 1867 -1 8651 1.3247 0 FAT
1473 1868 -1 8651 1.3247 0 FAT
1473 1869 -1 8651 1.3247 0 FAT
1473 1870 -1 8651 1.3247 0 FAT
1473 1871 -1 8651 1.3247 0 FAT
1473 1872 -1 8651 1.3247 0 FAT
1473 1873 -1 8651 1.3247 0 FAT
1473 1874 -1 8651 1.3247 0 FAT
1473 1875 -1 8651 1.3247 0 FAT
1473 1876 -1 8651 1.3247 0 FAT
1473 1877 -1 8651 1.3247 0 FAT
1473 1878 -1 8651 1.3247 0 FAT
1473 1879 -1 8651 1.3247 0 FAT
1473 1880 -1 8651 1.3247 0 FAT
1473 1881 -1 8651 1.3247 0 FAT
1473 1882 -1 8651 1.3247 0 FAT
1473 1883 -1 8651 1.3247 0 FAT
1473 1884 -1 8651 1.3247 0 FAT
1473 1885 -1 8651 1.3247 0 FAT
1473 1886 -1 8651 1.3247 0 FAT
1473 1887 -1 8651 1.3247 0 FAT
1473 1888 -1 8651 1.3247 0 FAT
1473 1889 -1 8651 1.3247 0 FAT
1473 1890 -1 8651 1.3247 0 FAT
1473 1891 -1 8651 1.3247 0 FAT
1473 1892 -1 8651 1.3247 0 FAT
1473 1893 -1 8651 1.3247 0 FAT
1473 1894 -1 8651 1.3247 0 FAT
1473 1895 -1 8534 1.3235 0 FAT
1473 1896 -1 8323 1.3219 0 FAT
1473 1897 -1 8048 1.3185 0 FAT
1473 1898 -1 7754 1.3173 0 FAT
1473 1899 -1 7754 1.3173 0 FAT
1473 1900 -1 7525 1.3147 0 FAT
1473 1901 -1 7122 1.3110 0 FAT
1473 1902 -1 7122 1.3110 0 FAT
1473 1903 -1 6845 1.3072 0 FAT
1473 1904 -1 9051 1.3065 0 FAT
1473 1905 -1 8791 1.3093 0 FAT
1473 1906 -1 9143 1.3126 0 FAT
1473 1907 -1 9343 1.3145 0 FAT
1473 1908 -1 9343 1.3145 0 FAT
1473 1909 -1 9343 1.3145 0 FAT
1473 1910 -1 9897 1.3165 0 FAT
1473 1911 -1 9887 1.3165 0 FAT
1473 1912 -1 9859 1.3177 0 FAT
1473 1913 -1 9654 1.3156 0 FAT
1473 1914 -1 9709 1.3154 0 FAT
1473 1915 -1 9846 1.3165 0 FAT
1473 1916 -1 9221 1.3154 0 FAT
1473 1917 -1 9547 1.3172 0 FAT
1473 1918 -1 9547 1.3172 0 FAT
1473 1919 -1 9547 1.3172 0 FAT
1473 1920 -1 9434 1.3163 0 FAT
1473 1921 -1 9027 1.3132 0 FAT
1473 1922 -1 8781 1.3102 0 FAT
1473 1923 -1 8421 1.3063 0 FAT
1473 1924 -1 7896 1.3037 0 FAT
1473 1925 -1 7896 1.3037 0 FAT
1473 1926 -1 8853 1.3050 0 FAT
1473 1927 -1 8867 1.3065 0 FAT
1473 1928 -1 7616 1.3077 0 FAT
1473 1929 -1 7616 1.3077 0 FAT
1473 1930 -1 8090 1.3111 0 FAT
1473 1931 -1 8421 1.3147 0 FAT
1473 1932 -1 8421 1.3147 0 FAT
1473 1933 -1 8914 1.3178 0 FAT
1473 1934 -1 9147 1.3189 0 FAT
1473 1935 -1 9308 1.3208 0 FAT
1473 1936 -1 9308 1.3208 0 FAT
1473 1937 -1 9308 1.3208 0 FAT
1473 1938 -1 9308 1.3208 0 FAT
1473 1939 -1 9308 1.3208 0 FAT
1473 1940 -1 9308 1.3208 0 FAT
1473 1941 -1 10166 1.3232 0 FAT
1473 1942 -1 10303 1.3244 0 FAT
1473 1943 -1 10666 1.3258 0 FAT
1473 1944 -1 10925 1.3283 0 FAT
1473 1945 -1 11318 1.3306 0 FAT
1473 1946 -1 11615 1.3329 0 FAT
1473 1947 -1 11669 1.3335 0 FAT
1473 1948 -1 11522 1.3325 0 FAT
1473 1949 -1 11092 1.3299 0 FAT
1473 1950 -1 11499 1.3293 0 FAT
1473 1951 -1 11369 1.3286 0 FAT
1473 1952 -1 11147 1.3294 0 FAT
1473 1953 -1 11484 1.3321 0 FAT
1473 1954 -1 11745 1.3342 0 FAT
1473 1955 -1 11745 1.3342 0 FAT
1473 1956 -1 11342 1.3319 0 FAT
1473 1957 -1 11183 1.3304 0 FAT
1473 1958 -1 10858 1.3281 0 FAT
1473 1959 -1 10505 1.3244 0 FAT
1473 1960 -1 10143 1.3240 0 FAT
1473 1961 -1 10143 1.3240 0 FAT
1473 1962 -1 9876 1.3218 0 FAT
1473 1963 -1 9590 1.3189 0 FAT
1473 1964 -1 9333 1.3161 0 FAT
1473 1965 -1 9049 1.3155 0 FAT
1473 1966 -1 8974 1.3146 0 FAT
1473 1967 -1 8649 1.3115 0 FAT
1473 1968 -1 8291 1.3091 0 FAT
1473 1969 -1 7506 1.3087 0 FAT
1473 1970 -1 7506 1.3087 0 FAT
1473 1971 -1 7506 1.3087 0 FAT
1473 1972 -1 7506 1.3087 0 FAT
1473 1973 -1 7506 1.3087 0 FAT
1473 1974 -1 7506 1.3087 0 FAT
1473 1975 -1 7506 1.3087 0 FAT
1473 1976 -1 7506 1.3087 0 FAT
1473 1977 -1 7506 1.3087 0 FAT
1473 1978 -1 7506 1.3087 0 FAT
1473 1979 -1 7506 1.3087 0 FAT
1473 1980 -1 7506 1.3087 0 FAT
1473 1981 -1 7506 1.3087 0 FAT
1473 1982 -1 7256 1.3056 0 FAT
1473 1983 -1 6847 1.3030 0 FAT
1473 1984 -1 6847 1.3030 0 FAT
1473 1985 -1 6847 1.3030 0 FAT
1473 1986 -1 8614 1.3057 0 FAT
1473 1987 -1 8526 1.3025 0 FAT
1473 1988 -1 8359 1.3038 0 FAT
1473 1989 -1 8377 1.3042 0 FAT
1473 1990 -1 8135 1.3016 0 FAT
1473 1991 -1 7539 1.2959 0 FAT
1473 1992 -1 7539 1.2959 0 FAT
1473 1993 -1 7164 1.2904 0 FAT
1473 1994 -1 7584 1.2894 0 FAT
1473 1995 -1 6855 1.2902 0 FAT
1473 1996 -1 7245 1.2936 0 FAT
1473 1997 -1 7488 1.2975 0 FAT
1473 1998 -1 7945 1.3029 0 FAT
1473 1999 -1 8267 1.3065 0 FAT
1473 2000 -1 8414 1.3076 0 FAT
1473 2001 -1 8414 1.3076 0 FAT
1473 2002 -1 8414 1.3076 0 FAT
1473 2003 -1 8356 1.3068 0 FAT
1473 2004 -1 8499 1.3069 0 FAT
1473 2005 -1 8963 1.3115 0 FAT
1473 2006 -1 8928 1.3116 0 FAT
1473 2007 -1 8821 1.3111 0 FAT
1473 2008 -1 8730 1.3106 0 FAT
1473 2009 -1 8224 1.3050 0 FAT
1473 2010 -1 8568 1.3040 0 FAT
1473 2011 -1 8615 1.3048 0 FAT
1473 2012 -1 8244 1.3070 0 FAT
1473 2013 -1 8244 1.3070 0 FAT
1473 2014 -1 8657 1.3082 0 FAT
1473 2015 -1 9025 1.3127 0 FAT
1473 2016 -1 9106 1.3138 0 FAT
1473 2017 -1 9093 1.3136 0 FAT
1473 2018 -1 8863 1.3128 0 FAT
1473 2019 -1 8540 1.3095 0 FAT
1473 2020 -1 8293 1.3075 0 FAT
1473 2021 -1 7888 1.3030 0 FAT
1473 2022 -1 7599 1.2994 0 FAT
1473 2023 -1 7034 1.2965 0 FAT
1473 2024 -1 7034 1.2965 0 FAT
1473 2025 -1 4821 1.2963 0 FAT
1473 2026 -1 4821 1.2963 0 FAT
1473 2027 -1 4821 1.2963 0 FAT
1473 2028 -1 4821 1.2963 0 FAT
1473 2029 -1 4821 1.2963 0 FAT
1473 2030 -1 4821 1.2963 0 FAT
1473 2031 -1 4821 1.2963 0 FAT
1473 2032 -1 4821 1.2963 0 FAT
1473 2033 -1 4821 1.2963 0 FAT
1473 2034 -1 4821 1.2963 0 FAT
1473 2035 -1 4821 1.2963 0 FAT
1473 2036 -1 5426 1.2964 0 FAT
1473 2037 -1 5426 1.2964 0 FAT
1473 2038 -1 5426 1.2964 0 FAT
1473 2039 -1 5641 1.2963 0 FAT
1473 2040 -1 5911 1.2999 0 FAT
1473 2041 -1 6133 1.3027 0 FAT
1473 2042 -1 6380 1.3056 0 FAT
1473 2043 -1 6440 1.3065 0 FAT
1473 2044 -1 6440 1.3065 0 FAT
1473 2045 -1 6619 1.3065 0 FAT
1473 2046 -1 6903 1.3089 0 FAT
1473 2047 -1 7173 1.3130 0 FAT
1473 2048 -1 7214 1.3135 0 FAT
1473 2049 -1 7354 1.3137 0 FAT
1473 2050 -1 7686 1.3171 0 FAT
1473 2051 -1 7782 1.3185 0 FAT
1473 2052 -1 8047 1.3200 0 FAT
1473 2053 -1 8195 1.3222 0 FAT
1473 2054 -1 8495 1.3247 0 FAT
1473 2055 -1 8495 1.3247 0 FAT
1473 2056 -1 8495 1.3247 0 FAT
1473 2057 -1 8495 1.3247 0 FAT
1473 2058 -1 8495 1.3247 0 FAT
1473 2059 -1 8495 1.3247 0 FAT
1473 2060 -1 8495 1.3247 0 FAT
1473 2061 -1 8495 1.3247 0 FAT
1473 2062 -1 8495 1.3247 0 FAT
1473 2063 -1 8495 1.3247 0 FAT
1473 2064 -1 8495 1.3247 0 FAT
1473 2065 -1 8495 1.3247 0 FAT
1473 2066 -1 8495 1.3247 0 FAT
1473 2067 -1 8495 1.3247 0 FAT
1473 2068 -1 9171 1.3247 0 FAT
1473 2069 -1 9610 1.3264 0 FAT
1473 2070 -1 9888 1.3286 0 FAT
1473 2071 -1 10086 1.3308 0 FAT
1473 2072 -1 10086 1.3308 0 FAT
1473 2073 -1 10486 1.3322 0 FAT
1473 2074 -1 10751 1.3350 0 FAT
1473 2075 -1 10883 1.3351 0 FAT
1473 2076 -1 11232 1.3381 0 FAT
1473 2077 -1 11452 1.3389 0 FAT
1473 2078 -1 11710 1.3406 0 FAT
1473 2079 -1 11992 1.3426 0 FAT
1473 2080 -1 11992 1.3426 0 FAT
1473 2081 -1 11992 1.3426 0 FAT
1473 2082 -1 11992 1.3426 0 FAT
1473 2083 -1 11992 1.3426 0 FAT
1473 2084 -1 11992 1.3426 0 FAT
1473 2085 -1 11992 1.3426 0 FAT
1473 2086 -1 11992 1.3426 0 FAT
1473 2087 -1 11992 1.3426 0 FAT
1473 2088 -1 12622 1.3426 0 FAT
1473 2089 -1 13188 1.3449 0 FAT
1473 2090 -1 13356 1.3463 0 FAT
1473 2091 -1 13677 1.3472 0 FAT
1473 2092 -1 13882 1.3489 0 FAT
1473 2093 -1 14254 1.3508 0 FAT
1473 2094 -1 14513 1.3521 0 FAT
1473 2095 -1 14819 1.3537 0 FAT
1473 2096 -1 14907 1.3543 0 FAT
1473 2097 -1 14907 1.3543 0 FAT
1473 2098 -1 14907 1.3543 0 FAT
1473 2099 -1 14907 1.3543 0 FAT
1473 2100 -1 14907 1.3543 0 FAT
1473 2101 -1 14907 1.3543 0 FAT
1473 2102 -1 15982 1.3567 0 FAT
1473 2103 -1 16231 1.3574 0 FAT
1473 2104 -1 16524 1.3589 0 FAT
1473 2105 -1 16695 1.3595 0 FAT
1473 2106 -1 16715 1.3601 0 FAT
1473 2107 -1 16141 1.3583 0 FAT
1473 2108 -1 16141 1.3583 0 FAT
1473 2109 -1 15973 1.3574 0 FAT
1473 2110 -1 16075 1.3558 0 FAT
1473 2111 -1 16347 1.3571 0 FAT
1473 2112 -1 16165 1.3565 0 FAT
1473 2113 -1 16450 1.3579 0 FAT
1473 2114 -1 16154 1.3567 0 FAT
1473 2115 -1 15798 1.3548 0 FAT
1473 2116 -1 15050 1.3538 0 FAT
1473 2117 -1 15360 1.3553 0 FAT
1473 2118 -1 15614 1.3570 0 FAT
1473 2119 -1 15614 1.3570 0 FAT
1473 2120 -1 16101 1.3583 0 FAT
1473 2121 -1 16370 1.3600 0 FAT
1473 2122 -1 16612 1.3603 0 FAT
1473 2123 -1 16903 1.3622 0 FAT
1473 2124 -1 17186 1.3631 0 FAT
1473 2125 -1 17342 1.3634 0 FAT
1473 2126 -1 17166 1.3633 0 FAT
1473 2127 -1 17463 1.3649 0 FAT
# row j=1473 L=0.409167 n=2128 KILL=0 CYCLE=0 FAT=2128 CAP=0 certified=0 lambda[1.0379,1.3649]
1474 0 -1 17562 1.3654 0 FAT
1474 1 -1 17585 1.3646 0 FAT
1474 2 -1 17480 1.3643 0 FAT
1474 3 -1 17186 1.3631 0 FAT
1474 4 -1 16903 1.3622 0 FAT
1474 5 -1 16612 1.3603 0 FAT
1474 6 -1 16370 1.3600 0 FAT
1474 7 -1 16101 1.3583 0 FAT
1474 8 -1 15614 1.3570 0 FAT
1474 9 -1 15614 1.3570 0 FAT
1474 10 -1 15360 1.3553 0 FAT
1474 11 -1 16348 1.3556 0 FAT
1474 12 -1 16154 1.3567 0 FAT
1474 13 -1 16456 1.3580 0 FAT
1474 14 -1 16538 1.3586 0 FAT
1474 15 -1 16661 1.3588 0 FAT
1474 16 -1 16347 1.3571 0 FAT
1474 17 -1 16626 1.3581 0 FAT
1474 18 -1 16141 1.3583 0 FAT
1474 19 -1 16141 1.3583 0 FAT
1474 20 -1 16715 1.3601 0 FAT
1474 21 -1 17021 1.3614 0 FAT
1474 22 -1 16832 1.3605 0 FAT
1474 23 -1 16524 1.3589 0 FAT
1474 24 -1 16231 1.3574 0 FAT
1474 25 -1 15982 1.3567 0 FAT
1474 26 -1 15437 1.3544 0 FAT
1474 27 -1 14907 1.3543 0 FAT
1474 28 -1 14907 1.3543 0 FAT
1474 29 -1 14907 1.3543 0 FAT
1474 30 -1 14907 1.3543 0 FAT
1474 31 -1 14907 1.3543 0 FAT
1474 32 -1 14819 1.3537 0 FAT
1474 33 -1 14513 1.3521 0 FAT
1474 34 -1 14254 1.3508 0 FAT
1474 35 -1 13882 1.3489 0 FAT
1474 36 -1 13677 1.3472 0 FAT
1474 37 -1 13356 1.3463 0 FAT
1474 38 -1 13188 1.3449 0 FAT
1474 39 -1 12622 1.3426 0 FAT
1474 40 -1 11992 1.3426 0 FAT
1474 41 -1 11992 1.3426 0 FAT
1474 42 -1 11992 1.3426 0 FAT
1474 43 -1 11992 1.3426 0 FAT
1474 44 -1 11992 1.3426 0 FAT
1474 45 -1 11992 1.3426 0 FAT
1474 46 -1 11992 1.3426 0 FAT
1474 47 -1 11992 1.3426 0 FAT
1474 48 -1 11992 1.3426 0 FAT
1474 49 -1 11710 1.3406 0 FAT
1474 50 -1 11452 1.3389 0 FAT
1474 51 -1 11232 1.3381 0 FAT
1474 52 -1 10883 1.3351 0 FAT
1474 53 -1 10751 1.3350 0 FAT
1474 54 -1 10486 1.3322 0 FAT
1474 55 -1 10086 1.3308 0 FAT
1474 56 -1 10086 1.3308 0 FAT
1474 57 -1 9888 1.3286 0 FAT
1474 58 -1 9610 1.3264 0 FAT
1474 59 -1 9171 1.3247 0 FAT
1474 60 -1 8495 1.3247 0 FAT
1474 61 -1 8495 1.3247 0 FAT
1474 62 -1 8495 1.3247 0 FAT
1474 63 -1 8495 1.3247 0 FAT
1474 64 -1 8495 1.3247 0 FAT
1474 65 -1 8495 1.3247 0 FAT
1474 66 -1 8495 1.3247 0 FAT
1474 67 -1 8495 1.3247 0 FAT
1474 68 -1 8495 1.3247 0 FAT
1474 69 -1 8495 1.3247 0 FAT
1474 70 -1 8495 1.3247 0 FAT
1474 71 -1 8495 1.3247 0 FAT
1474 72 -1 8495 1.3247 0 FAT
1474 73 -1 8495 1.3247 0 FAT
1474 74 -1 8195 1.3222 0 FAT
1474 75 -1 8047 1.3200 0 FAT
1474 76 -1 7782 1.3185 0 FAT
1474 77 -1 7686 1.3171 0 FAT
1474 78 -1 7354 1.3137 0 FAT
1474 79 -1 7214 1.3135 0 FAT
1474 80 -1 7173 1.3130 0 FAT
1474 81 -1 6903 1.3089 0 FAT
1474 82 -1 6619 1.3065 0 FAT
1474 83 -1 6440 1.3065 0 FAT
1474 84 -1 6440 1.3065 0 FAT
1474 85 -1 6380 1.3056 0 FAT
1474 86 -1 6133 1.3027 0 FAT
1474 87 -1 5911 1.2999 0 FAT
1474 88 -1 5641 1.2963 0 FAT
1474 89 -1 5426 1.2964 0 FAT
1474 90 -1 5426 1.2964 0 FAT
1474 91 -1 5426 1.2964 0 FAT
1474 92 -1 4821 1.2963 0 FAT
1474 93 -1 4821 1.2963 0 FAT
1474 94 -1 4821 1.2963 0 FAT
1474 95 -1 4821 1.2963 0 FAT
1474 96 -1 4821 1.2963 0 FAT
1474 97 -1 4821 1.2963 0 FAT
1474 98 -1 4821 1.2963 0 FAT
1474 99 -1 4821 1.2963 0 FAT
1474 100 -1 4821 1.2963 0 FAT
1474 101 -1 4821 1.2963 0 FAT
1474 102 -1 7034 1.2965 0 FAT
1474 103 -1 7034 1.2965 0 FAT
1474 104 -1 7599 1.2994 0 FAT
1474 105 -1 7888 1.3030 0 FAT
1474 106 -1 8293 1.3075 0 FAT
1474 107 -1 8540 1.3095 0 FAT
1474 108 -1 8863 1.3128 0 FAT
1474 109 -1 9093 1.3136 0 FAT
1474 110 -1 9106 1.3138 0 FAT
1474 111 -1 9106 1.3138 0 FAT
1474 112 -1 9025 1.3127 0 FAT
1474 113 -1 8657 1.3082 0 FAT
1474 114 -1 8244 1.3070 0 FAT
1474 115 -1 8950 1.3089 0 FAT
1474 116 -1 8953 1.3086 0 FAT
1474 117 -1 8741 1.3061 0 FAT
1474 118 -1 8730 1.3106 0 FAT
1474 119 -1 8821 1.3111 0 FAT
1474 120 -1 9297 1.3149 0 FAT
1474 121 -1 9288 1.3147 0 FAT
1474 122 -1 8963 1.3115 0 FAT
1474 123 -1 8908 1.3087 0 FAT
1474 124 -1 8414 1.3076 0 FAT
1474 125 -1 8414 1.3076 0 FAT
1474 126 -1 8414 1.3076 0 FAT
1474 127 -1 8414 1.3076 0 FAT
1474 128 -1 8267 1.3065 0 FAT
1474 129 -1 7945 1.3029 0 FAT
1474 130 -1 7488 1.2975 0 FAT
1474 131 -1 7245 1.2936 0 FAT
1474 132 -1 7686 1.2913 0 FAT
1474 133 -1 7861 1.2925 0 FAT
1474 134 -1 7539 1.2959 0 FAT
1474 135 -1 7539 1.2959 0 FAT
1474 136 -1 8135 1.3016 0 FAT
1474 137 -1 8377 1.3042 0 FAT
1474 138 -1 8377 1.3042 0 FAT
1474 139 -1 8878 1.3065 0 FAT
1474 140 -1 8897 1.3073 0 FAT
1474 141 -1 8904 1.3086 0 FAT
1474 142 -1 6847 1.3030 0 FAT
1474 143 -1 6847 1.3030 0 FAT
1474 144 -1 7256 1.3056 0 FAT
1474 145 -1 7506 1.3087 0 FAT
1474 146 -1 7506 1.3087 0 FAT
1474 147 -1 7506 1.3087 0 FAT
1474 148 -1 7506 1.3087 0 FAT
1474 149 -1 7506 1.3087 0 FAT
1474 150 -1 7506 1.3087 0 FAT
1474 151 -1 7506 1.3087 0 FAT
1474 152 -1 7506 1.3087 0 FAT
1474 153 -1 7506 1.3087 0 FAT
1474 154 -1 7506 1.3087 0 FAT
1474 155 -1 7506 1.3087 0 FAT
1474 156 -1 7506 1.3087 0 FAT
1474 157 -1 7506 1.3087 0 FAT
1474 158 -1 8291 1.3091 0 FAT
1474 159 -1 8649 1.3115 0 FAT
1474 160 -1 8974 1.3146 0 FAT
1474 161 -1 9049 1.3155 0 FAT
1474 162 -1 9333 1.3161 0 FAT
1474 163 -1 9590 1.3189 0 FAT
1474 164 -1 9876 1.3218 0 FAT
1474 165 -1 10143 1.3240 0 FAT
1474 166 -1 10143 1.3240 0 FAT
1474 167 -1 10505 1.3244 0 FAT
1474 168 -1 10858 1.3281 0 FAT
1474 169 -1 11183 1.3304 0 FAT
1474 170 -1 11342 1.3319 0 FAT
1474 171 -1 11745 1.3342 0 FAT
1474 172 -1 11745 1.3342 0 FAT
1474 173 -1 11745 1.3342 0 FAT
1474 174 -1 11484 1.3321 0 FAT
1474 175 -1 11779 1.3312 0 FAT
1474 176 -1 11732 1.3314 0 FAT
1474 177 -1 11637 1.3305 0 FAT
1474 178 -1 11522 1.3325 0 FAT
1474 179 -1 11669 1.3335 0 FAT
1474 180 -1 11669 1.3335 0 FAT
1474 181 -1 11615 1.3329 0 FAT
1474 182 -1 11318 1.3306 0 FAT
1474 183 -1 10925 1.3283 0 FAT
1474 184 -1 10666 1.3258 0 FAT
1474 185 -1 10303 1.3244 0 FAT
1474 186 -1 10166 1.3232 0 FAT
1474 187 -1 9308 1.3208 0 FAT
1474 188 -1 9308 1.3208 0 FAT
1474 189 -1 9308 1.3208 0 FAT
1474 190 -1 9308 1.3208 0 FAT
1474 191 -1 9308 1.3208 0 FAT
1474 192 -1 9308 1.3208 0 FAT
1474 193 -1 9147 1.3189 0 FAT
1474 194 -1 8914 1.3178 0 FAT
1474 195 -1 8421 1.3147 0 FAT
1474 196 -1 8421 1.3147 0 FAT
1474 197 -1 8090 1.3111 0 FAT
1474 198 -1 7616 1.3077 0 FAT
1474 199 -1 9056 1.3086 0 FAT
1474 200 -1 9249 1.3102 0 FAT
1474 201 -1 8853 1.3050 0 FAT
1474 202 -1 7896 1.3037 0 FAT
1474 203 -1 8421 1.3063 0 FAT
1474 204 -1 8781 1.3102 0 FAT
1474 205 -1 9027 1.3132 0 FAT
1474 206 -1 9434 1.3163 0 FAT
1474 207 -1 9547 1.3172 0 FAT
1474 208 -1 9547 1.3172 0 FAT
1474 209 -1 9547 1.3172 0 FAT
1474 210 -1 9547 1.3172 0 FAT
1474 211 -1 9947 1.3174 0 FAT
1474 212 -1 10092 1.3192 0 FAT
1474 213 -1 10135 1.3186 0 FAT
1474 214 -1 9859 1.3177 0 FAT
1474 215 -1 10219 1.3194 0 FAT
1474 216 -1 10245 1.3196 0 FAT
1474 217 -1 9996 1.3181 0 FAT
1474 218 -1 9343 1.3145 0 FAT
1474 219 -1 9343 1.3145 0 FAT
1474 220 -1 9343 1.3145 0 FAT
1474 221 -1 9143 1.3126 0 FAT
1474 222 -1 9436 1.3099 0 FAT
1474 223 -1 9323 1.3083 0 FAT
1474 224 -1 7122 1.3110 0 FAT
1474 225 -1 7122 1.3110 0 FAT
1474 226 -1 7525 1.3147 0 FAT
1474 227 -1 7754 1.3173 0 FAT
1474 228 -1 7754 1.3173 0 FAT
1474 229 -1 8048 1.3185 0 FAT
1474 230 -1 8323 1.3219 0 FAT
1474 231 -1 8534 1.3235 0 FAT
1474 232 -1 8651 1.3247 0 FAT
1474 233 -1 8651 1.3247 0 FAT
1474 234 -1 8651 1.3247 0 FAT
1474 235 -1 8651 1.3247 0 FAT
1474 236 -1 8651 1.3247 0 FAT
1474 237 -1 8651 1.3247 0 FAT
1474 238 -1 8651 1.3247 0 FAT
1474 239 -1 8651 1.3247 0 FAT
1474 240 -1 8651 1.3247 0 FAT
1474 241 -1 8651 1.3247 0 FAT
1474 242 -1 8651 1.3247 0 FAT
1474 243 -1 8651 1.3247 0 FAT
1474 244 -1 8651 1.3247 0 FAT
1474 245 -1 8651 1.3247 0 FAT
1474 246 -1 8651 1.3247 0 FAT
1474 247 -1 8651 1.3247 0 FAT
1474 248 -1 8651 1.3247 0 FAT
1474 249 -1 8651 1.3247 0 FAT
1474 250 -1 8651 1.3247 0 FAT
1474 251 -1 8651 1.3247 0 FAT
1474 252 -1 8651 1.3247 0 FAT
1474 253 -1 8651 1.3247 0 FAT
1474 254 -1 8651 1.3247 0 FAT
1474 255 -1 8651 1.3247 0 FAT
1474 256 -1 8651 1.3247 0 FAT
1474 257 -1 8651 1.3247 0 FAT
1474 258 -1 8651 1.3247 0 FAT
1474 259 -1 8651 1.3247 0 FAT
1474 260 -1 8651 1.3247 0 FAT
1474 261 -1 8651 1.3247 0 FAT
1474 262 -1 8651 1.3247 0 FAT
1474 263 -1 8651 1.3247 0 FAT
1474 264 -1 8651 1.3247 0 FAT
1474 265 -1 8651 1.3247 0 FAT
1474 266 -1 8651 1.3247 0 FAT
1474 267 -1 8651 1.3247 0 FAT
1474 268 -1 8651 1.3247 0 FAT
1474 269 -1 8651 1.3247 0 FAT
1474 270 -1 8651 1.3247 0 FAT
1474 271 -1 8651 1.3247 0 FAT
1474 272 -1 8651 1.3247 0 FAT
1474 273 -1 8646 1.3246 0 FAT
1474 274 -1 8349 1.3214 0 FAT
1474 275 -1 8147 1.3206 0 FAT
1474 276 -1 7940 1.3181 0 FAT
1474 277 -1 7674 1.3147 0 FAT
1474 278 -1 7452 1.3144 0 FAT
1474 279 -1 7430 1.3142 0 FAT
1474 280 -1 7149 1.3104 0 FAT
1474 281 -1 6914 1.3078 0 FAT
1474 282 -1 6522 1.3061 0 FAT
1474 283 -1 6182 1.3058 0 FAT
1474 284 -1 6182 1.3058 0 FAT
1474 285 -1 6182 1.3058 0 FAT
1474 286 -1 6182 1.3058 0 FAT
1474 287 -1 6182 1.3058 0 FAT
1474 288 -1 6182 1.3058 0 FAT
1474 289 -1 6182 1.3058 0 FAT
1474 290 -1 6182 1.3058 0 FAT
1474 291 -1 6182 1.3058 0 FAT
1474 292 -1 6009 1.3033 0 FAT
1474 293 -1 5669 1.3001 0 FAT
1474 294 -1 5669 1.3001 0 FAT
1474 295 -1 5532 1.2981 0 FAT
1474 296 -1 5301 1.2950 0 FAT
1474 297 -1 5092 1.2908 0 FAT
1474 298 -1 4858 1.2909 0 FAT
1474 299 -1 4858 1.2909 0 FAT
1474 300 -1 4858 1.2909 0 FAT
1474 301 -1 4662 1.2882 0 FAT
1474 302 -1 4382 1.2842 0 FAT
1474 303 -1 4240 1.2805 0 FAT
1474 304 -1 3954 1.2763 2 FAT
1474 305 -1 3809 1.2764 2 FAT
1474 306 -1 3809 1.2764 2 FAT
1474 307 -1 3510 1.2768 2 FAT
1474 308 -1 3510 1.2768 2 FAT
1474 309 -1 3510 1.2768 2 FAT
1474 310 -1 3510 1.2768 2 FAT
1474 311 -1 3510 1.2768 2 FAT
1474 312 -1 3510 1.2768 2 FAT
1474 313 -1 3510 1.2768 2 FAT
1474 314 -1 3510 1.2768 2 FAT
1474 315 -1 3510 1.2768 2 FAT
1474 316 -1 3510 1.2768 2 FAT
1474 317 -1 3510 1.2768 2 FAT
1474 318 -1 3510 1.2768 2 FAT
1474 319 -1 3510 1.2768 2 FAT
1474 320 -1 3441 1.2750 2 FAT
1474 321 -1 3239 1.2714 2 FAT
1474 322 -1 3143 1.2714 2 FAT
1474 323 -1 3143 1.2714 2 FAT
1474 324 -1 3041 1.2699 2 FAT
1474 325 -1 2877 1.2647 2 FAT
1474 326 -1 2777 1.2637 2 FAT
1474 327 -1 2518 1.2535 2 FAT
1474 328 -1 2424 1.2535 2 FAT
1474 329 -1 2318 1.2533 2 FAT
1474 330 -1 2318 1.2533 2 FAT
1474 331 -1 2318 1.2533 2 FAT
1474 332 -1 2275 1.2508 2 FAT
1474 333 -1 2197 1.2507 2 FAT
1474 334 -1 1957 1.2394 2 FAT
1474 335 -1 1886 1.2395 2 FAT
1474 336 -1 1741 1.2311 2 FAT
1474 337 -1 1548 1.2211 2 FAT
1474 338 -1 1466 1.2212 2 FAT
1474 339 -1 1369 1.2211 2 FAT
1474 340 -1 1369 1.2211 2 FAT
1474 341 -1 1369 1.2211 2 FAT
1474 342 -1 1369 1.2211 2 FAT
1474 343 -1 1369 1.2211 2 FAT
1474 344 -1 1192 1.2208 2 FAT
1474 345 -1 1192 1.2208 2 FAT
1474 346 -1 1192 1.2208 2 FAT
1474 347 -1 1192 1.2208 2 FAT
1474 348 -1 1192 1.2208 2 FAT
1474 349 -1 1192 1.2208 2 FAT
1474 350 -1 1192 1.2208 2 FAT
1474 351 -1 1192 1.2208 2 FAT
1474 352 -1 1192 1.2208 2 FAT
1474 353 -1 1192 1.2208 2 FAT
1474 354 -1 1192 1.2208 2 FAT
1474 355 -1 1192 1.2208 2 FAT
1474 356 -1 1192 1.2208 2 FAT
1474 357 -1 1192 1.2208 2 FAT
1474 358 -1 1192 1.2208 2 FAT
1474 359 -1 1192 1.2208 2 FAT
1474 360 -1 1192 1.2208 2 FAT
1474 361 -1 1192 1.2208 2 FAT
1474 362 -1 1192 1.2208 2 FAT
1474 363 -1 870 1.2207 2 FAT
1474 364 -1 870 1.2207 2 FAT
1474 365 -1 870 1.2207 2 FAT
1474 366 -1 870 1.2207 2 FAT
1474 367 -1 870 1.2207 2 FAT
1474 368 -1 870 1.2207 2 FAT
1474 369 -1 1455 1.2206 2 FAT
1474 370 -1 1455 1.2206 2 FAT
1474 371 -1 1455 1.2206 2 FAT
1474 372 -1 1455 1.2206 2 FAT
1474 373 -1 1455 1.2206 2 FAT
1474 374 -1 1455 1.2206 2 FAT
1474 375 -1 1455 1.2206 2 FAT
1474 376 -1 1455 1.2206 2 FAT
1474 377 -1 1455 1.2206 2 FAT
1474 378 -1 1455 1.2206 2 FAT
1474 379 -1 1455 1.2206 2 FAT
1474 380 -1 1455 1.2206 2 FAT
1474 381 -1 1455 1.2206 2 FAT
1474 382 -1 1455 1.2206 2 FAT
1474 383 -1 1455 1.2206 2 FAT
1474 384 -1 1455 1.2206 2 FAT
1474 385 -1 1455 1.2206 2 FAT
1474 386 -1 1455 1.2206 2 FAT
1474 387 -1 1455 1.2206 2 FAT
1474 388 -1 1718 1.2204 2 FAT
1474 389 -1 1718 1.2204 2 FAT
1474 390 -1 1718 1.2204 2 FAT
1474 391 -1 2033 1.2290 2 FAT
1474 392 -1 2288 1.2385 2 FAT
1474 393 -1 2288 1.2385 2 FAT
1474 394 -1 2639 1.2478 2 FAT
1474 395 -1 2813 1.2544 2 FAT
1474 396 -1 2899 1.2550 2 FAT
1474 397 -1 3031 1.2547 2 FAT
1474 398 -1 3109 1.2578 2 FAT
1474 399 -1 3109 1.2578 2 FAT
1474 400 -1 3109 1.2578 2 FAT
1474 401 -1 3109 1.2578 2 FAT
1474 402 -1 3109 1.2578 2 FAT
1474 403 -1 3319 1.2578 2 FAT
1474 404 -1 3607 1.2634 2 FAT
1474 405 -1 3891 1.2701 2 FAT
1474 406 -1 4012 1.2716 2 FAT
1474 407 -1 4012 1.2716 2 FAT
1474 408 -1 4405 1.2772 0 FAT
1474 409 -1 4666 1.2818 0 FAT
1474 410 -1 4798 1.2841 0 FAT
1474 411 -1 4976 1.2864 0 FAT
1474 412 -1 4976 1.2864 0 FAT
1474 413 -1 5137 1.2869 0 FAT
1474 414 -1 5456 1.2918 0 FAT
1474 415 -1 5456 1.2918 0 FAT
1474 416 -1 5456 1.2918 0 FAT
1474 417 -1 5456 1.2918 0 FAT
1474 418 -1 5456 1.2918 0 FAT
1474 419 -1 5456 1.2918 0 FAT
1474 420 -1 5456 1.2918 0 FAT
1474 421 -1 5456 1.2918 0 FAT
1474 422 -1 5456 1.2918 0 FAT
1474 423 -1 5981 1.2920 0 FAT
1474 424 -1 6299 1.2965 0 FAT
1474 425 -1 6678 1.3009 0 FAT
1474 426 -1 6911 1.3032 0 FAT
1474 427 -1 6977 1.3043 0 FAT
1474 428 -1 6977 1.3043 0 FAT
1474 429 -1 6977 1.3043 0 FAT
1474 430 -1 6977 1.3043 0 FAT
1474 431 -1 6977 1.3043 0 FAT
1474 432 -1 6977 1.3043 0 FAT
1474 433 -1 6977 1.3043 0 FAT
1474 434 -1 6977 1.3043 0 FAT
1474 435 -1 6977 1.3043 0 FAT
1474 436 -1 6977 1.3043 0 FAT
1474 437 -1 6977 1.3043 0 FAT
1474 438 -1 6977 1.3043 0 FAT
1474 439 -1 6977 1.3043 0 FAT
1474 440 -1 6977 1.3043 0 FAT
1474 441 -1 6977 1.3043 0 FAT
1474 442 -1 6977 1.3043 0 FAT
1474 443 -1 6977 1.3043 0 FAT
1474 444 -1 6642 1.2992 0 FAT
1474 445 -1 6408 1.2970 0 FAT
1474 446 -1 6095 1.2934 0 FAT
1474 447 -1 5871 1.2917 0 FAT
1474 448 -1 5630 1.2882 0 FAT
1474 449 -1 5355 1.2883 0 FAT
1474 450 -1 5355 1.2883 0 FAT
1474 451 -1 5355 1.2883 0 FAT
1474 452 -1 5272 1.2863 0 FAT
1474 453 -1 4986 1.2824 0 FAT
1474 454 -1 4778 1.2807 0 FAT
1474 455 -1 4552 1.2767 0 FAT
1474 456 -1 4223 1.2699 0 FAT
1474 457 -1 3957 1.2667 2 FAT
1474 458 -1 5264 1.2689 0 FAT
1474 459 -1 5136 1.2657 0 FAT
1474 460 -1 4637 1.2644 0 FAT
1474 461 -1 5114 1.2715 0 FAT
1474 462 -1 5502 1.2790 0 FAT
1474 463 -1 5780 1.2812 0 FAT
1474 464 -1 5988 1.2850 0 FAT
1474 465 -1 5988 1.2850 0 FAT
1474 466 -1 5614 1.2784 0 FAT
1474 467 -1 5716 1.2799 0 FAT
1474 468 -1 5980 1.2830 0 FAT
1474 469 -1 5789 1.2794 0 FAT
1474 470 -1 4705 1.2774 0 FAT
1474 471 -1 4705 1.2774 0 FAT
1474 472 -1 4705 1.2774 0 FAT
1474 473 -1 4705 1.2774 0 FAT
1474 474 -1 4705 1.2774 0 FAT
1474 475 -1 4705 1.2774 0 FAT
1474 476 -1 4705 1.2774 0 FAT
1474 477 -1 5314 1.2786 0 FAT
1474 478 -1 5674 1.2854 0 FAT
1474 479 -1 5905 1.2879 0 FAT
1474 480 -1 6034 1.2894 0 FAT
1474 481 -1 6034 1.2894 0 FAT
1474 482 -1 6413 1.2916 0 FAT
1474 483 -1 6618 1.2944 0 FAT
1474 484 -1 7045 1.2992 0 FAT
1474 485 -1 7331 1.3024 0 FAT
1474 486 -1 7556 1.3034 0 FAT
1474 487 -1 7885 1.3072 0 FAT
1474 488 -1 7885 1.3072 0 FAT
1474 489 -1 7885 1.3072 0 FAT
1474 490 -1 7657 1.3049 0 FAT
1474 491 -1 7822 1.3028 0 FAT
1474 492 -1 7694 1.3029 0 FAT
1474 493 -1 7947 1.3043 0 FAT
1474 494 -1 7990 1.3052 0 FAT
1474 495 -1 7860 1.3030 0 FAT
1474 496 -1 7308 1.3025 0 FAT
1474 497 -1 7308 1.3025 0 FAT
1474 498 -1 7308 1.3025 0 FAT
1474 499 -1 7308 1.3025 0 FAT
1474 500 -1 7308 1.3025 0 FAT
1474 501 -1 7217 1.3005 0 FAT
1474 502 -1 6911 1.2977 0 FAT
1474 503 -1 6608 1.2956 0 FAT
1474 504 -1 6591 1.2951 0 FAT
1474 505 -1 6293 1.2912 0 FAT
1474 506 -1 5823 1.2856 0 FAT
1474 507 -1 5676 1.2834 0 FAT
1474 508 -1 6273 1.2834 0 FAT
1474 509 -1 6390 1.2855 0 FAT
1474 510 -1 6758 1.2882 0 FAT
1474 511 -1 6624 1.2884 0 FAT
1474 512 -1 6298 1.2830 0 FAT
1474 513 -1 5458 1.2797 0 FAT
1474 514 -1 5458 1.2797 0 FAT
1474 515 -1 6002 1.2828 0 FAT
1474 516 -1 6127 1.2853 0 FAT
1474 517 -1 6528 1.2887 0 FAT
1474 518 -1 6789 1.2934 0 FAT
1474 519 -1 7131 1.2976 0 FAT
1474 520 -1 7131 1.2976 0 FAT
1474 521 -1 7526 1.3004 0 FAT
1474 522 -1 7698 1.3027 0 FAT
1474 523 -1 7498 1.3008 0 FAT
1474 524 -1 7124 1.2994 0 FAT
1474 525 -1 7124 1.2994 0 FAT
1474 526 -1 6989 1.2981 0 FAT
1474 527 -1 6742 1.2960 0 FAT
1474 528 -1 6353 1.2907 0 FAT
1474 529 -1 6010 1.2871 0 FAT
1474 530 -1 5837 1.2851 0 FAT
1474 531 -1 5176 1.2782 0 FAT
1474 532 -1 4274 1.2784 0 FAT
1474 533 -1 4274 1.2784 0 FAT
1474 534 -1 4274 1.2784 0 FAT
1474 535 -1 4274 1.2784 0 FAT
1474 536 -1 4274 1.2784 0 FAT
1474 537 -1 4274 1.2784 0 FAT
1474 538 -1 4274 1.2784 0 FAT
1474 539 -1 4274 1.2784 0 FAT
1474 540 -1 4274 1.2784 0 FAT
1474 541 -1 4274 1.2784 0 FAT
1474 542 -1 4274 1.2784 0 FAT
1474 543 -1 4274 1.2784 0 FAT
1474 544 -1 4274 1.2784 0 FAT
1474 545 -1 4274 1.2784 0 FAT
1474 546 -1 4274 1.2784 0 FAT
1474 547 -1 4274 1.2784 0 FAT
1474 548 -1 4274 1.2784 0 FAT
1474 549 -1 4274 1.2784 0 FAT
1474 550 -1 4274 1.2784 0 FAT
1474 551 -1 4274 1.2784 0 FAT
1474 552 -1 4274 1.2784 0 FAT
1474 553 -1 4274 1.2784 0 FAT
1474 554 -1 4274 1.2784 0 FAT
1474 555 -1 4274 1.2784 0 FAT
1474 556 -1 4274 1.2784 0 FAT
1474 557 -1 4274 1.2784 0 FAT
1474 558 -1 4274 1.2784 0 FAT
1474 559 -1 4274 1.2784 0 FAT
1474 560 -1 4274 1.2784 0 FAT
1474 561 -1 4274 1.2784 0 FAT
1474 562 -1 4274 1.2784 0 FAT
1474 563 -1 4274 1.2784 0 FAT
1474 564 -1 4076 1.2756 2 FAT
1474 565 -1 3767 1.2692 2 FAT
1474 566 -1 3510 1.2646 2 FAT
1474 567 -1 3205 1.2650 2 FAT
1474 568 -1 3205 1.2650 2 FAT
1474 569 -1 3205 1.2650 2 FAT
1474 570 -1 3205 1.2650 2 FAT
1474 571 -1 3205 1.2650 2 FAT
1474 572 -1 4471 1.2650 0 FAT
1474 573 -1 4948 1.2728 0 FAT
1474 574 -1 5301 1.2778 0 FAT
1474 575 -1 5530 1.2823 0 FAT
1474 576 -1 5214 1.2764 0 FAT
1474 577 -1 5221 1.2781 0 FAT
1474 578 -1 5221 1.2781 0 FAT
1474 579 -1 4986 1.2755 0 FAT
1474 580 -1 4888 1.2742 0 FAT
1474 581 -1 4478 1.2646 0 FAT
1474 582 -1 4184 1.2607 0 FAT
1474 583 -1 3984 1.2566 2 FAT
1474 584 -1 3621 1.2466 2 FAT
1474 585 -1 3278 1.2443 2 FAT
1474 586 -1 3278 1.2443 2 FAT
1474 587 -1 3278 1.2443 2 FAT
1474 588 -1 3278 1.2443 2 FAT
1474 589 -1 3033 1.2403 2 FAT
1474 590 -1 3561 1.2389 2 FAT
1474 591 -1 3377 1.2307 2 FAT
1474 592 -1 2791 1.2133 2 FAT
1474 593 -1 2791 1.2133 2 FAT
1474 594 -1 2630 1.2086 2 FAT
1474 595 -1 2357 1.2084 2 FAT
1474 596 -1 2527 1.2123 2 FAT
1474 597 -1 2946 1.2309 2 FAT
1474 598 -1 3341 1.2427 2 FAT
1474 599 -1 3394 1.2446 2 FAT
1474 600 -1 3621 1.2466 2 FAT
1474 601 -1 3952 1.2551 2 FAT
1474 602 -1 4196 1.2613 0 FAT
1474 603 -1 4510 1.2661 0 FAT
1474 604 -1 4510 1.2661 0 FAT
1474 605 -1 4510 1.2661 0 FAT
1474 606 -1 4510 1.2661 0 FAT
1474 607 -1 4510 1.2661 0 FAT
1474 608 -1 4038 1.2619 2 FAT
1474 609 -1 4522 1.2640 0 FAT
1474 610 -1 4522 1.2640 0 FAT
1474 611 -1 4969 1.2676 0 FAT
1474 612 -1 5136 1.2747 0 FAT
1474 613 -1 5344 1.2771 0 FAT
1474 614 -1 5257 1.2762 0 FAT
1474 615 -1 4966 1.2705 0 FAT
1474 616 -1 4651 1.2676 0 FAT
1474 617 -1 4943 1.2684 0 FAT
1474 618 -1 5070 1.2704 0 FAT
1474 619 -1 5025 1.2715 0 FAT
1474 620 -1 4765 1.2659 0 FAT
1474 621 -1 2379 1.2638 2 FAT
1474 622 -1 2379 1.2638 2 FAT
1474 623 -1 2379 1.2638 2 FAT
1474 624 -1 2379 1.2638 2 FAT
1474 625 -1 2379 1.2638 2 FAT
1474 626 -1 2379 1.2638 2 FAT
1474 627 -1 2379 1.2638 2 FAT
1474 628 -1 2379 1.2638 2 FAT
1474 629 -1 2379 1.2638 2 FAT
1474 630 -1 2379 1.2638 2 FAT
1474 631 -1 2379 1.2638 2 FAT
1474 632 -1 2379 1.2638 2 FAT
1474 633 -1 2379 1.2638 2 FAT
1474 634 -1 2379 1.2638 2 FAT
1474 635 -1 2379 1.2638 2 FAT
1474 636 -1 2379 1.2638 2 FAT
1474 637 -1 2379 1.2638 2 FAT
1474 638 -1 2379 1.2638 2 FAT
1474 639 -1 2379 1.2638 2 FAT
1474 640 -1 2669 1.2638 2 FAT
1474 641 -1 2669 1.2638 2 FAT
1474 642 -1 2669 1.2638 2 FAT
1474 643 -1 2669 1.2638 2 FAT
1474 644 -1 2669 1.2638 2 FAT
1474 645 -1 2813 1.2639 2 FAT
1474 646 -1 2919 1.2639 2 FAT
1474 647 -1 3157 1.2718 2 FAT
1474 648 -1 3241 1.2720 2 FAT
1474 649 -1 3457 1.2776 2 FAT
1474 650 -1 3527 1.2797 2 FAT
1474 651 -1 3527 1.2797 2 FAT
1474 652 -1 3628 1.2797 2 FAT
1474 653 -1 3803 1.2829 2 FAT
1474 654 -1 4009 1.2873 2 FAT
1474 655 -1 4036 1.2878 2 FAT
1474 656 -1 4258 1.2902 0 FAT
1474 657 -1 4417 1.2928 0 FAT
1474 658 -1 4472 1.2941 0 FAT
1474 659 -1 4472 1.2941 0 FAT
1474 660 -1 4472 1.2941 0 FAT
1474 661 -1 4472 1.2941 0 FAT
1474 662 -1 4472 1.2941 0 FAT
1474 663 -1 4472 1.2941 0 FAT
1474 664 -1 4472 1.2941 0 FAT
1474 665 -1 4472 1.2941 0 FAT
1474 666 -1 4734 1.2941 0 FAT
1474 667 -1 4734 1.2941 0 FAT
1474 668 -1 4855 1.2940 0 FAT
1474 669 -1 5084 1.2974 0 FAT
1474 670 -1 5312 1.3009 0 FAT
1474 671 -1 5387 1.3008 0 FAT
1474 672 -1 5627 1.3045 0 FAT
1474 673 -1 5820 1.3065 0 FAT
1474 674 -1 5928 1.3085 0 FAT
1474 675 -1 5928 1.3085 0 FAT
1474 676 -1 5928 1.3085 0 FAT
1474 677 -1 5928 1.3085 0 FAT
1474 678 -1 6188 1.3085 0 FAT
1474 679 -1 6437 1.3118 0 FAT
1474 680 -1 6661 1.3138 0 FAT
1474 681 -1 6780 1.3159 0 FAT
1474 682 -1 6780 1.3159 0 FAT
1474 683 -1 7065 1.3176 0 FAT
1474 684 -1 7243 1.3199 0 FAT
1474 685 -1 7487 1.3221 0 FAT
1474 686 -1 7739 1.3247 0 FAT
1474 687 -1 7739 1.3247 0 FAT
1474 688 -1 7739 1.3247 0 FAT
1474 689 -1 7739 1.3247 0 FAT
1474 690 -1 7739 1.3247 0 FAT
1474 691 -1 7739 1.3247 0 FAT
1474 692 -1 7739 1.3247 0 FAT
1474 693 -1 7739 1.3247 0 FAT
1474 694 -1 7739 1.3247 0 FAT
1474 695 -1 7739 1.3247 0 FAT
1474 696 -1 7739 1.3247 0 FAT
1474 697 -1 7739 1.3247 0 FAT
1474 698 -1 7739 1.3247 0 FAT
1474 699 -1 7739 1.3247 0 FAT
1474 700 -1 7739 1.3247 0 FAT
1474 701 -1 7739 1.3247 0 FAT
1474 702 -1 7739 1.3247 0 FAT
1474 703 -1 7739 1.3247 0 FAT
1474 704 -1 7739 1.3247 0 FAT
1474 705 -1 7739 1.3247 0 FAT
1474 706 -1 7739 1.3247 0 FAT
1474 707 -1 7739 1.3247 0 FAT
1474 708 -1 7739 1.3247 0 FAT
1474 709 -1 7739 1.3247 0 FAT
1474 710 -1 7739 1.3247 0 FAT
1474 711 -1 7739 1.3247 0 FAT
1474 712 -1 7739 1.3247 0 FAT
1474 713 -1 7739 1.3247 0 FAT
1474 714 -1 7739 1.3247 0 FAT
1474 715 -1 7739 1.3247 0 FAT
1474 716 -1 7739 1.3247 0 FAT
1474 717 -1 7739 1.3247 0 FAT
1474 718 -1 7739 1.3247 0 FAT
1474 719 -1 7739 1.3247 0 FAT
1474 720 -1 7739 1.3247 0 FAT
1474 721 -1 7739 1.3247 0 FAT
1474 722 -1 7739 1.3247 0 FAT
1474 723 -1 7739 1.3247 0 FAT
1474 724 -1 7739 1.3247 0 FAT
1474 725 -1 7739 1.3247 0 FAT
1474 726 -1 7739 1.3247 0 FAT
1474 727 -1 7739 1.3247 0 FAT
1474 728 -1 7739 1.3247 0 FAT
1474 729 -1 7739 1.3247 0 FAT
1474 730 -1 7739 1.3247 0 FAT
1474 731 -1 7739 1.3247 0 FAT
1474 732 -1 7739 1.3247 0 FAT
1474 733 -1 7739 1.3247 0 FAT
1474 734 -1 7739 1.3247 0 FAT
1474 735 -1 7739 1.3247 0 FAT
1474 736 -1 7739 1.3247 0 FAT
1474 737 -1 7739 1.3247 0 FAT
1474 738 -1 7739 1.3247 0 FAT
1474 739 -1 7739 1.3247 0 FAT
1474 740 -1 7739 1.3247 0 FAT
1474 741 -1 7739 1.3247 0 FAT
1474 742 -1 7739 1.3247 0 FAT
1474 743 -1 7739 1.3247 0 FAT
1474 744 -1 7739 1.3247 0 FAT
1474 745 -1 7739 1.3247 0 FAT
1474 746 -1 7739 1.3247 0 FAT
1474 747 -1 7739 1.3247 0 FAT
1474 748 -1 7739 1.3247 0 FAT
1474 749 -1 7739 1.3247 0 FAT
1474 750 -1 7739 1.3247 0 FAT
1474 751 -1 7739 1.3247 0 FAT
1474 752 -1 7739 1.3247 0 FAT
1474 753 -1 7739 1.3247 0 FAT
1474 754 -1 7739 1.3247 0 FAT
1474 755 -1 7739 1.3247 0 FAT
1474 756 -1 7739 1.3247 0 FAT
1474 757 -1 7739 1.3247 0 FAT
1474 758 -1 7705 1.3241 0 FAT
1474 759 -1 7446 1.3215 0 FAT
1474 760 -1 7206 1.3199 0 FAT
1474 761 -1 7152 1.3189 0 FAT
1474 762 -1 6937 1.3171 0 FAT
1474 763 -1 6713 1.3137 0 FAT
1474 764 -1 6477 1.3128 0 FAT
1474 765 -1 6337 1.3130 0 FAT
1474 766 -1 6337 1.3130 0 FAT
1474 767 -1 6337 1.3130 0 FAT
1474 768 -1 6274 1.3122 0 FAT
1474 769 -1 6105 1.3104 0 FAT
1474 770 -1 5873 1.3067 0 FAT
1474 771 -1 5664 1.3057 0 FAT
1474 772 -1 5664 1.3057 0 FAT
1474 773 -1 5473 1.3025 0 FAT
1474 774 -1 5319 1.3012 0 FAT
1474 775 -1 5125 1.2977 0 FAT
1474 776 -1 4825 1.2942 0 FAT
1474 777 -1 4734 1.2941 0 FAT
1474 778 -1 4582 1.2940 0 FAT
1474 779 -1 4582 1.2940 0 FAT
1474 780 -1 4328 1.2940 0 FAT
1474 781 -1 4328 1.2940 0 FAT
1474 782 -1 4328 1.2940 0 FAT
1474 783 -1 4328 1.2940 0 FAT
1474 784 -1 4328 1.2940 0 FAT
1474 785 -1 4328 1.2940 0 FAT
1474 786 -1 4328 1.2940 0 FAT
1474 787 -1 4328 1.2940 0 FAT
1474 788 -1 4328 1.2940 0 FAT
1474 789 -1 4328 1.2940 0 FAT
1474 790 -1 4328 1.2940 0 FAT
1474 791 -1 4328 1.2940 0 FAT
1474 792 -1 4328 1.2940 0 FAT
1474 793 -1 4217 1.2919 0 FAT
1474 794 -1 4011 1.2884 2 FAT
1474 795 -1 3950 1.2883 2 FAT
1474 796 -1 3874 1.2869 2 FAT
1474 797 -1 3671 1.2830 2 FAT
1474 798 -1 3557 1.2797 2 FAT
1474 799 -1 3379 1.2757 2 FAT
1474 800 -1 3183 1.2747 2 FAT
1474 801 -1 3183 1.2747 2 FAT
1474 802 -1 3069 1.2745 2 FAT
1474 803 -1 3069 1.2745 2 FAT
1474 804 -1 3069 1.2745 2 FAT
1474 805 -1 3069 1.2745 2 FAT
1474 806 -1 3069 1.2745 2 FAT
1474 807 -1 3002 1.2716 2 FAT
1474 808 -1 2934 1.2719 2 FAT
1474 809 -1 2738 1.2663 2 FAT
1474 810 -1 2549 1.2623 2 FAT
1474 811 -1 2489 1.2624 2 FAT
1474 812 -1 2489 1.2624 2 FAT
1474 813 -1 2466 1.2611 2 FAT
1474 814 -1 2300 1.2563 2 FAT
1474 815 -1 2187 1.2545 2 FAT
1474 816 -1 2117 1.2523 2 FAT
1474 817 -1 1975 1.2467 2 FAT
1474 818 -1 1767 1.2367 2 FAT
1474 819 -1 1701 1.2365 2 FAT
1474 820 -1 1640 1.2364 2 FAT
1474 821 -1 1640 1.2364 2 FAT
1474 822 -1 1547 1.2364 2 FAT
1474 823 -1 1547 1.2364 2 FAT
1474 824 -1 1547 1.2364 2 FAT
1474 825 -1 1547 1.2364 2 FAT
1474 826 -1 1405 1.2366 2 FAT
1474 827 -1 1405 1.2366 2 FAT
1474 828 -1 1405 1.2366 2 FAT
1474 829 -1 1405 1.2366 2 FAT
1474 830 -1 1405 1.2366 2 FAT
1474 831 -1 1405 1.2366 2 FAT
1474 832 -1 1405 1.2366 2 FAT
1474 833 -1 1405 1.2366 2 FAT
1474 834 -1 1405 1.2366 2 FAT
1474 835 -1 1405 1.2366 2 FAT
1474 836 -1 1405 1.2366 2 FAT
1474 837 -1 1405 1.2366 2 FAT
1474 838 -1 1188 1.2367 2 FAT
1474 839 -1 1188 1.2367 2 FAT
1474 840 -1 1188 1.2367 2 FAT
1474 841 -1 1188 1.2367 2 FAT
1474 842 -1 1188 1.2367 2 FAT
1474 843 -1 1188 1.2367 2 FAT
1474 844 -1 1188 1.2367 2 FAT
1474 845 -1 1188 1.2367 2 FAT
1474 846 -1 1188 1.2367 2 FAT
1474 847 -1 1188 1.2367 2 FAT
1474 848 -1 1188 1.2367 2 FAT
1474 849 -1 1188 1.2367 2 FAT
1474 850 -1 1188 1.2367 2 FAT
1474 851 -1 1188 1.2367 2 FAT
1474 852 -1 1188 1.2367 2 FAT
1474 853 -1 1188 1.2367 2 FAT
1474 854 -1 1188 1.2367 2 FAT
1474 855 -1 1188 1.2367 2 FAT
1474 856 -1 1188 1.2367 2 FAT
1474 857 -1 1188 1.2367 2 FAT
1474 858 -1 1188 1.2367 2 FAT
1474 859 -1 1188 1.2367 2 FAT
1474 860 -1 1188 1.2367 2 FAT
1474 861 -1 1188 1.2367 2 FAT
1474 862 -1 1188 1.2367 2 FAT
1474 863 -1 1188 1.2367 2 FAT
1474 864 -1 1188 1.2367 2 FAT
1474 865 -1 1188 1.2367 2 FAT
1474 866 -1 1188 1.2367 2 FAT
1474 867 -1 1188 1.2367 2 FAT
1474 868 -1 1188 1.2367 2 FAT
1474 869 -1 1188 1.2367 2 FAT
1474 870 -1 1188 1.2367 2 FAT
1474 871 -1 1188 1.2367 2 FAT
1474 872 -1 1188 1.2367 2 FAT
1474 873 -1 1188 1.2367 2 FAT
1474 874 -1 1188 1.2367 2 FAT
1474 875 -1 1188 1.2367 2 FAT
1474 876 -1 1188 1.2367 2 FAT
1474 877 -1 1188 1.2367 2 FAT
1474 878 -1 1188 1.2367 2 FAT
1474 879 -1 1188 1.2367 2 FAT
1474 880 -1 1188 1.2367 2 FAT
1474 881 -1 1188 1.2367 2 FAT
1474 882 -1 1188 1.2367 2 FAT
1474 883 -1 1188 1.2367 2 FAT
1474 884 -1 1188 1.2367 2 FAT
1474 885 -1 1188 1.2367 2 FAT
1474 886 -1 1188 1.2367 2 FAT
1474 887 -1 1188 1.2367 2 FAT
1474 888 -1 1094 1.2300 2 FAT
1474 889 -1 993 1.2242 2 FAT
1474 890 -1 972 1.2240 2 FAT
1474 891 -1 942 1.2241 2 FAT
1474 892 -1 942 1.2241 2 FAT
1474 893 -1 881 1.2179 2 FAT
1474 894 -1 807 1.2149 2 FAT
1474 895 -1 792 1.2143 2 FAT
1474 896 -1 721 1.2080 2 FAT
1474 897 -1 598 1.1905 2 FAT
1474 898 -1 557 1.1912 2 FAT
1474 899 -1 557 1.1912 2 FAT
1474 900 -1 530 1.1907 2 FAT
1474 901 -1 530 1.1907 2 FAT
1474 902 -1 530 1.1907 2 FAT
1474 903 -1 492 1.1903 2 FAT
1474 904 -1 492 1.1903 2 FAT
1474 905 -1 492 1.1903 2 FAT
1474 906 -1 492 1.1903 2 FAT
1474 907 -1 492 1.1903 2 FAT
1474 908 -1 492 1.1903 2 FAT
1474 909 -1 492 1.1903 2 FAT
1474 910 -1 438 1.1903 2 FAT
1474 911 -1 438 1.1903 2 FAT
1474 912 -1 438 1.1903 2 FAT
1474 913 -1 438 1.1903 2 FAT
1474 914 -1 438 1.1903 2 FAT
1474 915 -1 438 1.1903 2 FAT
1474 916 -1 438 1.1903 2 FAT
1474 917 -1 438 1.1903 2 FAT
1474 918 -1 438 1.1903 2 FAT
1474 919 -1 438 1.1903 2 FAT
1474 920 -1 438 1.1903 2 FAT
1474 921 -1 438 1.1903 2 FAT
1474 922 -1 438 1.1903 2 FAT
1474 923 -1 438 1.1903 2 FAT
1474 924 -1 438 1.1903 2 FAT
1474 925 -1 438 1.1903 2 FAT
1474 926 -1 438 1.1903 2 FAT
1474 927 -1 438 1.1903 2 FAT
1474 928 -1 438 1.1903 2 FAT
1474 929 -1 438 1.1903 2 FAT
1474 930 -1 438 1.1903 2 FAT
1474 931 -1 390 1.1820 2 FAT
1474 932 -1 302 1.1615 2 FAT
1474 933 -1 281 1.1589 2 FAT
1474 934 -1 270 1.1597 2 FAT
1474 935 -1 255 1.1612 2 FAT
1474 936 -1 255 1.1612 2 FAT
1474 937 -1 255 1.1612 2 FAT
1474 938 -1 255 1.1612 2 FAT
1474 939 -1 234 1.1621 2 FAT
1474 940 -1 234 1.1621 2 FAT
1474 941 -1 234 1.1621 2 FAT
1474 942 -1 234 1.1621 2 FAT
1474 943 -1 234 1.1621 2 FAT
1474 944 -1 234 1.1621 2 FAT
1474 945 -1 234 1.1621 2 FAT
1474 946 -1 234 1.1621 2 FAT
1474 947 -1 908 1.1683 2 FAT
1474 948 -1 801 1.1518 2 FAT
1474 949 -1 681 1.1464 2 FAT
1474 950 -1 681 1.1464 2 FAT
1474 951 -1 825 1.1698 2 FAT
1474 952 -1 1021 1.1833 2 FAT
1474 953 -1 1422 1.2178 2 FAT
1474 954 -1 1540 1.2157 2 FAT
1474 955 -1 1441 1.2044 2 FAT
1474 956 -1 1232 1.2062 2 FAT
1474 957 -1 1232 1.2062 2 FAT
1474 958 -1 1259 1.2032 2 FAT
1474 959 -1 1100 1.1954 2 FAT
1474 960 -1 746 1.1545 2 FAT
1474 961 -1 422 1.1113 2 FAT
1474 962 -1 422 1.1113 2 FAT
1474 963 -1 281 1.0842 2 FAT
1474 964 -1 548 1.1245 2 FAT
1474 965 -1 318 1.0945 2 FAT
1474 966 -1 318 1.0945 2 FAT
1474 967 -1 318 1.0945 2 FAT
1474 968 -1 318 1.0945 2 FAT
1474 969 -1 318 1.0945 2 FAT
1474 970 -1 318 1.0945 2 FAT
1474 971 -1 192 1.0491 2 FAT
1474 972 -1 112 1.0410 2 FAT
1474 973 -1 112 1.0410 2 FAT
1474 974 -1 112 1.0410 2 FAT
1474 975 -1 112 1.0410 2 FAT
1474 976 -1 112 1.0410 2 FAT
1474 977 -1 192 1.0491 2 FAT
1474 978 -1 282 1.0848 2 FAT
1474 979 -1 416 1.1137 2 FAT
1474 980 -1 416 1.1137 2 FAT
1474 981 -1 416 1.1137 2 FAT
1474 982 -1 416 1.1137 2 FAT
1474 983 -1 416 1.1137 2 FAT
1474 984 -1 416 1.1137 2 FAT
1474 985 -1 301 1.0915 2 FAT
1474 986 -1 156 1.0447 2 FAT
1474 987 -1 87 1.0394 2 FAT
1474 988 -1 87 1.0394 2 FAT
1474 989 -1 87 1.0394 2 FAT
1474 990 -1 87 1.0394 2 FAT
1474 991 -1 87 1.0394 2 FAT
1474 992 -1 87 1.0394 2 FAT
1474 993 -1 87 1.0394 2 FAT
1474 994 -1 87 1.0394 2 FAT
1474 995 -1 87 1.0394 2 FAT
1474 996 -1 87 1.0394 2 FAT
1474 997 -1 87 1.0394 2 FAT
1474 998 -1 87 1.0394 2 FAT
1474 999 -1 87 1.0394 2 FAT
1474 1000 -1 87 1.0394 2 FAT
1474 1001 -1 87 1.0394 2 FAT
1474 1002 -1 87 1.0394 2 FAT
1474 1003 -1 87 1.0394 2 FAT
1474 1004 -1 87 1.0394 2 FAT
1474 1005 -1 87 1.0394 2 FAT
1474 1006 -1 87 1.0394 2 FAT
1474 1007 -1 87 1.0394 2 FAT
1474 1008 -1 87 1.0394 2 FAT
1474 1009 -1 87 1.0394 2 FAT
1474 1010 -1 156 1.0447 2 FAT
1474 1011 -1 358 1.1037 2 FAT
1474 1012 -1 358 1.1037 2 FAT
1474 1013 -1 358 1.1037 2 FAT
1474 1014 -1 358 1.1037 2 FAT
1474 1015 -1 358 1.1037 2 FAT
1474 1016 -1 358 1.1037 2 FAT
1474 1017 -1 589 1.1313 2 FAT
1474 1018 -1 478 1.1126 2 FAT
1474 1019 -1 445 1.1195 2 FAT
1474 1020 -1 445 1.1195 2 FAT
1474 1021 -1 445 1.1195 2 FAT
1474 1022 -1 445 1.1195 2 FAT
1474 1023 -1 445 1.1195 2 FAT
1474 1024 -1 445 1.1195 2 FAT
1474 1025 -1 340 1.1028 2 FAT
1474 1026 -1 112 1.0410 2 FAT
1474 1027 -1 112 1.0410 2 FAT
1474 1028 -1 60 1.0379 2 FAT
1474 1029 -1 60 1.0379 2 FAT
1474 1030 -1 60 1.0379 2 FAT
1474 1031 -1 60 1.0379 2 FAT
1474 1032 -1 60 1.0379 2 FAT
1474 1033 -1 60 1.0379 2 FAT
1474 1034 -1 60 1.0379 2 FAT
1474 1035 -1 60 1.0379 2 FAT
1474 1036 -1 60 1.0379 2 FAT
1474 1037 -1 60 1.0379 2 FAT
1474 1038 -1 60 1.0379 2 FAT
1474 1039 -1 60 1.0379 2 FAT
1474 1040 -1 60 1.0379 2 FAT
1474 1041 -1 60 1.0379 2 FAT
1474 1042 -1 60 1.0379 2 FAT
1474 1043 -1 60 1.0379 2 FAT
1474 1044 -1 60 1.0379 2 FAT
1474 1045 -1 60 1.0379 2 FAT
1474 1046 -1 60 1.0379 2 FAT
1474 1047 -1 60 1.0379 2 FAT
1474 1048 -1 60 1.0379 2 FAT
1474 1049 -1 60 1.0379 2 FAT
1474 1050 -1 60 1.0379 2 FAT
1474 1051 -1 60 1.0379 2 FAT
1474 1052 -1 60 1.0379 2 FAT
1474 1053 -1 60 1.0379 2 FAT
1474 1054 -1 60 1.0379 2 FAT
1474 1055 -1 60 1.0379 2 FAT
1474 1056 -1 60 1.0379 2 FAT
1474 1057 -1 60 1.0379 2 FAT
1474 1058 -1 60 1.0379 2 FAT
1474 1059 -1 60 1.0379 2 FAT
1474 1060 -1 60 1.0379 2 FAT
1474 1061 -1 60 1.0379 2 FAT
1474 1062 -1 60 1.0379 2 FAT
1474 1063 -1 60 1.0379 2 FAT
1474 1064 -1 60 1.0379 2 FAT
1474 1065 -1 60 1.0379 2 FAT
1474 1066 -1 60 1.0379 2 FAT
1474 1067 -1 60 1.0379 2 FAT
1474 1068 -1 60 1.0379 2 FAT
1474 1069 -1 60 1.0379 2 FAT
1474 1070 -1 60 1.0379 2 FAT
1474 1071 -1 60 1.0379 2 FAT
1474 1072 -1 60 1.0379 2 FAT
1474 1073 -1 60 1.0379 2 FAT
1474 1074 -1 60 1.0379 2 FAT
1474 1075 -1 60 1.0379 2 FAT
1474 1076 -1 60 1.0379 2 FAT
1474 1077 -1 60 1.0379 2 FAT
1474 1078 -1 60 1.0379 2 FAT
1474 1079 -1 60 1.0379 2 FAT
1474 1080 -1 60 1.0379 2 FAT
1474 1081 -1 60 1.0379 2 FAT
1474 1082 -1 60 1.0379 2 FAT
1474 1083 -1 60 1.0379 2 FAT
1474 1084 -1 60 1.0379 2 FAT
1474 1085 -1 60 1.0379 2 FAT
1474 1086 -1 60 1.0379 2 FAT
1474 1087 -1 60 1.0379 2 FAT
1474 1088 -1 60 1.0379 2 FAT
1474 1089 -1 60 1.0379 2 FAT
1474 1090 -1 60 1.0379 2 FAT
1474 1091 -1 60 1.0379 2 FAT
1474 1092 -1 60 1.0379 2 FAT
1474 1093 -1 60 1.0379 2 FAT
1474 1094 -1 60 1.0379 2 FAT
1474 1095 -1 60 1.0379 2 FAT
1474 1096 -1 60 1.0379 2 FAT
1474 1097 -1 60 1.0379 2 FAT
1474 1098 -1 60 1.0379 2 FAT
1474 1099 -1 112 1.0410 2 FAT
1474 1100 -1 112 1.0410 2 FAT
1474 1101 -1 340 1.1028 2 FAT
1474 1102 -1 445 1.1195 2 FAT
1474 1103 -1 445 1.1195 2 FAT
1474 1104 -1 445 1.1195 2 FAT
1474 1105 -1 445 1.1195 2 FAT
1474 1106 -1 445 1.1195 2 FAT
1474 1107 -1 445 1.1195 2 FAT
1474 1108 -1 478 1.1126 2 FAT
1474 1109 -1 589 1.1313 2 FAT
1474 1110 -1 358 1.1037 2 FAT
1474 1111 -1 358 1.1037 2 FAT
1474 1112 -1 358 1.1037 2 FAT
1474 1113 -1 358 1.1037 2 FAT
1474 1114 -1 358 1.1037 2 FAT
1474 1115 -1 358 1.1037 2 FAT
1474 1116 -1 156 1.0447 2 FAT
1474 1117 -1 87 1.0394 2 FAT
1474 1118 -1 87 1.0394 2 FAT
1474 1119 -1 87 1.0394 2 FAT
1474 1120 -1 87 1.0394 2 FAT
1474 1121 -1 87 1.0394 2 FAT
1474 1122 -1 87 1.0394 2 FAT
1474 1123 -1 87 1.0394 2 FAT
1474 1124 -1 87 1.0394 2 FAT
1474 1125 -1 87 1.0394 2 FAT
1474 1126 -1 87 1.0394 2 FAT
1474 1127 -1 87 1.0394 2 FAT
1474 1128 -1 87 1.0394 2 FAT
1474 1129 -1 87 1.0394 2 FAT
1474 1130 -1 87 1.0394 2 FAT
1474 1131 -1 87 1.0394 2 FAT
1474 1132 -1 87 1.0394 2 FAT
1474 1133 -1 87 1.0394 2 FAT
1474 1134 -1 87 1.0394 2 FAT
1474 1135 -1 87 1.0394 2 FAT
1474 1136 -1 87 1.0394 2 FAT
1474 1137 -1 87 1.0394 2 FAT
1474 1138 -1 87 1.0394 2 FAT
1474 1139 -1 87 1.0394 2 FAT
1474 1140 -1 156 1.0447 2 FAT
1474 1141 -1 301 1.0915 2 FAT
1474 1142 -1 416 1.1137 2 FAT
1474 1143 -1 416 1.1137 2 FAT
1474 1144 -1 416 1.1137 2 FAT
1474 1145 -1 416 1.1137 2 FAT
1474 1146 -1 416 1.1137 2 FAT
1474 1147 -1 416 1.1137 2 FAT
1474 1148 -1 282 1.0848 2 FAT
1474 1149 -1 192 1.0491 2 FAT
1474 1150 -1 112 1.0410 2 FAT
1474 1151 -1 112 1.0410 2 FAT
1474 1152 -1 112 1.0410 2 FAT
1474 1153 -1 112 1.0410 2 FAT
1474 1154 -1 112 1.0410 2 FAT
1474 1155 -1 192 1.0491 2 FAT
1474 1156 -1 318 1.0945 2 FAT
1474 1157 -1 318 1.0945 2 FAT
1474 1158 -1 318 1.0945 2 FAT
1474 1159 -1 318 1.0945 2 FAT
1474 1160 -1 318 1.0945 2 FAT
1474 1161 -1 318 1.0945 2 FAT
1474 1162 -1 548 1.1245 2 FAT
1474 1163 -1 281 1.0842 2 FAT
1474 1164 -1 422 1.1113 2 FAT
1474 1165 -1 422 1.1113 2 FAT
1474 1166 -1 746 1.1545 2 FAT
1474 1167 -1 1100 1.1954 2 FAT
1474 1168 -1 1259 1.2032 2 FAT
1474 1169 -1 1232 1.2062 2 FAT
1474 1170 -1 1232 1.2062 2 FAT
1474 1171 -1 1441 1.2044 2 FAT
1474 1172 -1 1540 1.2157 2 FAT
1474 1173 -1 1422 1.2178 2 FAT
1474 1174 -1 1021 1.1833 2 FAT
1474 1175 -1 825 1.1698 2 FAT
1474 1176 -1 681 1.1464 2 FAT
1474 1177 -1 681 1.1464 2 FAT
1474 1178 -1 801 1.1518 2 FAT
1474 1179 -1 908 1.1683 2 FAT
1474 1180 -1 234 1.1621 2 FAT
1474 1181 -1 234 1.1621 2 FAT
1474 1182 -1 234 1.1621 2 FAT
1474 1183 -1 234 1.1621 2 FAT
1474 1184 -1 234 1.1621 2 FAT
1474 1185 -1 234 1.1621 2 FAT
1474 1186 -1 234 1.1621 2 FAT
1474 1187 -1 234 1.1621 2 FAT
1474 1188 -1 255 1.1612 2 FAT
1474 1189 -1 255 1.1612 2 FAT
1474 1190 -1 255 1.1612 2 FAT
1474 1191 -1 255 1.1612 2 FAT
1474 1192 -1 270 1.1597 2 FAT
1474 1193 -1 281 1.1589 2 FAT
1474 1194 -1 302 1.1615 2 FAT
1474 1195 -1 390 1.1820 2 FAT
1474 1196 -1 438 1.1903 2 FAT
1474 1197 -1 438 1.1903 2 FAT
1474 1198 -1 438 1.1903 2 FAT
1474 1199 -1 438 1.1903 2 FAT
1474 1200 -1 438 1.1903 2 FAT
1474 1201 -1 438 1.1903 2 FAT
1474 1202 -1 438 1.1903 2 FAT
1474 1203 -1 438 1.1903 2 FAT
1474 1204 -1 438 1.1903 2 FAT
1474 1205 -1 438 1.1903 2 FAT
1474 1206 -1 438 1.1903 2 FAT
1474 1207 -1 438 1.1903 2 FAT
1474 1208 -1 438 1.1903 2 FAT
1474 1209 -1 438 1.1903 2 FAT
1474 1210 -1 438 1.1903 2 FAT
1474 1211 -1 438 1.1903 2 FAT
1474 1212 -1 438 1.1903 2 FAT
1474 1213 -1 438 1.1903 2 FAT
1474 1214 -1 438 1.1903 2 FAT
1474 1215 -1 438 1.1903 2 FAT
1474 1216 -1 438 1.1903 2 FAT
1474 1217 -1 492 1.1903 2 FAT
1474 1218 -1 492 1.1903 2 FAT
1474 1219 -1 492 1.1903 2 FAT
1474 1220 -1 492 1.1903 2 FAT
1474 1221 -1 492 1.1903 2 FAT
1474 1222 -1 492 1.1903 2 FAT
1474 1223 -1 492 1.1903 2 FAT
1474 1224 -1 530 1.1907 2 FAT
1474 1225 -1 530 1.1907 2 FAT
1474 1226 -1 530 1.1907 2 FAT
1474 1227 -1 557 1.1912 2 FAT
1474 1228 -1 557 1.1912 2 FAT
1474 1229 -1 598 1.1905 2 FAT
1474 1230 -1 721 1.2080 2 FAT
1474 1231 -1 792 1.2143 2 FAT
1474 1232 -1 807 1.2149 2 FAT
1474 1233 -1 881 1.2179 2 FAT
1474 1234 -1 942 1.2241 2 FAT
1474 1235 -1 942 1.2241 2 FAT
1474 1236 -1 972 1.2240 2 FAT
1474 1237 -1 993 1.2242 2 FAT
1474 1238 -1 1094 1.2300 2 FAT
1474 1239 -1 1188 1.2367 2 FAT
1474 1240 -1 1188 1.2367 2 FAT
1474 1241 -1 1188 1.2367 2 FAT
1474 1242 -1 1188 1.2367 2 FAT
1474 1243 -1 1188 1.2367 2 FAT
1474 1244 -1 1188 1.2367 2 FAT
1474 1245 -1 1188 1.2367 2 FAT
1474 1246 -1 1188 1.2367 2 FAT
1474 1247 -1 1188 1.2367 2 FAT
1474 1248 -1 1188 1.2367 2 FAT
1474 1249 -1 1188 1.2367 2 FAT
1474 1250 -1 1188 1.2367 2 FAT
1474 1251 -1 1188 1.2367 2 FAT
1474 1252 -1 1188 1.2367 2 FAT
1474 1253 -1 1188 1.2367 2 FAT
1474 1254 -1 1188 1.2367 2 FAT
1474 1255 -1 1188 1.2367 2 FAT
1474 1256 -1 1188 1.2367 2 FAT
1474 1257 -1 1188 1.2367 2 FAT
1474 1258 -1 1188 1.2367 2 FAT
1474 1259 -1 1188 1.2367 2 FAT
1474 1260 -1 1188 1.2367 2 FAT
1474 1261 -1 1188 1.2367 2 FAT
1474 1262 -1 1188 1.2367 2 FAT
1474 1263 -1 1188 1.2367 2 FAT
1474 1264 -1 1188 1.2367 2 FAT
1474 1265 -1 1188 1.2367 2 FAT
1474 1266 -1 1188 1.2367 2 FAT
1474 1267 -1 1188 1.2367 2 FAT
1474 1268 -1 1188 1.2367 2 FAT
1474 1269 -1 1188 1.2367 2 FAT
1474 1270 -1 1188 1.2367 2 FAT
1474 1271 -1 1188 1.2367 2 FAT
1474 1272 -1 1188 1.2367 2 FAT
1474 1273 -1 1188 1.2367 2 FAT
1474 1274 -1 1188 1.2367 2 FAT
1474 1275 -1 1188 1.2367 2 FAT
1474 1276 -1 1188 1.2367 2 FAT
1474 1277 -1 1188 1.2367 2 FAT
1474 1278 -1 1188 1.2367 2 FAT
1474 1279 -1 1188 1.2367 2 FAT
1474 1280 -1 1188 1.2367 2 FAT
1474 1281 -1 1188 1.2367 2 FAT
1474 1282 -1 1188 1.2367 2 FAT
1474 1283 -1 1188 1.2367 2 FAT
1474 1284 -1 1188 1.2367 2 FAT
1474 1285 -1 1188 1.2367 2 FAT
1474 1286 -1 1188 1.2367 2 FAT
1474 1287 -1 1188 1.2367 2 FAT
1474 1288 -1 1188 1.2367 2 FAT
1474 1289 -1 1405 1.2366 2 FAT
1474 1290 -1 1405 1.2366 2 FAT
1474 1291 -1 1405 1.2366 2 FAT
1474 1292 -1 1405 1.2366 2 FAT
1474 1293 -1 1405 1.2366 2 FAT
1474 1294 -1 1405 1.2366 2 FAT
1474 1295 -1 1405 1.2366 2 FAT
1474 1296 -1 1405 1.2366 2 FAT
1474 1297 -1 1405 1.2366 2 FAT
1474 1298 -1 1405 1.2366 2 FAT
1474 1299 -1 1405 1.2366 2 FAT
1474 1300 -1 1405 1.2366 2 FAT
1474 1301 -1 1547 1.2364 2 FAT
1474 1302 -1 1547 1.2364 2 FAT
1474 1303 -1 1547 1.2364 2 FAT
1474 1304 -1 1547 1.2364 2 FAT
1474 1305 -1 1640 1.2364 2 FAT
1474 1306 -1 1640 1.2364 2 FAT
1474 1307 -1 1701 1.2365 2 FAT
1474 1308 -1 1767 1.2367 2 FAT
1474 1309 -1 1975 1.2467 2 FAT
1474 1310 -1 2117 1.2523 2 FAT
1474 1311 -1 2187 1.2545 2 FAT
1474 1312 -1 2300 1.2563 2 FAT
1474 1313 -1 2466 1.2611 2 FAT
1474 1314 -1 2489 1.2624 2 FAT
1474 1315 -1 2489 1.2624 2 FAT
1474 1316 -1 2549 1.2623 2 FAT
1474 1317 -1 2738 1.2663 2 FAT
1474 1318 -1 2934 1.2719 2 FAT
1474 1319 -1 3002 1.2716 2 FAT
1474 1320 -1 3069 1.2745 2 FAT
1474 1321 -1 3069 1.2745 2 FAT
1474 1322 -1 3069 1.2745 2 FAT
1474 1323 -1 3069 1.2745 2 FAT
1474 1324 -1 3069 1.2745 2 FAT
1474 1325 -1 3183 1.2747 2 FAT
1474 1326 -1 3183 1.2747 2 FAT
1474 1327 -1 3379 1.2757 2 FAT
1474 1328 -1 3557 1.2797 2 FAT
1474 1329 -1 3671 1.2830 2 FAT
1474 1330 -1 3874 1.2869 2 FAT
1474 1331 -1 3950 1.2883 2 FAT
1474 1332 -1 4011 1.2884 2 FAT
1474 1333 -1 4217 1.2919 0 FAT
1474 1334 -1 4328 1.2940 0 FAT
1474 1335 -1 4328 1.2940 0 FAT
1474 1336 -1 4328 1.2940 0 FAT
1474 1337 -1 4328 1.2940 0 FAT
1474 1338 -1 4328 1.2940 0 FAT
1474 1339 -1 4328 1.2940 0 FAT
1474 1340 -1 4328 1.2940 0 FAT
1474 1341 -1 4328 1.2940 0 FAT
1474 1342 -1 4328 1.2940 0 FAT
1474 1343 -1 4328 1.2940 0 FAT
1474 1344 -1 4328 1.2940 0 FAT
1474 1345 -1 4328 1.2940 0 FAT
1474 1346 -1 4328 1.2940 0 FAT
1474 1347 -1 4582 1.2940 0 FAT
1474 1348 -1 4582 1.2940 0 FAT
1474 1349 -1 4734 1.2941 0 FAT
1474 1350 -1 4825 1.2942 0 FAT
1474 1351 -1 5125 1.2977 0 FAT
1474 1352 -1 5319 1.3012 0 FAT
1474 1353 -1 5473 1.3025 0 FAT
1474 1354 -1 5664 1.3057 0 FAT
1474 1355 -1 5664 1.3057 0 FAT
1474 1356 -1 5873 1.3067 0 FAT
1474 1357 -1 6105 1.3104 0 FAT
1474 1358 -1 6274 1.3122 0 FAT
1474 1359 -1 6337 1.3130 0 FAT
1474 1360 -1 6337 1.3130 0 FAT
1474 1361 -1 6337 1.3130 0 FAT
1474 1362 -1 6477 1.3128 0 FAT
1474 1363 -1 6713 1.3137 0 FAT
1474 1364 -1 6937 1.3171 0 FAT
1474 1365 -1 7152 1.3189 0 FAT
1474 1366 -1 7206 1.3199 0 FAT
1474 1367 -1 7446 1.3215 0 FAT
1474 1368 -1 7705 1.3241 0 FAT
1474 1369 -1 7739 1.3247 0 FAT
1474 1370 -1 7739 1.3247 0 FAT
1474 1371 -1 7739 1.3247 0 FAT
1474 1372 -1 7739 1.3247 0 FAT
1474 1373 -1 7739 1.3247 0 FAT
1474 1374 -1 7739 1.3247 0 FAT
1474 1375 -1 7739 1.3247 0 FAT
1474 1376 -1 7739 1.3247 0 FAT
1474 1377 -1 7739 1.3247 0 FAT
1474 1378 -1 7739 1.3247 0 FAT
1474 1379 -1 7739 1.3247 0 FAT
1474 1380 -1 7739 1.3247 0 FAT
1474 1381 -1 7739 1.3247 0 FAT
1474 1382 -1 7739 1.3247 0 FAT
1474 1383 -1 7739 1.3247 0 FAT
1474 1384 -1 7739 1.3247 0 FAT
1474 1385 -1 7739 1.3247 0 FAT
1474 1386 -1 7739 1.3247 0 FAT
1474 1387 -1 7739 1.3247 0 FAT
1474 1388 -1 7739 1.3247 0 FAT
1474 1389 -1 7739 1.3247 0 FAT
1474 1390 -1 7739 1.3247 0 FAT
1474 1391 -1 7739 1.3247 0 FAT
1474 1392 -1 7739 1.3247 0 FAT
1474 1393 -1 7739 1.3247 0 FAT
1474 1394 -1 7739 1.3247 0 FAT
1474 1395 -1 7739 1.3247 0 FAT
1474 1396 -1 7739 1.3247 0 FAT
1474 1397 -1 7739 1.3247 0 FAT
1474 1398 -1 7739 1.3247 0 FAT
1474 1399 -1 7739 1.3247 0 FAT
1474 1400 -1 7739 1.3247 0 FAT
1474 1401 -1 7739 1.3247 0 FAT
1474 1402 -1 7739 1.3247 0 FAT
1474 1403 -1 7739 1.3247 0 FAT
1474 1404 -1 7739 1.3247 0 FAT
1474 1405 -1 7739 1.3247 0 FAT
1474 1406 -1 7739 1.3247 0 FAT
1474 1407 -1 7739 1.3247 0 FAT
1474 1408 -1 7739 1.3247 0 FAT
1474 1409 -1 7739 1.3247 0 FAT
1474 1410 -1 7739 1.3247 0 FAT
1474 1411 -1 7739 1.3247 0 FAT
1474 1412 -1 7739 1.3247 0 FAT
1474 1413 -1 7739 1.3247 0 FAT
1474 1414 -1 7739 1.3247 0 FAT
1474 1415 -1 7739 1.3247 0 FAT
1474 1416 -1 7739 1.3247 0 FAT
1474 1417 -1 7739 1.3247 0 FAT
1474 1418 -1 7739 1.3247 0 FAT
1474 1419 -1 7739 1.3247 0 FAT
1474 1420 -1 7739 1.3247 0 FAT
1474 1421 -1 7739 1.3247 0 FAT
1474 1422 -1 7739 1.3247 0 FAT
1474 1423 -1 7739 1.3247 0 FAT
1474 1424 -1 7739 1.3247 0 FAT
1474 1425 -1 7739 1.3247 0 FAT
1474 1426 -1 7739 1.3247 0 FAT
1474 1427 -1 7739 1.3247 0 FAT
1474 1428 -1 7739 1.3247 0 FAT
1474 1429 -1 7739 1.3247 0 FAT
1474 1430 -1 7739 1.3247 0 FAT
1474 1431 -1 7739 1.3247 0 FAT
1474 1432 -1 7739 1.3247 0 FAT
1474 1433 -1 7739 1.3247 0 FAT
1474 1434 -1 7739 1.3247 0 FAT
1474 1435 -1 7739 1.3247 0 FAT
1474 1436 -1 7739 1.3247 0 FAT
1474 1437 -1 7739 1.3247 0 FAT
1474 1438 -1 7739 1.3247 0 FAT
1474 1439 -1 7739 1.3247 0 FAT
1474 1440 -1 7739 1.3247 0 FAT
1474 1441 -1 7487 1.3221 0 FAT
1474 1442 -1 7243 1.3199 0 FAT
1474 1443 -1 7065 1.3176 0 FAT
1474 1444 -1 6780 1.3159 0 FAT
1474 1445 -1 6780 1.3159 0 FAT
1474 1446 -1 6661 1.3138 0 FAT
1474 1447 -1 6437 1.3118 0 FAT
1474 1448 -1 6188 1.3085 0 FAT
1474 1449 -1 5928 1.3085 0 FAT
1474 1450 -1 5928 1.3085 0 FAT
1474 1451 -1 5928 1.3085 0 FAT
1474 1452 -1 5928 1.3085 0 FAT
1474 1453 -1 5820 1.3065 0 FAT
1474 1454 -1 5627 1.3045 0 FAT
1474 1455 -1 5387 1.3008 0 FAT
1474 1456 -1 5312 1.3009 0 FAT
1474 1457 -1 5084 1.2974 0 FAT
1474 1458 -1 4855 1.2940 0 FAT
1474 1459 -1 4734 1.2941 0 FAT
1474 1460 -1 4734 1.2941 0 FAT
1474 1461 -1 4472 1.2941 0 FAT
1474 1462 -1 4472 1.2941 0 FAT
1474 1463 -1 4472 1.2941 0 FAT
1474 1464 -1 4472 1.2941 0 FAT
1474 1465 -1 4472 1.2941 0 FAT
1474 1466 -1 4472 1.2941 0 FAT
1474 1467 -1 4472 1.2941 0 FAT
1474 1468 -1 4472 1.2941 0 FAT
1474 1469 -1 4417 1.2928 0 FAT
1474 1470 -1 4258 1.2902 0 FAT
1474 1471 -1 4036 1.2878 2 FAT
1474 1472 -1 4009 1.2873 2 FAT
1474 1473 -1 3803 1.2829 2 FAT
1474 1474 -1 3628 1.2797 2 FAT
1474 1475 -1 3527 1.2797 2 FAT
1474 1476 -1 3527 1.2797 2 FAT
1474 1477 -1 3457 1.2776 2 FAT
1474 1478 -1 3241 1.2720 2 FAT
1474 1479 -1 3157 1.2718 2 FAT
1474 1480 -1 2919 1.2639 2 FAT
1474 1481 -1 2813 1.2639 2 FAT
1474 1482 -1 2669 1.2638 2 FAT
1474 1483 -1 2669 1.2638 2 FAT
1474 1484 -1 2669 1.2638 2 FAT
1474 1485 -1 2669 1.2638 2 FAT
1474 1486 -1 2669 1.2638 2 FAT
1474 1487 -1 2379 1.2638 2 FAT
1474 1488 -1 2379 1.2638 2 FAT
1474 1489 -1 2379 1.2638 2 FAT
1474 1490 -1 2379 1.2638 2 FAT
1474 1491 -1 2379 1.2638 2 FAT
1474 1492 -1 2379 1.2638 2 FAT
1474 1493 -1 2379 1.2638 2 FAT
1474 1494 -1 2379 1.2638 2 FAT
1474 1495 -1 2379 1.2638 2 FAT
1474 1496 -1 2379 1.2638 2 FAT
1474 1497 -1 2379 1.2638 2 FAT
1474 1498 -1 2379 1.2638 2 FAT
1474 1499 -1 2379 1.2638 2 FAT
1474 1500 -1 2379 1.2638 2 FAT
1474 1501 -1 2379 1.2638 2 FAT
1474 1502 -1 2379 1.2638 2 FAT
1474 1503 -1 2379 1.2638 2 FAT
1474 1504 -1 2379 1.2638 2 FAT
1474 1505 -1 2379 1.2638 2 FAT
1474 1506 -1 4765 1.2659 0 FAT
1474 1507 -1 5025 1.2715 0 FAT
1474 1508 -1 5070 1.2704 0 FAT
1474 1509 -1 4943 1.2684 0 FAT
1474 1510 -1 4651 1.2676 0 FAT
1474 1511 -1 4966 1.2705 0 FAT
1474 1512 -1 5257 1.2762 0 FAT
1474 1513 -1 5344 1.2771 0 FAT
1474 1514 -1 5136 1.2747 0 FAT
1474 1515 -1 4969 1.2676 0 FAT
1474 1516 -1 4522 1.2640 0 FAT
1474 1517 -1 4522 1.2640 0 FAT
1474 1518 -1 4038 1.2619 2 FAT
1474 1519 -1 4510 1.2661 0 FAT
1474 1520 -1 4510 1.2661 0 FAT
1474 1521 -1 4510 1.2661 0 FAT
1474 1522 -1 4510 1.2661 0 FAT
1474 1523 -1 4510 1.2661 0 FAT
1474 1524 -1 4196 1.2613 0 FAT
1474 1525 -1 3952 1.2551 2 FAT
1474 1526 -1 3621 1.2466 2 FAT
1474 1527 -1 3394 1.2446 2 FAT
1474 1528 -1 3341 1.2427 2 FAT
1474 1529 -1 2946 1.2309 2 FAT
1474 1530 -1 2527 1.2123 2 FAT
1474 1531 -1 2357 1.2084 2 FAT
1474 1532 -1 2630 1.2086 2 FAT
1474 1533 -1 2791 1.2133 2 FAT
1474 1534 -1 2791 1.2133 2 FAT
1474 1535 -1 3377 1.2307 2 FAT
1474 1536 -1 3561 1.2389 2 FAT
1474 1537 -1 3033 1.2403 2 FAT
1474 1538 -1 3278 1.2443 2 FAT
1474 1539 -1 3278 1.2443 2 FAT
1474 1540 -1 3278 1.2443 2 FAT
1474 1541 -1 3278 1.2443 2 FAT
1474 1542 -1 3621 1.2466 2 FAT
1474 1543 -1 3984 1.2566 2 FAT
1474 1544 -1 4184 1.2607 0 FAT
1474 1545 -1 4478 1.2646 0 FAT
1474 1546 -1 4888 1.2742 0 FAT
1474 1547 -1 4986 1.2755 0 FAT
1474 1548 -1 5221 1.2781 0 FAT
1474 1549 -1 5221 1.2781 0 FAT
1474 1550 -1 5214 1.2764 0 FAT
1474 1551 -1 5530 1.2823 0 FAT
1474 1552 -1 5301 1.2778 0 FAT
1474 1553 -1 4948 1.2728 0 FAT
1474 1554 -1 4471 1.2650 0 FAT
1474 1555 -1 3205 1.2650 2 FAT
1474 1556 -1 3205 1.2650 2 FAT
1474 1557 -1 3205 1.2650 2 FAT
1474 1558 -1 3205 1.2650 2 FAT
1474 1559 -1 3205 1.2650 2 FAT
1474 1560 -1 3510 1.2646 2 FAT
1474 1561 -1 3767 1.2692 2 FAT
1474 1562 -1 4076 1.2756 2 FAT
1474 1563 -1 4274 1.2784 0 FAT
1474 1564 -1 4274 1.2784 0 FAT
1474 1565 -1 4274 1.2784 0 FAT
1474 1566 -1 4274 1.2784 0 FAT
1474 1567 -1 4274 1.2784 0 FAT
1474 1568 -1 4274 1.2784 0 FAT
1474 1569 -1 4274 1.2784 0 FAT
1474 1570 -1 4274 1.2784 0 FAT
1474 1571 -1 4274 1.2784 0 FAT
1474 1572 -1 4274 1.2784 0 FAT
1474 1573 -1 4274 1.2784 0 FAT
1474 1574 -1 4274 1.2784 0 FAT
1474 1575 -1 4274 1.2784 0 FAT
1474 1576 -1 4274 1.2784 0 FAT
1474 1577 -1 4274 1.2784 0 FAT
1474 1578 -1 4274 1.2784 0 FAT
1474 1579 -1 4274 1.2784 0 FAT
1474 1580 -1 4274 1.2784 0 FAT
1474 1581 -1 4274 1.2784 0 FAT
1474 1582 -1 4274 1.2784 0 FAT
1474 1583 -1 4274 1.2784 0 FAT
1474 1584 -1 4274 1.2784 0 FAT
1474 1585 -1 4274 1.2784 0 FAT
1474 1586 -1 4274 1.2784 0 FAT
1474 1587 -1 4274 1.2784 0 FAT
1474 1588 -1 4274 1.2784 0 FAT
1474 1589 -1 4274 1.2784 0 FAT
1474 1590 -1 4274 1.2784 0 FAT
1474 1591 -1 4274 1.2784 0 FAT
1474 1592 -1 4274 1.2784 0 FAT
1474 1593 -1 4274 1.2784 0 FAT
1474 1594 -1 4274 1.2784 0 FAT
1474 1595 -1 5176 1.2782 0 FAT
1474 1596 -1 5837 1.2851 0 FAT
1474 1597 -1 6010 1.2871 0 FAT
1474 1598 -1 6353 1.2907 0 FAT
1474 1599 -1 6742 1.2960 0 FAT
1474 1600 -1 6989 1.2981 0 FAT
1474 1601 -1 7124 1.2994 0 FAT
1474 1602 -1 7124 1.2994 0 FAT
1474 1603 -1 7498 1.3008 0 FAT
1474 1604 -1 7698 1.3027 0 FAT
1474 1605 -1 7526 1.3004 0 FAT
1474 1606 -1 7131 1.2976 0 FAT
1474 1607 -1 7131 1.2976 0 FAT
1474 1608 -1 6789 1.2934 0 FAT
1474 1609 -1 6528 1.2887 0 FAT
1474 1610 -1 6127 1.2853 0 FAT
1474 1611 -1 6002 1.2828 0 FAT
1474 1612 -1 5458 1.2797 0 FAT
1474 1613 -1 5458 1.2797 0 FAT
1474 1614 -1 6298 1.2830 0 FAT
1474 1615 -1 6624 1.2884 0 FAT
1474 1616 -1 6758 1.2882 0 FAT
1474 1617 -1 6390 1.2855 0 FAT
1474 1618 -1 6273 1.2834 0 FAT
1474 1619 -1 5676 1.2834 0 FAT
1474 1620 -1 5823 1.2856 0 FAT
1474 1621 -1 6293 1.2912 0 FAT
1474 1622 -1 6591 1.2951 0 FAT
1474 1623 -1 6608 1.2956 0 FAT
1474 1624 -1 6911 1.2977 0 FAT
1474 1625 -1 7217 1.3005 0 FAT
1474 1626 -1 7308 1.3025 0 FAT
1474 1627 -1 7308 1.3025 0 FAT
1474 1628 -1 7308 1.3025 0 FAT
1474 1629 -1 7308 1.3025 0 FAT
1474 1630 -1 7308 1.3025 0 FAT
1474 1631 -1 7860 1.3030 0 FAT
1474 1632 -1 7990 1.3052 0 FAT
1474 1633 -1 7947 1.3043 0 FAT
1474 1634 -1 7694 1.3029 0 FAT
1474 1635 -1 7822 1.3028 0 FAT
1474 1636 -1 7657 1.3049 0 FAT
1474 1637 -1 7885 1.3072 0 FAT
1474 1638 -1 7885 1.3072 0 FAT
1474 1639 -1 7885 1.3072 0 FAT
1474 1640 -1 7556 1.3034 0 FAT
1474 1641 -1 7331 1.3024 0 FAT
1474 1642 -1 7045 1.2992 0 FAT
1474 1643 -1 6618 1.2944 0 FAT
1474 1644 -1 6413 1.2916 0 FAT
1474 1645 -1 6034 1.2894 0 FAT
1474 1646 -1 6034 1.2894 0 FAT
1474 1647 -1 5905 1.2879 0 FAT
1474 1648 -1 5674 1.2854 0 FAT
1474 1649 -1 5314 1.2786 0 FAT
1474 1650 -1 4705 1.2774 0 FAT
1474 1651 -1 4705 1.2774 0 FAT
1474 1652 -1 4705 1.2774 0 FAT
1474 1653 -1 4705 1.2774 0 FAT
1474 1654 -1 4705 1.2774 0 FAT
1474 1655 -1 4705 1.2774 0 FAT
1474 1656 -1 4705 1.2774 0 FAT
1474 1657 -1 5789 1.2794 0 FAT
1474 1658 -1 5980 1.2830 0 FAT
1474 1659 -1 5716 1.2799 0 FAT
1474 1660 -1 5614 1.2784 0 FAT
1474 1661 -1 5988 1.2850 0 FAT
1474 1662 -1 5988 1.2850 0 FAT
1474 1663 -1 5780 1.2812 0 FAT
1474 1664 -1 5502 1.2790 0 FAT
1474 1665 -1 5114 1.2715 0 FAT
1474 1666 -1 4637 1.2644 0 FAT
1474 1667 -1 5136 1.2657 0 FAT
1474 1668 -1 5264 1.2689 0 FAT
1474 1669 -1 3957 1.2667 2 FAT
1474 1670 -1 4223 1.2699 0 FAT
1474 1671 -1 4552 1.2767 0 FAT
1474 1672 -1 4778 1.2807 0 FAT
1474 1673 -1 4986 1.2824 0 FAT
1474 1674 -1 5272 1.2863 0 FAT
1474 1675 -1 5355 1.2883 0 FAT
1474 1676 -1 5355 1.2883 0 FAT
1474 1677 -1 5355 1.2883 0 FAT
1474 1678 -1 5630 1.2882 0 FAT
1474 1679 -1 5871 1.2917 0 FAT
1474 1680 -1 6095 1.2934 0 FAT
1474 1681 -1 6408 1.2970 0 FAT
1474 1682 -1 6642 1.2992 0 FAT
1474 1683 -1 6977 1.3043 0 FAT
1474 1684 -1 6977 1.3043 0 FAT
1474 1685 -1 6977 1.3043 0 FAT
1474 1686 -1 6977 1.3043 0 FAT
1474 1687 -1 6977 1.3043 0 FAT
1474 1688 -1 6977 1.3043 0 FAT
1474 1689 -1 6977 1.3043 0 FAT
1474 1690 -1 6977 1.3043 0 FAT
1474 1691 -1 6977 1.3043 0 FAT
1474 1692 -1 6977 1.3043 0 FAT
1474 1693 -1 6977 1.3043 0 FAT
1474 1694 -1 6977 1.3043 0 FAT
1474 1695 -1 6977 1.3043 0 FAT
1474 1696 -1 6977 1.3043 0 FAT
1474 1697 -1 6977 1.3043 0 FAT
1474 1698 -1 6977 1.3043 0 FAT
1474 1699 -1 6977 1.3043 0 FAT
1474 1700 -1 6911 1.3032 0 FAT
1474 1701 -1 6678 1.3009 0 FAT
1474 1702 -1 6299 1.2965 0 FAT
1474 1703 -1 5981 1.2920 0 FAT
1474 1704 -1 5456 1.2918 0 FAT
1474 1705 -1 5456 1.2918 0 FAT
1474 1706 -1 5456 1.2918 0 FAT
1474 1707 -1 5456 1.2918 0 FAT
1474 1708 -1 5456 1.2918 0 FAT
1474 1709 -1 5456 1.2918 0 FAT
1474 1710 -1 5456 1.2918 0 FAT
1474 1711 -1 5456 1.2918 0 FAT
1474 1712 -1 5456 1.2918 0 FAT
1474 1713 -1 5137 1.2869 0 FAT
1474 1714 -1 4976 1.2864 0 FAT
1474 1715 -1 4976 1.2864 0 FAT
1474 1716 -1 4798 1.2841 0 FAT
1474 1717 -1 4666 1.2818 0 FAT
1474 1718 -1 4405 1.2772 0 FAT
1474 1719 -1 4012 1.2716 2 FAT
1474 1720 -1 4012 1.2716 2 FAT
1474 1721 -1 3891 1.2701 2 FAT
1474 1722 -1 3607 1.2634 2 FAT
1474 1723 -1 3319 1.2578 2 FAT
1474 1724 -1 3109 1.2578 2 FAT
1474 1725 -1 3109 1.2578 2 FAT
1474 1726 -1 3109 1.2578 2 FAT
1474 1727 -1 3109 1.2578 2 FAT
1474 1728 -1 3109 1.2578 2 FAT
1474 1729 -1 3031 1.2547 2 FAT
1474 1730 -1 2899 1.2550 2 FAT
1474 1731 -1 2813 1.2544 2 FAT
1474 1732 -1 2639 1.2478 2 FAT
1474 1733 -1 2288 1.2385 2 FAT
1474 1734 -1 2288 1.2385 2 FAT
1474 1735 -1 2033 1.2290 2 FAT
1474 1736 -1 1718 1.2204 2 FAT
1474 1737 -1 1718 1.2204 2 FAT
1474 1738 -1 1718 1.2204 2 FAT
1474 1739 -1 1455 1.2206 2 FAT
1474 1740 -1 1455 1.2206 2 FAT
1474 1741 -1 1455 1.2206 2 FAT
1474 1742 -1 1455 1.2206 2 FAT
1474 1743 -1 1455 1.2206 2 FAT
1474 1744 -1 1455 1.2206 2 FAT
1474 1745 -1 1455 1.2206 2 FAT
1474 1746 -1 1455 1.2206 2 FAT
1474 1747 -1 1455 1.2206 2 FAT
1474 1748 -1 1455 1.2206 2 FAT
1474 1749 -1 1455 1.2206 2 FAT
1474 1750 -1 1455 1.2206 2 FAT
1474 1751 -1 1455 1.2206 2 FAT
1474 1752 -1 1455 1.2206 2 FAT
1474 1753 -1 1455 1.2206 2 FAT
1474 1754 -1 1455 1.2206 2 FAT
1474 1755 -1 1455 1.2206 2 FAT
1474 1756 -1 1455 1.2206 2 FAT
1474 1757 -1 1455 1.2206 2 FAT
1474 1758 -1 870 1.2207 2 FAT
1474 1759 -1 870 1.2207 2 FAT
1474 1760 -1 870 1.2207 2 FAT
1474 1761 -1 870 1.2207 2 FAT
1474 1762 -1 870 1.2207 2 FAT
1474 1763 -1 870 1.2207 2 FAT
1474 1764 -1 1192 1.2208 2 FAT
1474 1765 -1 1192 1.2208 2 FAT
1474 1766 -1 1192 1.2208 2 FAT
1474 1767 -1 1192 1.2208 2 FAT
1474 1768 -1 1192 1.2208 2 FAT
1474 1769 -1 1192 1.2208 2 FAT
1474 1770 -1 1192 1.2208 2 FAT
1474 1771 -1 1192 1.2208 2 FAT
1474 1772 -1 1192 1.2208 2 FAT
1474 1773 -1 1192 1.2208 2 FAT
1474 1774 -1 1192 1.2208 2 FAT
1474 1775 -1 1192 1.2208 2 FAT
1474 1776 -1 1192 1.2208 2 FAT
1474 1777 -1 1192 1.2208 2 FAT
1474 1778 -1 1192 1.2208 2 FAT
1474 1779 -1 1192 1.2208 2 FAT
1474 1780 -1 1192 1.2208 2 FAT
1474 1781 -1 1192 1.2208 2 FAT
1474 1782 -1 1192 1.2208 2 FAT
1474 1783 -1 1369 1.2211 2 FAT
1474 1784 -1 1369 1.2211 2 FAT
1474 1785 -1 1369 1.2211 2 FAT
1474 1786 -1 1369 1.2211 2 FAT
1474 1787 -1 1369 1.2211 2 FAT
1474 1788 -1 1466 1.2212 2 FAT
1474 1789 -1 1548 1.2211 2 FAT
1474 1790 -1 1741 1.2311 2 FAT
1474 1791 -1 1886 1.2395 2 FAT
1474 1792 -1 1957 1.2394 2 FAT
1474 1793 -1 2197 1.2507 2 FAT
1474 1794 -1 2275 1.2508 2 FAT
1474 1795 -1 2318 1.2533 2 FAT
1474 1796 -1 2318 1.2533 2 FAT
1474 1797 -1 2318 1.2533 2 FAT
1474 1798 -1 2424 1.2535 2 FAT
1474 1799 -1 2518 1.2535 2 FAT
1474 1800 -1 2777 1.2637 2 FAT
1474 1801 -1 2877 1.2647 2 FAT
1474 1802 -1 3041 1.2699 2 FAT
1474 1803 -1 3143 1.2714 2 FAT
1474 1804 -1 3143 1.2714 2 FAT
1474 1805 -1 3239 1.2714 2 FAT
1474 1806 -1 3441 1.2750 2 FAT
1474 1807 -1 3510 1.2768 2 FAT
1474 1808 -1 3510 1.2768 2 FAT
1474 1809 -1 3510 1.2768 2 FAT
1474 1810 -1 3510 1.2768 2 FAT
1474 1811 -1 3510 1.2768 2 FAT
1474 1812 -1 3510 1.2768 2 FAT
1474 1813 -1 3510 1.2768 2 FAT
1474 1814 -1 3510 1.2768 2 FAT
1474 1815 -1 3510 1.2768 2 FAT
1474 1816 -1 3510 1.2768 2 FAT
1474 1817 -1 3510 1.2768 2 FAT
1474 1818 -1 3510 1.2768 2 FAT
1474 1819 -1 3510 1.2768 2 FAT
1474 1820 -1 3809 1.2764 2 FAT
1474 1821 -1 3809 1.2764 2 FAT
1474 1822 -1 3954 1.2763 2 FAT
1474 1823 -1 4240 1.2805 0 FAT
1474 1824 -1 4382 1.2842 0 FAT
1474 1825 -1 4662 1.2882 0 FAT
1474 1826 -1 4858 1.2909 0 FAT
1474 1827 -1 4858 1.2909 0 FAT
1474 1828 -1 4858 1.2909 0 FAT
1474 1829 -1 5092 1.2908 0 FAT
1474 1830 -1 5301 1.2950 0 FAT
1474 1831 -1 5532 1.2981 0 FAT
1474 1832 -1 5669 1.3001 0 FAT
1474 1833 -1 5669 1.3001 0 FAT
1474 1834 -1 6009 1.3033 0 FAT
1474 1835 -1 6182 1.3058 0 FAT
1474 1836 -1 6182 1.3058 0 FAT
1474 1837 -1 6182 1.3058 0 FAT
1474 1838 -1 6182 1.3058 0 FAT
1474 1839 -1 6182 1.3058 0 FAT
1474 1840 -1 6182 1.3058 0 FAT
1474 1841 -1 6182 1.3058 0 FAT
1474 1842 -1 6182 1.3058 0 FAT
1474 1843 -1 6182 1.3058 0 FAT
1474 1844 -1 6522 1.3061 0 FAT
1474 1845 -1 6914 1.3078 0 FAT
1474 1846 -1 7149 1.3104 0 FAT
1474 1847 -1 7430 1.3142 0 FAT
1474 1848 -1 7452 1.3144 0 FAT
1474 1849 -1 7674 1.3147 0 FAT
1474 1850 -1 7940 1.3181 0 FAT
1474 1851 -1 8147 1.3206 0 FAT
1474 1852 -1 8349 1.3214 0 FAT
1474 1853 -1 8646 1.3246 0 FAT
1474 1854 -1 8651 1.3247 0 FAT
1474 1855 -1 8651 1.3247 0 FAT
1474 1856 -1 8651 1.3247 0 FAT
1474 1857 -1 8651 1.3247 0 FAT
1474 1858 -1 8651 1.3247 0 FAT
1474 1859 -1 8651 1.3247 0 FAT
1474 1860 -1 8651 1.3247 0 FAT
1474 1861 -1 8651 1.3247 0 FAT
1474 1862 -1 8651 1.3247 0 FAT
1474 1863 -1 8651 1.3247 0 FAT
1474 1864 -1 8651 1.3247 0 FAT
1474 1865 -1 8651 1.3247 0 FAT
1474 1866 -1 8651 1.3247 0 FAT
1474 1867 -1 8651 1.3247 0 FAT
1474 1868 -1 8651 1.3247 0 FAT
1474 1869 -1 8651 1.3247 0 FAT
1474 1870 -1 8651 1.3247 0 FAT
1474 1871 -1 8651 1.3247 0 FAT
1474 1872 -1 8651 1.3247 0 FAT
1474 1873 -1 8651 1.3247 0 FAT
1474 1874 -1 8651 1.3247 0 FAT
1474 1875 -1 8651 1.3247 0 FAT
1474 1876 -1 8651 1.3247 0 FAT
1474 1877 -1 8651 1.3247 0 FAT
1474 1878 -1 8651 1.3247 0 FAT
1474 1879 -1 8651 1.3247 0 FAT
1474 1880 -1 8651 1.3247 0 FAT
1474 1881 -1 8651 1.3247 0 FAT
1474 1882 -1 8651 1.3247 0 FAT
1474 1883 -1 8651 1.3247 0 FAT
1474 1884 -1 8651 1.3247 0 FAT
1474 1885 -1 8651 1.3247 0 FAT
1474 1886 -1 8651 1.3247 0 FAT
1474 1887 -1 8651 1.3247 0 FAT
1474 1888 -1 8651 1.3247 0 FAT
1474 1889 -1 8651 1.3247 0 FAT
1474 1890 -1 8651 1.3247 0 FAT
1474 1891 -1 8651 1.3247 0 FAT
1474 1892 -1 8651 1.3247 0 FAT
1474 1893 -1 8651 1.3247 0 FAT
1474 1894 -1 8651 1.3247 0 FAT
1474 1895 -1 8534 1.3235 0 FAT
1474 1896 -1 8323 1.3219 0 FAT
1474 1897 -1 8048 1.3185 0 FAT
1474 1898 -1 7754 1.3173 0 FAT
1474 1899 -1 7754 1.3173 0 FAT
1474 1900 -1 7525 1.3147 0 FAT
1474 1901 -1 7122 1.3110 0 FAT
1474 1902 -1 7122 1.3110 0 FAT
1474 1903 -1 9323 1.3083 0 FAT
1474 1904 -1 9436 1.3099 0 FAT
1474 1905 -1 9143 1.3126 0 FAT
1474 1906 -1 9343 1.3145 0 FAT
1474 1907 -1 9343 1.3145 0 FAT
1474 1908 -1 9343 1.3145 0 FAT
1474 1909 -1 9996 1.3181 0 FAT
1474 1910 -1 10245 1.3196 0 FAT
1474 1911 -1 10219 1.3194 0 FAT
1474 1912 -1 9859 1.3177 0 FAT
1474 1913 -1 10135 1.3186 0 FAT
1474 1914 -1 10092 1.3192 0 FAT
1474 1915 -1 9947 1.3174 0 FAT
1474 1916 -1 9547 1.3172 0 FAT
1474 1917 -1 9547 1.3172 0 FAT
1474 1918 -1 9547 1.3172 0 FAT
1474 1919 -1 9547 1.3172 0 FAT
1474 1920 -1 9434 1.3163 0 FAT
1474 1921 -1 9027 1.3132 0 FAT
1474 1922 -1 8781 1.3102 0 FAT
1474 1923 -1 8421 1.3063 0 FAT
1474 1924 -1 7896 1.3037 0 FAT
1474 1925 -1 8853 1.3050 0 FAT
1474 1926 -1 9249 1.3102 0 FAT
1474 1927 -1 9056 1.3086 0 FAT
1474 1928 -1 7616 1.3077 0 FAT
1474 1929 -1 8090 1.3111 0 FAT
1474 1930 -1 8421 1.3147 0 FAT
1474 1931 -1 8421 1.3147 0 FAT
1474 1932 -1 8914 1.3178 0 FAT
1474 1933 -1 9147 1.3189 0 FAT
1474 1934 -1 9308 1.3208 0 FAT
1474 1935 -1 9308 1.3208 0 FAT
1474 1936 -1 9308 1.3208 0 FAT
1474 1937 -1 9308 1.3208 0 FAT
1474 1938 -1 9308 1.3208 0 FAT
1474 1939 -1 9308 1.3208 0 FAT
1474 1940 -1 10166 1.3232 0 FAT
1474 1941 -1 10303 1.3244 0 FAT
1474 1942 -1 10666 1.3258 0 FAT
1474 1943 -1 10925 1.3283 0 FAT
1474 1944 -1 11318 1.3306 0 FAT
1474 1945 -1 11615 1.3329 0 FAT
1474 1946 -1 11669 1.3335 0 FAT
1474 1947 -1 11669 1.3335 0 FAT
1474 1948 -1 11522 1.3325 0 FAT
1474 1949 -1 11637 1.3305 0 FAT
1474 1950 -1 11732 1.3314 0 FAT
1474 1951 -1 11779 1.3312 0 FAT
1474 1952 -1 11484 1.3321 0 FAT
1474 1953 -1 11745 1.3342 0 FAT
1474 1954 -1 11745 1.3342 0 FAT
1474 1955 -1 11745 1.3342 0 FAT
1474 1956 -1 11342 1.3319 0 FAT
1474 1957 -1 11183 1.3304 0 FAT
1474 1958 -1 10858 1.3281 0 FAT
1474 1959 -1 10505 1.3244 0 FAT
1474 1960 -1 10143 1.3240 0 FAT
1474 1961 -1 10143 1.3240 0 FAT
1474 1962 -1 9876 1.3218 0 FAT
1474 1963 -1 9590 1.3189 0 FAT
1474 1964 -1 9333 1.3161 0 FAT
1474 1965 -1 9049 1.3155 0 FAT
1474 1966 -1 8974 1.3146 0 FAT
1474 1967 -1 8649 1.3115 0 FAT
1474 1968 -1 8291 1.3091 0 FAT
1474 1969 -1 7506 1.3087 0 FAT
1474 1970 -1 7506 1.3087 0 FAT
1474 1971 -1 7506 1.3087 0 FAT
1474 1972 -1 7506 1.3087 0 FAT
1474 1973 -1 7506 1.3087 0 FAT
1474 1974 -1 7506 1.3087 0 FAT
1474 1975 -1 7506 1.3087 0 FAT
1474 1976 -1 7506 1.3087 0 FAT
1474 1977 -1 7506 1.3087 0 FAT
1474 1978 -1 7506 1.3087 0 FAT
1474 1979 -1 7506 1.3087 0 FAT
1474 1980 -1 7506 1.3087 0 FAT
1474 1981 -1 7506 1.3087 0 FAT
1474 1982 -1 7256 1.3056 0 FAT
1474 1983 -1 6847 1.3030 0 FAT
1474 1984 -1 6847 1.3030 0 FAT
1474 1985 -1 8904 1.3086 0 FAT
1474 1986 -1 8897 1.3073 0 FAT
1474 1987 -1 8878 1.3065 0 FAT
1474 1988 -1 8377 1.3042 0 FAT
1474 1989 -1 8377 1.3042 0 FAT
1474 1990 -1 8135 1.3016 0 FAT
1474 1991 -1 7539 1.2959 0 FAT
1474 1992 -1 7539 1.2959 0 FAT
1474 1993 -1 7861 1.2925 0 FAT
1474 1994 -1 7686 1.2913 0 FAT
1474 1995 -1 7245 1.2936 0 FAT
1474 1996 -1 7488 1.2975 0 FAT
1474 1997 -1 7945 1.3029 0 FAT
1474 1998 -1 8267 1.3065 0 FAT
1474 1999 -1 8414 1.3076 0 FAT
1474 2000 -1 8414 1.3076 0 FAT
1474 2001 -1 8414 1.3076 0 FAT
1474 2002 -1 8414 1.3076 0 FAT
1474 2003 -1 8908 1.3087 0 FAT
1474 2004 -1 8963 1.3115 0 FAT
1474 2005 -1 9288 1.3147 0 FAT
1474 2006 -1 9297 1.3149 0 FAT
1474 2007 -1 8821 1.3111 0 FAT
1474 2008 -1 8730 1.3106 0 FAT
1474 2009 -1 8741 1.3061 0 FAT
1474 2010 -1 8953 1.3086 0 FAT
1474 2011 -1 8950 1.3089 0 FAT
1474 2012 -1 8244 1.3070 0 FAT
1474 2013 -1 8657 1.3082 0 FAT
1474 2014 -1 9025 1.3127 0 FAT
1474 2015 -1 9106 1.3138 0 FAT
1474 2016 -1 9106 1.3138 0 FAT
1474 2017 -1 9093 1.3136 0 FAT
1474 2018 -1 8863 1.3128 0 FAT
1474 2019 -1 8540 1.3095 0 FAT
1474 2020 -1 8293 1.3075 0 FAT
1474 2021 -1 7888 1.3030 0 FAT
1474 2022 -1 7599 1.2994 0 FAT
1474 2023 -1 7034 1.2965 0 FAT
1474 2024 -1 7034 1.2965 0 FAT
1474 2025 -1 4821 1.2963 0 FAT
1474 2026 -1 4821 1.2963 0 FAT
1474 2027 -1 4821 1.2963 0 FAT
1474 2028 -1 4821 1.2963 0 FAT
1474 2029 -1 4821 1.2963 0 FAT
1474 2030 -1 4821 1.2963 0 FAT
1474 2031 -1 4821 1.2963 0 FAT
1474 2032 -1 4821 1.2963 0 FAT
1474 2033 -1 4821 1.2963 0 FAT
1474 2034 -1 4821 1.2963 0 FAT
1474 2035 -1 5426 1.2964 0 FAT
1474 2036 -1 5426 1.2964 0 FAT
1474 2037 -1 5426 1.2964 0 FAT
1474 2038 -1 5641 1.2963 0 FAT
1474 2039 -1 5911 1.2999 0 FAT
1474 2040 -1 6133 1.3027 0 FAT
1474 2041 -1 6380 1.3056 0 FAT
1474 2042 -1 6440 1.3065 0 FAT
1474 2043 -1 6440 1.3065 0 FAT
1474 2044 -1 6619 1.3065 0 FAT
1474 2045 -1 6903 1.3089 0 FAT
1474 2046 -1 7173 1.3130 0 FAT
1474 2047 -1 7214 1.3135 0 FAT
1474 2048 -1 7354 1.3137 0 FAT
1474 2049 -1 7686 1.3171 0 FAT
1474 2050 -1 7782 1.3185 0 FAT
1474 2051 -1 8047 1.3200 0 FAT
1474 2052 -1 8195 1.3222 0 FAT
1474 2053 -1 8495 1.3247 0 FAT
1474 2054 -1 8495 1.3247 0 FAT
1474 2055 -1 8495 1.3247 0 FAT
1474 2056 -1 8495 1.3247 0 FAT
1474 2057 -1 8495 1.3247 0 FAT
1474 2058 -1 8495 1.3247 0 FAT
1474 2059 -1 8495 1.3247 0 FAT
1474 2060 -1 8495 1.3247 0 FAT
1474 2061 -1 8495 1.3247 0 FAT
1474 2062 -1 8495 1.3247 0 FAT
1474 2063 -1 8495 1.3247 0 FAT
1474 2064 -1 8495 1.3247 0 FAT
1474 2065 -1 8495 1.3247 0 FAT
1474 2066 -1 8495 1.3247 0 FAT
1474 2067 -1 9171 1.3247 0 FAT
1474 2068 -1 9610 1.3264 0 FAT
1474 2069 -1 9888 1.3286 0 FAT
1474 2070 -1 10086 1.3308 0 FAT
1474 2071 -1 10086 1.3308 0 FAT
1474 2072 -1 10486 1.3322 0 FAT
1474 2073 -1 10751 1.3350 0 FAT
1474 2074 -1 10883 1.3351 0 FAT
1474 2075 -1 11232 1.3381 0 FAT
1474 2076 -1 11452 1.3389 0 FAT
1474 2077 -1 11710 1.3406 0 FAT
1474 2078 -1 11992 1.3426 0 FAT
1474 2079 -1 11992 1.3426 0 FAT
1474 2080 -1 11992 1.3426 0 FAT
1474 2081 -1 11992 1.3426 0 FAT
1474 2082 -1 11992 1.3426 0 FAT
1474 2083 -1 11992 1.3426 0 FAT
1474 2084 -1 11992 1.3426 0 FAT
1474 2085 -1 11992 1.3426 0 FAT
1474 2086 -1 11992 1.3426 0 FAT
1474 2087 -1 12622 1.3426 0 FAT
1474 2088 -1 13188 1.3449 0 FAT
1474 2089 -1 13356 1.3463 0 FAT
1474 2090 -1 13677 1.3472 0 FAT
1474 2091 -1 13882 1.3489 0 FAT
1474 2092 -1 14254 1.3508 0 FAT
1474 2093 -1 14513 1.3521 0 FAT
1474 2094 -1 14819 1.3537 0 FAT
1474 2095 -1 14907 1.3543 0 FAT
1474 2096 -1 14907 1.3543 0 FAT
1474 2097 -1 14907 1.3543 0 FAT
1474 2098 -1 14907 1.3543 0 FAT
1474 2099 -1 14907 1.3543 0 FAT
1474 2100 -1 15437 1.3544 0 FAT
1474 2101 -1 15982 1.3567 0 FAT
1474 2102 -1 16231 1.3574 0 FAT
1474 2103 -1 16524 1.3589 0 FAT
1474 2104 -1 16832 1.3605 0 FAT
1474 2105 -1 17021 1.3614 0 FAT
1474 2106 -1 16715 1.3601 0 FAT
1474 2107 -1 16141 1.3583 0 FAT
1474 2108 -1 16141 1.3583 0 FAT
1474 2109 -1 16626 1.3581 0 FAT
1474 2110 -1 16347 1.3571 0 FAT
1474 2111 -1 16661 1.3588 0 FAT
1474 2112 -1 16538 1.3586 0 FAT
1474 2113 -1 16456 1.3580 0 FAT
1474 2114 -1 16154 1.3567 0 FAT
1474 2115 -1 16348 1.3556 0 FAT
1474 2116 -1 15360 1.3553 0 FAT
1474 2117 -1 15614 1.3570 0 FAT
1474 2118 -1 15614 1.3570 0 FAT
1474 2119 -1 16101 1.3583 0 FAT
1474 2120 -1 16370 1.3600 0 FAT
1474 2121 -1 16612 1.3603 0 FAT
1474 2122 -1 16903 1.3622 0 FAT
1474 2123 -1 17186 1.3631 0 FAT
1474 2124 -1 17480 1.3643 0 FAT
1474 2125 -1 17585 1.3646 0 FAT
1474 2126 -1 17562 1.3654 0 FAT
# row j=1474 L=0.409444 n=2127 KILL=0 CYCLE=0 FAT=2127 CAP=0 certified=0 lambda[1.0379,1.3654]
1475 0 -1 17981 1.3667 0 FAT
1475 1 -1 17723 1.3655 0 FAT
1475 2 -1 17480 1.3643 0 FAT
1475 3 -1 17186 1.3631 0 FAT
1475 4 -1 16903 1.3622 0 FAT
1475 5 -1 16612 1.3603 0 FAT
1475 6 -1 16370 1.3600 0 FAT
1475 7 -1 16101 1.3583 0 FAT
1475 8 -1 15614 1.3570 0 FAT
1475 9 -1 15614 1.3570 0 FAT
1475 10 -1 16676 1.3573 0 FAT
1475 11 -1 16710 1.3575 0 FAT
1475 12 -1 16456 1.3580 0 FAT
1475 13 -1 16706 1.3586 0 FAT
1475 14 -1 17034 1.3608 0 FAT
1475 15 -1 16661 1.3588 0 FAT
1475 16 -1 16900 1.3593 0 FAT
1475 17 -1 16798 1.3590 0 FAT
1475 18 -1 16141 1.3583 0 FAT
1475 19 -1 16715 1.3601 0 FAT
1475 20 -1 17021 1.3614 0 FAT
1475 21 -1 17158 1.3623 0 FAT
1475 22 -1 16832 1.3605 0 FAT
1475 23 -1 16524 1.3589 0 FAT
1475 24 -1 16231 1.3574 0 FAT
1475 25 -1 15982 1.3567 0 FAT
1475 26 -1 15437 1.3544 0 FAT
1475 27 -1 14907 1.3543 0 FAT
1475 28 -1 14907 1.3543 0 FAT
1475 29 -1 14907 1.3543 0 FAT
1475 30 -1 14907 1.3543 0 FAT
1475 31 -1 14907 1.3543 0 FAT
1475 32 -1 14819 1.3537 0 FAT
1475 33 -1 14513 1.3521 0 FAT
1475 34 -1 14254 1.3508 0 FAT
1475 35 -1 13882 1.3489 0 FAT
1475 36 -1 13677 1.3472 0 FAT
1475 37 -1 13356 1.3463 0 FAT
1475 38 -1 13188 1.3449 0 FAT
1475 39 -1 12622 1.3426 0 FAT
1475 40 -1 11992 1.3426 0 FAT
1475 41 -1 11992 1.3426 0 FAT
1475 42 -1 11992 1.3426 0 FAT
1475 43 -1 11992 1.3426 0 FAT
1475 44 -1 11992 1.3426 0 FAT
1475 45 -1 11992 1.3426 0 FAT
1475 46 -1 11992 1.3426 0 FAT
1475 47 -1 11992 1.3426 0 FAT
1475 48 -1 11992 1.3426 0 FAT
1475 49 -1 11710 1.3406 0 FAT
1475 50 -1 11452 1.3389 0 FAT
1475 51 -1 11232 1.3381 0 FAT
1475 52 -1 10883 1.3351 0 FAT
1475 53 -1 10751 1.3350 0 FAT
1475 54 -1 10486 1.3322 0 FAT
1475 55 -1 10086 1.3308 0 FAT
1475 56 -1 10086 1.3308 0 FAT
1475 57 -1 9888 1.3286 0 FAT
1475 58 -1 9610 1.3264 0 FAT
1475 59 -1 9171 1.3247 0 FAT
1475 60 -1 8495 1.3247 0 FAT
1475 61 -1 8495 1.3247 0 FAT
1475 62 -1 8495 1.3247 0 FAT
1475 63 -1 8495 1.3247 0 FAT
1475 64 -1 8495 1.3247 0 FAT
1475 65 -1 8495 1.3247 0 FAT
1475 66 -1 8495 1.3247 0 FAT
1475 67 -1 8495 1.3247 0 FAT
1475 68 -1 8495 1.3247 0 FAT
1475 69 -1 8495 1.3247 0 FAT
1475 70 -1 8495 1.3247 0 FAT
1475 71 -1 8495 1.3247 0 FAT
1475 72 -1 8495 1.3247 0 FAT
1475 73 -1 8495 1.3247 0 FAT
1475 74 -1 8195 1.3222 0 FAT
1475 75 -1 8047 1.3200 0 FAT
1475 76 -1 7782 1.3185 0 FAT
1475 77 -1 7686 1.3171 0 FAT
1475 78 -1 7354 1.3137 0 FAT
1475 79 -1 7214 1.3135 0 FAT
1475 80 -1 7173 1.3130 0 FAT
1475 81 -1 6903 1.3089 0 FAT
1475 82 -1 6619 1.3065 0 FAT
1475 83 -1 6440 1.3065 0 FAT
1475 84 -1 6440 1.3065 0 FAT
1475 85 -1 6380 1.3056 0 FAT
1475 86 -1 6133 1.3027 0 FAT
1475 87 -1 5911 1.2999 0 FAT
1475 88 -1 5641 1.2963 0 FAT
1475 89 -1 5426 1.2964 0 FAT
1475 90 -1 5426 1.2964 0 FAT
1475 91 -1 5426 1.2964 0 FAT
1475 92 -1 4821 1.2963 0 FAT
1475 93 -1 4821 1.2963 0 FAT
1475 94 -1 4821 1.2963 0 FAT
1475 95 -1 4821 1.2963 0 FAT
1475 96 -1 4821 1.2963 0 FAT
1475 97 -1 4821 1.2963 0 FAT
1475 98 -1 4821 1.2963 0 FAT
1475 99 -1 4821 1.2963 0 FAT
1475 100 -1 4821 1.2963 0 FAT
1475 101 -1 7034 1.2965 0 FAT
1475 102 -1 7034 1.2965 0 FAT
1475 103 -1 7599 1.2994 0 FAT
1475 104 -1 7888 1.3030 0 FAT
1475 105 -1 8293 1.3075 0 FAT
1475 106 -1 8540 1.3095 0 FAT
1475 107 -1 8863 1.3128 0 FAT
1475 108 -1 9093 1.3136 0 FAT
1475 109 -1 9106 1.3138 0 FAT
1475 110 -1 9106 1.3138 0 FAT
1475 111 -1 9106 1.3138 0 FAT
1475 112 -1 9025 1.3127 0 FAT
1475 113 -1 8657 1.3082 0 FAT
1475 114 -1 8950 1.3089 0 FAT
1475 115 -1 9288 1.3125 0 FAT
1475 116 -1 9126 1.3106 0 FAT
1475 117 -1 9255 1.3115 0 FAT
1475 118 -1 8821 1.3111 0 FAT
1475 119 -1 9297 1.3149 0 FAT
1475 120 -1 9657 1.3178 0 FAT
1475 121 -1 9288 1.3147 0 FAT
1475 122 -1 9378 1.3133 0 FAT
1475 123 -1 8966 1.3095 0 FAT
1475 124 -1 8414 1.3076 0 FAT
1475 125 -1 8414 1.3076 0 FAT
1475 126 -1 8414 1.3076 0 FAT
1475 127 -1 8414 1.3076 0 FAT
1475 128 -1 8267 1.3065 0 FAT
1475 129 -1 7945 1.3029 0 FAT
1475 130 -1 7488 1.2975 0 FAT
1475 131 -1 8118 1.2949 0 FAT
1475 132 -1 7963 1.2943 0 FAT
1475 133 -1 8248 1.2978 0 FAT
1475 134 -1 7539 1.2959 0 FAT
1475 135 -1 8135 1.3016 0 FAT
1475 136 -1 8377 1.3042 0 FAT
1475 137 -1 8377 1.3042 0 FAT
1475 138 -1 8896 1.3070 0 FAT
1475 139 -1 9249 1.3111 0 FAT
1475 140 -1 9187 1.3101 0 FAT
1475 141 -1 8904 1.3086 0 FAT
1475 142 -1 6847 1.3030 0 FAT
1475 143 -1 7256 1.3056 0 FAT
1475 144 -1 7506 1.3087 0 FAT
1475 145 -1 7506 1.3087 0 FAT
1475 146 -1 7506 1.3087 0 FAT
1475 147 -1 7506 1.3087 0 FAT
1475 148 -1 7506 1.3087 0 FAT
1475 149 -1 7506 1.3087 0 FAT
1475 150 -1 7506 1.3087 0 FAT
1475 151 -1 7506 1.3087 0 FAT
1475 152 -1 7506 1.3087 0 FAT
1475 153 -1 7506 1.3087 0 FAT
1475 154 -1 7506 1.3087 0 FAT
1475 155 -1 7506 1.3087 0 FAT
1475 156 -1 7506 1.3087 0 FAT
1475 157 -1 8291 1.3091 0 FAT
1475 158 -1 8649 1.3115 0 FAT
1475 159 -1 8974 1.3146 0 FAT
1475 160 -1 9049 1.3155 0 FAT
1475 161 -1 9333 1.3161 0 FAT
1475 162 -1 9590 1.3189 0 FAT
1475 163 -1 9876 1.3218 0 FAT
1475 164 -1 10143 1.3240 0 FAT
1475 165 -1 10143 1.3240 0 FAT
1475 166 -1 10505 1.3244 0 FAT
1475 167 -1 10858 1.3281 0 FAT
1475 168 -1 11183 1.3304 0 FAT
1475 169 -1 11342 1.3319 0 FAT
1475 170 -1 11745 1.3342 0 FAT
1475 171 -1 11745 1.3342 0 FAT
1475 172 -1 11745 1.3342 0 FAT
1475 173 -1 11745 1.3342 0 FAT
1475 174 -1 12124 1.3338 0 FAT
1475 175 -1 12142 1.3338 0 FAT
1475 176 -1 11870 1.3326 0 FAT
1475 177 -1 12081 1.3332 0 FAT
1475 178 -1 11669 1.3335 0 FAT
1475 179 -1 11669 1.3335 0 FAT
1475 180 -1 11669 1.3335 0 FAT
1475 181 -1 11615 1.3329 0 FAT
1475 182 -1 11318 1.3306 0 FAT
1475 183 -1 10925 1.3283 0 FAT
1475 184 -1 10666 1.3258 0 FAT
1475 185 -1 10303 1.3244 0 FAT
1475 186 -1 10166 1.3232 0 FAT
1475 187 -1 9308 1.3208 0 FAT
1475 188 -1 9308 1.3208 0 FAT
1475 189 -1 9308 1.3208 0 FAT
1475 190 -1 9308 1.3208 0 FAT
1475 191 -1 9308 1.3208 0 FAT
1475 192 -1 9308 1.3208 0 FAT
1475 193 -1 9147 1.3189 0 FAT
1475 194 -1 8914 1.3178 0 FAT
1475 195 -1 8421 1.3147 0 FAT
1475 196 -1 8421 1.3147 0 FAT
1475 197 -1 8090 1.3111 0 FAT
1475 198 -1 9056 1.3086 0 FAT
1475 199 -1 9438 1.3123 0 FAT
1475 200 -1 9249 1.3102 0 FAT
1475 201 -1 8853 1.3050 0 FAT
1475 202 -1 8421 1.3063 0 FAT
1475 203 -1 8781 1.3102 0 FAT
1475 204 -1 9027 1.3132 0 FAT
1475 205 -1 9434 1.3163 0 FAT
1475 206 -1 9547 1.3172 0 FAT
1475 207 -1 9547 1.3172 0 FAT
1475 208 -1 9547 1.3172 0 FAT
1475 209 -1 9547 1.3172 0 FAT
1475 210 -1 10293 1.3194 0 FAT
1475 211 -1 10193 1.3200 0 FAT
1475 212 -1 10518 1.3222 0 FAT
1475 213 -1 10340 1.3206 0 FAT
1475 214 -1 10219 1.3194 0 FAT
1475 215 -1 10577 1.3224 0 FAT
1475 216 -1 10344 1.3212 0 FAT
1475 217 -1 9996 1.3181 0 FAT
1475 218 -1 9343 1.3145 0 FAT
1475 219 -1 9343 1.3145 0 FAT
1475 220 -1 9343 1.3145 0 FAT
1475 221 -1 9804 1.3133 0 FAT
1475 222 -1 9710 1.3116 0 FAT
1475 223 -1 9705 1.3128 0 FAT
1475 224 -1 7122 1.3110 0 FAT
1475 225 -1 7525 1.3147 0 FAT
1475 226 -1 7754 1.3173 0 FAT
1475 227 -1 7754 1.3173 0 FAT
1475 228 -1 8048 1.3185 0 FAT
1475 229 -1 8323 1.3219 0 FAT
1475 230 -1 8534 1.3235 0 FAT
1475 231 -1 8651 1.3247 0 FAT
1475 232 -1 8651 1.3247 0 FAT
1475 233 -1 8651 1.3247 0 FAT
1475 234 -1 8651 1.3247 0 FAT
1475 235 -1 8651 1.3247 0 FAT
1475 236 -1 8651 1.3247 0 FAT
1475 237 -1 8651 1.3247 0 FAT
1475 238 -1 8651 1.3247 0 FAT
1475 239 -1 8651 1.3247 0 FAT
1475 240 -1 8651 1.3247 0 FAT
1475 241 -1 8651 1.3247 0 FAT
1475 242 -1 8651 1.3247 0 FAT
1475 243 -1 8651 1.3247 0 FAT
1475 244 -1 8651 1.3247 0 FAT
1475 245 -1 8651 1.3247 0 FAT
1475 246 -1 8651 1.3247 0 FAT
1475 247 -1 8651 1.3247 0 FAT
1475 248 -1 8651 1.3247 0 FAT
1475 249 -1 8651 1.3247 0 FAT
1475 250 -1 8651 1.3247 0 FAT
1475 251 -1 8651 1.3247 0 FAT
1475 252 -1 8651 1.3247 0 FAT
1475 253 -1 8651 1.3247 0 FAT
1475 254 -1 8651 1.3247 0 FAT
1475 255 -1 8651 1.3247 0 FAT
1475 256 -1 8651 1.3247 0 FAT
1475 257 -1 8651 1.3247 0 FAT
1475 258 -1 8651 1.3247 0 FAT
1475 259 -1 8651 1.3247 0 FAT
1475 260 -1 8651 1.3247 0 FAT
1475 261 -1 8651 1.3247 0 FAT
1475 262 -1 8651 1.3247 0 FAT
1475 263 -1 8651 1.3247 0 FAT
1475 264 -1 8651 1.3247 0 FAT
1475 265 -1 8651 1.3247 0 FAT
1475 266 -1 8651 1.3247 0 FAT
1475 267 -1 8651 1.3247 0 FAT
1475 268 -1 8651 1.3247 0 FAT
1475 269 -1 8651 1.3247 0 FAT
1475 270 -1 8651 1.3247 0 FAT
1475 271 -1 8651 1.3247 0 FAT
1475 272 -1 8651 1.3247 0 FAT
1475 273 -1 8646 1.3246 0 FAT
1475 274 -1 8349 1.3214 0 FAT
1475 275 -1 8147 1.3206 0 FAT
1475 276 -1 7940 1.3181 0 FAT
1475 277 -1 7674 1.3147 0 FAT
1475 278 -1 7452 1.3144 0 FAT
1475 279 -1 7430 1.3142 0 FAT
1475 280 -1 7149 1.3104 0 FAT
1475 281 -1 6914 1.3078 0 FAT
1475 282 -1 6522 1.3061 0 FAT
1475 283 -1 6182 1.3058 0 FAT
1475 284 -1 6182 1.3058 0 FAT
1475 285 -1 6182 1.3058 0 FAT
1475 286 -1 6182 1.3058 0 FAT
1475 287 -1 6182 1.3058 0 FAT
1475 288 -1 6182 1.3058 0 FAT
1475 289 -1 6182 1.3058 0 FAT
1475 290 -1 6182 1.3058 0 FAT
1475 291 -1 6182 1.3058 0 FAT
1475 292 -1 6009 1.3033 0 FAT
1475 293 -1 5669 1.3001 0 FAT
1475 294 -1 5669 1.3001 0 FAT
1475 295 -1 5532 1.2981 0 FAT
1475 296 -1 5301 1.2950 0 FAT
1475 297 -1 5092 1.2908 0 FAT
1475 298 -1 4858 1.2909 0 FAT
1475 299 -1 4858 1.2909 0 FAT
1475 300 -1 4858 1.2909 0 FAT
1475 301 -1 4662 1.2882 0 FAT
1475 302 -1 4382 1.2842 0 FAT
1475 303 -1 4240 1.2805 0 FAT
1475 304 -1 3954 1.2763 2 FAT
1475 305 -1 3809 1.2764 2 FAT
1475 306 -1 3809 1.2764 2 FAT
1475 307 -1 3510 1.2768 2 FAT
1475 308 -1 3510 1.2768 2 FAT
1475 309 -1 3510 1.2768 2 FAT
1475 310 -1 3510 1.2768 2 FAT
1475 311 -1 3510 1.2768 2 FAT
1475 312 -1 3510 1.2768 2 FAT
1475 313 -1 3510 1.2768 2 FAT
1475 314 -1 3510 1.2768 2 FAT
1475 315 -1 3510 1.2768 2 FAT
1475 316 -1 3510 1.2768 2 FAT
1475 317 -1 3510 1.2768 2 FAT
1475 318 -1 3510 1.2768 2 FAT
1475 319 -1 3510 1.2768 2 FAT
1475 320 -1 3441 1.2750 2 FAT
1475 321 -1 3239 1.2714 2 FAT
1475 322 -1 3143 1.2714 2 FAT
1475 323 -1 3143 1.2714 2 FAT
1475 324 -1 3041 1.2699 2 FAT
1475 325 -1 2877 1.2647 2 FAT
1475 326 -1 2777 1.2637 2 FAT
1475 327 -1 2518 1.2535 2 FAT
1475 328 -1 2424 1.2535 2 FAT
1475 329 -1 2318 1.2533 2 FAT
1475 330 -1 2318 1.2533 2 FAT
1475 331 -1 2318 1.2533 2 FAT
1475 332 -1 2275 1.2508 2 FAT
1475 333 -1 2197 1.2507 2 FAT
1475 334 -1 1957 1.2394 2 FAT
1475 335 -1 1886 1.2395 2 FAT
1475 336 -1 1741 1.2311 2 FAT
1475 337 -1 1548 1.2211 2 FAT
1475 338 -1 1466 1.2212 2 FAT
1475 339 -1 1369 1.2211 2 FAT
1475 340 -1 1369 1.2211 2 FAT
1475 341 -1 1369 1.2211 2 FAT
1475 342 -1 1369 1.2211 2 FAT
1475 343 -1 1369 1.2211 2 FAT
1475 344 -1 1192 1.2208 2 FAT
1475 345 -1 1192 1.2208 2 FAT
1475 346 -1 1192 1.2208 2 FAT
1475 347 -1 1192 1.2208 2 FAT
1475 348 -1 1192 1.2208 2 FAT
1475 349 -1 1192 1.2208 2 FAT
1475 350 -1 1192 1.2208 2 FAT
1475 351 -1 1192 1.2208 2 FAT
1475 352 -1 1192 1.2208 2 FAT
1475 353 -1 1192 1.2208 2 FAT
1475 354 -1 1192 1.2208 2 FAT
1475 355 -1 1192 1.2208 2 FAT
1475 356 -1 1192 1.2208 2 FAT
1475 357 -1 1192 1.2208 2 FAT
1475 358 -1 1192 1.2208 2 FAT
1475 359 -1 1192 1.2208 2 FAT
1475 360 -1 1192 1.2208 2 FAT
1475 361 -1 1192 1.2208 2 FAT
1475 362 -1 1192 1.2208 2 FAT
1475 363 -1 1192 1.2208 2 FAT
1475 364 -1 870 1.2207 2 FAT
1475 365 -1 870 1.2207 2 FAT
1475 366 -1 870 1.2207 2 FAT
1475 367 -1 870 1.2207 2 FAT
1475 368 -1 1455 1.2206 2 FAT
1475 369 -1 1455 1.2206 2 FAT
1475 370 -1 1455 1.2206 2 FAT
1475 371 -1 1455 1.2206 2 FAT
1475 372 -1 1455 1.2206 2 FAT
1475 373 -1 1455 1.2206 2 FAT
1475 374 -1 1455 1.2206 2 FAT
1475 375 -1 1455 1.2206 2 FAT
1475 376 -1 1455 1.2206 2 FAT
1475 377 -1 1455 1.2206 2 FAT
1475 378 -1 1455 1.2206 2 FAT
1475 379 -1 1455 1.2206 2 FAT
1475 380 -1 1455 1.2206 2 FAT
1475 381 -1 1455 1.2206 2 FAT
1475 382 -1 1455 1.2206 2 FAT
1475 383 -1 1455 1.2206 2 FAT
1475 384 -1 1455 1.2206 2 FAT
1475 385 -1 1455 1.2206 2 FAT
1475 386 -1 1455 1.2206 2 FAT
1475 387 -1 1718 1.2204 2 FAT
1475 388 -1 1718 1.2204 2 FAT
1475 389 -1 1836 1.2203 2 FAT
1475 390 -1 2033 1.2290 2 FAT
1475 391 -1 2288 1.2385 2 FAT
1475 392 -1 2288 1.2385 2 FAT
1475 393 -1 2639 1.2478 2 FAT
1475 394 -1 2858 1.2540 2 FAT
1475 395 -1 2899 1.2550 2 FAT
1475 396 -1 3031 1.2547 2 FAT
1475 397 -1 3109 1.2578 2 FAT
1475 398 -1 3109 1.2578 2 FAT
1475 399 -1 3109 1.2578 2 FAT
1475 400 -1 3109 1.2578 2 FAT
1475 401 -1 3109 1.2578 2 FAT
1475 402 -1 3319 1.2578 2 FAT
1475 403 -1 3607 1.2634 2 FAT
1475 404 -1 3891 1.2701 2 FAT
1475 405 -1 4012 1.2716 2 FAT
1475 406 -1 4012 1.2716 2 FAT
1475 407 -1 4405 1.2772 0 FAT
1475 408 -1 4666 1.2818 0 FAT
1475 409 -1 4798 1.2841 0 FAT
1475 410 -1 4976 1.2864 0 FAT
1475 411 -1 4976 1.2864 0 FAT
1475 412 -1 5137 1.2869 0 FAT
1475 413 -1 5456 1.2918 0 FAT
1475 414 -1 5456 1.2918 0 FAT
1475 415 -1 5456 1.2918 0 FAT
1475 416 -1 5456 1.2918 0 FAT
1475 417 -1 5456 1.2918 0 FAT
1475 418 -1 5456 1.2918 0 FAT
1475 419 -1 5456 1.2918 0 FAT
1475 420 -1 5456 1.2918 0 FAT
1475 421 -1 5456 1.2918 0 FAT
1475 422 -1 5981 1.2920 0 FAT
1475 423 -1 6299 1.2965 0 FAT
1475 424 -1 6678 1.3009 0 FAT
1475 425 -1 6911 1.3032 0 FAT
1475 426 -1 6977 1.3043 0 FAT
1475 427 -1 6977 1.3043 0 FAT
1475 428 -1 6977 1.3043 0 FAT
1475 429 -1 6977 1.3043 0 FAT
1475 430 -1 6977 1.3043 0 FAT
1475 431 -1 6977 1.3043 0 FAT
1475 432 -1 6977 1.3043 0 FAT
1475 433 -1 6977 1.3043 0 FAT
1475 434 -1 6977 1.3043 0 FAT
1475 435 -1 6977 1.3043 0 FAT
1475 436 -1 6977 1.3043 0 FAT
1475 437 -1 6977 1.3043 0 FAT
1475 438 -1 6977 1.3043 0 FAT
1475 439 -1 6977 1.3043 0 FAT
1475 440 -1 6977 1.3043 0 FAT
1475 441 -1 6977 1.3043 0 FAT
1475 442 -1 6977 1.3043 0 FAT
1475 443 -1 6977 1.3043 0 FAT
1475 444 -1 6642 1.2992 0 FAT
1475 445 -1 6408 1.2970 0 FAT
1475 446 -1 6095 1.2934 0 FAT
1475 447 -1 5871 1.2917 0 FAT
1475 448 -1 5630 1.2882 0 FAT
1475 449 -1 5355 1.2883 0 FAT
1475 450 -1 5355 1.2883 0 FAT
1475 451 -1 5355 1.2883 0 FAT
1475 452 -1 5272 1.2863 0 FAT
1475 453 -1 4986 1.2824 0 FAT
1475 454 -1 4778 1.2807 0 FAT
1475 455 -1 4552 1.2767 0 FAT
1475 456 -1 4223 1.2699 0 FAT
1475 457 -1 5264 1.2689 0 FAT
1475 458 -1 5524 1.2730 0 FAT
1475 459 -1 5136 1.2657 0 FAT
1475 460 -1 5114 1.2715 0 FAT
1475 461 -1 5502 1.2790 0 FAT
1475 462 -1 5780 1.2812 0 FAT
1475 463 -1 5988 1.2850 0 FAT
1475 464 -1 5988 1.2850 0 FAT
1475 465 -1 5988 1.2850 0 FAT
1475 466 -1 6274 1.2854 0 FAT
1475 467 -1 5980 1.2830 0 FAT
1475 468 -1 5980 1.2830 0 FAT
1475 469 -1 5789 1.2794 0 FAT
1475 470 -1 4705 1.2774 0 FAT
1475 471 -1 4705 1.2774 0 FAT
1475 472 -1 4705 1.2774 0 FAT
1475 473 -1 4705 1.2774 0 FAT
1475 474 -1 4705 1.2774 0 FAT
1475 475 -1 4705 1.2774 0 FAT
1475 476 -1 5314 1.2786 0 FAT
1475 477 -1 5674 1.2854 0 FAT
1475 478 -1 5905 1.2879 0 FAT
1475 479 -1 6034 1.2894 0 FAT
1475 480 -1 6034 1.2894 0 FAT
1475 481 -1 6413 1.2916 0 FAT
1475 482 -1 6618 1.2944 0 FAT
1475 483 -1 7045 1.2992 0 FAT
1475 484 -1 7331 1.3024 0 FAT
1475 485 -1 7556 1.3034 0 FAT
1475 486 -1 7885 1.3072 0 FAT
1475 487 -1 7885 1.3072 0 FAT
1475 488 -1 7885 1.3072 0 FAT
1475 489 -1 7885 1.3072 0 FAT
1475 490 -1 8215 1.3071 0 FAT
1475 491 -1 8126 1.3061 0 FAT
1475 492 -1 7947 1.3043 0 FAT
1475 493 -1 8289 1.3082 0 FAT
1475 494 -1 8098 1.3065 0 FAT
1475 495 -1 7860 1.3030 0 FAT
1475 496 -1 7308 1.3025 0 FAT
1475 497 -1 7308 1.3025 0 FAT
1475 498 -1 7308 1.3025 0 FAT
1475 499 -1 7308 1.3025 0 FAT
1475 500 -1 7308 1.3025 0 FAT
1475 501 -1 7217 1.3005 0 FAT
1475 502 -1 6911 1.2977 0 FAT
1475 503 -1 6608 1.2956 0 FAT
1475 504 -1 6591 1.2951 0 FAT
1475 505 -1 6293 1.2912 0 FAT
1475 506 -1 5823 1.2856 0 FAT
1475 507 -1 6771 1.2870 0 FAT
1475 508 -1 6390 1.2855 0 FAT
1475 509 -1 6798 1.2887 0 FAT
1475 510 -1 6994 1.2922 0 FAT
1475 511 -1 6624 1.2884 0 FAT
1475 512 -1 6298 1.2830 0 FAT
1475 513 -1 5458 1.2797 0 FAT
1475 514 -1 6002 1.2828 0 FAT
1475 515 -1 6127 1.2853 0 FAT
1475 516 -1 6528 1.2887 0 FAT
1475 517 -1 6789 1.2934 0 FAT
1475 518 -1 7131 1.2976 0 FAT
1475 519 -1 7131 1.2976 0 FAT
1475 520 -1 7526 1.3004 0 FAT
1475 521 -1 7966 1.3048 0 FAT
1475 522 -1 7798 1.3044 0 FAT
1475 523 -1 7498 1.3008 0 FAT
1475 524 -1 7124 1.2994 0 FAT
1475 525 -1 7124 1.2994 0 FAT
1475 526 -1 6989 1.2981 0 FAT
1475 527 -1 6742 1.2960 0 FAT
1475 528 -1 6353 1.2907 0 FAT
1475 529 -1 6010 1.2871 0 FAT
1475 530 -1 5837 1.2851 0 FAT
1475 531 -1 5176 1.2782 0 FAT
1475 532 -1 4274 1.2784 0 FAT
1475 533 -1 4274 1.2784 0 FAT
1475 534 -1 4274 1.2784 0 FAT
1475 535 -1 4274 1.2784 0 FAT
1475 536 -1 4274 1.2784 0 FAT
1475 537 -1 4274 1.2784 0 FAT
1475 538 -1 4274 1.2784 0 FAT
1475 539 -1 4274 1.2784 0 FAT
1475 540 -1 4274 1.2784 0 FAT
1475 541 -1 4274 1.2784 0 FAT
1475 542 -1 4274 1.2784 0 FAT
1475 543 -1 4274 1.2784 0 FAT
1475 544 -1 4274 1.2784 0 FAT
1475 545 -1 4274 1.2784 0 FAT
1475 546 -1 4274 1.2784 0 FAT
1475 547 -1 4274 1.2784 0 FAT
1475 548 -1 4274 1.2784 0 FAT
1475 549 -1 4274 1.2784 0 FAT
1475 550 -1 4274 1.2784 0 FAT
1475 551 -1 4274 1.2784 0 FAT
1475 552 -1 4274 1.2784 0 FAT
1475 553 -1 4274 1.2784 0 FAT
1475 554 -1 4274 1.2784 0 FAT
1475 555 -1 4274 1.2784 0 FAT
1475 556 -1 4274 1.2784 0 FAT
1475 557 -1 4274 1.2784 0 FAT
1475 558 -1 4274 1.2784 0 FAT
1475 559 -1 4274 1.2784 0 FAT
1475 560 -1 4274 1.2784 0 FAT
1475 561 -1 4274 1.2784 0 FAT
1475 562 -1 4274 1.2784 0 FAT
1475 563 -1 4274 1.2784 0 FAT
1475 564 -1 4076 1.2756 2 FAT
1475 565 -1 3767 1.2692 2 FAT
1475 566 -1 3510 1.2646 2 FAT
1475 567 -1 3205 1.2650 2 FAT
1475 568 -1 3205 1.2650 2 FAT
1475 569 -1 3205 1.2650 2 FAT
1475 570 -1 3205 1.2650 2 FAT
1475 571 -1 4471 1.2650 0 FAT
1475 572 -1 4948 1.2728 0 FAT
1475 573 -1 5301 1.2778 0 FAT
1475 574 -1 5530 1.2823 0 FAT
1475 575 -1 5530 1.2823 0 FAT
1475 576 -1 5525 1.2789 0 FAT
1475 577 -1 5221 1.2781 0 FAT
1475 578 -1 5221 1.2781 0 FAT
1475 579 -1 4986 1.2755 0 FAT
1475 580 -1 4888 1.2742 0 FAT
1475 581 -1 4478 1.2646 0 FAT
1475 582 -1 4184 1.2607 0 FAT
1475 583 -1 3984 1.2566 2 FAT
1475 584 -1 3621 1.2466 2 FAT
1475 585 -1 3278 1.2443 2 FAT
1475 586 -1 3278 1.2443 2 FAT
1475 587 -1 3278 1.2443 2 FAT
1475 588 -1 3278 1.2443 2 FAT
1475 589 -1 3792 1.2457 2 FAT
1475 590 -1 3755 1.2424 2 FAT
1475 591 -1 3377 1.2307 2 FAT
1475 592 -1 2791 1.2133 2 FAT
1475 593 -1 2791 1.2133 2 FAT
1475 594 -1 3070 1.2166 2 FAT
1475 595 -1 2527 1.2123 2 FAT
1475 596 -1 2946 1.2309 2 FAT
1475 597 -1 3341 1.2427 2 FAT
1475 598 -1 3394 1.2446 2 FAT
1475 599 -1 3621 1.2466 2 FAT
1475 600 -1 3952 1.2551 2 FAT
1475 601 -1 4196 1.2613 0 FAT
1475 602 -1 4510 1.2661 0 FAT
1475 603 -1 4510 1.2661 0 FAT
1475 604 -1 4510 1.2661 0 FAT
1475 605 -1 4510 1.2661 0 FAT
1475 606 -1 4510 1.2661 0 FAT
1475 607 -1 4510 1.2661 0 FAT
1475 608 -1 4522 1.2640 0 FAT
1475 609 -1 4522 1.2640 0 FAT
1475 610 -1 4969 1.2676 0 FAT
1475 611 -1 5354 1.2764 0 FAT
1475 612 -1 5435 1.2776 0 FAT
1475 613 -1 5715 1.2842 0 FAT
1475 614 -1 5257 1.2762 0 FAT
1475 615 -1 4966 1.2705 0 FAT
1475 616 -1 4943 1.2684 0 FAT
1475 617 -1 5395 1.2756 0 FAT
1475 618 -1 5443 1.2777 0 FAT
1475 619 -1 5025 1.2715 0 FAT
1475 620 -1 4765 1.2659 0 FAT
1475 621 -1 4262 1.2636 0 FAT
1475 622 -1 2379 1.2638 2 FAT
1475 623 -1 2379 1.2638 2 FAT
1475 624 -1 2379 1.2638 2 FAT
1475 625 -1 2379 1.2638 2 FAT
1475 626 -1 2379 1.2638 2 FAT
1475 627 -1 2379 1.2638 2 FAT
1475 628 -1 2379 1.2638 2 FAT
1475 629 -1 2379 1.2638 2 FAT
1475 630 -1 2379 1.2638 2 FAT
1475 631 -1 2379 1.2638 2 FAT
1475 632 -1 2379 1.2638 2 FAT
1475 633 -1 2379 1.2638 2 FAT
1475 634 -1 2379 1.2638 2 FAT
1475 635 -1 2379 1.2638 2 FAT
1475 636 -1 2379 1.2638 2 FAT
1475 637 -1 2379 1.2638 2 FAT
1475 638 -1 2379 1.2638 2 FAT
1475 639 -1 2669 1.2638 2 FAT
1475 640 -1 2669 1.2638 2 FAT
1475 641 -1 2669 1.2638 2 FAT
1475 642 -1 2669 1.2638 2 FAT
1475 643 -1 2669 1.2638 2 FAT
1475 644 -1 2813 1.2639 2 FAT
1475 645 -1 2919 1.2639 2 FAT
1475 646 -1 3157 1.2718 2 FAT
1475 647 -1 3241 1.2720 2 FAT
1475 648 -1 3457 1.2776 2 FAT
1475 649 -1 3527 1.2797 2 FAT
1475 650 -1 3527 1.2797 2 FAT
1475 651 -1 3628 1.2797 2 FAT
1475 652 -1 3803 1.2829 2 FAT
1475 653 -1 4009 1.2873 2 FAT
1475 654 -1 4036 1.2878 2 FAT
1475 655 -1 4258 1.2902 0 FAT
1475 656 -1 4417 1.2928 0 FAT
1475 657 -1 4472 1.2941 0 FAT
1475 658 -1 4472 1.2941 0 FAT
1475 659 -1 4472 1.2941 0 FAT
1475 660 -1 4472 1.2941 0 FAT
1475 661 -1 4472 1.2941 0 FAT
1475 662 -1 4472 1.2941 0 FAT
1475 663 -1 4472 1.2941 0 FAT
1475 664 -1 4472 1.2941 0 FAT
1475 665 -1 4734 1.2941 0 FAT
1475 666 -1 4734 1.2941 0 FAT
1475 667 -1 4855 1.2940 0 FAT
1475 668 -1 5084 1.2974 0 FAT
1475 669 -1 5312 1.3009 0 FAT
1475 670 -1 5387 1.3008 0 FAT
1475 671 -1 5627 1.3045 0 FAT
1475 672 -1 5820 1.3065 0 FAT
1475 673 -1 5928 1.3085 0 FAT
1475 674 -1 5928 1.3085 0 FAT
1475 675 -1 5928 1.3085 0 FAT
1475 676 -1 5928 1.3085 0 FAT
1475 677 -1 6188 1.3085 0 FAT
1475 678 -1 6437 1.3118 0 FAT
1475 679 -1 6661 1.3138 0 FAT
1475 680 -1 6780 1.3159 0 FAT
1475 681 -1 6780 1.3159 0 FAT
1475 682 -1 7065 1.3176 0 FAT
1475 683 -1 7243 1.3199 0 FAT
1475 684 -1 7487 1.3221 0 FAT
1475 685 -1 7739 1.3247 0 FAT
1475 686 -1 7739 1.3247 0 FAT
1475 687 -1 7739 1.3247 0 FAT
1475 688 -1 7739 1.3247 0 FAT
1475 689 -1 7739 1.3247 0 FAT
1475 690 -1 7739 1.3247 0 FAT
1475 691 -1 7739 1.3247 0 FAT
1475 692 -1 7739 1.3247 0 FAT
1475 693 -1 7739 1.3247 0 FAT
1475 694 -1 7739 1.3247 0 FAT
1475 695 -1 7739 1.3247 0 FAT
1475 696 -1 7739 1.3247 0 FAT
1475 697 -1 7739 1.3247 0 FAT
1475 698 -1 7739 1.3247 0 FAT
1475 699 -1 7739 1.3247 0 FAT
1475 700 -1 7739 1.3247 0 FAT
1475 701 -1 7739 1.3247 0 FAT
1475 702 -1 7739 1.3247 0 FAT
1475 703 -1 7739 1.3247 0 FAT
1475 704 -1 7739 1.3247 0 FAT
1475 705 -1 7739 1.3247 0 FAT
1475 706 -1 7739 1.3247 0 FAT
1475 707 -1 7739 1.3247 0 FAT
1475 708 -1 7739 1.3247 0 FAT
1475 709 -1 7739 1.3247 0 FAT
1475 710 -1 7739 1.3247 0 FAT
1475 711 -1 7739 1.3247 0 FAT
1475 712 -1 7739 1.3247 0 FAT
1475 713 -1 7739 1.3247 0 FAT
1475 714 -1 7739 1.3247 0 FAT
1475 715 -1 7739 1.3247 0 FAT
1475 716 -1 7739 1.3247 0 FAT
1475 717 -1 7739 1.3247 0 FAT
1475 718 -1 7739 1.3247 0 FAT
1475 719 -1 7739 1.3247 0 FAT
1475 720 -1 7739 1.3247 0 FAT
1475 721 -1 7739 1.3247 0 FAT
1475 722 -1 7739 1.3247 0 FAT
1475 723 -1 7739 1.3247 0 FAT
1475 724 -1 7739 1.3247 0 FAT
1475 725 -1 7739 1.3247 0 FAT
1475 726 -1 7739 1.3247 0 FAT
1475 727 -1 7739 1.3247 0 FAT
1475 728 -1 7739 1.3247 0 FAT
1475 729 -1 7739 1.3247 0 FAT
1475 730 -1 7739 1.3247 0 FAT
1475 731 -1 7739 1.3247 0 FAT
1475 732 -1 7739 1.3247 0 FAT
1475 733 -1 7739 1.3247 0 FAT
1475 734 -1 7739 1.3247 0 FAT
1475 735 -1 7739 1.3247 0 FAT
1475 736 -1 7739 1.3247 0 FAT
1475 737 -1 7739 1.3247 0 FAT
1475 738 -1 7739 1.3247 0 FAT
1475 739 -1 7739 1.3247 0 FAT
1475 740 -1 7739 1.3247 0 FAT
1475 741 -1 7739 1.3247 0 FAT
1475 742 -1 7739 1.3247 0 FAT
1475 743 -1 7739 1.3247 0 FAT
1475 744 -1 7739 1.3247 0 FAT
1475 745 -1 7739 1.3247 0 FAT
1475 746 -1 7739 1.3247 0 FAT
1475 747 -1 7739 1.3247 0 FAT
1475 748 -1 7739 1.3247 0 FAT
1475 749 -1 7739 1.3247 0 FAT
1475 750 -1 7739 1.3247 0 FAT
1475 751 -1 7739 1.3247 0 FAT
1475 752 -1 7739 1.3247 0 FAT
1475 753 -1 7739 1.3247 0 FAT
1475 754 -1 7739 1.3247 0 FAT
1475 755 -1 7739 1.3247 0 FAT
1475 756 -1 7739 1.3247 0 FAT
1475 757 -1 7739 1.3247 0 FAT
1475 758 -1 7705 1.3241 0 FAT
1475 759 -1 7446 1.3215 0 FAT
1475 760 -1 7206 1.3199 0 FAT
1475 761 -1 7152 1.3189 0 FAT
1475 762 -1 6937 1.3171 0 FAT
1475 763 -1 6713 1.3137 0 FAT
1475 764 -1 6477 1.3128 0 FAT
1475 765 -1 6337 1.3130 0 FAT
1475 766 -1 6337 1.3130 0 FAT
1475 767 -1 6337 1.3130 0 FAT
1475 768 -1 6274 1.3122 0 FAT
1475 769 -1 6105 1.3104 0 FAT
1475 770 -1 5873 1.3067 0 FAT
1475 771 -1 5664 1.3057 0 FAT
1475 772 -1 5664 1.3057 0 FAT
1475 773 -1 5473 1.3025 0 FAT
1475 774 -1 5319 1.3012 0 FAT
1475 775 -1 5125 1.2977 0 FAT
1475 776 -1 4825 1.2942 0 FAT
1475 777 -1 4734 1.2941 0 FAT
1475 778 -1 4582 1.2940 0 FAT
1475 779 -1 4582 1.2940 0 FAT
1475 780 -1 4328 1.2940 0 FAT
1475 781 -1 4328 1.2940 0 FAT
1475 782 -1 4328 1.2940 0 FAT
1475 783 -1 4328 1.2940 0 FAT
1475 784 -1 4328 1.2940 0 FAT
1475 785 -1 4328 1.2940 0 FAT
1475 786 -1 4328 1.2940 0 FAT
1475 787 -1 4328 1.2940 0 FAT
1475 788 -1 4328 1.2940 0 FAT
1475 789 -1 4328 1.2940 0 FAT
1475 790 -1 4328 1.2940 0 FAT
1475 791 -1 4328 1.2940 0 FAT
1475 792 -1 4328 1.2940 0 FAT
1475 793 -1 4217 1.2919 0 FAT
1475 794 -1 4011 1.2884 2 FAT
1475 795 -1 3950 1.2883 2 FAT
1475 796 -1 3874 1.2869 2 FAT
1475 797 -1 3671 1.2830 2 FAT
1475 798 -1 3557 1.2797 2 FAT
1475 799 -1 3379 1.2757 2 FAT
1475 800 -1 3183 1.2747 2 FAT
1475 801 -1 3183 1.2747 2 FAT
1475 802 -1 3069 1.2745 2 FAT
1475 803 -1 3069 1.2745 2 FAT
1475 804 -1 3069 1.2745 2 FAT
1475 805 -1 3069 1.2745 2 FAT
1475 806 -1 3069 1.2745 2 FAT
1475 807 -1 3002 1.2716 2 FAT
1475 808 -1 2934 1.2719 2 FAT
1475 809 -1 2738 1.2663 2 FAT
1475 810 -1 2549 1.2623 2 FAT
1475 811 -1 2489 1.2624 2 FAT
1475 812 -1 2489 1.2624 2 FAT
1475 813 -1 2466 1.2611 2 FAT
1475 814 -1 2300 1.2563 2 FAT
1475 815 -1 2187 1.2545 2 FAT
1475 816 -1 2117 1.2523 2 FAT
1475 817 -1 1975 1.2467 2 FAT
1475 818 -1 1767 1.2367 2 FAT
1475 819 -1 1701 1.2365 2 FAT
1475 820 -1 1640 1.2364 2 FAT
1475 821 -1 1640 1.2364 2 FAT
1475 822 -1 1547 1.2364 2 FAT
1475 823 -1 1547 1.2364 2 FAT
1475 824 -1 1547 1.2364 2 FAT
1475 825 -1 1547 1.2364 2 FAT
1475 826 -1 1547 1.2364 2 FAT
1475 827 -1 1405 1.2366 2 FAT
1475 828 -1 1405 1.2366 2 FAT
1475 829 -1 1405 1.2366 2 FAT
1475 830 -1 1405 1.2366 2 FAT
1475 831 -1 1405 1.2366 2 FAT
1475 832 -1 1405 1.2366 2 FAT
1475 833 -1 1405 1.2366 2 FAT
1475 834 -1 1405 1.2366 2 FAT
1475 835 -1 1405 1.2366 2 FAT
1475 836 -1 1405 1.2366 2 FAT
1475 837 -1 1405 1.2366 2 FAT
1475 838 -1 1188 1.2367 2 FAT
1475 839 -1 1188 1.2367 2 FAT
1475 840 -1 1188 1.2367 2 FAT
1475 841 -1 1188 1.2367 2 FAT
1475 842 -1 1188 1.2367 2 FAT
1475 843 -1 1188 1.2367 2 FAT
1475 844 -1 1188 1.2367 2 FAT
1475 845 -1 1188 1.2367 2 FAT
1475 846 -1 1188 1.2367 2 FAT
1475 847 -1 1188 1.2367 2 FAT
1475 848 -1 1188 1.2367 2 FAT
1475 849 -1 1188 1.2367 2 FAT
1475 850 -1 1188 1.2367 2 FAT
1475 851 -1 1188 1.2367 2 FAT
1475 852 -1 1188 1.2367 2 FAT
1475 853 -1 1188 1.2367 2 FAT
1475 854 -1 1188 1.2367 2 FAT
1475 855 -1 1188 1.2367 2 FAT
1475 856 -1 1188 1.2367 2 FAT
1475 857 -1 1188 1.2367 2 FAT
1475 858 -1 1188 1.2367 2 FAT
1475 859 -1 1188 1.2367 2 FAT
1475 860 -1 1188 1.2367 2 FAT
1475 861 -1 1188 1.2367 2 FAT
1475 862 -1 1188 1.2367 2 FAT
1475 863 -1 1188 1.2367 2 FAT
1475 864 -1 1188 1.2367 2 FAT
1475 865 -1 1188 1.2367 2 FAT
1475 866 -1 1188 1.2367 2 FAT
1475 867 -1 1188 1.2367 2 FAT
1475 868 -1 1188 1.2367 2 FAT
1475 869 -1 1188 1.2367 2 FAT
1475 870 -1 1188 1.2367 2 FAT
1475 871 -1 1188 1.2367 2 FAT
1475 872 -1 1188 1.2367 2 FAT
1475 873 -1 1188 1.2367 2 FAT
1475 874 -1 1188 1.2367 2 FAT
1475 875 -1 1188 1.2367 2 FAT
1475 876 -1 1188 1.2367 2 FAT
1475 877 -1 1188 1.2367 2 FAT
1475 878 -1 1188 1.2367 2 FAT
1475 879 -1 1188 1.2367 2 FAT
1475 880 -1 1188 1.2367 2 FAT
1475 881 -1 1188 1.2367 2 FAT
1475 882 -1 1188 1.2367 2 FAT
1475 883 -1 1188 1.2367 2 FAT
1475 884 -1 1188 1.2367 2 FAT
1475 885 -1 1188 1.2367 2 FAT
1475 886 -1 1188 1.2367 2 FAT
1475 887 -1 1188 1.2367 2 FAT
1475 888 -1 1094 1.2300 2 FAT
1475 889 -1 993 1.2242 2 FAT
1475 890 -1 972 1.2240 2 FAT
1475 891 -1 942 1.2241 2 FAT
1475 892 -1 942 1.2241 2 FAT
1475 893 -1 881 1.2179 2 FAT
1475 894 -1 807 1.2149 2 FAT
1475 895 -1 792 1.2143 2 FAT
1475 896 -1 721 1.2080 2 FAT
1475 897 -1 598 1.1905 2 FAT
1475 898 -1 557 1.1912 2 FAT
1475 899 -1 557 1.1912 2 FAT
1475 900 -1 530 1.1907 2 FAT
1475 901 -1 530 1.1907 2 FAT
1475 902 -1 530 1.1907 2 FAT
1475 903 -1 492 1.1903 2 FAT
1475 904 -1 492 1.1903 2 FAT
1475 905 -1 492 1.1903 2 FAT
1475 906 -1 492 1.1903 2 FAT
1475 907 -1 492 1.1903 2 FAT
1475 908 -1 492 1.1903 2 FAT
1475 909 -1 492 1.1903 2 FAT
1475 910 -1 438 1.1903 2 FAT
1475 911 -1 438 1.1903 2 FAT
1475 912 -1 438 1.1903 2 FAT
1475 913 -1 438 1.1903 2 FAT
1475 914 -1 438 1.1903 2 FAT
1475 915 -1 438 1.1903 2 FAT
1475 916 -1 438 1.1903 2 FAT
1475 917 -1 438 1.1903 2 FAT
1475 918 -1 438 1.1903 2 FAT
1475 919 -1 438 1.1903 2 FAT
1475 920 -1 438 1.1903 2 FAT
1475 921 -1 438 1.1903 2 FAT
1475 922 -1 438 1.1903 2 FAT
1475 923 -1 438 1.1903 2 FAT
1475 924 -1 438 1.1903 2 FAT
1475 925 -1 438 1.1903 2 FAT
1475 926 -1 438 1.1903 2 FAT
1475 927 -1 438 1.1903 2 FAT
1475 928 -1 438 1.1903 2 FAT
1475 929 -1 438 1.1903 2 FAT
1475 930 -1 438 1.1903 2 FAT
1475 931 -1 390 1.1820 2 FAT
1475 932 -1 302 1.1615 2 FAT
1475 933 -1 281 1.1589 2 FAT
1475 934 -1 270 1.1597 2 FAT
1475 935 -1 255 1.1612 2 FAT
1475 936 -1 255 1.1612 2 FAT
1475 937 -1 255 1.1612 2 FAT
1475 938 -1 255 1.1612 2 FAT
1475 939 -1 234 1.1621 2 FAT
1475 940 -1 234 1.1621 2 FAT
1475 941 -1 234 1.1621 2 FAT
1475 942 -1 234 1.1621 2 FAT
1475 943 -1 234 1.1621 2 FAT
1475 944 -1 234 1.1621 2 FAT
1475 945 -1 234 1.1621 2 FAT
1475 946 -1 908 1.1683 2 FAT
1475 947 -1 1173 1.1949 2 FAT
1475 948 -1 893 1.1566 2 FAT
1475 949 -1 681 1.1464 2 FAT
1475 950 -1 1016 1.1761 2 FAT
1475 951 -1 1021 1.1833 2 FAT
1475 952 -1 1422 1.2178 2 FAT
1475 953 -1 1540 1.2157 2 FAT
1475 954 -1 1660 1.2162 2 FAT
1475 955 -1 1441 1.2044 2 FAT
1475 956 -1 1232 1.2062 2 FAT
1475 957 -1 1437 1.2113 2 FAT
1475 958 -1 1259 1.2032 2 FAT
1475 959 -1 1100 1.1954 2 FAT
1475 960 -1 746 1.1545 2 FAT
1475 961 -1 422 1.1113 2 FAT
1475 962 -1 422 1.1113 2 FAT
1475 963 -1 548 1.1245 2 FAT
1475 964 -1 548 1.1245 2 FAT
1475 965 -1 318 1.0945 2 FAT
1475 966 -1 318 1.0945 2 FAT
1475 967 -1 318 1.0945 2 FAT
1475 968 -1 318 1.0945 2 FAT
1475 969 -1 318 1.0945 2 FAT
1475 970 -1 318 1.0945 2 FAT
1475 971 -1 192 1.0491 2 FAT
1475 972 -1 112 1.0410 2 FAT
1475 973 -1 112 1.0410 2 FAT
1475 974 -1 112 1.0410 2 FAT
1475 975 -1 112 1.0410 2 FAT
1475 976 -1 192 1.0491 2 FAT
1475 977 -1 282 1.0848 2 FAT
1475 978 -1 416 1.1137 2 FAT
1475 979 -1 416 1.1137 2 FAT
1475 980 -1 416 1.1137 2 FAT
1475 981 -1 416 1.1137 2 FAT
1475 982 -1 416 1.1137 2 FAT
1475 983 -1 416 1.1137 2 FAT
1475 984 -1 416 1.1137 2 FAT
1475 985 -1 301 1.0915 2 FAT
1475 986 -1 156 1.0447 2 FAT
1475 987 -1 87 1.0394 2 FAT
1475 988 -1 87 1.0394 2 FAT
1475 989 -1 87 1.0394 2 FAT
1475 990 -1 87 1.0394 2 FAT
1475 991 -1 87 1.0394 2 FAT
1475 992 -1 87 1.0394 2 FAT
1475 993 -1 87 1.0394 2 FAT
1475 994 -1 87 1.0394 2 FAT
1475 995 -1 87 1.0394 2 FAT
1475 996 -1 87 1.0394 2 FAT
1475 997 -1 87 1.0394 2 FAT
1475 998 -1 87 1.0394 2 FAT
1475 999 -1 87 1.0394 2 FAT
1475 1000 -1 87 1.0394 2 FAT
1475 1001 -1 87 1.0394 2 FAT
1475 1002 -1 87 1.0394 2 FAT
1475 1003 -1 87 1.0394 2 FAT
1475 1004 -1 87 1.0394 2 FAT
1475 1005 -1 87 1.0394 2 FAT
1475 1006 -1 87 1.0394 2 FAT
1475 1007 -1 87 1.0394 2 FAT
1475 1008 -1 87 1.0394 2 FAT
1475 1009 -1 156 1.0447 2 FAT
1475 1010 -1 358 1.1037 2 FAT
1475 1011 -1 358 1.1037 2 FAT
1475 1012 -1 358 1.1037 2 FAT
1475 1013 -1 358 1.1037 2 FAT
1475 1014 -1 358 1.1037 2 FAT
1475 1015 -1 358 1.1037 2 FAT
1475 1016 -1 589 1.1313 2 FAT
1475 1017 -1 691 1.1381 2 FAT
1475 1018 -1 691 1.1429 2 FAT
1475 1019 -1 445 1.1195 2 FAT
1475 1020 -1 445 1.1195 2 FAT
1475 1021 -1 445 1.1195 2 FAT
1475 1022 -1 445 1.1195 2 FAT
1475 1023 -1 445 1.1195 2 FAT
1475 1024 -1 445 1.1195 2 FAT
1475 1025 -1 340 1.1028 2 FAT
1475 1026 -1 112 1.0410 2 FAT
1475 1027 -1 112 1.0410 2 FAT
1475 1028 -1 60 1.0379 2 FAT
1475 1029 -1 60 1.0379 2 FAT
1475 1030 -1 60 1.0379 2 FAT
1475 1031 -1 60 1.0379 2 FAT
1475 1032 -1 60 1.0379 2 FAT
1475 1033 -1 60 1.0379 2 FAT
1475 1034 -1 60 1.0379 2 FAT
1475 1035 -1 60 1.0379 2 FAT
1475 1036 -1 60 1.0379 2 FAT
1475 1037 -1 60 1.0379 2 FAT
1475 1038 -1 60 1.0379 2 FAT
1475 1039 -1 60 1.0379 2 FAT
1475 1040 -1 60 1.0379 2 FAT
1475 1041 -1 60 1.0379 2 FAT
1475 1042 -1 60 1.0379 2 FAT
1475 1043 -1 60 1.0379 2 FAT
1475 1044 -1 60 1.0379 2 FAT
1475 1045 -1 60 1.0379 2 FAT
1475 1046 -1 60 1.0379 2 FAT
1475 1047 -1 60 1.0379 2 FAT
1475 1048 -1 60 1.0379 2 FAT
1475 1049 -1 60 1.0379 2 FAT
1475 1050 -1 60 1.0379 2 FAT
1475 1051 -1 60 1.0379 2 FAT
1475 1052 -1 60 1.0379 2 FAT
1475 1053 -1 60 1.0379 2 FAT
1475 1054 -1 60 1.0379 2 FAT
1475 1055 -1 60 1.0379 2 FAT
1475 1056 -1 60 1.0379 2 FAT
1475 1057 -1 60 1.0379 2 FAT
1475 1058 -1 60 1.0379 2 FAT
1475 1059 -1 60 1.0379 2 FAT
1475 1060 -1 60 1.0379 2 FAT
1475 1061 -1 60 1.0379 2 FAT
1475 1062 -1 60 1.0379 2 FAT
1475 1063 -1 60 1.0379 2 FAT
1475 1064 -1 60 1.0379 2 FAT
1475 1065 -1 60 1.0379 2 FAT
1475 1066 -1 60 1.0379 2 FAT
1475 1067 -1 60 1.0379 2 FAT
1475 1068 -1 60 1.0379 2 FAT
1475 1069 -1 60 1.0379 2 FAT
1475 1070 -1 60 1.0379 2 FAT
1475 1071 -1 60 1.0379 2 FAT
1475 1072 -1 60 1.0379 2 FAT
1475 1073 -1 60 1.0379 2 FAT
1475 1074 -1 60 1.0379 2 FAT
1475 1075 -1 60 1.0379 2 FAT
1475 1076 -1 60 1.0379 2 FAT
1475 1077 -1 60 1.0379 2 FAT
1475 1078 -1 60 1.0379 2 FAT
1475 1079 -1 60 1.0379 2 FAT
1475 1080 -1 60 1.0379 2 FAT
1475 1081 -1 60 1.0379 2 FAT
1475 1082 -1 60 1.0379 2 FAT
1475 1083 -1 60 1.0379 2 FAT
1475 1084 -1 60 1.0379 2 FAT
1475 1085 -1 60 1.0379 2 FAT
1475 1086 -1 60 1.0379 2 FAT
1475 1087 -1 60 1.0379 2 FAT
1475 1088 -1 60 1.0379 2 FAT
1475 1089 -1 60 1.0379 2 FAT
1475 1090 -1 60 1.0379 2 FAT
1475 1091 -1 60 1.0379 2 FAT
1475 1092 -1 60 1.0379 2 FAT
1475 1093 -1 60 1.0379 2 FAT
1475 1094 -1 60 1.0379 2 FAT
1475 1095 -1 60 1.0379 2 FAT
1475 1096 -1 60 1.0379 2 FAT
1475 1097 -1 60 1.0379 2 FAT
1475 1098 -1 112 1.0410 2 FAT
1475 1099 -1 112 1.0410 2 FAT
1475 1100 -1 340 1.1028 2 FAT
1475 1101 -1 445 1.1195 2 FAT
1475 1102 -1 445 1.1195 2 FAT
1475 1103 -1 445 1.1195 2 FAT
1475 1104 -1 445 1.1195 2 FAT
1475 1105 -1 445 1.1195 2 FAT
1475 1106 -1 445 1.1195 2 FAT
1475 1107 -1 691 1.1429 2 FAT
1475 1108 -1 691 1.1381 2 FAT
1475 1109 -1 589 1.1313 2 FAT
1475 1110 -1 358 1.1037 2 FAT
1475 1111 -1 358 1.1037 2 FAT
1475 1112 -1 358 1.1037 2 FAT
1475 1113 -1 358 1.1037 2 FAT
1475 1114 -1 358 1.1037 2 FAT
1475 1115 -1 358 1.1037 2 FAT
1475 1116 -1 156 1.0447 2 FAT
1475 1117 -1 87 1.0394 2 FAT
1475 1118 -1 87 1.0394 2 FAT
1475 1119 -1 87 1.0394 2 FAT
1475 1120 -1 87 1.0394 2 FAT
1475 1121 -1 87 1.0394 2 FAT
1475 1122 -1 87 1.0394 2 FAT
1475 1123 -1 87 1.0394 2 FAT
1475 1124 -1 87 1.0394 2 FAT
1475 1125 -1 87 1.0394 2 FAT
1475 1126 -1 87 1.0394 2 FAT
1475 1127 -1 87 1.0394 2 FAT
1475 1128 -1 87 1.0394 2 FAT
1475 1129 -1 87 1.0394 2 FAT
1475 1130 -1 87 1.0394 2 FAT
1475 1131 -1 87 1.0394 2 FAT
1475 1132 -1 87 1.0394 2 FAT
1475 1133 -1 87 1.0394 2 FAT
1475 1134 -1 87 1.0394 2 FAT
1475 1135 -1 87 1.0394 2 FAT
1475 1136 -1 87 1.0394 2 FAT
1475 1137 -1 87 1.0394 2 FAT
1475 1138 -1 87 1.0394 2 FAT
1475 1139 -1 156 1.0447 2 FAT
1475 1140 -1 301 1.0915 2 FAT
1475 1141 -1 416 1.1137 2 FAT
1475 1142 -1 416 1.1137 2 FAT
1475 1143 -1 416 1.1137 2 FAT
1475 1144 -1 416 1.1137 2 FAT
1475 1145 -1 416 1.1137 2 FAT
1475 1146 -1 416 1.1137 2 FAT
1475 1147 -1 416 1.1137 2 FAT
1475 1148 -1 282 1.0848 2 FAT
1475 1149 -1 192 1.0491 2 FAT
1475 1150 -1 112 1.0410 2 FAT
1475 1151 -1 112 1.0410 2 FAT
1475 1152 -1 112 1.0410 2 FAT
1475 1153 -1 112 1.0410 2 FAT
1475 1154 -1 192 1.0491 2 FAT
1475 1155 -1 318 1.0945 2 FAT
1475 1156 -1 318 1.0945 2 FAT
1475 1157 -1 318 1.0945 2 FAT
1475 1158 -1 318 1.0945 2 FAT
1475 1159 -1 318 1.0945 2 FAT
1475 1160 -1 318 1.0945 2 FAT
1475 1161 -1 548 1.1245 2 FAT
1475 1162 -1 548 1.1245 2 FAT
1475 1163 -1 422 1.1113 2 FAT
1475 1164 -1 422 1.1113 2 FAT
1475 1165 -1 746 1.1545 2 FAT
1475 1166 -1 1100 1.1954 2 FAT
1475 1167 -1 1259 1.2032 2 FAT
1475 1168 -1 1437 1.2113 2 FAT
1475 1169 -1 1232 1.2062 2 FAT
1475 1170 -1 1441 1.2044 2 FAT
1475 1171 -1 1660 1.2162 2 FAT
1475 1172 -1 1540 1.2157 2 FAT
1475 1173 -1 1422 1.2178 2 FAT
1475 1174 -1 1021 1.1833 2 FAT
1475 1175 -1 1016 1.1761 2 FAT
1475 1176 -1 681 1.1464 2 FAT
1475 1177 -1 893 1.1566 2 FAT
1475 1178 -1 1173 1.1949 2 FAT
1475 1179 -1 908 1.1683 2 FAT
1475 1180 -1 234 1.1621 2 FAT
1475 1181 -1 234 1.1621 2 FAT
1475 1182 -1 234 1.1621 2 FAT
1475 1183 -1 234 1.1621 2 FAT
1475 1184 -1 234 1.1621 2 FAT
1475 1185 -1 234 1.1621 2 FAT
1475 1186 -1 234 1.1621 2 FAT
1475 1187 -1 255 1.1612 2 FAT
1475 1188 -1 255 1.1612 2 FAT
1475 1189 -1 255 1.1612 2 FAT
1475 1190 -1 255 1.1612 2 FAT
1475 1191 -1 270 1.1597 2 FAT
1475 1192 -1 281 1.1589 2 FAT
1475 1193 -1 302 1.1615 2 FAT
1475 1194 -1 390 1.1820 2 FAT
1475 1195 -1 438 1.1903 2 FAT
1475 1196 -1 438 1.1903 2 FAT
1475 1197 -1 438 1.1903 2 FAT
1475 1198 -1 438 1.1903 2 FAT
1475 1199 -1 438 1.1903 2 FAT
1475 1200 -1 438 1.1903 2 FAT
1475 1201 -1 438 1.1903 2 FAT
1475 1202 -1 438 1.1903 2 FAT
1475 1203 -1 438 1.1903 2 FAT
1475 1204 -1 438 1.1903 2 FAT
1475 1205 -1 438 1.1903 2 FAT
1475 1206 -1 438 1.1903 2 FAT
1475 1207 -1 438 1.1903 2 FAT
1475 1208 -1 438 1.1903 2 FAT
1475 1209 -1 438 1.1903 2 FAT
1475 1210 -1 438 1.1903 2 FAT
1475 1211 -1 438 1.1903 2 FAT
1475 1212 -1 438 1.1903 2 FAT
1475 1213 -1 438 1.1903 2 FAT
1475 1214 -1 438 1.1903 2 FAT
1475 1215 -1 438 1.1903 2 FAT
1475 1216 -1 492 1.1903 2 FAT
1475 1217 -1 492 1.1903 2 FAT
1475 1218 -1 492 1.1903 2 FAT
1475 1219 -1 492 1.1903 2 FAT
1475 1220 -1 492 1.1903 2 FAT
1475 1221 -1 492 1.1903 2 FAT
1475 1222 -1 492 1.1903 2 FAT
1475 1223 -1 530 1.1907 2 FAT
1475 1224 -1 530 1.1907 2 FAT
1475 1225 -1 530 1.1907 2 FAT
1475 1226 -1 557 1.1912 2 FAT
1475 1227 -1 557 1.1912 2 FAT
1475 1228 -1 598 1.1905 2 FAT
1475 1229 -1 721 1.2080 2 FAT
1475 1230 -1 792 1.2143 2 FAT
1475 1231 -1 807 1.2149 2 FAT
1475 1232 -1 881 1.2179 2 FAT
1475 1233 -1 942 1.2241 2 FAT
1475 1234 -1 942 1.2241 2 FAT
1475 1235 -1 972 1.2240 2 FAT
1475 1236 -1 993 1.2242 2 FAT
1475 1237 -1 1094 1.2300 2 FAT
1475 1238 -1 1188 1.2367 2 FAT
1475 1239 -1 1188 1.2367 2 FAT
1475 1240 -1 1188 1.2367 2 FAT
1475 1241 -1 1188 1.2367 2 FAT
1475 1242 -1 1188 1.2367 2 FAT
1475 1243 -1 1188 1.2367 2 FAT
1475 1244 -1 1188 1.2367 2 FAT
1475 1245 -1 1188 1.2367 2 FAT
1475 1246 -1 1188 1.2367 2 FAT
1475 1247 -1 1188 1.2367 2 FAT
1475 1248 -1 1188 1.2367 2 FAT
1475 1249 -1 1188 1.2367 2 FAT
1475 1250 -1 1188 1.2367 2 FAT
1475 1251 -1 1188 1.2367 2 FAT
1475 1252 -1 1188 1.2367 2 FAT
1475 1253 -1 1188 1.2367 2 FAT
1475 1254 -1 1188 1.2367 2 FAT
1475 1255 -1 1188 1.2367 2 FAT
1475 1256 -1 1188 1.2367 2 FAT
1475 1257 -1 1188 1.2367 2 FAT
1475 1258 -1 1188 1.2367 2 FAT
1475 1259 -1 1188 1.2367 2 FAT
1475 1260 -1 1188 1.2367 2 FAT
1475 1261 -1 1188 1.2367 2 FAT
1475 1262 -1 1188 1.2367 2 FAT
1475 1263 -1 1188 1.2367 2 FAT
1475 1264 -1 1188 1.2367 2 FAT
1475 1265 -1 1188 1.2367 2 FAT
1475 1266 -1 1188 1.2367 2 FAT
1475 1267 -1 1188 1.2367 2 FAT
1475 1268 -1 1188 1.2367 2 FAT
1475 1269 -1 1188 1.2367 2 FAT
1475 1270 -1 1188 1.2367 2 FAT
1475 1271 -1 1188 1.2367 2 FAT
1475 1272 -1 1188 1.2367 2 FAT
1475 1273 -1 1188 1.2367 2 FAT
1475 1274 -1 1188 1.2367 2 FAT
1475 1275 -1 1188 1.2367 2 FAT
1475 1276 -1 1188 1.2367 2 FAT
1475 1277 -1 1188 1.2367 2 FAT
1475 1278 -1 1188 1.2367 2 FAT
1475 1279 -1 1188 1.2367 2 FAT
1475 1280 -1 1188 1.2367 2 FAT
1475 1281 -1 1188 1.2367 2 FAT
1475 1282 -1 1188 1.2367 2 FAT
1475 1283 -1 1188 1.2367 2 FAT
1475 1284 -1 1188 1.2367 2 FAT
1475 1285 -1 1188 1.2367 2 FAT
1475 1286 -1 1188 1.2367 2 FAT
1475 1287 -1 1188 1.2367 2 FAT
1475 1288 -1 1405 1.2366 2 FAT
1475 1289 -1 1405 1.2366 2 FAT
1475 1290 -1 1405 1.2366 2 FAT
1475 1291 -1 1405 1.2366 2 FAT
1475 1292 -1 1405 1.2366 2 FAT
1475 1293 -1 1405 1.2366 2 FAT
1475 1294 -1 1405 1.2366 2 FAT
1475 1295 -1 1405 1.2366 2 FAT
1475 1296 -1 1405 1.2366 2 FAT
1475 1297 -1 1405 1.2366 2 FAT
1475 1298 -1 1405 1.2366 2 FAT
1475 1299 -1 1547 1.2364 2 FAT
1475 1300 -1 1547 1.2364 2 FAT
1475 1301 -1 1547 1.2364 2 FAT
1475 1302 -1 1547 1.2364 2 FAT
1475 1303 -1 1547 1.2364 2 FAT
1475 1304 -1 1640 1.2364 2 FAT
1475 1305 -1 1640 1.2364 2 FAT
1475 1306 -1 1701 1.2365 2 FAT
1475 1307 -1 1767 1.2367 2 FAT
1475 1308 -1 1975 1.2467 2 FAT
1475 1309 -1 2117 1.2523 2 FAT
1475 1310 -1 2187 1.2545 2 FAT
1475 1311 -1 2300 1.2563 2 FAT
1475 1312 -1 2466 1.2611 2 FAT
1475 1313 -1 2489 1.2624 2 FAT
1475 1314 -1 2489 1.2624 2 FAT
1475 1315 -1 2549 1.2623 2 FAT
1475 1316 -1 2738 1.2663 2 FAT
1475 1317 -1 2934 1.2719 2 FAT
1475 1318 -1 3002 1.2716 2 FAT
1475 1319 -1 3069 1.2745 2 FAT
1475 1320 -1 3069 1.2745 2 FAT
1475 1321 -1 3069 1.2745 2 FAT
1475 1322 -1 3069 1.2745 2 FAT
1475 1323 -1 3069 1.2745 2 FAT
1475 1324 -1 3183 1.2747 2 FAT
1475 1325 -1 3183 1.2747 2 FAT
1475 1326 -1 3379 1.2757 2 FAT
1475 1327 -1 3557 1.2797 2 FAT
1475 1328 -1 3671 1.2830 2 FAT
1475 1329 -1 3874 1.2869 2 FAT
1475 1330 -1 3950 1.2883 2 FAT
1475 1331 -1 4011 1.2884 2 FAT
1475 1332 -1 4217 1.2919 0 FAT
1475 1333 -1 4328 1.2940 0 FAT
1475 1334 -1 4328 1.2940 0 FAT
1475 1335 -1 4328 1.2940 0 FAT
1475 1336 -1 4328 1.2940 0 FAT
1475 1337 -1 4328 1.2940 0 FAT
1475 1338 -1 4328 1.2940 0 FAT
1475 1339 -1 4328 1.2940 0 FAT
1475 1340 -1 4328 1.2940 0 FAT
1475 1341 -1 4328 1.2940 0 FAT
1475 1342 -1 4328 1.2940 0 FAT
1475 1343 -1 4328 1.2940 0 FAT
1475 1344 -1 4328 1.2940 0 FAT
1475 1345 -1 4328 1.2940 0 FAT
1475 1346 -1 4582 1.2940 0 FAT
1475 1347 -1 4582 1.2940 0 FAT
1475 1348 -1 4734 1.2941 0 FAT
1475 1349 -1 4825 1.2942 0 FAT
1475 1350 -1 5125 1.2977 0 FAT
1475 1351 -1 5319 1.3012 0 FAT
1475 1352 -1 5473 1.3025 0 FAT
1475 1353 -1 5664 1.3057 0 FAT
1475 1354 -1 5664 1.3057 0 FAT
1475 1355 -1 5873 1.3067 0 FAT
1475 1356 -1 6105 1.3104 0 FAT
1475 1357 -1 6274 1.3122 0 FAT
1475 1358 -1 6337 1.3130 0 FAT
1475 1359 -1 6337 1.3130 0 FAT
1475 1360 -1 6337 1.3130 0 FAT
1475 1361 -1 6477 1.3128 0 FAT
1475 1362 -1 6713 1.3137 0 FAT
1475 1363 -1 6937 1.3171 0 FAT
1475 1364 -1 7152 1.3189 0 FAT
1475 1365 -1 7206 1.3199 0 FAT
1475 1366 -1 7446 1.3215 0 FAT
1475 1367 -1 7705 1.3241 0 FAT
1475 1368 -1 7739 1.3247 0 FAT
1475 1369 -1 7739 1.3247 0 FAT
1475 1370 -1 7739 1.3247 0 FAT
1475 1371 -1 7739 1.3247 0 FAT
1475 1372 -1 7739 1.3247 0 FAT
1475 1373 -1 7739 1.3247 0 FAT
1475 1374 -1 7739 1.3247 0 FAT
1475 1375 -1 7739 1.3247 0 FAT
1475 1376 -1 7739 1.3247 0 FAT
1475 1377 -1 7739 1.3247 0 FAT
1475 1378 -1 7739 1.3247 0 FAT
1475 1379 -1 7739 1.3247 0 FAT
1475 1380 -1 7739 1.3247 0 FAT
1475 1381 -1 7739 1.3247 0 FAT
1475 1382 -1 7739 1.3247 0 FAT
1475 1383 -1 7739 1.3247 0 FAT
1475 1384 -1 7739 1.3247 0 FAT
1475 1385 -1 7739 1.3247 0 FAT
1475 1386 -1 7739 1.3247 0 FAT
1475 1387 -1 7739 1.3247 0 FAT
1475 1388 -1 7739 1.3247 0 FAT
1475 1389 -1 7739 1.3247 0 FAT
1475 1390 -1 7739 1.3247 0 FAT
1475 1391 -1 7739 1.3247 0 FAT
1475 1392 -1 7739 1.3247 0 FAT
1475 1393 -1 7739 1.3247 0 FAT
1475 1394 -1 7739 1.3247 0 FAT
1475 1395 -1 7739 1.3247 0 FAT
1475 1396 -1 7739 1.3247 0 FAT
1475 1397 -1 7739 1.3247 0 FAT
1475 1398 -1 7739 1.3247 0 FAT
1475 1399 -1 7739 1.3247 0 FAT
1475 1400 -1 7739 1.3247 0 FAT
1475 1401 -1 7739 1.3247 0 FAT
1475 1402 -1 7739 1.3247 0 FAT
1475 1403 -1 7739 1.3247 0 FAT
1475 1404 -1 7739 1.3247 0 FAT
1475 1405 -1 7739 1.3247 0 FAT
1475 1406 -1 7739 1.3247 0 FAT
1475 1407 -1 7739 1.3247 0 FAT
1475 1408 -1 7739 1.3247 0 FAT
1475 1409 -1 7739 1.3247 0 FAT
1475 1410 -1 7739 1.3247 0 FAT
1475 1411 -1 7739 1.3247 0 FAT
1475 1412 -1 7739 1.3247 0 FAT
1475 1413 -1 7739 1.3247 0 FAT
1475 1414 -1 7739 1.3247 0 FAT
1475 1415 -1 7739 1.3247 0 FAT
1475 1416 -1 7739 1.3247 0 FAT
1475 1417 -1 7739 1.3247 0 FAT
1475 1418 -1 7739 1.3247 0 FAT
1475 1419 -1 7739 1.3247 0 FAT
1475 1420 -1 7739 1.3247 0 FAT
1475 1421 -1 7739 1.3247 0 FAT
1475 1422 -1 7739 1.3247 0 FAT
1475 1423 -1 7739 1.3247 0 FAT
1475 1424 -1 7739 1.3247 0 FAT
1475 1425 -1 7739 1.3247 0 FAT
1475 1426 -1 7739 1.3247 0 FAT
1475 1427 -1 7739 1.3247 0 FAT
1475 1428 -1 7739 1.3247 0 FAT
1475 1429 -1 7739 1.3247 0 FAT
1475 1430 -1 7739 1.3247 0 FAT
1475 1431 -1 7739 1.3247 0 FAT
1475 1432 -1 7739 1.3247 0 FAT
1475 1433 -1 7739 1.3247 0 FAT
1475 1434 -1 7739 1.3247 0 FAT
1475 1435 -1 7739 1.3247 0 FAT
1475 1436 -1 7739 1.3247 0 FAT
1475 1437 -1 7739 1.3247 0 FAT
1475 1438 -1 7739 1.3247 0 FAT
1475 1439 -1 7739 1.3247 0 FAT
1475 1440 -1 7739 1.3247 0 FAT
1475 1441 -1 7487 1.3221 0 FAT
1475 1442 -1 7243 1.3199 0 FAT
1475 1443 -1 7065 1.3176 0 FAT
1475 1444 -1 6780 1.3159 0 FAT
1475 1445 -1 6780 1.3159 0 FAT
1475 1446 -1 6661 1.3138 0 FAT
1475 1447 -1 6437 1.3118 0 FAT
1475 1448 -1 6188 1.3085 0 FAT
1475 1449 -1 5928 1.3085 0 FAT
1475 1450 -1 5928 1.3085 0 FAT
1475 1451 -1 5928 1.3085 0 FAT
1475 1452 -1 5928 1.3085 0 FAT
1475 1453 -1 5820 1.3065 0 FAT
1475 1454 -1 5627 1.3045 0 FAT
1475 1455 -1 5387 1.3008 0 FAT
1475 1456 -1 5312 1.3009 0 FAT
1475 1457 -1 5084 1.2974 0 FAT
1475 1458 -1 4855 1.2940 0 FAT
1475 1459 -1 4734 1.2941 0 FAT
1475 1460 -1 4734 1.2941 0 FAT
1475 1461 -1 4472 1.2941 0 FAT
1475 1462 -1 4472 1.2941 0 FAT
1475 1463 -1 4472 1.2941 0 FAT
1475 1464 -1 4472 1.2941 0 FAT
1475 1465 -1 4472 1.2941 0 FAT
1475 1466 -1 4472 1.2941 0 FAT
1475 1467 -1 4472 1.2941 0 FAT
1475 1468 -1 4472 1.2941 0 FAT
1475 1469 -1 4417 1.2928 0 FAT
1475 1470 -1 4258 1.2902 0 FAT
1475 1471 -1 4036 1.2878 2 FAT
1475 1472 -1 4009 1.2873 2 FAT
1475 1473 -1 3803 1.2829 2 FAT
1475 1474 -1 3628 1.2797 2 FAT
1475 1475 -1 3527 1.2797 2 FAT
1475 1476 -1 3527 1.2797 2 FAT
1475 1477 -1 3457 1.2776 2 FAT
1475 1478 -1 3241 1.2720 2 FAT
1475 1479 -1 3157 1.2718 2 FAT
1475 1480 -1 2919 1.2639 2 FAT
1475 1481 -1 2813 1.2639 2 FAT
1475 1482 -1 2669 1.2638 2 FAT
1475 1483 -1 2669 1.2638 2 FAT
1475 1484 -1 2669 1.2638 2 FAT
1475 1485 -1 2669 1.2638 2 FAT
1475 1486 -1 2669 1.2638 2 FAT
1475 1487 -1 2379 1.2638 2 FAT
1475 1488 -1 2379 1.2638 2 FAT
1475 1489 -1 2379 1.2638 2 FAT
1475 1490 -1 2379 1.2638 2 FAT
1475 1491 -1 2379 1.2638 2 FAT
1475 1492 -1 2379 1.2638 2 FAT
1475 1493 -1 2379 1.2638 2 FAT
1475 1494 -1 2379 1.2638 2 FAT
1475 1495 -1 2379 1.2638 2 FAT
1475 1496 -1 2379 1.2638 2 FAT
1475 1497 -1 2379 1.2638 2 FAT
1475 1498 -1 2379 1.2638 2 FAT
1475 1499 -1 2379 1.2638 2 FAT
1475 1500 -1 2379 1.2638 2 FAT
1475 1501 -1 2379 1.2638 2 FAT
1475 1502 -1 2379 1.2638 2 FAT
1475 1503 -1 2379 1.2638 2 FAT
1475 1504 -1 4262 1.2636 0 FAT
1475 1505 -1 4765 1.2659 0 FAT
1475 1506 -1 5025 1.2715 0 FAT
1475 1507 -1 5443 1.2777 0 FAT
1475 1508 -1 5395 1.2756 0 FAT
1475 1509 -1 4943 1.2684 0 FAT
1475 1510 -1 4966 1.2705 0 FAT
1475 1511 -1 5257 1.2762 0 FAT
1475 1512 -1 5715 1.2842 0 FAT
1475 1513 -1 5435 1.2776 0 FAT
1475 1514 -1 5354 1.2764 0 FAT
1475 1515 -1 4969 1.2676 0 FAT
1475 1516 -1 4522 1.2640 0 FAT
1475 1517 -1 4522 1.2640 0 FAT
1475 1518 -1 4510 1.2661 0 FAT
1475 1519 -1 4510 1.2661 0 FAT
1475 1520 -1 4510 1.2661 0 FAT
1475 1521 -1 4510 1.2661 0 FAT
1475 1522 -1 4510 1.2661 0 FAT
1475 1523 -1 4510 1.2661 0 FAT
1475 1524 -1 4196 1.2613 0 FAT
1475 1525 -1 3952 1.2551 2 FAT
1475 1526 -1 3621 1.2466 2 FAT
1475 1527 -1 3394 1.2446 2 FAT
1475 1528 -1 3341 1.2427 2 FAT
1475 1529 -1 2946 1.2309 2 FAT
1475 1530 -1 2527 1.2123 2 FAT
1475 1531 -1 3070 1.2166 2 FAT
1475 1532 -1 2791 1.2133 2 FAT
1475 1533 -1 2791 1.2133 2 FAT
1475 1534 -1 3377 1.2307 2 FAT
1475 1535 -1 3755 1.2424 2 FAT
1475 1536 -1 3792 1.2457 2 FAT
1475 1537 -1 3278 1.2443 2 FAT
1475 1538 -1 3278 1.2443 2 FAT
1475 1539 -1 3278 1.2443 2 FAT
1475 1540 -1 3278 1.2443 2 FAT
1475 1541 -1 3621 1.2466 2 FAT
1475 1542 -1 3984 1.2566 2 FAT
1475 1543 -1 4184 1.2607 0 FAT
1475 1544 -1 4478 1.2646 0 FAT
1475 1545 -1 4888 1.2742 0 FAT
1475 1546 -1 4986 1.2755 0 FAT
1475 1547 -1 5221 1.2781 0 FAT
1475 1548 -1 5221 1.2781 0 FAT
1475 1549 -1 5525 1.2789 0 FAT
1475 1550 -1 5530 1.2823 0 FAT
1475 1551 -1 5530 1.2823 0 FAT
1475 1552 -1 5301 1.2778 0 FAT
1475 1553 -1 4948 1.2728 0 FAT
1475 1554 -1 4471 1.2650 0 FAT
1475 1555 -1 3205 1.2650 2 FAT
1475 1556 -1 3205 1.2650 2 FAT
1475 1557 -1 3205 1.2650 2 FAT
1475 1558 -1 3205 1.2650 2 FAT
1475 1559 -1 3510 1.2646 2 FAT
1475 1560 -1 3767 1.2692 2 FAT
1475 1561 -1 4076 1.2756 2 FAT
1475 1562 -1 4274 1.2784 0 FAT
1475 1563 -1 4274 1.2784 0 FAT
1475 1564 -1 4274 1.2784 0 FAT
1475 1565 -1 4274 1.2784 0 FAT
1475 1566 -1 4274 1.2784 0 FAT
1475 1567 -1 4274 1.2784 0 FAT
1475 1568 -1 4274 1.2784 0 FAT
1475 1569 -1 4274 1.2784 0 FAT
1475 1570 -1 4274 1.2784 0 FAT
1475 1571 -1 4274 1.2784 0 FAT
1475 1572 -1 4274 1.2784 0 FAT
1475 1573 -1 4274 1.2784 0 FAT
1475 1574 -1 4274 1.2784 0 FAT
1475 1575 -1 4274 1.2784 0 FAT
1475 1576 -1 4274 1.2784 0 FAT
1475 1577 -1 4274 1.2784 0 FAT
1475 1578 -1 4274 1.2784 0 FAT
1475 1579 -1 4274 1.2784 0 FAT
1475 1580 -1 4274 1.2784 0 FAT
1475 1581 -1 4274 1.2784 0 FAT
1475 1582 -1 4274 1.2784 0 FAT
1475 1583 -1 4274 1.2784 0 FAT
1475 1584 -1 4274 1.2784 0 FAT
1475 1585 -1 4274 1.2784 0 FAT
1475 1586 -1 4274 1.2784 0 FAT
1475 1587 -1 4274 1.2784 0 FAT
1475 1588 -1 4274 1.2784 0 FAT
1475 1589 -1 4274 1.2784 0 FAT
1475 1590 -1 4274 1.2784 0 FAT
1475 1591 -1 4274 1.2784 0 FAT
1475 1592 -1 4274 1.2784 0 FAT
1475 1593 -1 4274 1.2784 0 FAT
1475 1594 -1 5176 1.2782 0 FAT
1475 1595 -1 5837 1.2851 0 FAT
1475 1596 -1 6010 1.2871 0 FAT
1475 1597 -1 6353 1.2907 0 FAT
1475 1598 -1 6742 1.2960 0 FAT
1475 1599 -1 6989 1.2981 0 FAT
1475 1600 -1 7124 1.2994 0 FAT
1475 1601 -1 7124 1.2994 0 FAT
1475 1602 -1 7498 1.3008 0 FAT
1475 1603 -1 7798 1.3044 0 FAT
1475 1604 -1 7966 1.3048 0 FAT
1475 1605 -1 7526 1.3004 0 FAT
1475 1606 -1 7131 1.2976 0 FAT
1475 1607 -1 7131 1.2976 0 FAT
1475 1608 -1 6789 1.2934 0 FAT
1475 1609 -1 6528 1.2887 0 FAT
1475 1610 -1 6127 1.2853 0 FAT
1475 1611 -1 6002 1.2828 0 FAT
1475 1612 -1 5458 1.2797 0 FAT
1475 1613 -1 6298 1.2830 0 FAT
1475 1614 -1 6624 1.2884 0 FAT
1475 1615 -1 6994 1.2922 0 FAT
1475 1616 -1 6798 1.2887 0 FAT
1475 1617 -1 6390 1.2855 0 FAT
1475 1618 -1 6771 1.2870 0 FAT
1475 1619 -1 5823 1.2856 0 FAT
1475 1620 -1 6293 1.2912 0 FAT
1475 1621 -1 6591 1.2951 0 FAT
1475 1622 -1 6608 1.2956 0 FAT
1475 1623 -1 6911 1.2977 0 FAT
1475 1624 -1 7217 1.3005 0 FAT
1475 1625 -1 7308 1.3025 0 FAT
1475 1626 -1 7308 1.3025 0 FAT
1475 1627 -1 7308 1.3025 0 FAT
1475 1628 -1 7308 1.3025 0 FAT
1475 1629 -1 7308 1.3025 0 FAT
1475 1630 -1 7860 1.3030 0 FAT
1475 1631 -1 8098 1.3065 0 FAT
1475 1632 -1 8289 1.3082 0 FAT
1475 1633 -1 7947 1.3043 0 FAT
1475 1634 -1 8126 1.3061 0 FAT
1475 1635 -1 8215 1.3071 0 FAT
1475 1636 -1 7885 1.3072 0 FAT
1475 1637 -1 7885 1.3072 0 FAT
1475 1638 -1 7885 1.3072 0 FAT
1475 1639 -1 7885 1.3072 0 FAT
1475 1640 -1 7556 1.3034 0 FAT
1475 1641 -1 7331 1.3024 0 FAT
1475 1642 -1 7045 1.2992 0 FAT
1475 1643 -1 6618 1.2944 0 FAT
1475 1644 -1 6413 1.2916 0 FAT
1475 1645 -1 6034 1.2894 0 FAT
1475 1646 -1 6034 1.2894 0 FAT
1475 1647 -1 5905 1.2879 0 FAT
1475 1648 -1 5674 1.2854 0 FAT
1475 1649 -1 5314 1.2786 0 FAT
1475 1650 -1 4705 1.2774 0 FAT
1475 1651 -1 4705 1.2774 0 FAT
1475 1652 -1 4705 1.2774 0 FAT
1475 1653 -1 4705 1.2774 0 FAT
1475 1654 -1 4705 1.2774 0 FAT
1475 1655 -1 4705 1.2774 0 FAT
1475 1656 -1 5789 1.2794 0 FAT
1475 1657 -1 5980 1.2830 0 FAT
1475 1658 -1 5980 1.2830 0 FAT
1475 1659 -1 6274 1.2854 0 FAT
1475 1660 -1 5988 1.2850 0 FAT
1475 1661 -1 5988 1.2850 0 FAT
1475 1662 -1 5988 1.2850 0 FAT
1475 1663 -1 5780 1.2812 0 FAT
1475 1664 -1 5502 1.2790 0 FAT
1475 1665 -1 5114 1.2715 0 FAT
1475 1666 -1 5136 1.2657 0 FAT
1475 1667 -1 5524 1.2730 0 FAT
1475 1668 -1 5264 1.2689 0 FAT
1475 1669 -1 4223 1.2699 0 FAT
1475 1670 -1 4552 1.2767 0 FAT
1475 1671 -1 4778 1.2807 0 FAT
1475 1672 -1 4986 1.2824 0 FAT
1475 1673 -1 5272 1.2863 0 FAT
1475 1674 -1 5355 1.2883 0 FAT
1475 1675 -1 5355 1.2883 0 FAT
1475 1676 -1 5355 1.2883 0 FAT
1475 1677 -1 5630 1.2882 0 FAT
1475 1678 -1 5871 1.2917 0 FAT
1475 1679 -1 6095 1.2934 0 FAT
1475 1680 -1 6408 1.2970 0 FAT
1475 1681 -1 6642 1.2992 0 FAT
1475 1682 -1 6977 1.3043 0 FAT
1475 1683 -1 6977 1.3043 0 FAT
1475 1684 -1 6977 1.3043 0 FAT
1475 1685 -1 6977 1.3043 0 FAT
1475 1686 -1 6977 1.3043 0 FAT
1475 1687 -1 6977 1.3043 0 FAT
1475 1688 -1 6977 1.3043 0 FAT
1475 1689 -1 6977 1.3043 0 FAT
1475 1690 -1 6977 1.3043 0 FAT
1475 1691 -1 6977 1.3043 0 FAT
1475 1692 -1 6977 1.3043 0 FAT
1475 1693 -1 6977 1.3043 0 FAT
1475 1694 -1 6977 1.3043 0 FAT
1475 1695 -1 6977 1.3043 0 FAT
1475 1696 -1 6977 1.3043 0 FAT
1475 1697 -1 6977 1.3043 0 FAT
1475 1698 -1 6977 1.3043 0 FAT
1475 1699 -1 6977 1.3043 0 FAT
1475 1700 -1 6911 1.3032 0 FAT
1475 1701 -1 6678 1.3009 0 FAT
1475 1702 -1 6299 1.2965 0 FAT
1475 1703 -1 5981 1.2920 0 FAT
1475 1704 -1 5456 1.2918 0 FAT
1475 1705 -1 5456 1.2918 0 FAT
1475 1706 -1 5456 1.2918 0 FAT
1475 1707 -1 5456 1.2918 0 FAT
1475 1708 -1 5456 1.2918 0 FAT
1475 1709 -1 5456 1.2918 0 FAT
1475 1710 -1 5456 1.2918 0 FAT
1475 1711 -1 5456 1.2918 0 FAT
1475 1712 -1 5456 1.2918 0 FAT
1475 1713 -1 5137 1.2869 0 FAT
1475 1714 -1 4976 1.2864 0 FAT
1475 1715 -1 4976 1.2864 0 FAT
1475 1716 -1 4798 1.2841 0 FAT
1475 1717 -1 4666 1.2818 0 FAT
1475 1718 -1 4405 1.2772 0 FAT
1475 1719 -1 4012 1.2716 2 FAT
1475 1720 -1 4012 1.2716 2 FAT
1475 1721 -1 3891 1.2701 2 FAT
1475 1722 -1 3607 1.2634 2 FAT
1475 1723 -1 3319 1.2578 2 FAT
1475 1724 -1 3109 1.2578 2 FAT
1475 1725 -1 3109 1.2578 2 FAT
1475 1726 -1 3109 1.2578 2 FAT
1475 1727 -1 3109 1.2578 2 FAT
1475 1728 -1 3109 1.2578 2 FAT
1475 1729 -1 3031 1.2547 2 FAT
1475 1730 -1 2899 1.2550 2 FAT
1475 1731 -1 2858 1.2540 2 FAT
1475 1732 -1 2639 1.2478 2 FAT
1475 1733 -1 2288 1.2385 2 FAT
1475 1734 -1 2288 1.2385 2 FAT
1475 1735 -1 2033 1.2290 2 FAT
1475 1736 -1 1836 1.2203 2 FAT
1475 1737 -1 1718 1.2204 2 FAT
1475 1738 -1 1718 1.2204 2 FAT
1475 1739 -1 1455 1.2206 2 FAT
1475 1740 -1 1455 1.2206 2 FAT
1475 1741 -1 1455 1.2206 2 FAT
1475 1742 -1 1455 1.2206 2 FAT
1475 1743 -1 1455 1.2206 2 FAT
1475 1744 -1 1455 1.2206 2 FAT
1475 1745 -1 1455 1.2206 2 FAT
1475 1746 -1 1455 1.2206 2 FAT
1475 1747 -1 1455 1.2206 2 FAT
1475 1748 -1 1455 1.2206 2 FAT
1475 1749 -1 1455 1.2206 2 FAT
1475 1750 -1 1455 1.2206 2 FAT
1475 1751 -1 1455 1.2206 2 FAT
1475 1752 -1 1455 1.2206 2 FAT
1475 1753 -1 1455 1.2206 2 FAT
1475 1754 -1 1455 1.2206 2 FAT
1475 1755 -1 1455 1.2206 2 FAT
1475 1756 -1 1455 1.2206 2 FAT
1475 1757 -1 1455 1.2206 2 FAT
1475 1758 -1 870 1.2207 2 FAT
1475 1759 -1 870 1.2207 2 FAT
1475 1760 -1 870 1.2207 2 FAT
1475 1761 -1 870 1.2207 2 FAT
1475 1762 -1 1192 1.2208 2 FAT
1475 1763 -1 1192 1.2208 2 FAT
1475 1764 -1 1192 1.2208 2 FAT
1475 1765 -1 1192 1.2208 2 FAT
1475 1766 -1 1192 1.2208 2 FAT
1475 1767 -1 1192 1.2208 2 FAT
1475 1768 -1 1192 1.2208 2 FAT
1475 1769 -1 1192 1.2208 2 FAT
1475 1770 -1 1192 1.2208 2 FAT
1475 1771 -1 1192 1.2208 2 FAT
1475 1772 -1 1192 1.2208 2 FAT
1475 1773 -1 1192 1.2208 2 FAT
1475 1774 -1 1192 1.2208 2 FAT
1475 1775 -1 1192 1.2208 2 FAT
1475 1776 -1 1192 1.2208 2 FAT
1475 1777 -1 1192 1.2208 2 FAT
1475 1778 -1 1192 1.2208 2 FAT
1475 1779 -1 1192 1.2208 2 FAT
1475 1780 -1 1192 1.2208 2 FAT
1475 1781 -1 1192 1.2208 2 FAT
1475 1782 -1 1369 1.2211 2 FAT
1475 1783 -1 1369 1.2211 2 FAT
1475 1784 -1 1369 1.2211 2 FAT
1475 1785 -1 1369 1.2211 2 FAT
1475 1786 -1 1369 1.2211 2 FAT
1475 1787 -1 1466 1.2212 2 FAT
1475 1788 -1 1548 1.2211 2 FAT
1475 1789 -1 1741 1.2311 2 FAT
1475 1790 -1 1886 1.2395 2 FAT
1475 1791 -1 1957 1.2394 2 FAT
1475 1792 -1 2197 1.2507 2 FAT
1475 1793 -1 2275 1.2508 2 FAT
1475 1794 -1 2318 1.2533 2 FAT
1475 1795 -1 2318 1.2533 2 FAT
1475 1796 -1 2318 1.2533 2 FAT
1475 1797 -1 2424 1.2535 2 FAT
1475 1798 -1 2518 1.2535 2 FAT
1475 1799 -1 2777 1.2637 2 FAT
1475 1800 -1 2877 1.2647 2 FAT
1475 1801 -1 3041 1.2699 2 FAT
1475 1802 -1 3143 1.2714 2 FAT
1475 1803 -1 3143 1.2714 2 FAT
1475 1804 -1 3239 1.2714 2 FAT
1475 1805 -1 3441 1.2750 2 FAT
1475 1806 -1 3510 1.2768 2 FAT
1475 1807 -1 3510 1.2768 2 FAT
1475 1808 -1 3510 1.2768 2 FAT
1475 1809 -1 3510 1.2768 2 FAT
1475 1810 -1 3510 1.2768 2 FAT
1475 1811 -1 3510 1.2768 2 FAT
1475 1812 -1 3510 1.2768 2 FAT
1475 1813 -1 3510 1.2768 2 FAT
1475 1814 -1 3510 1.2768 2 FAT
1475 1815 -1 3510 1.2768 2 FAT
1475 1816 -1 3510 1.2768 2 FAT
1475 1817 -1 3510 1.2768 2 FAT
1475 1818 -1 3510 1.2768 2 FAT
1475 1819 -1 3809 1.2764 2 FAT
1475 1820 -1 3809 1.2764 2 FAT
1475 1821 -1 3954 1.2763 2 FAT
1475 1822 -1 4240 1.2805 0 FAT
1475 1823 -1 4382 1.2842 0 FAT
1475 1824 -1 4662 1.2882 0 FAT
1475 1825 -1 4858 1.2909 0 FAT
1475 1826 -1 4858 1.2909 0 FAT
1475 1827 -1 4858 1.2909 0 FAT
1475 1828 -1 5092 1.2908 0 FAT
1475 1829 -1 5301 1.2950 0 FAT
1475 1830 -1 5532 1.2981 0 FAT
1475 1831 -1 5669 1.3001 0 FAT
1475 1832 -1 5669 1.3001 0 FAT
1475 1833 -1 6009 1.3033 0 FAT
1475 1834 -1 6182 1.3058 0 FAT
1475 1835 -1 6182 1.3058 0 FAT
1475 1836 -1 6182 1.3058 0 FAT
1475 1837 -1 6182 1.3058 0 FAT
1475 1838 -1 6182 1.3058 0 FAT
1475 1839 -1 6182 1.3058 0 FAT
1475 1840 -1 6182 1.3058 0 FAT
1475 1841 -1 6182 1.3058 0 FAT
1475 1842 -1 6182 1.3058 0 FAT
1475 1843 -1 6522 1.3061 0 FAT
1475 1844 -1 6914 1.3078 0 FAT
1475 1845 -1 7149 1.3104 0 FAT
1475 1846 -1 7430 1.3142 0 FAT
1475 1847 -1 7452 1.3144 0 FAT
1475 1848 -1 7674 1.3147 0 FAT
1475 1849 -1 7940 1.3181 0 FAT
1475 1850 -1 8147 1.3206 0 FAT
1475 1851 -1 8349 1.3214 0 FAT
1475 1852 -1 8646 1.3246 0 FAT
1475 1853 -1 8651 1.3247 0 FAT
1475 1854 -1 8651 1.3247 0 FAT
1475 1855 -1 8651 1.3247 0 FAT
1475 1856 -1 8651 1.3247 0 FAT
1475 1857 -1 8651 1.3247 0 FAT
1475 1858 -1 8651 1.3247 0 FAT
1475 1859 -1 8651 1.3247 0 FAT
1475 1860 -1 8651 1.3247 0 FAT
1475 1861 -1 8651 1.3247 0 FAT
1475 1862 -1 8651 1.3247 0 FAT
1475 1863 -1 8651 1.3247 0 FAT
1475 1864 -1 8651 1.3247 0 FAT
1475 1865 -1 8651 1.3247 0 FAT
1475 1866 -1 8651 1.3247 0 FAT
1475 1867 -1 8651 1.3247 0 FAT
1475 1868 -1 8651 1.3247 0 FAT
1475 1869 -1 8651 1.3247 0 FAT
1475 1870 -1 8651 1.3247 0 FAT
1475 1871 -1 8651 1.3247 0 FAT
1475 1872 -1 8651 1.3247 0 FAT
1475 1873 -1 8651 1.3247 0 FAT
1475 1874 -1 8651 1.3247 0 FAT
1475 1875 -1 8651 1.3247 0 FAT
1475 1876 -1 8651 1.3247 0 FAT
1475 1877 -1 8651 1.3247 0 FAT
1475 1878 -1 8651 1.3247 0 FAT
1475 1879 -1 8651 1.3247 0 FAT
1475 1880 -1 8651 1.3247 0 FAT
1475 1881 -1 8651 1.3247 0 FAT
1475 1882 -1 8651 1.3247 0 FAT
1475 1883 -1 8651 1.3247 0 FAT
1475 1884 -1 8651 1.3247 0 FAT
1475 1885 -1 8651 1.3247 0 FAT
1475 1886 -1 8651 1.3247 0 FAT
1475 1887 -1 8651 1.3247 0 FAT
1475 1888 -1 8651 1.3247 0 FAT
1475 1889 -1 8651 1.3247 0 FAT
1475 1890 -1 8651 1.3247 0 FAT
1475 1891 -1 8651 1.3247 0 FAT
1475 1892 -1 8651 1.3247 0 FAT
1475 1893 -1 8651 1.3247 0 FAT
1475 1894 -1 8651 1.3247 0 FAT
1475 1895 -1 8534 1.3235 0 FAT
1475 1896 -1 8323 1.3219 0 FAT
1475 1897 -1 8048 1.3185 0 FAT
1475 1898 -1 7754 1.3173 0 FAT
1475 1899 -1 7754 1.3173 0 FAT
1475 1900 -1 7525 1.3147 0 FAT
1475 1901 -1 7122 1.3110 0 FAT
1475 1902 -1 9705 1.3128 0 FAT
1475 1903 -1 9710 1.3116 0 FAT
1475 1904 -1 9804 1.3133 0 FAT
1475 1905 -1 9343 1.3145 0 FAT
1475 1906 -1 9343 1.3145 0 FAT
1475 1907 -1 9343 1.3145 0 FAT
1475 1908 -1 9996 1.3181 0 FAT
1475 1909 -1 10344 1.3212 0 FAT
1475 1910 -1 10577 1.3224 0 FAT
1475 1911 -1 10219 1.3194 0 FAT
1475 1912 -1 10340 1.3206 0 FAT
1475 1913 -1 10518 1.3222 0 FAT
1475 1914 -1 10193 1.3200 0 FAT
1475 1915 -1 10293 1.3194 0 FAT
1475 1916 -1 9547 1.3172 0 FAT
1475 1917 -1 9547 1.3172 0 FAT
1475 1918 -1 9547 1.3172 0 FAT
1475 1919 -1 9547 1.3172 0 FAT
1475 1920 -1 9434 1.3163 0 FAT
1475 1921 -1 9027 1.3132 0 FAT
1475 1922 -1 8781 1.3102 0 FAT
1475 1923 -1 8421 1.3063 0 FAT
1475 1924 -1 8853 1.3050 0 FAT
1475 1925 -1 9249 1.3102 0 FAT
1475 1926 -1 9438 1.3123 0 FAT
1475 1927 -1 9056 1.3086 0 FAT
1475 1928 -1 8090 1.3111 0 FAT
1475 1929 -1 8421 1.3147 0 FAT
1475 1930 -1 8421 1.3147 0 FAT
1475 1931 -1 8914 1.3178 0 FAT
1475 1932 -1 9147 1.3189 0 FAT
1475 1933 -1 9308 1.3208 0 FAT
1475 1934 -1 9308 1.3208 0 FAT
1475 1935 -1 9308 1.3208 0 FAT
1475 1936 -1 9308 1.3208 0 FAT
1475 1937 -1 9308 1.3208 0 FAT
1475 1938 -1 9308 1.3208 0 FAT
1475 1939 -1 10166 1.3232 0 FAT
1475 1940 -1 10303 1.3244 0 FAT
1475 1941 -1 10666 1.3258 0 FAT
1475 1942 -1 10925 1.3283 0 FAT
1475 1943 -1 11318 1.3306 0 FAT
1475 1944 -1 11615 1.3329 0 FAT
1475 1945 -1 11669 1.3335 0 FAT
1475 1946 -1 11669 1.3335 0 FAT
1475 1947 -1 11669 1.3335 0 FAT
1475 1948 -1 12081 1.3332 0 FAT
1475 1949 -1 11870 1.3326 0 FAT
1475 1950 -1 12142 1.3338 0 FAT
1475 1951 -1 12124 1.3338 0 FAT
1475 1952 -1 11745 1.3342 0 FAT
1475 1953 -1 11745 1.3342 0 FAT
1475 1954 -1 11745 1.3342 0 FAT
1475 1955 -1 11745 1.3342 0 FAT
1475 1956 -1 11342 1.3319 0 FAT
1475 1957 -1 11183 1.3304 0 FAT
1475 1958 -1 10858 1.3281 0 FAT
1475 1959 -1 10505 1.3244 0 FAT
1475 1960 -1 10143 1.3240 0 FAT
1475 1961 -1 10143 1.3240 0 FAT
1475 1962 -1 9876 1.3218 0 FAT
1475 1963 -1 9590 1.3189 0 FAT
1475 1964 -1 9333 1.3161 0 FAT
1475 1965 -1 9049 1.3155 0 FAT
1475 1966 -1 8974 1.3146 0 FAT
1475 1967 -1 8649 1.3115 0 FAT
1475 1968 -1 8291 1.3091 0 FAT
1475 1969 -1 7506 1.3087 0 FAT
1475 1970 -1 7506 1.3087 0 FAT
1475 1971 -1 7506 1.3087 0 FAT
1475 1972 -1 7506 1.3087 0 FAT
1475 1973 -1 7506 1.3087 0 FAT
1475 1974 -1 7506 1.3087 0 FAT
1475 1975 -1 7506 1.3087 0 FAT
1475 1976 -1 7506 1.3087 0 FAT
1475 1977 -1 7506 1.3087 0 FAT
1475 1978 -1 7506 1.3087 0 FAT
1475 1979 -1 7506 1.3087 0 FAT
1475 1980 -1 7506 1.3087 0 FAT
1475 1981 -1 7506 1.3087 0 FAT
1475 1982 -1 7256 1.3056 0 FAT
1475 1983 -1 6847 1.3030 0 FAT
1475 1984 -1 8904 1.3086 0 FAT
1475 1985 -1 9187 1.3101 0 FAT
1475 1986 -1 9249 1.3111 0 FAT
1475 1987 -1 8896 1.3070 0 FAT
1475 1988 -1 8377 1.3042 0 FAT
1475 1989 -1 8377 1.3042 0 FAT
1475 1990 -1 8135 1.3016 0 FAT
1475 1991 -1 7539 1.2959 0 FAT
1475 1992 -1 8248 1.2978 0 FAT
1475 1993 -1 7963 1.2943 0 FAT
1475 1994 -1 8118 1.2949 0 FAT
1475 1995 -1 7488 1.2975 0 FAT
1475 1996 -1 7945 1.3029 0 FAT
1475 1997 -1 8267 1.3065 0 FAT
1475 1998 -1 8414 1.3076 0 FAT
1475 1999 -1 8414 1.3076 0 FAT
1475 2000 -1 8414 1.3076 0 FAT
1475 2001 -1 8414 1.3076 0 FAT
1475 2002 -1 8966 1.3095 0 FAT
1475 2003 -1 9378 1.3133 0 FAT
1475 2004 -1 9288 1.3147 0 FAT
1475 2005 -1 9657 1.3178 0 FAT
1475 2006 -1 9297 1.3149 0 FAT
1475 2007 -1 8821 1.3111 0 FAT
1475 2008 -1 9255 1.3115 0 FAT
1475 2009 -1 9126 1.3106 0 FAT
1475 2010 -1 9288 1.3125 0 FAT
1475 2011 -1 8950 1.3089 0 FAT
1475 2012 -1 8657 1.3082 0 FAT
1475 2013 -1 9025 1.3127 0 FAT
1475 2014 -1 9106 1.3138 0 FAT
1475 2015 -1 9106 1.3138 0 FAT
1475 2016 -1 9106 1.3138 0 FAT
1475 2017 -1 9093 1.3136 0 FAT
1475 2018 -1 8863 1.3128 0 FAT
1475 2019 -1 8540 1.3095 0 FAT
1475 2020 -1 8293 1.3075 0 FAT
1475 2021 -1 7888 1.3030 0 FAT
1475 2022 -1 7599 1.2994 0 FAT
1475 2023 -1 7034 1.2965 0 FAT
1475 2024 -1 7034 1.2965 0 FAT
1475 2025 -1 4821 1.2963 0 FAT
1475 2026 -1 4821 1.2963 0 FAT
1475 2027 -1 4821 1.2963 0 FAT
1475 2028 -1 4821 1.2963 0 FAT
1475 2029 -1 4821 1.2963 0 FAT
1475 2030 -1 4821 1.2963 0 FAT
1475 2031 -1 4821 1.2963 0 FAT
1475 2032 -1 4821 1.2963 0 FAT
1475 2033 -1 4821 1.2963 0 FAT
1475 2034 -1 5426 1.2964 0 FAT
1475 2035 -1 5426 1.2964 0 FAT
1475 2036 -1 5426 1.2964 0 FAT
1475 2037 -1 5641 1.2963 0 FAT
1475 2038 -1 5911 1.2999 0 FAT
1475 2039 -1 6133 1.3027 0 FAT
1475 2040 -1 6380 1.3056 0 FAT
1475 2041 -1 6440 1.3065 0 FAT
1475 2042 -1 6440 1.3065 0 FAT
1475 2043 -1 6619 1.3065 0 FAT
1475 2044 -1 6903 1.3089 0 FAT
1475 2045 -1 7173 1.3130 0 FAT
1475 2046 -1 7214 1.3135 0 FAT
1475 2047 -1 7354 1.3137 0 FAT
1475 2048 -1 7686 1.3171 0 FAT
1475 2049 -1 7782 1.3185 0 FAT
1475 2050 -1 8047 1.3200 0 FAT
1475 2051 -1 8195 1.3222 0 FAT
1475 2052 -1 8495 1.3247 0 FAT
1475 2053 -1 8495 1.3247 0 FAT
1475 2054 -1 8495 1.3247 0 FAT
1475 2055 -1 8495 1.3247 0 FAT
1475 2056 -1 8495 1.3247 0 FAT
1475 2057 -1 8495 1.3247 0 FAT
1475 2058 -1 8495 1.3247 0 FAT
1475 2059 -1 8495 1.3247 0 FAT
1475 2060 -1 8495 1.3247 0 FAT
1475 2061 -1 8495 1.3247 0 FAT
1475 2062 -1 8495 1.3247 0 FAT
1475 2063 -1 8495 1.3247 0 FAT
1475 2064 -1 8495 1.3247 0 FAT
1475 2065 -1 8495 1.3247 0 FAT
1475 2066 -1 9171 1.3247 0 FAT
1475 2067 -1 9610 1.3264 0 FAT
1475 2068 -1 9888 1.3286 0 FAT
1475 2069 -1 10086 1.3308 0 FAT
1475 2070 -1 10086 1.3308 0 FAT
1475 2071 -1 10486 1.3322 0 FAT
1475 2072 -1 10751 1.3350 0 FAT
1475 2073 -1 10883 1.3351 0 FAT
1475 2074 -1 11232 1.3381 0 FAT
1475 2075 -1 11452 1.3389 0 FAT
1475 2076 -1 11710 1.3406 0 FAT
1475 2077 -1 11992 1.3426 0 FAT
1475 2078 -1 11992 1.3426 0 FAT
1475 2079 -1 11992 1.3426 0 FAT
1475 2080 -1 11992 1.3426 0 FAT
1475 2081 -1 11992 1.3426 0 FAT
1475 2082 -1 11992 1.3426 0 FAT
1475 2083 -1 11992 1.3426 0 FAT
1475 2084 -1 11992 1.3426 0 FAT
1475 2085 -1 11992 1.3426 0 FAT
1475 2086 -1 12622 1.3426 0 FAT
1475 2087 -1 13188 1.3449 0 FAT
1475 2088 -1 13356 1.3463 0 FAT
1475 2089 -1 13677 1.3472 0 FAT
1475 2090 -1 13882 1.3489 0 FAT
1475 2091 -1 14254 1.3508 0 FAT
1475 2092 -1 14513 1.3521 0 FAT
1475 2093 -1 14819 1.3537 0 FAT
1475 2094 -1 14907 1.3543 0 FAT
1475 2095 -1 14907 1.3543 0 FAT
1475 2096 -1 14907 1.3543 0 FAT
1475 2097 -1 14907 1.3543 0 FAT
1475 2098 -1 14907 1.3543 0 FAT
1475 2099 -1 15437 1.3544 0 FAT
1475 2100 -1 15982 1.3567 0 FAT
1475 2101 -1 16231 1.3574 0 FAT
1475 2102 -1 16524 1.3589 0 FAT
1475 2103 -1 16832 1.3605 0 FAT
1475 2104 -1 17158 1.3623 0 FAT
1475 2105 -1 17021 1.3614 0 FAT
1475 2106 -1 16715 1.3601 0 FAT
1475 2107 -1 16141 1.3583 0 FAT
1475 2108 -1 16798 1.3590 0 FAT
1475 2109 -1 16900 1.3593 0 FAT
1475 2110 -1 16661 1.3588 0 FAT
1475 2111 -1 17034 1.3608 0 FAT
1475 2112 -1 16706 1.3586 0 FAT
1475 2113 -1 16456 1.3580 0 FAT
1475 2114 -1 16710 1.3575 0 FAT
1475 2115 -1 16676 1.3573 0 FAT
1475 2116 -1 15614 1.3570 0 FAT
1475 2117 -1 15614 1.3570 0 FAT
1475 2118 -1 16101 1.3583 0 FAT
1475 2119 -1 16370 1.3600 0 FAT
1475 2120 -1 16612 1.3603 0 FAT
1475 2121 -1 16903 1.3622 0 FAT
1475 2122 -1 17186 1.3631 0 FAT
1475 2123 -1 17480 1.3643 0 FAT
1475 2124 -1 17723 1.3655 0 FAT
1475 2125 -1 17981 1.3667 0 FAT
# row j=1475 L=0.409722 n=2126 KILL=0 CYCLE=0 FAT=2126 CAP=0 certified=0 lambda[1.0379,1.3667]
