# X2 (y-model)  G=360  L=j/G  depth=30 cap=20000
# j i kill comps lambda maxoutdeg verdict
120 0 -1 1 1.0000 1 CYCLE
120 1 -1 12 1.0000 1 CYCLE
120 2 -1 11 1.0000 1 CYCLE
120 3 -1 10 1.0000 1 CYCLE
120 4 -1 9 1.0000 1 CYCLE
120 5 -1 8 1.0000 1 CYCLE
120 6 -1 8 1.0000 1 CYCLE
120 7 -1 8 1.0000 1 CYCLE
120 8 -1 7 1.0000 1 CYCLE
120 9 -1 7 1.0000 1 CYCLE
120 10 -1 7 1.0000 1 CYCLE
120 11 -1 7 1.0000 1 CYCLE
120 12 -1 6 1.0000 1 CYCLE
120 13 -1 6 1.0000 1 CYCLE
120 14 -1 6 1.0000 1 CYCLE
120 15 -1 6 1.0000 1 CYCLE
120 16 -1 6 1.0000 1 CYCLE
120 17 -1 6 1.0000 1 CYCLE
120 18 -1 11 1.0000 1 CYCLE
120 19 -1 5 1.0000 1 CYCLE
120 20 -1 5 1.0000 1 CYCLE
120 21 -1 5 1.0000 1 CYCLE
120 22 -1 5 1.0000 1 CYCLE
120 23 -1 5 1.0000 1 CYCLE
120 24 -1 5 1.0000 1 CYCLE
120 25 -1 5 1.0000 1 CYCLE
120 26 -1 5 1.0000 1 CYCLE
120 27 -1 5 1.0000 1 CYCLE
120 28 -1 9 1.0000 1 CYCLE
120 29 -1 9 1.0000 1 CYCLE
120 30 -1 4 1.0000 1 CYCLE
120 31 -1 4 1.0000 1 CYCLE
120 32 -1 4 1.0000 1 CYCLE
120 33 -1 4 1.0000 1 CYCLE
120 34 -1 4 1.0000 1 CYCLE
120 35 -1 4 1.0000 1 CYCLE
120 36 -1 4 1.0000 1 CYCLE
120 37 -1 4 1.0000 1 CYCLE
120 38 -1 4 1.0000 1 CYCLE
120 39 -1 4 1.0000 1 CYCLE
120 40 -1 4 1.0000 1 CYCLE
120 41 -1 4 1.0000 1 CYCLE
120 42 -1 4 1.0000 1 CYCLE
120 43 -1 4 1.0000 1 CYCLE
120 44 -1 4 1.0000 1 CYCLE
120 45 -1 11 1.0000 1 CYCLE
120 46 -1 7 1.0000 1 CYCLE
120 47 -1 7 1.0000 1 CYCLE
120 48 -1 7 1.0000 1 CYCLE
120 49 -1 17 1.0000 1 CYCLE
120 50 -1 10 1.0000 1 CYCLE
120 51 -1 3 1.0000 1 CYCLE
120 52 -1 3 1.0000 1 CYCLE
120 53 -1 3 1.0000 1 CYCLE
120 54 -1 3 1.0000 1 CYCLE
120 55 -1 3 1.0000 1 CYCLE
120 56 -1 3 1.0000 1 CYCLE
120 57 -1 3 1.0000 1 CYCLE
120 58 -1 3 1.0000 1 CYCLE
120 59 -1 3 1.0000 1 CYCLE
120 60 -1 3 1.0000 1 CYCLE
120 61 -1 3 1.0000 1 CYCLE
120 62 -1 3 1.0000 1 CYCLE
120 63 -1 3 1.0000 1 CYCLE
120 64 -1 3 1.0000 1 CYCLE
120 65 -1 3 1.0000 1 CYCLE
120 66 -1 3 1.0000 1 CYCLE
120 67 -1 3 1.0000 1 CYCLE
120 68 -1 3 1.0000 1 CYCLE
120 69 -1 3 1.0000 1 CYCLE
120 70 -1 3 1.0000 1 CYCLE
120 71 -1 3 1.0000 1 CYCLE
120 72 -1 3 1.0000 1 CYCLE
120 73 -1 3 1.0000 1 CYCLE
120 74 -1 3 1.0000 1 CYCLE
120 75 -1 3 1.0000 1 CYCLE
120 76 -1 14 1.0000 1 CYCLE
120 77 -1 8 1.0000 1 CYCLE
120 78 -1 8 1.0000 1 CYCLE
120 79 -1 8 1.0000 1 CYCLE
120 80 -1 5 1.0000 1 CYCLE
120 81 -1 5 1.0000 1 CYCLE
120 82 -1 5 1.0000 1 CYCLE
120 83 -1 5 1.0000 1 CYCLE
120 84 -1 5 1.0000 1 CYCLE
120 85 -1 5 1.0000 1 CYCLE
120 86 -1 5 1.0000 1 CYCLE
120 87 -1 5 1.0000 1 CYCLE
120 88 -1 5 1.0000 1 CYCLE
120 89 -1 12 1.0000 1 CYCLE
120 90 -1 7 1.0000 1 CYCLE
120 91 -1 7 1.0000 1 CYCLE
120 92 -1 7 1.0000 1 CYCLE
120 93 -1 7 1.0000 1 CYCLE
120 94 -1 9 1.0000 1 CYCLE
120 95 -1 11 1.0000 1 CYCLE
120 96 -1 2 1.0000 1 CYCLE
120 97 -1 2 1.0000 1 CYCLE
120 98 -1 2 1.0000 1 CYCLE
120 99 -1 2 1.0000 1 CYCLE
120 100 -1 2 1.0000 1 CYCLE
120 101 -1 2 1.0000 1 CYCLE
120 102 -1 2 1.0000 1 CYCLE
120 103 -1 2 1.0000 1 CYCLE
120 104 -1 2 1.0000 1 CYCLE
120 105 -1 2 1.0000 1 CYCLE
120 106 -1 2 1.0000 1 CYCLE
120 107 -1 2 1.0000 1 CYCLE
120 108 -1 2 1.0000 1 CYCLE
120 109 -1 2 1.0000 1 CYCLE
120 110 -1 2 1.0000 1 CYCLE
120 111 -1 2 1.0000 1 CYCLE
120 112 -1 2 1.0000 1 CYCLE
120 113 -1 2 1.0000 1 CYCLE
120 114 -1 2 1.0000 1 CYCLE
120 115 -1 2 1.0000 1 CYCLE
120 116 -1 2 1.0000 1 CYCLE
120 117 -1 2 1.0000 1 CYCLE
120 118 -1 2 1.0000 1 CYCLE
120 119 -1 2 1.0000 1 CYCLE
120 120 -1 2 1.0000 1 CYCLE
120 121 -1 2 1.0000 1 CYCLE
120 122 -1 2 1.0000 1 CYCLE
120 123 -1 2 1.0000 1 CYCLE
120 124 -1 2 1.0000 1 CYCLE
120 125 -1 2 1.0000 1 CYCLE
120 126 -1 2 1.0000 1 CYCLE
120 127 -1 2 1.0000 1 CYCLE
120 128 -1 2 1.0000 1 CYCLE
120 129 -1 2 1.0000 1 CYCLE
120 130 -1 2 1.0000 1 CYCLE
120 131 -1 2 1.0000 1 CYCLE
120 132 -1 2 1.0000 1 CYCLE
120 133 -1 2 1.0000 1 CYCLE
120 134 -1 2 1.0000 1 CYCLE
120 135 -1 2 1.0000 1 CYCLE
120 136 -1 2 1.0000 1 CYCLE
120 137 -1 2 1.0000 1 CYCLE
120 138 -1 2 1.0000 1 CYCLE
120 139 -1 2 1.0000 1 CYCLE
120 140 -1 2 1.0000 1 CYCLE
120 141 -1 2 1.0000 1 CYCLE
120 142 -1 2 1.0000 1 CYCLE
120 143 -1 2 1.0000 1 CYCLE
120 144 -1 2 1.0000 1 CYCLE
120 145 -1 11 1.0000 1 CYCLE
120 146 -1 9 1.0000 1 CYCLE
120 147 -1 7 1.0000 1 CYCLE
120 148 -1 7 1.0000 1 CYCLE
120 149 -1 7 1.0000 1 CYCLE
120 150 -1 7 1.0000 1 CYCLE
120 151 -1 12 1.0000 1 CYCLE
120 152 -1 5 1.0000 1 CYCLE
120 153 -1 5 1.0000 1 CYCLE
120 154 -1 5 1.0000 1 CYCLE
120 155 -1 5 1.0000 1 CYCLE
120 156 -1 5 1.0000 1 CYCLE
120 157 -1 5 1.0000 1 CYCLE
120 158 -1 5 1.0000 1 CYCLE
120 159 -1 5 1.0000 1 CYCLE
120 160 -1 5 1.0000 1 CYCLE
120 161 -1 8 1.0000 1 CYCLE
120 162 -1 8 1.0000 1 CYCLE
120 163 -1 8 1.0000 1 CYCLE
120 164 -1 14 1.0000 1 CYCLE
120 165 -1 3 1.0000 1 CYCLE
120 166 -1 3 1.0000 1 CYCLE
120 167 -1 3 1.0000 1 CYCLE
120 168 -1 3 1.0000 1 CYCLE
120 169 -1 3 1.0000 1 CYCLE
120 170 -1 3 1.0000 1 CYCLE
120 171 -1 3 1.0000 1 CYCLE
120 172 -1 3 1.0000 1 CYCLE
120 173 -1 3 1.0000 1 CYCLE
120 174 -1 3 1.0000 1 CYCLE
120 175 -1 3 1.0000 1 CYCLE
120 176 -1 3 1.0000 1 CYCLE
120 177 -1 3 1.0000 1 CYCLE
120 178 -1 3 1.0000 1 CYCLE
120 179 -1 3 1.0000 1 CYCLE
120 180 -1 3 1.0000 1 CYCLE
120 181 -1 3 1.0000 1 CYCLE
120 182 -1 3 1.0000 1 CYCLE
120 183 -1 3 1.0000 1 CYCLE
120 184 -1 3 1.0000 1 CYCLE
120 185 -1 3 1.0000 1 CYCLE
120 186 -1 3 1.0000 1 CYCLE
120 187 -1 3 1.0000 1 CYCLE
120 188 -1 3 1.0000 1 CYCLE
120 189 -1 3 1.0000 1 CYCLE
120 190 -1 10 1.0000 1 CYCLE
120 191 -1 17 1.0000 1 CYCLE
120 192 -1 7 1.0000 1 CYCLE
120 193 -1 7 1.0000 1 CYCLE
120 194 -1 7 1.0000 1 CYCLE
120 195 -1 11 1.0000 1 CYCLE
120 196 -1 4 1.0000 1 CYCLE
120 197 -1 4 1.0000 1 CYCLE
120 198 -1 4 1.0000 1 CYCLE
120 199 -1 4 1.0000 1 CYCLE
120 200 -1 4 1.0000 1 CYCLE
120 201 -1 4 1.0000 1 CYCLE
120 202 -1 4 1.0000 1 CYCLE
120 203 -1 4 1.0000 1 CYCLE
120 204 -1 4 1.0000 1 CYCLE
120 205 -1 4 1.0000 1 CYCLE
120 206 -1 4 1.0000 1 CYCLE
120 207 -1 4 1.0000 1 CYCLE
120 208 -1 4 1.0000 1 CYCLE
120 209 -1 4 1.0000 1 CYCLE
120 210 -1 4 1.0000 1 CYCLE
120 211 -1 9 1.0000 1 CYCLE
120 212 -1 9 1.0000 1 CYCLE
120 213 -1 5 1.0000 1 CYCLE
120 214 -1 5 1.0000 1 CYCLE
120 215 -1 5 1.0000 1 CYCLE
120 216 -1 5 1.0000 1 CYCLE
120 217 -1 5 1.0000 1 CYCLE
120 218 -1 5 1.0000 1 CYCLE
120 219 -1 5 1.0000 1 CYCLE
120 220 -1 5 1.0000 1 CYCLE
120 221 -1 5 1.0000 1 CYCLE
120 222 -1 11 1.0000 1 CYCLE
120 223 -1 6 1.0000 1 CYCLE
120 224 -1 6 1.0000 1 CYCLE
120 225 -1 6 1.0000 1 CYCLE
120 226 -1 6 1.0000 1 CYCLE
120 227 -1 6 1.0000 1 CYCLE
120 228 -1 6 1.0000 1 CYCLE
120 229 -1 7 1.0000 1 CYCLE
120 230 -1 7 1.0000 1 CYCLE
120 231 -1 7 1.0000 1 CYCLE
120 232 -1 7 1.0000 1 CYCLE
120 233 -1 8 1.0000 1 CYCLE
120 234 -1 8 1.0000 1 CYCLE
120 235 -1 8 1.0000 1 CYCLE
120 236 -1 9 1.0000 1 CYCLE
120 237 -1 10 1.0000 1 CYCLE
120 238 -1 11 1.0000 1 CYCLE
120 239 -1 12 1.0000 1 CYCLE
120 240 -1 1 1.0000 1 CYCLE
# row j=120 L=0.333333 n=241 KILL=0 CYCLE=241 FAT=0 CAP=0 certified=241 lambda[0.0000,0.0000]
121 0 -1 258 1.1654 2 FAT
121 1 -1 39 1.0632 2 FAT
121 2 -1 41 1.0594 2 FAT
121 3 -1 48 1.0756 2 FAT
121 4 -1 56 1.0921 2 FAT
121 5 -1 8 1.0000 1 CYCLE
121 6 -1 8 1.0000 1 CYCLE
121 7 -1 68 1.0925 2 FAT
121 8 -1 7 1.0000 1 CYCLE
121 9 -1 7 1.0000 1 CYCLE
121 10 -1 7 1.0000 1 CYCLE
121 11 -1 92 1.1145 2 FAT
121 12 -1 6 1.0000 1 CYCLE
121 13 -1 6 1.0000 1 CYCLE
121 14 -1 6 1.0000 1 CYCLE
121 15 -1 6 1.0000 1 CYCLE
121 16 -1 6 1.0000 1 CYCLE
121 17 -1 58 1.0878 2 FAT
121 18 -1 65 1.0936 2 FAT
121 19 -1 5 1.0000 1 CYCLE
121 20 -1 5 1.0000 1 CYCLE
121 21 -1 5 1.0000 1 CYCLE
121 22 -1 5 1.0000 1 CYCLE
121 23 -1 5 1.0000 1 CYCLE
121 24 -1 5 1.0000 1 CYCLE
121 25 -1 5 1.0000 1 CYCLE
121 26 -1 5 1.0000 1 CYCLE
121 27 -1 83 1.1074 2 FAT
121 28 -1 9 1.0000 1 CYCLE
121 29 -1 103 1.1207 2 FAT
121 30 -1 4 1.0000 1 CYCLE
121 31 -1 4 1.0000 1 CYCLE
121 32 -1 4 1.0000 1 CYCLE
121 33 -1 4 1.0000 1 CYCLE
121 34 -1 4 1.0000 1 CYCLE
121 35 -1 4 1.0000 1 CYCLE
121 36 -1 4 1.0000 1 CYCLE
121 37 -1 4 1.0000 1 CYCLE
121 38 -1 4 1.0000 1 CYCLE
121 39 -1 4 1.0000 1 CYCLE
121 40 -1 4 1.0000 1 CYCLE
121 41 -1 4 1.0000 1 CYCLE
121 42 -1 4 1.0000 1 CYCLE
121 43 -1 4 1.0000 1 CYCLE
121 44 -1 78 1.1043 2 FAT
121 45 -1 52 1.0843 2 FAT
121 46 -1 7 1.0000 1 CYCLE
121 47 -1 7 1.0000 1 CYCLE
121 48 -1 38 1.0653 2 FAT
121 49 -1 35 1.0577 2 FAT
121 50 -1 118 1.1289 2 FAT
121 51 -1 3 1.0000 1 CYCLE
121 52 -1 3 1.0000 1 CYCLE
121 53 -1 3 1.0000 1 CYCLE
121 54 -1 3 1.0000 1 CYCLE
121 55 -1 3 1.0000 1 CYCLE
121 56 -1 3 1.0000 1 CYCLE
121 57 -1 3 1.0000 1 CYCLE
121 58 -1 3 1.0000 1 CYCLE
121 59 -1 3 1.0000 1 CYCLE
121 60 -1 3 1.0000 1 CYCLE
121 61 -1 3 1.0000 1 CYCLE
121 62 -1 3 1.0000 1 CYCLE
121 63 -1 3 1.0000 1 CYCLE
121 64 -1 3 1.0000 1 CYCLE
121 65 -1 3 1.0000 1 CYCLE
121 66 -1 3 1.0000 1 CYCLE
121 67 -1 3 1.0000 1 CYCLE
121 68 -1 3 1.0000 1 CYCLE
121 69 -1 3 1.0000 1 CYCLE
121 70 -1 3 1.0000 1 CYCLE
121 71 -1 3 1.0000 1 CYCLE
121 72 -1 3 1.0000 1 CYCLE
121 73 -1 3 1.0000 1 CYCLE
121 74 -1 3 1.0000 1 CYCLE
121 75 -1 71 1.1004 2 FAT
121 76 -1 94 1.1073 2 FAT
121 77 -1 8 1.0000 1 CYCLE
121 78 -1 8 1.0000 1 CYCLE
121 79 -1 95 1.1129 2 FAT
121 80 -1 5 1.0000 1 CYCLE
121 81 -1 5 1.0000 1 CYCLE
121 82 -1 5 1.0000 1 CYCLE
121 83 -1 5 1.0000 1 CYCLE
121 84 -1 5 1.0000 1 CYCLE
121 85 -1 5 1.0000 1 CYCLE
121 86 -1 5 1.0000 1 CYCLE
121 87 -1 5 1.0000 1 CYCLE
121 88 -1 60 1.0889 2 FAT
121 89 -1 48 1.0756 2 FAT
121 90 -1 7 1.0000 1 CYCLE
121 91 -1 7 1.0000 1 CYCLE
121 92 -1 14 1.0000 1 CYCLE
121 93 -1 61 1.0919 2 FAT
121 94 -1 44 1.0659 2 FAT
121 95 -1 151 1.1422 2 FAT
121 96 -1 31 1.0365 2 FAT
121 97 -1 2 1.0000 1 CYCLE
121 98 -1 2 1.0000 1 CYCLE
121 99 -1 2 1.0000 1 CYCLE
121 100 -1 2 1.0000 1 CYCLE
121 101 -1 2 1.0000 1 CYCLE
121 102 -1 2 1.0000 1 CYCLE
121 103 -1 2 1.0000 1 CYCLE
121 104 -1 2 1.0000 1 CYCLE
121 105 -1 2 1.0000 1 CYCLE
121 106 -1 2 1.0000 1 CYCLE
121 107 -1 2 1.0000 1 CYCLE
121 108 -1 2 1.0000 1 CYCLE
121 109 -1 2 1.0000 1 CYCLE
121 110 -1 2 1.0000 1 CYCLE
121 111 -1 2 1.0000 1 CYCLE
121 112 -1 2 1.0000 1 CYCLE
121 113 -1 2 1.0000 1 CYCLE
121 114 -1 2 1.0000 1 CYCLE
121 115 -1 2 1.0000 1 CYCLE
121 116 -1 2 1.0000 1 CYCLE
121 117 -1 2 1.0000 1 CYCLE
121 118 -1 2 1.0000 1 CYCLE
121 119 -1 2 1.0000 1 CYCLE
121 120 -1 2 1.0000 1 CYCLE
121 121 -1 2 1.0000 1 CYCLE
121 122 -1 2 1.0000 1 CYCLE
121 123 -1 2 1.0000 1 CYCLE
121 124 -1 2 1.0000 1 CYCLE
121 125 -1 2 1.0000 1 CYCLE
121 126 -1 2 1.0000 1 CYCLE
121 127 -1 2 1.0000 1 CYCLE
121 128 -1 2 1.0000 1 CYCLE
121 129 -1 2 1.0000 1 CYCLE
121 130 -1 2 1.0000 1 CYCLE
121 131 -1 2 1.0000 1 CYCLE
121 132 -1 2 1.0000 1 CYCLE
121 133 -1 2 1.0000 1 CYCLE
121 134 -1 2 1.0000 1 CYCLE
121 135 -1 2 1.0000 1 CYCLE
121 136 -1 2 1.0000 1 CYCLE
121 137 -1 2 1.0000 1 CYCLE
121 138 -1 2 1.0000 1 CYCLE
121 139 -1 2 1.0000 1 CYCLE
121 140 -1 2 1.0000 1 CYCLE
121 141 -1 2 1.0000 1 CYCLE
121 142 -1 2 1.0000 1 CYCLE
121 143 -1 31 1.0365 2 FAT
121 144 -1 151 1.1422 2 FAT
121 145 -1 44 1.0659 2 FAT
121 146 -1 61 1.0919 2 FAT
121 147 -1 14 1.0000 1 CYCLE
121 148 -1 7 1.0000 1 CYCLE
121 149 -1 7 1.0000 1 CYCLE
121 150 -1 48 1.0756 2 FAT
121 151 -1 60 1.0889 2 FAT
121 152 -1 5 1.0000 1 CYCLE
121 153 -1 5 1.0000 1 CYCLE
121 154 -1 5 1.0000 1 CYCLE
121 155 -1 5 1.0000 1 CYCLE
121 156 -1 5 1.0000 1 CYCLE
121 157 -1 5 1.0000 1 CYCLE
121 158 -1 5 1.0000 1 CYCLE
121 159 -1 5 1.0000 1 CYCLE
121 160 -1 95 1.1129 2 FAT
121 161 -1 8 1.0000 1 CYCLE
121 162 -1 8 1.0000 1 CYCLE
121 163 -1 94 1.1073 2 FAT
121 164 -1 71 1.1004 2 FAT
121 165 -1 3 1.0000 1 CYCLE
121 166 -1 3 1.0000 1 CYCLE
121 167 -1 3 1.0000 1 CYCLE
121 168 -1 3 1.0000 1 CYCLE
121 169 -1 3 1.0000 1 CYCLE
121 170 -1 3 1.0000 1 CYCLE
121 171 -1 3 1.0000 1 CYCLE
121 172 -1 3 1.0000 1 CYCLE
121 173 -1 3 1.0000 1 CYCLE
121 174 -1 3 1.0000 1 CYCLE
121 175 -1 3 1.0000 1 CYCLE
121 176 -1 3 1.0000 1 CYCLE
121 177 -1 3 1.0000 1 CYCLE
121 178 -1 3 1.0000 1 CYCLE
121 179 -1 3 1.0000 1 CYCLE
121 180 -1 3 1.0000 1 CYCLE
121 181 -1 3 1.0000 1 CYCLE
121 182 -1 3 1.0000 1 CYCLE
121 183 -1 3 1.0000 1 CYCLE
121 184 -1 3 1.0000 1 CYCLE
121 185 -1 3 1.0000 1 CYCLE
121 186 -1 3 1.0000 1 CYCLE
121 187 -1 3 1.0000 1 CYCLE
121 188 -1 3 1.0000 1 CYCLE
121 189 -1 118 1.1289 2 FAT
121 190 -1 35 1.0577 2 FAT
121 191 -1 38 1.0653 2 FAT
121 192 -1 7 1.0000 1 CYCLE
121 193 -1 7 1.0000 1 CYCLE
121 194 -1 52 1.0843 2 FAT
121 195 -1 78 1.1043 2 FAT
121 196 -1 4 1.0000 1 CYCLE
121 197 -1 4 1.0000 1 CYCLE
121 198 -1 4 1.0000 1 CYCLE
121 199 -1 4 1.0000 1 CYCLE
121 200 -1 4 1.0000 1 CYCLE
121 201 -1 4 1.0000 1 CYCLE
121 202 -1 4 1.0000 1 CYCLE
121 203 -1 4 1.0000 1 CYCLE
121 204 -1 4 1.0000 1 CYCLE
121 205 -1 4 1.0000 1 CYCLE
121 206 -1 4 1.0000 1 CYCLE
121 207 -1 4 1.0000 1 CYCLE
121 208 -1 4 1.0000 1 CYCLE
121 209 -1 4 1.0000 1 CYCLE
121 210 -1 103 1.1207 2 FAT
121 211 -1 9 1.0000 1 CYCLE
121 212 -1 83 1.1074 2 FAT
121 213 -1 5 1.0000 1 CYCLE
121 214 -1 5 1.0000 1 CYCLE
121 215 -1 5 1.0000 1 CYCLE
121 216 -1 5 1.0000 1 CYCLE
121 217 -1 5 1.0000 1 CYCLE
121 218 -1 5 1.0000 1 CYCLE
121 219 -1 5 1.0000 1 CYCLE
121 220 -1 5 1.0000 1 CYCLE
121 221 -1 65 1.0936 2 FAT
121 222 -1 58 1.0878 2 FAT
121 223 -1 6 1.0000 1 CYCLE
121 224 -1 6 1.0000 1 CYCLE
121 225 -1 6 1.0000 1 CYCLE
121 226 -1 6 1.0000 1 CYCLE
121 227 -1 6 1.0000 1 CYCLE
121 228 -1 92 1.1145 2 FAT
121 229 -1 7 1.0000 1 CYCLE
121 230 -1 7 1.0000 1 CYCLE
121 231 -1 7 1.0000 1 CYCLE
121 232 -1 68 1.0925 2 FAT
121 233 -1 8 1.0000 1 CYCLE
121 234 -1 8 1.0000 1 CYCLE
121 235 -1 56 1.0921 2 FAT
121 236 -1 48 1.0756 2 FAT
121 237 -1 41 1.0594 2 FAT
121 238 -1 39 1.0632 2 FAT
121 239 -1 258 1.1654 2 FAT
# row j=121 L=0.336111 n=240 KILL=0 CYCLE=190 FAT=50 CAP=0 certified=190 lambda[1.0365,1.1654]
122 0 -1 341 1.1901 2 FAT
122 1 -1 87 1.0931 2 FAT
122 2 -1 109 1.1046 2 FAT
122 3 -1 153 1.1419 2 FAT
122 4 -1 56 1.0921 2 FAT
122 5 -1 8 1.0000 1 CYCLE
122 6 -1 68 1.0925 2 FAT
122 7 -1 68 1.0925 2 FAT
122 8 -1 7 1.0000 1 CYCLE
122 9 -1 7 1.0000 1 CYCLE
122 10 -1 92 1.1145 2 FAT
122 11 -1 92 1.1145 2 FAT
122 12 -1 6 1.0000 1 CYCLE
122 13 -1 6 1.0000 1 CYCLE
122 14 -1 6 1.0000 1 CYCLE
122 15 -1 6 1.0000 1 CYCLE
122 16 -1 58 1.0878 2 FAT
122 17 -1 144 1.1332 2 FAT
122 18 -1 65 1.0936 2 FAT
122 19 -1 5 1.0000 1 CYCLE
122 20 -1 5 1.0000 1 CYCLE
122 21 -1 5 1.0000 1 CYCLE
122 22 -1 5 1.0000 1 CYCLE
122 23 -1 5 1.0000 1 CYCLE
122 24 -1 5 1.0000 1 CYCLE
122 25 -1 10 1.0000 1 CYCLE
122 26 -1 83 1.1074 2 FAT
122 27 -1 83 1.1074 2 FAT
122 28 -1 103 1.1207 2 FAT
122 29 -1 103 1.1207 2 FAT
122 30 -1 8 1.0000 1 CYCLE
122 31 -1 4 1.0000 1 CYCLE
122 32 -1 4 1.0000 1 CYCLE
122 33 -1 4 1.0000 1 CYCLE
122 34 -1 4 1.0000 1 CYCLE
122 35 -1 4 1.0000 1 CYCLE
122 36 -1 4 1.0000 1 CYCLE
122 37 -1 4 1.0000 1 CYCLE
122 38 -1 4 1.0000 1 CYCLE
122 39 -1 4 1.0000 1 CYCLE
122 40 -1 4 1.0000 1 CYCLE
122 41 -1 4 1.0000 1 CYCLE
122 42 -1 8 1.0000 1 CYCLE
122 43 -1 78 1.1043 2 FAT
122 44 -1 153 1.1392 2 FAT
122 45 -1 52 1.0843 2 FAT
122 46 -1 7 1.0000 1 CYCLE
122 47 -1 38 1.0653 2 FAT
122 48 -1 56 1.0867 2 FAT
122 49 -1 199 1.1501 2 FAT
122 50 -1 118 1.1289 2 FAT
122 51 -1 6 1.0000 1 CYCLE
122 52 -1 3 1.0000 1 CYCLE
122 53 -1 3 1.0000 1 CYCLE
122 54 -1 3 1.0000 1 CYCLE
122 55 -1 3 1.0000 1 CYCLE
122 56 -1 3 1.0000 1 CYCLE
122 57 -1 3 1.0000 1 CYCLE
122 58 -1 3 1.0000 1 CYCLE
122 59 -1 3 1.0000 1 CYCLE
122 60 -1 3 1.0000 1 CYCLE
122 61 -1 3 1.0000 1 CYCLE
122 62 -1 3 1.0000 1 CYCLE
122 63 -1 3 1.0000 1 CYCLE
122 64 -1 3 1.0000 1 CYCLE
122 65 -1 3 1.0000 1 CYCLE
122 66 -1 3 1.0000 1 CYCLE
122 67 -1 3 1.0000 1 CYCLE
122 68 -1 3 1.0000 1 CYCLE
122 69 -1 3 1.0000 1 CYCLE
122 70 -1 3 1.0000 1 CYCLE
122 71 -1 3 1.0000 1 CYCLE
122 72 -1 3 1.0000 1 CYCLE
122 73 -1 6 1.0000 1 CYCLE
122 74 -1 71 1.1004 2 FAT
122 75 -1 175 1.1466 2 FAT
122 76 -1 94 1.1073 2 FAT
122 77 -1 8 1.0000 1 CYCLE
122 78 -1 95 1.1129 2 FAT
122 79 -1 95 1.1129 2 FAT
122 80 -1 5 1.0000 1 CYCLE
122 81 -1 5 1.0000 1 CYCLE
122 82 -1 5 1.0000 1 CYCLE
122 83 -1 5 1.0000 1 CYCLE
122 84 -1 5 1.0000 1 CYCLE
122 85 -1 5 1.0000 1 CYCLE
122 86 -1 5 1.0000 1 CYCLE
122 87 -1 60 1.0889 2 FAT
122 88 -1 114 1.1225 2 FAT
122 89 -1 48 1.0756 2 FAT
122 90 -1 7 1.0000 1 CYCLE
122 91 -1 14 1.0000 1 CYCLE
122 92 -1 61 1.0919 2 FAT
122 93 -1 154 1.1377 2 FAT
122 94 -1 234 1.1621 2 FAT
122 95 -1 151 1.1422 2 FAT
122 96 -1 31 1.0365 2 FAT
122 97 -1 4 1.0000 1 CYCLE
122 98 -1 2 1.0000 1 CYCLE
122 99 -1 2 1.0000 1 CYCLE
122 100 -1 2 1.0000 1 CYCLE
122 101 -1 2 1.0000 1 CYCLE
122 102 -1 2 1.0000 1 CYCLE
122 103 -1 2 1.0000 1 CYCLE
122 104 -1 2 1.0000 1 CYCLE
122 105 -1 2 1.0000 1 CYCLE
122 106 -1 2 1.0000 1 CYCLE
122 107 -1 2 1.0000 1 CYCLE
122 108 -1 2 1.0000 1 CYCLE
122 109 -1 2 1.0000 1 CYCLE
122 110 -1 2 1.0000 1 CYCLE
122 111 -1 2 1.0000 1 CYCLE
122 112 -1 2 1.0000 1 CYCLE
122 113 -1 2 1.0000 1 CYCLE
122 114 -1 2 1.0000 1 CYCLE
122 115 -1 2 1.0000 1 CYCLE
122 116 -1 2 1.0000 1 CYCLE
122 117 -1 2 1.0000 1 CYCLE
122 118 -1 2 1.0000 1 CYCLE
122 119 -1 2 1.0000 1 CYCLE
122 120 -1 2 1.0000 1 CYCLE
122 121 -1 2 1.0000 1 CYCLE
122 122 -1 2 1.0000 1 CYCLE
122 123 -1 2 1.0000 1 CYCLE
122 124 -1 2 1.0000 1 CYCLE
122 125 -1 2 1.0000 1 CYCLE
122 126 -1 2 1.0000 1 CYCLE
122 127 -1 2 1.0000 1 CYCLE
122 128 -1 2 1.0000 1 CYCLE
122 129 -1 2 1.0000 1 CYCLE
122 130 -1 2 1.0000 1 CYCLE
122 131 -1 2 1.0000 1 CYCLE
122 132 -1 2 1.0000 1 CYCLE
122 133 -1 2 1.0000 1 CYCLE
122 134 -1 2 1.0000 1 CYCLE
122 135 -1 2 1.0000 1 CYCLE
122 136 -1 2 1.0000 1 CYCLE
122 137 -1 2 1.0000 1 CYCLE
122 138 -1 2 1.0000 1 CYCLE
122 139 -1 2 1.0000 1 CYCLE
122 140 -1 2 1.0000 1 CYCLE
122 141 -1 4 1.0000 1 CYCLE
122 142 -1 31 1.0365 2 FAT
122 143 -1 151 1.1422 2 FAT
122 144 -1 234 1.1621 2 FAT
122 145 -1 154 1.1377 2 FAT
122 146 -1 61 1.0919 2 FAT
122 147 -1 14 1.0000 1 CYCLE
122 148 -1 7 1.0000 1 CYCLE
122 149 -1 48 1.0756 2 FAT
122 150 -1 114 1.1225 2 FAT
122 151 -1 60 1.0889 2 FAT
122 152 -1 5 1.0000 1 CYCLE
122 153 -1 5 1.0000 1 CYCLE
122 154 -1 5 1.0000 1 CYCLE
122 155 -1 5 1.0000 1 CYCLE
122 156 -1 5 1.0000 1 CYCLE
122 157 -1 5 1.0000 1 CYCLE
122 158 -1 5 1.0000 1 CYCLE
122 159 -1 95 1.1129 2 FAT
122 160 -1 95 1.1129 2 FAT
122 161 -1 8 1.0000 1 CYCLE
122 162 -1 94 1.1073 2 FAT
122 163 -1 175 1.1466 2 FAT
122 164 -1 71 1.1004 2 FAT
122 165 -1 6 1.0000 1 CYCLE
122 166 -1 3 1.0000 1 CYCLE
122 167 -1 3 1.0000 1 CYCLE
122 168 -1 3 1.0000 1 CYCLE
122 169 -1 3 1.0000 1 CYCLE
122 170 -1 3 1.0000 1 CYCLE
122 171 -1 3 1.0000 1 CYCLE
122 172 -1 3 1.0000 1 CYCLE
122 173 -1 3 1.0000 1 CYCLE
122 174 -1 3 1.0000 1 CYCLE
122 175 -1 3 1.0000 1 CYCLE
122 176 -1 3 1.0000 1 CYCLE
122 177 -1 3 1.0000 1 CYCLE
122 178 -1 3 1.0000 1 CYCLE
122 179 -1 3 1.0000 1 CYCLE
122 180 -1 3 1.0000 1 CYCLE
122 181 -1 3 1.0000 1 CYCLE
122 182 -1 3 1.0000 1 CYCLE
122 183 -1 3 1.0000 1 CYCLE
122 184 -1 3 1.0000 1 CYCLE
122 185 -1 3 1.0000 1 CYCLE
122 186 -1 3 1.0000 1 CYCLE
122 187 -1 6 1.0000 1 CYCLE
122 188 -1 118 1.1289 2 FAT
122 189 -1 199 1.1501 2 FAT
122 190 -1 56 1.0867 2 FAT
122 191 -1 38 1.0653 2 FAT
122 192 -1 7 1.0000 1 CYCLE
122 193 -1 52 1.0843 2 FAT
122 194 -1 153 1.1392 2 FAT
122 195 -1 78 1.1043 2 FAT
122 196 -1 8 1.0000 1 CYCLE
122 197 -1 4 1.0000 1 CYCLE
122 198 -1 4 1.0000 1 CYCLE
122 199 -1 4 1.0000 1 CYCLE
122 200 -1 4 1.0000 1 CYCLE
122 201 -1 4 1.0000 1 CYCLE
122 202 -1 4 1.0000 1 CYCLE
122 203 -1 4 1.0000 1 CYCLE
122 204 -1 4 1.0000 1 CYCLE
122 205 -1 4 1.0000 1 CYCLE
122 206 -1 4 1.0000 1 CYCLE
122 207 -1 4 1.0000 1 CYCLE
122 208 -1 8 1.0000 1 CYCLE
122 209 -1 103 1.1207 2 FAT
122 210 -1 103 1.1207 2 FAT
122 211 -1 83 1.1074 2 FAT
122 212 -1 83 1.1074 2 FAT
122 213 -1 10 1.0000 1 CYCLE
122 214 -1 5 1.0000 1 CYCLE
122 215 -1 5 1.0000 1 CYCLE
122 216 -1 5 1.0000 1 CYCLE
122 217 -1 5 1.0000 1 CYCLE
122 218 -1 5 1.0000 1 CYCLE
122 219 -1 5 1.0000 1 CYCLE
122 220 -1 65 1.0936 2 FAT
122 221 -1 144 1.1332 2 FAT
122 222 -1 58 1.0878 2 FAT
122 223 -1 6 1.0000 1 CYCLE
122 224 -1 6 1.0000 1 CYCLE
122 225 -1 6 1.0000 1 CYCLE
122 226 -1 6 1.0000 1 CYCLE
122 227 -1 92 1.1145 2 FAT
122 228 -1 92 1.1145 2 FAT
122 229 -1 7 1.0000 1 CYCLE
122 230 -1 7 1.0000 1 CYCLE
122 231 -1 68 1.0925 2 FAT
122 232 -1 68 1.0925 2 FAT
122 233 -1 8 1.0000 1 CYCLE
122 234 -1 56 1.0921 2 FAT
122 235 -1 153 1.1419 2 FAT
122 236 -1 109 1.1046 2 FAT
122 237 -1 87 1.0931 2 FAT
122 238 -1 341 1.1901 2 FAT
# row j=122 L=0.338889 n=239 KILL=0 CYCLE=167 FAT=72 CAP=0 certified=167 lambda[1.0365,1.1901]
123 0 -1 461 1.2058 2 FAT
123 1 -1 177 1.1193 2 FAT
123 2 -1 273 1.1636 2 FAT
123 3 -1 153 1.1419 2 FAT
123 4 -1 56 1.0921 2 FAT
123 5 -1 68 1.0925 2 FAT
123 6 -1 68 1.0925 2 FAT
123 7 -1 68 1.0925 2 FAT
123 8 -1 7 1.0000 1 CYCLE
123 9 -1 92 1.1145 2 FAT
123 10 -1 92 1.1145 2 FAT
123 11 -1 92 1.1145 2 FAT
123 12 -1 6 1.0000 1 CYCLE
123 13 -1 6 1.0000 1 CYCLE
123 14 -1 6 1.0000 1 CYCLE
123 15 -1 58 1.0878 2 FAT
123 16 -1 144 1.1332 2 FAT
123 17 -1 144 1.1332 2 FAT
123 18 -1 65 1.0936 2 FAT
123 19 -1 5 1.0000 1 CYCLE
123 20 -1 5 1.0000 1 CYCLE
123 21 -1 5 1.0000 1 CYCLE
123 22 -1 5 1.0000 1 CYCLE
123 23 -1 5 1.0000 1 CYCLE
123 24 -1 10 1.0000 1 CYCLE
123 25 -1 83 1.1074 2 FAT
123 26 -1 83 1.1074 2 FAT
123 27 -1 279 1.1643 2 FAT
123 28 -1 103 1.1207 2 FAT
123 29 -1 103 1.1207 2 FAT
123 30 -1 8 1.0000 1 CYCLE
123 31 -1 4 1.0000 1 CYCLE
123 32 -1 4 1.0000 1 CYCLE
123 33 -1 4 1.0000 1 CYCLE
123 34 -1 4 1.0000 1 CYCLE
123 35 -1 4 1.0000 1 CYCLE
123 36 -1 4 1.0000 1 CYCLE
123 37 -1 4 1.0000 1 CYCLE
123 38 -1 4 1.0000 1 CYCLE
123 39 -1 4 1.0000 1 CYCLE
123 40 -1 4 1.0000 1 CYCLE
123 41 -1 8 1.0000 1 CYCLE
123 42 -1 78 1.1043 2 FAT
123 43 -1 153 1.1392 2 FAT
123 44 -1 153 1.1392 2 FAT
123 45 -1 52 1.0843 2 FAT
123 46 -1 38 1.0653 2 FAT
123 47 -1 56 1.0867 2 FAT
123 48 -1 230 1.1588 2 FAT
123 49 -1 199 1.1501 2 FAT
123 50 -1 118 1.1289 2 FAT
123 51 -1 6 1.0000 1 CYCLE
123 52 -1 3 1.0000 1 CYCLE
123 53 -1 3 1.0000 1 CYCLE
123 54 -1 3 1.0000 1 CYCLE
123 55 -1 3 1.0000 1 CYCLE
123 56 -1 3 1.0000 1 CYCLE
123 57 -1 3 1.0000 1 CYCLE
123 58 -1 3 1.0000 1 CYCLE
123 59 -1 3 1.0000 1 CYCLE
123 60 -1 3 1.0000 1 CYCLE
123 61 -1 3 1.0000 1 CYCLE
123 62 -1 3 1.0000 1 CYCLE
123 63 -1 3 1.0000 1 CYCLE
123 64 -1 3 1.0000 1 CYCLE
123 65 -1 3 1.0000 1 CYCLE
123 66 -1 3 1.0000 1 CYCLE
123 67 -1 3 1.0000 1 CYCLE
123 68 -1 3 1.0000 1 CYCLE
123 69 -1 3 1.0000 1 CYCLE
123 70 -1 3 1.0000 1 CYCLE
123 71 -1 3 1.0000 1 CYCLE
123 72 -1 6 1.0000 1 CYCLE
123 73 -1 71 1.1004 2 FAT
123 74 -1 175 1.1466 2 FAT
123 75 -1 175 1.1466 2 FAT
123 76 -1 94 1.1073 2 FAT
123 77 -1 95 1.1129 2 FAT
123 78 -1 95 1.1129 2 FAT
123 79 -1 95 1.1129 2 FAT
123 80 -1 10 1.0000 1 CYCLE
123 81 -1 5 1.0000 1 CYCLE
123 82 -1 5 1.0000 1 CYCLE
123 83 -1 5 1.0000 1 CYCLE
123 84 -1 5 1.0000 1 CYCLE
123 85 -1 5 1.0000 1 CYCLE
123 86 -1 60 1.0889 2 FAT
123 87 -1 114 1.1225 2 FAT
123 88 -1 114 1.1225 2 FAT
123 89 -1 48 1.0756 2 FAT
123 90 -1 14 1.0000 1 CYCLE
123 91 -1 61 1.0919 2 FAT
123 92 -1 154 1.1377 2 FAT
123 93 -1 438 1.1903 2 FAT
123 94 -1 234 1.1621 2 FAT
123 95 -1 151 1.1422 2 FAT
123 96 -1 31 1.0365 2 FAT
123 97 -1 4 1.0000 1 CYCLE
123 98 -1 4 1.0000 1 CYCLE
123 99 -1 2 1.0000 1 CYCLE
123 100 -1 2 1.0000 1 CYCLE
123 101 -1 2 1.0000 1 CYCLE
123 102 -1 2 1.0000 1 CYCLE
123 103 -1 2 1.0000 1 CYCLE
123 104 -1 2 1.0000 1 CYCLE
123 105 -1 2 1.0000 1 CYCLE
123 106 -1 2 1.0000 1 CYCLE
123 107 -1 2 1.0000 1 CYCLE
123 108 -1 2 1.0000 1 CYCLE
123 109 -1 2 1.0000 1 CYCLE
123 110 -1 2 1.0000 1 CYCLE
123 111 -1 2 1.0000 1 CYCLE
123 112 -1 2 1.0000 1 CYCLE
123 113 -1 2 1.0000 1 CYCLE
123 114 -1 2 1.0000 1 CYCLE
123 115 -1 2 1.0000 1 CYCLE
123 116 -1 2 1.0000 1 CYCLE
123 117 -1 2 1.0000 1 CYCLE
123 118 -1 2 1.0000 1 CYCLE
123 119 -1 2 1.0000 1 CYCLE
123 120 -1 2 1.0000 1 CYCLE
123 121 -1 2 1.0000 1 CYCLE
123 122 -1 2 1.0000 1 CYCLE
123 123 -1 2 1.0000 1 CYCLE
123 124 -1 2 1.0000 1 CYCLE
123 125 -1 2 1.0000 1 CYCLE
123 126 -1 2 1.0000 1 CYCLE
123 127 -1 2 1.0000 1 CYCLE
123 128 -1 2 1.0000 1 CYCLE
123 129 -1 2 1.0000 1 CYCLE
123 130 -1 2 1.0000 1 CYCLE
123 131 -1 2 1.0000 1 CYCLE
123 132 -1 2 1.0000 1 CYCLE
123 133 -1 2 1.0000 1 CYCLE
123 134 -1 2 1.0000 1 CYCLE
123 135 -1 2 1.0000 1 CYCLE
123 136 -1 2 1.0000 1 CYCLE
123 137 -1 2 1.0000 1 CYCLE
123 138 -1 2 1.0000 1 CYCLE
123 139 -1 4 1.0000 1 CYCLE
123 140 -1 4 1.0000 1 CYCLE
123 141 -1 31 1.0365 2 FAT
123 142 -1 151 1.1422 2 FAT
123 143 -1 234 1.1621 2 FAT
123 144 -1 438 1.1903 2 FAT
123 145 -1 154 1.1377 2 FAT
123 146 -1 61 1.0919 2 FAT
123 147 -1 14 1.0000 1 CYCLE
123 148 -1 48 1.0756 2 FAT
123 149 -1 114 1.1225 2 FAT
123 150 -1 114 1.1225 2 FAT
123 151 -1 60 1.0889 2 FAT
123 152 -1 5 1.0000 1 CYCLE
123 153 -1 5 1.0000 1 CYCLE
123 154 -1 5 1.0000 1 CYCLE
123 155 -1 5 1.0000 1 CYCLE
123 156 -1 5 1.0000 1 CYCLE
123 157 -1 10 1.0000 1 CYCLE
123 158 -1 95 1.1129 2 FAT
123 159 -1 95 1.1129 2 FAT
123 160 -1 95 1.1129 2 FAT
123 161 -1 94 1.1073 2 FAT
123 162 -1 175 1.1466 2 FAT
123 163 -1 175 1.1466 2 FAT
123 164 -1 71 1.1004 2 FAT
123 165 -1 6 1.0000 1 CYCLE
123 166 -1 3 1.0000 1 CYCLE
123 167 -1 3 1.0000 1 CYCLE
123 168 -1 3 1.0000 1 CYCLE
123 169 -1 3 1.0000 1 CYCLE
123 170 -1 3 1.0000 1 CYCLE
123 171 -1 3 1.0000 1 CYCLE
123 172 -1 3 1.0000 1 CYCLE
123 173 -1 3 1.0000 1 CYCLE
123 174 -1 3 1.0000 1 CYCLE
123 175 -1 3 1.0000 1 CYCLE
123 176 -1 3 1.0000 1 CYCLE
123 177 -1 3 1.0000 1 CYCLE
123 178 -1 3 1.0000 1 CYCLE
123 179 -1 3 1.0000 1 CYCLE
123 180 -1 3 1.0000 1 CYCLE
123 181 -1 3 1.0000 1 CYCLE
123 182 -1 3 1.0000 1 CYCLE
123 183 -1 3 1.0000 1 CYCLE
123 184 -1 3 1.0000 1 CYCLE
123 185 -1 3 1.0000 1 CYCLE
123 186 -1 6 1.0000 1 CYCLE
123 187 -1 118 1.1289 2 FAT
123 188 -1 199 1.1501 2 FAT
123 189 -1 230 1.1588 2 FAT
123 190 -1 56 1.0867 2 FAT
123 191 -1 38 1.0653 2 FAT
123 192 -1 52 1.0843 2 FAT
123 193 -1 153 1.1392 2 FAT
123 194 -1 153 1.1392 2 FAT
123 195 -1 78 1.1043 2 FAT
123 196 -1 8 1.0000 1 CYCLE
123 197 -1 4 1.0000 1 CYCLE
123 198 -1 4 1.0000 1 CYCLE
123 199 -1 4 1.0000 1 CYCLE
123 200 -1 4 1.0000 1 CYCLE
123 201 -1 4 1.0000 1 CYCLE
123 202 -1 4 1.0000 1 CYCLE
123 203 -1 4 1.0000 1 CYCLE
123 204 -1 4 1.0000 1 CYCLE
123 205 -1 4 1.0000 1 CYCLE
123 206 -1 4 1.0000 1 CYCLE
123 207 -1 8 1.0000 1 CYCLE
123 208 -1 103 1.1207 2 FAT
123 209 -1 103 1.1207 2 FAT
123 210 -1 279 1.1643 2 FAT
123 211 -1 83 1.1074 2 FAT
123 212 -1 83 1.1074 2 FAT
123 213 -1 10 1.0000 1 CYCLE
123 214 -1 5 1.0000 1 CYCLE
123 215 -1 5 1.0000 1 CYCLE
123 216 -1 5 1.0000 1 CYCLE
123 217 -1 5 1.0000 1 CYCLE
123 218 -1 5 1.0000 1 CYCLE
123 219 -1 65 1.0936 2 FAT
123 220 -1 144 1.1332 2 FAT
123 221 -1 144 1.1332 2 FAT
123 222 -1 58 1.0878 2 FAT
123 223 -1 6 1.0000 1 CYCLE
123 224 -1 6 1.0000 1 CYCLE
123 225 -1 6 1.0000 1 CYCLE
123 226 -1 92 1.1145 2 FAT
123 227 -1 92 1.1145 2 FAT
123 228 -1 92 1.1145 2 FAT
123 229 -1 7 1.0000 1 CYCLE
123 230 -1 68 1.0925 2 FAT
123 231 -1 68 1.0925 2 FAT
123 232 -1 68 1.0925 2 FAT
123 233 -1 56 1.0921 2 FAT
123 234 -1 153 1.1419 2 FAT
123 235 -1 273 1.1636 2 FAT
123 236 -1 177 1.1193 2 FAT
123 237 -1 461 1.2058 2 FAT
# row j=123 L=0.341667 n=238 KILL=0 CYCLE=146 FAT=92 CAP=0 certified=146 lambda[1.0365,1.2058]
124 0 -1 641 1.2132 2 FAT
124 1 -1 385 1.1701 2 FAT
124 2 -1 273 1.1636 2 FAT
124 3 -1 153 1.1419 2 FAT
124 4 -1 204 1.1440 2 FAT
124 5 -1 97 1.0927 2 FAT
124 6 -1 68 1.0925 2 FAT
124 7 -1 168 1.1247 2 FAT
124 8 -1 92 1.1145 2 FAT
124 9 -1 92 1.1145 2 FAT
124 10 -1 92 1.1145 2 FAT
124 11 -1 92 1.1145 2 FAT
124 12 -1 6 1.0000 1 CYCLE
124 13 -1 12 1.0000 1 CYCLE
124 14 -1 58 1.0878 2 FAT
124 15 -1 144 1.1332 2 FAT
124 16 -1 144 1.1332 2 FAT
124 17 -1 144 1.1332 2 FAT
124 18 -1 65 1.0936 2 FAT
124 19 -1 5 1.0000 1 CYCLE
124 20 -1 5 1.0000 1 CYCLE
124 21 -1 5 1.0000 1 CYCLE
124 22 -1 5 1.0000 1 CYCLE
124 23 -1 10 1.0000 1 CYCLE
124 24 -1 83 1.1074 2 FAT
124 25 -1 83 1.1074 2 FAT
124 26 -1 279 1.1643 2 FAT
124 27 -1 279 1.1643 2 FAT
124 28 -1 103 1.1207 2 FAT
124 29 -1 103 1.1207 2 FAT
124 30 -1 8 1.0000 1 CYCLE
124 31 -1 4 1.0000 1 CYCLE
124 32 -1 4 1.0000 1 CYCLE
124 33 -1 4 1.0000 1 CYCLE
124 34 -1 4 1.0000 1 CYCLE
124 35 -1 4 1.0000 1 CYCLE
124 36 -1 4 1.0000 1 CYCLE
124 37 -1 4 1.0000 1 CYCLE
124 38 -1 4 1.0000 1 CYCLE
124 39 -1 4 1.0000 1 CYCLE
124 40 -1 8 1.0000 1 CYCLE
124 41 -1 78 1.1043 2 FAT
124 42 -1 153 1.1392 2 FAT
124 43 -1 153 1.1392 2 FAT
124 44 -1 153 1.1392 2 FAT
124 45 -1 193 1.1377 2 FAT
124 46 -1 56 1.0867 2 FAT
124 47 -1 230 1.1588 2 FAT
124 48 -1 230 1.1588 2 FAT
124 49 -1 199 1.1501 2 FAT
124 50 -1 118 1.1289 2 FAT
124 51 -1 6 1.0000 1 CYCLE
124 52 -1 6 1.0000 1 CYCLE
124 53 -1 3 1.0000 1 CYCLE
124 54 -1 3 1.0000 1 CYCLE
124 55 -1 3 1.0000 1 CYCLE
124 56 -1 3 1.0000 1 CYCLE
124 57 -1 3 1.0000 1 CYCLE
124 58 -1 3 1.0000 1 CYCLE
124 59 -1 3 1.0000 1 CYCLE
124 60 -1 3 1.0000 1 CYCLE
124 61 -1 3 1.0000 1 CYCLE
124 62 -1 3 1.0000 1 CYCLE
124 63 -1 3 1.0000 1 CYCLE
124 64 -1 3 1.0000 1 CYCLE
124 65 -1 3 1.0000 1 CYCLE
124 66 -1 3 1.0000 1 CYCLE
124 67 -1 3 1.0000 1 CYCLE
124 68 -1 3 1.0000 1 CYCLE
124 69 -1 3 1.0000 1 CYCLE
124 70 -1 3 1.0000 1 CYCLE
124 71 -1 6 1.0000 1 CYCLE
124 72 -1 71 1.1004 2 FAT
124 73 -1 175 1.1466 2 FAT
124 74 -1 175 1.1466 2 FAT
124 75 -1 175 1.1466 2 FAT
124 76 -1 358 1.1736 2 FAT
124 77 -1 95 1.1129 2 FAT
124 78 -1 95 1.1129 2 FAT
124 79 -1 95 1.1129 2 FAT
124 80 -1 10 1.0000 1 CYCLE
124 81 -1 5 1.0000 1 CYCLE
124 82 -1 5 1.0000 1 CYCLE
124 83 -1 5 1.0000 1 CYCLE
124 84 -1 5 1.0000 1 CYCLE
124 85 -1 60 1.0889 2 FAT
124 86 -1 114 1.1225 2 FAT
124 87 -1 114 1.1225 2 FAT
124 88 -1 114 1.1225 2 FAT
124 89 -1 128 1.1112 2 FAT
124 90 -1 61 1.0919 2 FAT
124 91 -1 154 1.1377 2 FAT
124 92 -1 438 1.1903 2 FAT
124 93 -1 438 1.1903 2 FAT
124 94 -1 234 1.1621 2 FAT
124 95 -1 151 1.1422 2 FAT
124 96 -1 31 1.0365 2 FAT
124 97 -1 4 1.0000 1 CYCLE
124 98 -1 4 1.0000 1 CYCLE
124 99 -1 4 1.0000 1 CYCLE
124 100 -1 2 1.0000 1 CYCLE
124 101 -1 2 1.0000 1 CYCLE
124 102 -1 2 1.0000 1 CYCLE
124 103 -1 2 1.0000 1 CYCLE
124 104 -1 2 1.0000 1 CYCLE
124 105 -1 2 1.0000 1 CYCLE
124 106 -1 2 1.0000 1 CYCLE
124 107 -1 2 1.0000 1 CYCLE
124 108 -1 2 1.0000 1 CYCLE
124 109 -1 2 1.0000 1 CYCLE
124 110 -1 2 1.0000 1 CYCLE
124 111 -1 2 1.0000 1 CYCLE
124 112 -1 2 1.0000 1 CYCLE
124 113 -1 2 1.0000 1 CYCLE
124 114 -1 2 1.0000 1 CYCLE
124 115 -1 2 1.0000 1 CYCLE
124 116 -1 2 1.0000 1 CYCLE
124 117 -1 2 1.0000 1 CYCLE
124 118 -1 2 1.0000 1 CYCLE
124 119 -1 2 1.0000 1 CYCLE
124 120 -1 2 1.0000 1 CYCLE
124 121 -1 2 1.0000 1 CYCLE
124 122 -1 2 1.0000 1 CYCLE
124 123 -1 2 1.0000 1 CYCLE
124 124 -1 2 1.0000 1 CYCLE
124 125 -1 2 1.0000 1 CYCLE
124 126 -1 2 1.0000 1 CYCLE
124 127 -1 2 1.0000 1 CYCLE
124 128 -1 2 1.0000 1 CYCLE
124 129 -1 2 1.0000 1 CYCLE
124 130 -1 2 1.0000 1 CYCLE
124 131 -1 2 1.0000 1 CYCLE
124 132 -1 2 1.0000 1 CYCLE
124 133 -1 2 1.0000 1 CYCLE
124 134 -1 2 1.0000 1 CYCLE
124 135 -1 2 1.0000 1 CYCLE
124 136 -1 2 1.0000 1 CYCLE
124 137 -1 4 1.0000 1 CYCLE
124 138 -1 4 1.0000 1 CYCLE
124 139 -1 4 1.0000 1 CYCLE
124 140 -1 31 1.0365 2 FAT
124 141 -1 151 1.1422 2 FAT
124 142 -1 234 1.1621 2 FAT
124 143 -1 438 1.1903 2 FAT
124 144 -1 438 1.1903 2 FAT
124 145 -1 154 1.1377 2 FAT
124 146 -1 61 1.0919 2 FAT
124 147 -1 128 1.1112 2 FAT
124 148 -1 114 1.1225 2 FAT
124 149 -1 114 1.1225 2 FAT
124 150 -1 114 1.1225 2 FAT
124 151 -1 60 1.0889 2 FAT
124 152 -1 5 1.0000 1 CYCLE
124 153 -1 5 1.0000 1 CYCLE
124 154 -1 5 1.0000 1 CYCLE
124 155 -1 5 1.0000 1 CYCLE
124 156 -1 10 1.0000 1 CYCLE
124 157 -1 95 1.1129 2 FAT
124 158 -1 95 1.1129 2 FAT
124 159 -1 95 1.1129 2 FAT
124 160 -1 358 1.1736 2 FAT
124 161 -1 175 1.1466 2 FAT
124 162 -1 175 1.1466 2 FAT
124 163 -1 175 1.1466 2 FAT
124 164 -1 71 1.1004 2 FAT
124 165 -1 6 1.0000 1 CYCLE
124 166 -1 3 1.0000 1 CYCLE
124 167 -1 3 1.0000 1 CYCLE
124 168 -1 3 1.0000 1 CYCLE
124 169 -1 3 1.0000 1 CYCLE
124 170 -1 3 1.0000 1 CYCLE
124 171 -1 3 1.0000 1 CYCLE
124 172 -1 3 1.0000 1 CYCLE
124 173 -1 3 1.0000 1 CYCLE
124 174 -1 3 1.0000 1 CYCLE
124 175 -1 3 1.0000 1 CYCLE
124 176 -1 3 1.0000 1 CYCLE
124 177 -1 3 1.0000 1 CYCLE
124 178 -1 3 1.0000 1 CYCLE
124 179 -1 3 1.0000 1 CYCLE
124 180 -1 3 1.0000 1 CYCLE
124 181 -1 3 1.0000 1 CYCLE
124 182 -1 3 1.0000 1 CYCLE
124 183 -1 3 1.0000 1 CYCLE
124 184 -1 6 1.0000 1 CYCLE
124 185 -1 6 1.0000 1 CYCLE
124 186 -1 118 1.1289 2 FAT
124 187 -1 199 1.1501 2 FAT
124 188 -1 230 1.1588 2 FAT
124 189 -1 230 1.1588 2 FAT
124 190 -1 56 1.0867 2 FAT
124 191 -1 193 1.1377 2 FAT
124 192 -1 153 1.1392 2 FAT
124 193 -1 153 1.1392 2 FAT
124 194 -1 153 1.1392 2 FAT
124 195 -1 78 1.1043 2 FAT
124 196 -1 8 1.0000 1 CYCLE
124 197 -1 4 1.0000 1 CYCLE
124 198 -1 4 1.0000 1 CYCLE
124 199 -1 4 1.0000 1 CYCLE
124 200 -1 4 1.0000 1 CYCLE
124 201 -1 4 1.0000 1 CYCLE
124 202 -1 4 1.0000 1 CYCLE
124 203 -1 4 1.0000 1 CYCLE
124 204 -1 4 1.0000 1 CYCLE
124 205 -1 4 1.0000 1 CYCLE
124 206 -1 8 1.0000 1 CYCLE
124 207 -1 103 1.1207 2 FAT
124 208 -1 103 1.1207 2 FAT
124 209 -1 279 1.1643 2 FAT
124 210 -1 279 1.1643 2 FAT
124 211 -1 83 1.1074 2 FAT
124 212 -1 83 1.1074 2 FAT
124 213 -1 10 1.0000 1 CYCLE
124 214 -1 5 1.0000 1 CYCLE
124 215 -1 5 1.0000 1 CYCLE
124 216 -1 5 1.0000 1 CYCLE
124 217 -1 5 1.0000 1 CYCLE
124 218 -1 65 1.0936 2 FAT
124 219 -1 144 1.1332 2 FAT
124 220 -1 144 1.1332 2 FAT
124 221 -1 144 1.1332 2 FAT
124 222 -1 58 1.0878 2 FAT
124 223 -1 12 1.0000 1 CYCLE
124 224 -1 6 1.0000 1 CYCLE
124 225 -1 92 1.1145 2 FAT
124 226 -1 92 1.1145 2 FAT
124 227 -1 92 1.1145 2 FAT
124 228 -1 92 1.1145 2 FAT
124 229 -1 168 1.1247 2 FAT
124 230 -1 68 1.0925 2 FAT
124 231 -1 97 1.0927 2 FAT
124 232 -1 204 1.1440 2 FAT
124 233 -1 153 1.1419 2 FAT
124 234 -1 273 1.1636 2 FAT
124 235 -1 385 1.1701 2 FAT
124 236 -1 641 1.2132 2 FAT
# row j=124 L=0.344444 n=237 KILL=0 CYCLE=131 FAT=106 CAP=0 certified=131 lambda[1.0365,1.2132]
125 0 -1 970 1.2294 2 FAT
125 1 -1 385 1.1701 2 FAT
125 2 -1 273 1.1636 2 FAT
125 3 -1 406 1.1872 2 FAT
125 4 -1 204 1.1440 2 FAT
125 5 -1 97 1.0927 2 FAT
125 6 -1 168 1.1247 2 FAT
125 7 -1 351 1.1726 2 FAT
125 8 -1 92 1.1145 2 FAT
125 9 -1 92 1.1145 2 FAT
125 10 -1 92 1.1145 2 FAT
125 11 -1 92 1.1145 2 FAT
125 12 -1 56 1.0410 2 FAT
125 13 -1 58 1.0878 2 FAT
125 14 -1 144 1.1332 2 FAT
125 15 -1 144 1.1332 2 FAT
125 16 -1 144 1.1332 2 FAT
125 17 -1 144 1.1332 2 FAT
125 18 -1 65 1.0936 2 FAT
125 19 -1 5 1.0000 1 CYCLE
125 20 -1 5 1.0000 1 CYCLE
125 21 -1 5 1.0000 1 CYCLE
125 22 -1 10 1.0000 1 CYCLE
125 23 -1 83 1.1074 2 FAT
125 24 -1 83 1.1074 2 FAT
125 25 -1 279 1.1643 2 FAT
125 26 -1 279 1.1643 2 FAT
125 27 -1 279 1.1643 2 FAT
125 28 -1 103 1.1207 2 FAT
125 29 -1 103 1.1207 2 FAT
125 30 -1 8 1.0000 1 CYCLE
125 31 -1 4 1.0000 1 CYCLE
125 32 -1 4 1.0000 1 CYCLE
125 33 -1 4 1.0000 1 CYCLE
125 34 -1 4 1.0000 1 CYCLE
125 35 -1 4 1.0000 1 CYCLE
125 36 -1 4 1.0000 1 CYCLE
125 37 -1 4 1.0000 1 CYCLE
125 38 -1 4 1.0000 1 CYCLE
125 39 -1 8 1.0000 1 CYCLE
125 40 -1 78 1.1043 2 FAT
125 41 -1 153 1.1392 2 FAT
125 42 -1 153 1.1392 2 FAT
125 43 -1 153 1.1392 2 FAT
125 44 -1 400 1.1816 2 FAT
125 45 -1 307 1.1540 2 FAT
125 46 -1 230 1.1588 2 FAT
125 47 -1 230 1.1588 2 FAT
125 48 -1 230 1.1588 2 FAT
125 49 -1 199 1.1501 2 FAT
125 50 -1 118 1.1289 2 FAT
125 51 -1 9 1.0000 1 CYCLE
125 52 -1 6 1.0000 1 CYCLE
125 53 -1 3 1.0000 1 CYCLE
125 54 -1 3 1.0000 1 CYCLE
125 55 -1 3 1.0000 1 CYCLE
125 56 -1 3 1.0000 1 CYCLE
125 57 -1 3 1.0000 1 CYCLE
125 58 -1 3 1.0000 1 CYCLE
125 59 -1 3 1.0000 1 CYCLE
125 60 -1 3 1.0000 1 CYCLE
125 61 -1 3 1.0000 1 CYCLE
125 62 -1 3 1.0000 1 CYCLE
125 63 -1 3 1.0000 1 CYCLE
125 64 -1 3 1.0000 1 CYCLE
125 65 -1 3 1.0000 1 CYCLE
125 66 -1 3 1.0000 1 CYCLE
125 67 -1 3 1.0000 1 CYCLE
125 68 -1 3 1.0000 1 CYCLE
125 69 -1 6 1.0000 1 CYCLE
125 70 -1 6 1.0000 1 CYCLE
125 71 -1 71 1.1004 2 FAT
125 72 -1 175 1.1466 2 FAT
125 73 -1 175 1.1466 2 FAT
125 74 -1 175 1.1466 2 FAT
125 75 -1 490 1.1941 2 FAT
125 76 -1 358 1.1736 2 FAT
125 77 -1 124 1.1137 2 FAT
125 78 -1 95 1.1129 2 FAT
125 79 -1 95 1.1129 2 FAT
125 80 -1 10 1.0000 1 CYCLE
125 81 -1 5 1.0000 1 CYCLE
125 82 -1 5 1.0000 1 CYCLE
125 83 -1 10 1.0000 1 CYCLE
125 84 -1 60 1.0889 2 FAT
125 85 -1 114 1.1225 2 FAT
125 86 -1 114 1.1225 2 FAT
125 87 -1 114 1.1225 2 FAT
125 88 -1 272 1.1510 2 FAT
125 89 -1 233 1.1476 2 FAT
125 90 -1 154 1.1377 2 FAT
125 91 -1 438 1.1903 2 FAT
125 92 -1 438 1.1903 2 FAT
125 93 -1 438 1.1903 2 FAT
125 94 -1 234 1.1621 2 FAT
125 95 -1 151 1.1422 2 FAT
125 96 -1 31 1.0365 2 FAT
125 97 -1 6 1.0000 1 CYCLE
125 98 -1 4 1.0000 1 CYCLE
125 99 -1 4 1.0000 1 CYCLE
125 100 -1 2 1.0000 1 CYCLE
125 101 -1 2 1.0000 1 CYCLE
125 102 -1 2 1.0000 1 CYCLE
125 103 -1 2 1.0000 1 CYCLE
125 104 -1 2 1.0000 1 CYCLE
125 105 -1 2 1.0000 1 CYCLE
125 106 -1 2 1.0000 1 CYCLE
125 107 -1 2 1.0000 1 CYCLE
125 108 -1 2 1.0000 1 CYCLE
125 109 -1 2 1.0000 1 CYCLE
125 110 -1 2 1.0000 1 CYCLE
125 111 -1 2 1.0000 1 CYCLE
125 112 -1 2 1.0000 1 CYCLE
125 113 -1 2 1.0000 1 CYCLE
125 114 -1 2 1.0000 1 CYCLE
125 115 -1 2 1.0000 1 CYCLE
125 116 -1 2 1.0000 1 CYCLE
125 117 -1 2 1.0000 1 CYCLE
125 118 -1 2 1.0000 1 CYCLE
125 119 -1 2 1.0000 1 CYCLE
125 120 -1 2 1.0000 1 CYCLE
125 121 -1 2 1.0000 1 CYCLE
125 122 -1 2 1.0000 1 CYCLE
125 123 -1 2 1.0000 1 CYCLE
125 124 -1 2 1.0000 1 CYCLE
125 125 -1 2 1.0000 1 CYCLE
125 126 -1 2 1.0000 1 CYCLE
125 127 -1 2 1.0000 1 CYCLE
125 128 -1 2 1.0000 1 CYCLE
125 129 -1 2 1.0000 1 CYCLE
125 130 -1 2 1.0000 1 CYCLE
125 131 -1 2 1.0000 1 CYCLE
125 132 -1 2 1.0000 1 CYCLE
125 133 -1 2 1.0000 1 CYCLE
125 134 -1 2 1.0000 1 CYCLE
125 135 -1 2 1.0000 1 CYCLE
125 136 -1 4 1.0000 1 CYCLE
125 137 -1 4 1.0000 1 CYCLE
125 138 -1 6 1.0000 1 CYCLE
125 139 -1 31 1.0365 2 FAT
125 140 -1 151 1.1422 2 FAT
125 141 -1 234 1.1621 2 FAT
125 142 -1 438 1.1903 2 FAT
125 143 -1 438 1.1903 2 FAT
125 144 -1 438 1.1903 2 FAT
125 145 -1 154 1.1377 2 FAT
125 146 -1 233 1.1476 2 FAT
125 147 -1 272 1.1510 2 FAT
125 148 -1 114 1.1225 2 FAT
125 149 -1 114 1.1225 2 FAT
125 150 -1 114 1.1225 2 FAT
125 151 -1 60 1.0889 2 FAT
125 152 -1 10 1.0000 1 CYCLE
125 153 -1 5 1.0000 1 CYCLE
125 154 -1 5 1.0000 1 CYCLE
125 155 -1 10 1.0000 1 CYCLE
125 156 -1 95 1.1129 2 FAT
125 157 -1 95 1.1129 2 FAT
125 158 -1 124 1.1137 2 FAT
125 159 -1 358 1.1736 2 FAT
125 160 -1 490 1.1941 2 FAT
125 161 -1 175 1.1466 2 FAT
125 162 -1 175 1.1466 2 FAT
125 163 -1 175 1.1466 2 FAT
125 164 -1 71 1.1004 2 FAT
125 165 -1 6 1.0000 1 CYCLE
125 166 -1 6 1.0000 1 CYCLE
125 167 -1 3 1.0000 1 CYCLE
125 168 -1 3 1.0000 1 CYCLE
125 169 -1 3 1.0000 1 CYCLE
125 170 -1 3 1.0000 1 CYCLE
125 171 -1 3 1.0000 1 CYCLE
125 172 -1 3 1.0000 1 CYCLE
125 173 -1 3 1.0000 1 CYCLE
125 174 -1 3 1.0000 1 CYCLE
125 175 -1 3 1.0000 1 CYCLE
125 176 -1 3 1.0000 1 CYCLE
125 177 -1 3 1.0000 1 CYCLE
125 178 -1 3 1.0000 1 CYCLE
125 179 -1 3 1.0000 1 CYCLE
125 180 -1 3 1.0000 1 CYCLE
125 181 -1 3 1.0000 1 CYCLE
125 182 -1 3 1.0000 1 CYCLE
125 183 -1 6 1.0000 1 CYCLE
125 184 -1 9 1.0000 1 CYCLE
125 185 -1 118 1.1289 2 FAT
125 186 -1 199 1.1501 2 FAT
125 187 -1 230 1.1588 2 FAT
125 188 -1 230 1.1588 2 FAT
125 189 -1 230 1.1588 2 FAT
125 190 -1 307 1.1540 2 FAT
125 191 -1 400 1.1816 2 FAT
125 192 -1 153 1.1392 2 FAT
125 193 -1 153 1.1392 2 FAT
125 194 -1 153 1.1392 2 FAT
125 195 -1 78 1.1043 2 FAT
125 196 -1 8 1.0000 1 CYCLE
125 197 -1 4 1.0000 1 CYCLE
125 198 -1 4 1.0000 1 CYCLE
125 199 -1 4 1.0000 1 CYCLE
125 200 -1 4 1.0000 1 CYCLE
125 201 -1 4 1.0000 1 CYCLE
125 202 -1 4 1.0000 1 CYCLE
125 203 -1 4 1.0000 1 CYCLE
125 204 -1 4 1.0000 1 CYCLE
125 205 -1 8 1.0000 1 CYCLE
125 206 -1 103 1.1207 2 FAT
125 207 -1 103 1.1207 2 FAT
125 208 -1 279 1.1643 2 FAT
125 209 -1 279 1.1643 2 FAT
125 210 -1 279 1.1643 2 FAT
125 211 -1 83 1.1074 2 FAT
125 212 -1 83 1.1074 2 FAT
125 213 -1 10 1.0000 1 CYCLE
125 214 -1 5 1.0000 1 CYCLE
125 215 -1 5 1.0000 1 CYCLE
125 216 -1 5 1.0000 1 CYCLE
125 217 -1 65 1.0936 2 FAT
125 218 -1 144 1.1332 2 FAT
125 219 -1 144 1.1332 2 FAT
125 220 -1 144 1.1332 2 FAT
125 221 -1 144 1.1332 2 FAT
125 222 -1 58 1.0878 2 FAT
125 223 -1 56 1.0410 2 FAT
125 224 -1 92 1.1145 2 FAT
125 225 -1 92 1.1145 2 FAT
125 226 -1 92 1.1145 2 FAT
125 227 -1 92 1.1145 2 FAT
125 228 -1 351 1.1726 2 FAT
125 229 -1 168 1.1247 2 FAT
125 230 -1 97 1.0927 2 FAT
125 231 -1 204 1.1440 2 FAT
125 232 -1 406 1.1872 2 FAT
125 233 -1 273 1.1636 2 FAT
125 234 -1 385 1.1701 2 FAT
125 235 -1 970 1.2294 2 FAT
# row j=125 L=0.347222 n=236 KILL=0 CYCLE=118 FAT=118 CAP=0 certified=118 lambda[1.0365,1.2294]
126 0 -1 970 1.2294 2 FAT
126 1 -1 385 1.1701 2 FAT
126 2 -1 632 1.2114 2 FAT
126 3 -1 406 1.1872 2 FAT
126 4 -1 204 1.1440 2 FAT
126 5 -1 274 1.1338 2 FAT
126 6 -1 351 1.1726 2 FAT
126 7 -1 351 1.1726 2 FAT
126 8 -1 92 1.1145 2 FAT
126 9 -1 92 1.1145 2 FAT
126 10 -1 92 1.1145 2 FAT
126 11 -1 252 1.1499 2 FAT
126 12 -1 180 1.1267 2 FAT
126 13 -1 144 1.1332 2 FAT
126 14 -1 144 1.1332 2 FAT
126 15 -1 144 1.1332 2 FAT
126 16 -1 144 1.1332 2 FAT
126 17 -1 144 1.1332 2 FAT
126 18 -1 65 1.0936 2 FAT
126 19 -1 10 1.0000 1 CYCLE
126 20 -1 5 1.0000 1 CYCLE
126 21 -1 10 1.0000 1 CYCLE
126 22 -1 83 1.1074 2 FAT
126 23 -1 105 1.1072 2 FAT
126 24 -1 279 1.1643 2 FAT
126 25 -1 279 1.1643 2 FAT
126 26 -1 279 1.1643 2 FAT
126 27 -1 279 1.1643 2 FAT
126 28 -1 103 1.1207 2 FAT
126 29 -1 103 1.1207 2 FAT
126 30 -1 8 1.0000 1 CYCLE
126 31 -1 8 1.0000 1 CYCLE
126 32 -1 4 1.0000 1 CYCLE
126 33 -1 4 1.0000 1 CYCLE
126 34 -1 4 1.0000 1 CYCLE
126 35 -1 4 1.0000 1 CYCLE
126 36 -1 4 1.0000 1 CYCLE
126 37 -1 8 1.0000 1 CYCLE
126 38 -1 8 1.0000 1 CYCLE
126 39 -1 78 1.1043 2 FAT
126 40 -1 153 1.1392 2 FAT
126 41 -1 153 1.1392 2 FAT
126 42 -1 153 1.1392 2 FAT
126 43 -1 400 1.1816 2 FAT
126 44 -1 568 1.1940 2 FAT
126 45 -1 573 1.1968 2 FAT
126 46 -1 230 1.1588 2 FAT
126 47 -1 230 1.1588 2 FAT
126 48 -1 230 1.1588 2 FAT
126 49 -1 199 1.1501 2 FAT
126 50 -1 118 1.1289 2 FAT
126 51 -1 9 1.0000 1 CYCLE
126 52 -1 6 1.0000 1 CYCLE
126 53 -1 6 1.0000 1 CYCLE
126 54 -1 3 1.0000 1 CYCLE
126 55 -1 3 1.0000 1 CYCLE
126 56 -1 3 1.0000 1 CYCLE
126 57 -1 3 1.0000 1 CYCLE
126 58 -1 3 1.0000 1 CYCLE
126 59 -1 3 1.0000 1 CYCLE
126 60 -1 3 1.0000 1 CYCLE
126 61 -1 3 1.0000 1 CYCLE
126 62 -1 3 1.0000 1 CYCLE
126 63 -1 3 1.0000 1 CYCLE
126 64 -1 3 1.0000 1 CYCLE
126 65 -1 3 1.0000 1 CYCLE
126 66 -1 3 1.0000 1 CYCLE
126 67 -1 3 1.0000 1 CYCLE
126 68 -1 6 1.0000 1 CYCLE
126 69 -1 6 1.0000 1 CYCLE
126 70 -1 71 1.1004 2 FAT
126 71 -1 175 1.1466 2 FAT
126 72 -1 175 1.1466 2 FAT
126 73 -1 175 1.1466 2 FAT
126 74 -1 490 1.1941 2 FAT
126 75 -1 490 1.1941 2 FAT
126 76 -1 358 1.1736 2 FAT
126 77 -1 124 1.1137 2 FAT
126 78 -1 95 1.1129 2 FAT
126 79 -1 95 1.1129 2 FAT
126 80 -1 10 1.0000 1 CYCLE
126 81 -1 5 1.0000 1 CYCLE
126 82 -1 10 1.0000 1 CYCLE
126 83 -1 60 1.0889 2 FAT
126 84 -1 114 1.1225 2 FAT
126 85 -1 114 1.1225 2 FAT
126 86 -1 114 1.1225 2 FAT
126 87 -1 272 1.1510 2 FAT
126 88 -1 372 1.1741 2 FAT
126 89 -1 452 1.1829 2 FAT
126 90 -1 438 1.1903 2 FAT
126 91 -1 438 1.1903 2 FAT
126 92 -1 438 1.1903 2 FAT
126 93 -1 438 1.1903 2 FAT
126 94 -1 234 1.1621 2 FAT
126 95 -1 151 1.1422 2 FAT
126 96 -1 31 1.0365 2 FAT
126 97 -1 6 1.0000 1 CYCLE
126 98 -1 4 1.0000 1 CYCLE
126 99 -1 4 1.0000 1 CYCLE
126 100 -1 4 1.0000 1 CYCLE
126 101 -1 2 1.0000 1 CYCLE
126 102 -1 2 1.0000 1 CYCLE
126 103 -1 2 1.0000 1 CYCLE
126 104 -1 2 1.0000 1 CYCLE
126 105 -1 2 1.0000 1 CYCLE
126 106 -1 2 1.0000 1 CYCLE
126 107 -1 2 1.0000 1 CYCLE
126 108 -1 2 1.0000 1 CYCLE
126 109 -1 2 1.0000 1 CYCLE
126 110 -1 2 1.0000 1 CYCLE
126 111 -1 2 1.0000 1 CYCLE
126 112 -1 2 1.0000 1 CYCLE
126 113 -1 2 1.0000 1 CYCLE
126 114 -1 2 1.0000 1 CYCLE
126 115 -1 2 1.0000 1 CYCLE
126 116 -1 2 1.0000 1 CYCLE
126 117 -1 2 1.0000 1 CYCLE
126 118 -1 2 1.0000 1 CYCLE
126 119 -1 2 1.0000 1 CYCLE
126 120 -1 2 1.0000 1 CYCLE
126 121 -1 2 1.0000 1 CYCLE
126 122 -1 2 1.0000 1 CYCLE
126 123 -1 2 1.0000 1 CYCLE
126 124 -1 2 1.0000 1 CYCLE
126 125 -1 2 1.0000 1 CYCLE
126 126 -1 2 1.0000 1 CYCLE
126 127 -1 2 1.0000 1 CYCLE
126 128 -1 2 1.0000 1 CYCLE
126 129 -1 2 1.0000 1 CYCLE
126 130 -1 2 1.0000 1 CYCLE
126 131 -1 2 1.0000 1 CYCLE
126 132 -1 2 1.0000 1 CYCLE
126 133 -1 2 1.0000 1 CYCLE
126 134 -1 4 1.0000 1 CYCLE
126 135 -1 4 1.0000 1 CYCLE
126 136 -1 4 1.0000 1 CYCLE
126 137 -1 6 1.0000 1 CYCLE
126 138 -1 31 1.0365 2 FAT
126 139 -1 151 1.1422 2 FAT
126 140 -1 234 1.1621 2 FAT
126 141 -1 438 1.1903 2 FAT
126 142 -1 438 1.1903 2 FAT
126 143 -1 438 1.1903 2 FAT
126 144 -1 438 1.1903 2 FAT
126 145 -1 452 1.1829 2 FAT
126 146 -1 372 1.1741 2 FAT
126 147 -1 272 1.1510 2 FAT
126 148 -1 114 1.1225 2 FAT
126 149 -1 114 1.1225 2 FAT
126 150 -1 114 1.1225 2 FAT
126 151 -1 60 1.0889 2 FAT
126 152 -1 10 1.0000 1 CYCLE
126 153 -1 5 1.0000 1 CYCLE
126 154 -1 10 1.0000 1 CYCLE
126 155 -1 95 1.1129 2 FAT
126 156 -1 95 1.1129 2 FAT
126 157 -1 124 1.1137 2 FAT
126 158 -1 358 1.1736 2 FAT
126 159 -1 490 1.1941 2 FAT
126 160 -1 490 1.1941 2 FAT
126 161 -1 175 1.1466 2 FAT
126 162 -1 175 1.1466 2 FAT
126 163 -1 175 1.1466 2 FAT
126 164 -1 71 1.1004 2 FAT
126 165 -1 6 1.0000 1 CYCLE
126 166 -1 6 1.0000 1 CYCLE
126 167 -1 3 1.0000 1 CYCLE
126 168 -1 3 1.0000 1 CYCLE
126 169 -1 3 1.0000 1 CYCLE
126 170 -1 3 1.0000 1 CYCLE
126 171 -1 3 1.0000 1 CYCLE
126 172 -1 3 1.0000 1 CYCLE
126 173 -1 3 1.0000 1 CYCLE
126 174 -1 3 1.0000 1 CYCLE
126 175 -1 3 1.0000 1 CYCLE
126 176 -1 3 1.0000 1 CYCLE
126 177 -1 3 1.0000 1 CYCLE
126 178 -1 3 1.0000 1 CYCLE
126 179 -1 3 1.0000 1 CYCLE
126 180 -1 3 1.0000 1 CYCLE
126 181 -1 6 1.0000 1 CYCLE
126 182 -1 6 1.0000 1 CYCLE
126 183 -1 9 1.0000 1 CYCLE
126 184 -1 118 1.1289 2 FAT
126 185 -1 199 1.1501 2 FAT
126 186 -1 230 1.1588 2 FAT
126 187 -1 230 1.1588 2 FAT
126 188 -1 230 1.1588 2 FAT
126 189 -1 573 1.1968 2 FAT
126 190 -1 568 1.1940 2 FAT
126 191 -1 400 1.1816 2 FAT
126 192 -1 153 1.1392 2 FAT
126 193 -1 153 1.1392 2 FAT
126 194 -1 153 1.1392 2 FAT
126 195 -1 78 1.1043 2 FAT
126 196 -1 8 1.0000 1 CYCLE
126 197 -1 8 1.0000 1 CYCLE
126 198 -1 4 1.0000 1 CYCLE
126 199 -1 4 1.0000 1 CYCLE
126 200 -1 4 1.0000 1 CYCLE
126 201 -1 4 1.0000 1 CYCLE
126 202 -1 4 1.0000 1 CYCLE
126 203 -1 8 1.0000 1 CYCLE
126 204 -1 8 1.0000 1 CYCLE
126 205 -1 103 1.1207 2 FAT
126 206 -1 103 1.1207 2 FAT
126 207 -1 279 1.1643 2 FAT
126 208 -1 279 1.1643 2 FAT
126 209 -1 279 1.1643 2 FAT
126 210 -1 279 1.1643 2 FAT
126 211 -1 105 1.1072 2 FAT
126 212 -1 83 1.1074 2 FAT
126 213 -1 10 1.0000 1 CYCLE
126 214 -1 5 1.0000 1 CYCLE
126 215 -1 10 1.0000 1 CYCLE
126 216 -1 65 1.0936 2 FAT
126 217 -1 144 1.1332 2 FAT
126 218 -1 144 1.1332 2 FAT
126 219 -1 144 1.1332 2 FAT
126 220 -1 144 1.1332 2 FAT
126 221 -1 144 1.1332 2 FAT
126 222 -1 180 1.1267 2 FAT
126 223 -1 252 1.1499 2 FAT
126 224 -1 92 1.1145 2 FAT
126 225 -1 92 1.1145 2 FAT
126 226 -1 92 1.1145 2 FAT
126 227 -1 351 1.1726 2 FAT
126 228 -1 351 1.1726 2 FAT
126 229 -1 274 1.1338 2 FAT
126 230 -1 204 1.1440 2 FAT
126 231 -1 406 1.1872 2 FAT
126 232 -1 632 1.2114 2 FAT
126 233 -1 385 1.1701 2 FAT
126 234 -1 970 1.2294 2 FAT
# row j=126 L=0.350000 n=235 KILL=0 CYCLE=109 FAT=126 CAP=0 certified=109 lambda[1.0365,1.2294]
127 0 -1 970 1.2294 2 FAT
127 1 -1 833 1.2205 2 FAT
127 2 -1 632 1.2114 2 FAT
127 3 -1 406 1.1872 2 FAT
127 4 -1 444 1.1679 2 FAT
127 5 -1 538 1.1843 2 FAT
127 6 -1 351 1.1726 2 FAT
127 7 -1 351 1.1726 2 FAT
127 8 -1 92 1.1145 2 FAT
127 9 -1 92 1.1145 2 FAT
127 10 -1 252 1.1499 2 FAT
127 11 -1 414 1.1779 2 FAT
127 12 -1 380 1.1689 2 FAT
127 13 -1 144 1.1332 2 FAT
127 14 -1 144 1.1332 2 FAT
127 15 -1 144 1.1332 2 FAT
127 16 -1 144 1.1332 2 FAT
127 17 -1 144 1.1332 2 FAT
127 18 -1 65 1.0936 2 FAT
127 19 -1 10 1.0000 1 CYCLE
127 20 -1 10 1.0000 1 CYCLE
127 21 -1 83 1.1074 2 FAT
127 22 -1 105 1.1072 2 FAT
127 23 -1 279 1.1643 2 FAT
127 24 -1 279 1.1643 2 FAT
127 25 -1 279 1.1643 2 FAT
127 26 -1 279 1.1643 2 FAT
127 27 -1 279 1.1643 2 FAT
127 28 -1 103 1.1207 2 FAT
127 29 -1 103 1.1207 2 FAT
127 30 -1 8 1.0000 1 CYCLE
127 31 -1 8 1.0000 1 CYCLE
127 32 -1 4 1.0000 1 CYCLE
127 33 -1 4 1.0000 1 CYCLE
127 34 -1 4 1.0000 1 CYCLE
127 35 -1 4 1.0000 1 CYCLE
127 36 -1 8 1.0000 1 CYCLE
127 37 -1 8 1.0000 1 CYCLE
127 38 -1 78 1.1043 2 FAT
127 39 -1 153 1.1392 2 FAT
127 40 -1 153 1.1392 2 FAT
127 41 -1 153 1.1392 2 FAT
127 42 -1 400 1.1816 2 FAT
127 43 -1 568 1.1940 2 FAT
127 44 -1 870 1.2207 2 FAT
127 45 -1 573 1.1968 2 FAT
127 46 -1 230 1.1588 2 FAT
127 47 -1 230 1.1588 2 FAT
127 48 -1 230 1.1588 2 FAT
127 49 -1 199 1.1501 2 FAT
127 50 -1 118 1.1289 2 FAT
127 51 -1 9 1.0000 1 CYCLE
127 52 -1 6 1.0000 1 CYCLE
127 53 -1 6 1.0000 1 CYCLE
127 54 -1 3 1.0000 1 CYCLE
127 55 -1 3 1.0000 1 CYCLE
127 56 -1 3 1.0000 1 CYCLE
127 57 -1 3 1.0000 1 CYCLE
127 58 -1 3 1.0000 1 CYCLE
127 59 -1 3 1.0000 1 CYCLE
127 60 -1 3 1.0000 1 CYCLE
127 61 -1 3 1.0000 1 CYCLE
127 62 -1 3 1.0000 1 CYCLE
127 63 -1 3 1.0000 1 CYCLE
127 64 -1 3 1.0000 1 CYCLE
127 65 -1 3 1.0000 1 CYCLE
127 66 -1 6 1.0000 1 CYCLE
127 67 -1 6 1.0000 1 CYCLE
127 68 -1 6 1.0000 1 CYCLE
127 69 -1 71 1.1004 2 FAT
127 70 -1 175 1.1466 2 FAT
127 71 -1 175 1.1466 2 FAT
127 72 -1 205 1.1471 2 FAT
127 73 -1 490 1.1941 2 FAT
127 74 -1 490 1.1941 2 FAT
127 75 -1 490 1.1941 2 FAT
127 76 -1 358 1.1736 2 FAT
127 77 -1 124 1.1137 2 FAT
127 78 -1 95 1.1129 2 FAT
127 79 -1 95 1.1129 2 FAT
127 80 -1 10 1.0000 1 CYCLE
127 81 -1 10 1.0000 1 CYCLE
127 82 -1 60 1.0889 2 FAT
127 83 -1 114 1.1225 2 FAT
127 84 -1 114 1.1225 2 FAT
127 85 -1 114 1.1225 2 FAT
127 86 -1 272 1.1510 2 FAT
127 87 -1 372 1.1741 2 FAT
127 88 -1 644 1.2025 2 FAT
127 89 -1 942 1.2241 2 FAT
127 90 -1 438 1.1903 2 FAT
127 91 -1 438 1.1903 2 FAT
127 92 -1 438 1.1903 2 FAT
127 93 -1 438 1.1903 2 FAT
127 94 -1 234 1.1621 2 FAT
127 95 -1 151 1.1422 2 FAT
127 96 -1 31 1.0365 2 FAT
127 97 -1 6 1.0000 1 CYCLE
127 98 -1 4 1.0000 1 CYCLE
127 99 -1 4 1.0000 1 CYCLE
127 100 -1 4 1.0000 1 CYCLE
127 101 -1 4 1.0000 1 CYCLE
127 102 -1 2 1.0000 1 CYCLE
127 103 -1 2 1.0000 1 CYCLE
127 104 -1 2 1.0000 1 CYCLE
127 105 -1 2 1.0000 1 CYCLE
127 106 -1 2 1.0000 1 CYCLE
127 107 -1 2 1.0000 1 CYCLE
127 108 -1 2 1.0000 1 CYCLE
127 109 -1 2 1.0000 1 CYCLE
127 110 -1 2 1.0000 1 CYCLE
127 111 -1 2 1.0000 1 CYCLE
127 112 -1 2 1.0000 1 CYCLE
127 113 -1 2 1.0000 1 CYCLE
127 114 -1 2 1.0000 1 CYCLE
127 115 -1 2 1.0000 1 CYCLE
127 116 -1 2 1.0000 1 CYCLE
127 117 -1 2 1.0000 1 CYCLE
127 118 -1 2 1.0000 1 CYCLE
127 119 -1 2 1.0000 1 CYCLE
127 120 -1 2 1.0000 1 CYCLE
127 121 -1 2 1.0000 1 CYCLE
127 122 -1 2 1.0000 1 CYCLE
127 123 -1 2 1.0000 1 CYCLE
127 124 -1 2 1.0000 1 CYCLE
127 125 -1 2 1.0000 1 CYCLE
127 126 -1 2 1.0000 1 CYCLE
127 127 -1 2 1.0000 1 CYCLE
127 128 -1 2 1.0000 1 CYCLE
127 129 -1 2 1.0000 1 CYCLE
127 130 -1 2 1.0000 1 CYCLE
127 131 -1 2 1.0000 1 CYCLE
127 132 -1 4 1.0000 1 CYCLE
127 133 -1 4 1.0000 1 CYCLE
127 134 -1 4 1.0000 1 CYCLE
127 135 -1 4 1.0000 1 CYCLE
127 136 -1 6 1.0000 1 CYCLE
127 137 -1 31 1.0365 2 FAT
127 138 -1 151 1.1422 2 FAT
127 139 -1 234 1.1621 2 FAT
127 140 -1 438 1.1903 2 FAT
127 141 -1 438 1.1903 2 FAT
127 142 -1 438 1.1903 2 FAT
127 143 -1 438 1.1903 2 FAT
127 144 -1 942 1.2241 2 FAT
127 145 -1 644 1.2025 2 FAT
127 146 -1 372 1.1741 2 FAT
127 147 -1 272 1.1510 2 FAT
127 148 -1 114 1.1225 2 FAT
127 149 -1 114 1.1225 2 FAT
127 150 -1 114 1.1225 2 FAT
127 151 -1 60 1.0889 2 FAT
127 152 -1 10 1.0000 1 CYCLE
127 153 -1 10 1.0000 1 CYCLE
127 154 -1 95 1.1129 2 FAT
127 155 -1 95 1.1129 2 FAT
127 156 -1 124 1.1137 2 FAT
127 157 -1 358 1.1736 2 FAT
127 158 -1 490 1.1941 2 FAT
127 159 -1 490 1.1941 2 FAT
127 160 -1 490 1.1941 2 FAT
127 161 -1 205 1.1471 2 FAT
127 162 -1 175 1.1466 2 FAT
127 163 -1 175 1.1466 2 FAT
127 164 -1 71 1.1004 2 FAT
127 165 -1 6 1.0000 1 CYCLE
127 166 -1 6 1.0000 1 CYCLE
127 167 -1 6 1.0000 1 CYCLE
127 168 -1 3 1.0000 1 CYCLE
127 169 -1 3 1.0000 1 CYCLE
127 170 -1 3 1.0000 1 CYCLE
127 171 -1 3 1.0000 1 CYCLE
127 172 -1 3 1.0000 1 CYCLE
127 173 -1 3 1.0000 1 CYCLE
127 174 -1 3 1.0000 1 CYCLE
127 175 -1 3 1.0000 1 CYCLE
127 176 -1 3 1.0000 1 CYCLE
127 177 -1 3 1.0000 1 CYCLE
127 178 -1 3 1.0000 1 CYCLE
127 179 -1 3 1.0000 1 CYCLE
127 180 -1 6 1.0000 1 CYCLE
127 181 -1 6 1.0000 1 CYCLE
127 182 -1 9 1.0000 1 CYCLE
127 183 -1 118 1.1289 2 FAT
127 184 -1 199 1.1501 2 FAT
127 185 -1 230 1.1588 2 FAT
127 186 -1 230 1.1588 2 FAT
127 187 -1 230 1.1588 2 FAT
127 188 -1 573 1.1968 2 FAT
127 189 -1 870 1.2207 2 FAT
127 190 -1 568 1.1940 2 FAT
127 191 -1 400 1.1816 2 FAT
127 192 -1 153 1.1392 2 FAT
127 193 -1 153 1.1392 2 FAT
127 194 -1 153 1.1392 2 FAT
127 195 -1 78 1.1043 2 FAT
127 196 -1 8 1.0000 1 CYCLE
127 197 -1 8 1.0000 1 CYCLE
127 198 -1 4 1.0000 1 CYCLE
127 199 -1 4 1.0000 1 CYCLE
127 200 -1 4 1.0000 1 CYCLE
127 201 -1 4 1.0000 1 CYCLE
127 202 -1 8 1.0000 1 CYCLE
127 203 -1 8 1.0000 1 CYCLE
127 204 -1 103 1.1207 2 FAT
127 205 -1 103 1.1207 2 FAT
127 206 -1 279 1.1643 2 FAT
127 207 -1 279 1.1643 2 FAT
127 208 -1 279 1.1643 2 FAT
127 209 -1 279 1.1643 2 FAT
127 210 -1 279 1.1643 2 FAT
127 211 -1 105 1.1072 2 FAT
127 212 -1 83 1.1074 2 FAT
127 213 -1 10 1.0000 1 CYCLE
127 214 -1 10 1.0000 1 CYCLE
127 215 -1 65 1.0936 2 FAT
127 216 -1 144 1.1332 2 FAT
127 217 -1 144 1.1332 2 FAT
127 218 -1 144 1.1332 2 FAT
127 219 -1 144 1.1332 2 FAT
127 220 -1 144 1.1332 2 FAT
127 221 -1 380 1.1689 2 FAT
127 222 -1 414 1.1779 2 FAT
127 223 -1 252 1.1499 2 FAT
127 224 -1 92 1.1145 2 FAT
127 225 -1 92 1.1145 2 FAT
127 226 -1 351 1.1726 2 FAT
127 227 -1 351 1.1726 2 FAT
127 228 -1 538 1.1843 2 FAT
127 229 -1 444 1.1679 2 FAT
127 230 -1 406 1.1872 2 FAT
127 231 -1 632 1.2114 2 FAT
127 232 -1 833 1.2205 2 FAT
127 233 -1 970 1.2294 2 FAT
# row j=127 L=0.352778 n=234 KILL=0 CYCLE=100 FAT=134 CAP=0 certified=100 lambda[1.0365,1.2294]
128 0 -1 1624 1.2563 2 FAT
128 1 -1 833 1.2205 2 FAT
128 2 -1 632 1.2114 2 FAT
128 3 -1 788 1.2038 2 FAT
128 4 -1 726 1.2018 2 FAT
128 5 -1 538 1.1843 2 FAT
128 6 -1 351 1.1726 2 FAT
128 7 -1 351 1.1726 2 FAT
128 8 -1 92 1.1145 2 FAT
128 9 -1 252 1.1499 2 FAT
128 10 -1 473 1.1780 2 FAT
128 11 -1 674 1.2033 2 FAT
128 12 -1 380 1.1689 2 FAT
128 13 -1 144 1.1332 2 FAT
128 14 -1 144 1.1332 2 FAT
128 15 -1 144 1.1332 2 FAT
128 16 -1 144 1.1332 2 FAT
128 17 -1 144 1.1332 2 FAT
128 18 -1 65 1.0936 2 FAT
128 19 -1 57 1.0402 2 FAT
128 20 -1 83 1.1074 2 FAT
128 21 -1 105 1.1072 2 FAT
128 22 -1 279 1.1643 2 FAT
128 23 -1 279 1.1643 2 FAT
128 24 -1 279 1.1643 2 FAT
128 25 -1 279 1.1643 2 FAT
128 26 -1 279 1.1643 2 FAT
128 27 -1 279 1.1643 2 FAT
128 28 -1 103 1.1207 2 FAT
128 29 -1 103 1.1207 2 FAT
128 30 -1 8 1.0000 1 CYCLE
128 31 -1 8 1.0000 1 CYCLE
128 32 -1 4 1.0000 1 CYCLE
128 33 -1 4 1.0000 1 CYCLE
128 34 -1 4 1.0000 1 CYCLE
128 35 -1 8 1.0000 1 CYCLE
128 36 -1 12 1.0000 1 CYCLE
128 37 -1 78 1.1043 2 FAT
128 38 -1 153 1.1392 2 FAT
128 39 -1 153 1.1392 2 FAT
128 40 -1 153 1.1392 2 FAT
128 41 -1 400 1.1816 2 FAT
128 42 -1 568 1.1940 2 FAT
128 43 -1 870 1.2207 2 FAT
128 44 -1 870 1.2207 2 FAT
128 45 -1 573 1.1968 2 FAT
128 46 -1 230 1.1588 2 FAT
128 47 -1 230 1.1588 2 FAT
128 48 -1 230 1.1588 2 FAT
128 49 -1 199 1.1501 2 FAT
128 50 -1 118 1.1289 2 FAT
128 51 -1 9 1.0000 1 CYCLE
128 52 -1 6 1.0000 1 CYCLE
128 53 -1 6 1.0000 1 CYCLE
128 54 -1 3 1.0000 1 CYCLE
128 55 -1 3 1.0000 1 CYCLE
128 56 -1 3 1.0000 1 CYCLE
128 57 -1 3 1.0000 1 CYCLE
128 58 -1 3 1.0000 1 CYCLE
128 59 -1 3 1.0000 1 CYCLE
128 60 -1 3 1.0000 1 CYCLE
128 61 -1 3 1.0000 1 CYCLE
128 62 -1 3 1.0000 1 CYCLE
128 63 -1 3 1.0000 1 CYCLE
128 64 -1 3 1.0000 1 CYCLE
128 65 -1 6 1.0000 1 CYCLE
128 66 -1 6 1.0000 1 CYCLE
128 67 -1 6 1.0000 1 CYCLE
128 68 -1 71 1.1004 2 FAT
128 69 -1 175 1.1466 2 FAT
128 70 -1 175 1.1466 2 FAT
128 71 -1 205 1.1471 2 FAT
128 72 -1 490 1.1941 2 FAT
128 73 -1 490 1.1941 2 FAT
128 74 -1 490 1.1941 2 FAT
128 75 -1 490 1.1941 2 FAT
128 76 -1 358 1.1736 2 FAT
128 77 -1 124 1.1137 2 FAT
128 78 -1 95 1.1129 2 FAT
128 79 -1 95 1.1129 2 FAT
128 80 -1 57 1.0402 2 FAT
128 81 -1 60 1.0889 2 FAT
128 82 -1 114 1.1225 2 FAT
128 83 -1 114 1.1225 2 FAT
128 84 -1 114 1.1225 2 FAT
128 85 -1 282 1.1499 2 FAT
128 86 -1 372 1.1741 2 FAT
128 87 -1 644 1.2025 2 FAT
128 88 -1 1188 1.2367 2 FAT
128 89 -1 942 1.2241 2 FAT
128 90 -1 438 1.1903 2 FAT
128 91 -1 438 1.1903 2 FAT
128 92 -1 438 1.1903 2 FAT
128 93 -1 438 1.1903 2 FAT
128 94 -1 234 1.1621 2 FAT
128 95 -1 151 1.1422 2 FAT
128 96 -1 31 1.0365 2 FAT
128 97 -1 6 1.0000 1 CYCLE
128 98 -1 4 1.0000 1 CYCLE
128 99 -1 4 1.0000 1 CYCLE
128 100 -1 4 1.0000 1 CYCLE
128 101 -1 4 1.0000 1 CYCLE
128 102 -1 4 1.0000 1 CYCLE
128 103 -1 2 1.0000 1 CYCLE
128 104 -1 2 1.0000 1 CYCLE
128 105 -1 2 1.0000 1 CYCLE
128 106 -1 2 1.0000 1 CYCLE
128 107 -1 2 1.0000 1 CYCLE
128 108 -1 2 1.0000 1 CYCLE
128 109 -1 2 1.0000 1 CYCLE
128 110 -1 2 1.0000 1 CYCLE
128 111 -1 2 1.0000 1 CYCLE
128 112 -1 2 1.0000 1 CYCLE
128 113 -1 2 1.0000 1 CYCLE
128 114 -1 2 1.0000 1 CYCLE
128 115 -1 2 1.0000 1 CYCLE
128 116 -1 2 1.0000 1 CYCLE
128 117 -1 2 1.0000 1 CYCLE
128 118 -1 2 1.0000 1 CYCLE
128 119 -1 2 1.0000 1 CYCLE
128 120 -1 2 1.0000 1 CYCLE
128 121 -1 2 1.0000 1 CYCLE
128 122 -1 2 1.0000 1 CYCLE
128 123 -1 2 1.0000 1 CYCLE
128 124 -1 2 1.0000 1 CYCLE
128 125 -1 2 1.0000 1 CYCLE
128 126 -1 2 1.0000 1 CYCLE
128 127 -1 2 1.0000 1 CYCLE
128 128 -1 2 1.0000 1 CYCLE
128 129 -1 2 1.0000 1 CYCLE
128 130 -1 4 1.0000 1 CYCLE
128 131 -1 4 1.0000 1 CYCLE
128 132 -1 4 1.0000 1 CYCLE
128 133 -1 4 1.0000 1 CYCLE
128 134 -1 4 1.0000 1 CYCLE
128 135 -1 6 1.0000 1 CYCLE
128 136 -1 31 1.0365 2 FAT
128 137 -1 151 1.1422 2 FAT
128 138 -1 234 1.1621 2 FAT
128 139 -1 438 1.1903 2 FAT
128 140 -1 438 1.1903 2 FAT
128 141 -1 438 1.1903 2 FAT
128 142 -1 438 1.1903 2 FAT
128 143 -1 942 1.2241 2 FAT
128 144 -1 1188 1.2367 2 FAT
128 145 -1 644 1.2025 2 FAT
128 146 -1 372 1.1741 2 FAT
128 147 -1 282 1.1499 2 FAT
128 148 -1 114 1.1225 2 FAT
128 149 -1 114 1.1225 2 FAT
128 150 -1 114 1.1225 2 FAT
128 151 -1 60 1.0889 2 FAT
128 152 -1 57 1.0402 2 FAT
128 153 -1 95 1.1129 2 FAT
128 154 -1 95 1.1129 2 FAT
128 155 -1 124 1.1137 2 FAT
128 156 -1 358 1.1736 2 FAT
128 157 -1 490 1.1941 2 FAT
128 158 -1 490 1.1941 2 FAT
128 159 -1 490 1.1941 2 FAT
128 160 -1 490 1.1941 2 FAT
128 161 -1 205 1.1471 2 FAT
128 162 -1 175 1.1466 2 FAT
128 163 -1 175 1.1466 2 FAT
128 164 -1 71 1.1004 2 FAT
128 165 -1 6 1.0000 1 CYCLE
128 166 -1 6 1.0000 1 CYCLE
128 167 -1 6 1.0000 1 CYCLE
128 168 -1 3 1.0000 1 CYCLE
128 169 -1 3 1.0000 1 CYCLE
128 170 -1 3 1.0000 1 CYCLE
128 171 -1 3 1.0000 1 CYCLE
128 172 -1 3 1.0000 1 CYCLE
128 173 -1 3 1.0000 1 CYCLE
128 174 -1 3 1.0000 1 CYCLE
128 175 -1 3 1.0000 1 CYCLE
128 176 -1 3 1.0000 1 CYCLE
128 177 -1 3 1.0000 1 CYCLE
128 178 -1 3 1.0000 1 CYCLE
128 179 -1 6 1.0000 1 CYCLE
128 180 -1 6 1.0000 1 CYCLE
128 181 -1 9 1.0000 1 CYCLE
128 182 -1 118 1.1289 2 FAT
128 183 -1 199 1.1501 2 FAT
128 184 -1 230 1.1588 2 FAT
128 185 -1 230 1.1588 2 FAT
128 186 -1 230 1.1588 2 FAT
128 187 -1 573 1.1968 2 FAT
128 188 -1 870 1.2207 2 FAT
128 189 -1 870 1.2207 2 FAT
128 190 -1 568 1.1940 2 FAT
128 191 -1 400 1.1816 2 FAT
128 192 -1 153 1.1392 2 FAT
128 193 -1 153 1.1392 2 FAT
128 194 -1 153 1.1392 2 FAT
128 195 -1 78 1.1043 2 FAT
128 196 -1 12 1.0000 1 CYCLE
128 197 -1 8 1.0000 1 CYCLE
128 198 -1 4 1.0000 1 CYCLE
128 199 -1 4 1.0000 1 CYCLE
128 200 -1 4 1.0000 1 CYCLE
128 201 -1 8 1.0000 1 CYCLE
128 202 -1 8 1.0000 1 CYCLE
128 203 -1 103 1.1207 2 FAT
128 204 -1 103 1.1207 2 FAT
128 205 -1 279 1.1643 2 FAT
128 206 -1 279 1.1643 2 FAT
128 207 -1 279 1.1643 2 FAT
128 208 -1 279 1.1643 2 FAT
128 209 -1 279 1.1643 2 FAT
128 210 -1 279 1.1643 2 FAT
128 211 -1 105 1.1072 2 FAT
128 212 -1 83 1.1074 2 FAT
128 213 -1 57 1.0402 2 FAT
128 214 -1 65 1.0936 2 FAT
128 215 -1 144 1.1332 2 FAT
128 216 -1 144 1.1332 2 FAT
128 217 -1 144 1.1332 2 FAT
128 218 -1 144 1.1332 2 FAT
128 219 -1 144 1.1332 2 FAT
128 220 -1 380 1.1689 2 FAT
128 221 -1 674 1.2033 2 FAT
128 222 -1 473 1.1780 2 FAT
128 223 -1 252 1.1499 2 FAT
128 224 -1 92 1.1145 2 FAT
128 225 -1 351 1.1726 2 FAT
128 226 -1 351 1.1726 2 FAT
128 227 -1 538 1.1843 2 FAT
128 228 -1 726 1.2018 2 FAT
128 229 -1 788 1.2038 2 FAT
128 230 -1 632 1.2114 2 FAT
128 231 -1 833 1.2205 2 FAT
128 232 -1 1624 1.2563 2 FAT
# row j=128 L=0.355556 n=233 KILL=0 CYCLE=87 FAT=146 CAP=0 certified=87 lambda[1.0365,1.2563]
129 0 -1 1624 1.2563 2 FAT
129 1 -1 895 1.2181 2 FAT
129 2 -1 1155 1.2303 2 FAT
129 3 -1 1138 1.2261 2 FAT
129 4 -1 726 1.2018 2 FAT
129 5 -1 538 1.1843 2 FAT
129 6 -1 351 1.1726 2 FAT
129 7 -1 351 1.1726 2 FAT
129 8 -1 417 1.1613 2 FAT
129 9 -1 473 1.1780 2 FAT
129 10 -1 674 1.2033 2 FAT
129 11 -1 674 1.2033 2 FAT
129 12 -1 380 1.1689 2 FAT
129 13 -1 144 1.1332 2 FAT
129 14 -1 144 1.1332 2 FAT
129 15 -1 144 1.1332 2 FAT
129 16 -1 144 1.1332 2 FAT
129 17 -1 328 1.1511 2 FAT
129 18 -1 260 1.1440 2 FAT
129 19 -1 320 1.1590 2 FAT
129 20 -1 105 1.1072 2 FAT
129 21 -1 279 1.1643 2 FAT
129 22 -1 279 1.1643 2 FAT
129 23 -1 279 1.1643 2 FAT
129 24 -1 279 1.1643 2 FAT
129 25 -1 279 1.1643 2 FAT
129 26 -1 279 1.1643 2 FAT
129 27 -1 279 1.1643 2 FAT
129 28 -1 103 1.1207 2 FAT
129 29 -1 103 1.1207 2 FAT
129 30 -1 8 1.0000 1 CYCLE
129 31 -1 8 1.0000 1 CYCLE
129 32 -1 4 1.0000 1 CYCLE
129 33 -1 4 1.0000 1 CYCLE
129 34 -1 8 1.0000 1 CYCLE
129 35 -1 12 1.0000 1 CYCLE
129 36 -1 78 1.1043 2 FAT
129 37 -1 153 1.1392 2 FAT
129 38 -1 153 1.1392 2 FAT
129 39 -1 153 1.1392 2 FAT
129 40 -1 400 1.1816 2 FAT
129 41 -1 568 1.1940 2 FAT
129 42 -1 870 1.2207 2 FAT
129 43 -1 870 1.2207 2 FAT
129 44 -1 870 1.2207 2 FAT
129 45 -1 573 1.1968 2 FAT
129 46 -1 230 1.1588 2 FAT
129 47 -1 230 1.1588 2 FAT
129 48 -1 230 1.1588 2 FAT
129 49 -1 199 1.1501 2 FAT
129 50 -1 118 1.1289 2 FAT
129 51 -1 9 1.0000 1 CYCLE
129 52 -1 6 1.0000 1 CYCLE
129 53 -1 6 1.0000 1 CYCLE
129 54 -1 6 1.0000 1 CYCLE
129 55 -1 3 1.0000 1 CYCLE
129 56 -1 3 1.0000 1 CYCLE
129 57 -1 3 1.0000 1 CYCLE
129 58 -1 3 1.0000 1 CYCLE
129 59 -1 3 1.0000 1 CYCLE
129 60 -1 3 1.0000 1 CYCLE
129 61 -1 3 1.0000 1 CYCLE
129 62 -1 3 1.0000 1 CYCLE
129 63 -1 3 1.0000 1 CYCLE
129 64 -1 6 1.0000 1 CYCLE
129 65 -1 6 1.0000 1 CYCLE
129 66 -1 9 1.0000 1 CYCLE
129 67 -1 71 1.1004 2 FAT
129 68 -1 175 1.1466 2 FAT
129 69 -1 175 1.1466 2 FAT
129 70 -1 205 1.1471 2 FAT
129 71 -1 490 1.1941 2 FAT
129 72 -1 490 1.1941 2 FAT
129 73 -1 490 1.1941 2 FAT
129 74 -1 490 1.1941 2 FAT
129 75 -1 490 1.1941 2 FAT
129 76 -1 358 1.1736 2 FAT
129 77 -1 124 1.1137 2 FAT
129 78 -1 95 1.1129 2 FAT
129 79 -1 354 1.1617 2 FAT
129 80 -1 248 1.1417 2 FAT
129 81 -1 114 1.1225 2 FAT
129 82 -1 114 1.1225 2 FAT
129 83 -1 114 1.1225 2 FAT
129 84 -1 282 1.1499 2 FAT
129 85 -1 372 1.1741 2 FAT
129 86 -1 644 1.2025 2 FAT
129 87 -1 1188 1.2367 2 FAT
129 88 -1 1188 1.2367 2 FAT
129 89 -1 942 1.2241 2 FAT
129 90 -1 438 1.1903 2 FAT
129 91 -1 438 1.1903 2 FAT
129 92 -1 438 1.1903 2 FAT
129 93 -1 438 1.1903 2 FAT
129 94 -1 234 1.1621 2 FAT
129 95 -1 151 1.1422 2 FAT
129 96 -1 31 1.0365 2 FAT
129 97 -1 6 1.0000 1 CYCLE
129 98 -1 6 1.0000 1 CYCLE
129 99 -1 4 1.0000 1 CYCLE
129 100 -1 4 1.0000 1 CYCLE
129 101 -1 4 1.0000 1 CYCLE
129 102 -1 4 1.0000 1 CYCLE
129 103 -1 4 1.0000 1 CYCLE
129 104 -1 2 1.0000 1 CYCLE
129 105 -1 2 1.0000 1 CYCLE
129 106 -1 2 1.0000 1 CYCLE
129 107 -1 2 1.0000 1 CYCLE
129 108 -1 2 1.0000 1 CYCLE
129 109 -1 2 1.0000 1 CYCLE
129 110 -1 2 1.0000 1 CYCLE
129 111 -1 2 1.0000 1 CYCLE
129 112 -1 2 1.0000 1 CYCLE
129 113 -1 2 1.0000 1 CYCLE
129 114 -1 2 1.0000 1 CYCLE
129 115 -1 2 1.0000 1 CYCLE
129 116 -1 2 1.0000 1 CYCLE
129 117 -1 2 1.0000 1 CYCLE
129 118 -1 2 1.0000 1 CYCLE
129 119 -1 2 1.0000 1 CYCLE
129 120 -1 2 1.0000 1 CYCLE
129 121 -1 2 1.0000 1 CYCLE
129 122 -1 2 1.0000 1 CYCLE
129 123 -1 2 1.0000 1 CYCLE
129 124 -1 2 1.0000 1 CYCLE
129 125 -1 2 1.0000 1 CYCLE
129 126 -1 2 1.0000 1 CYCLE
129 127 -1 2 1.0000 1 CYCLE
129 128 -1 4 1.0000 1 CYCLE
129 129 -1 4 1.0000 1 CYCLE
129 130 -1 4 1.0000 1 CYCLE
129 131 -1 4 1.0000 1 CYCLE
129 132 -1 4 1.0000 1 CYCLE
129 133 -1 6 1.0000 1 CYCLE
129 134 -1 6 1.0000 1 CYCLE
129 135 -1 31 1.0365 2 FAT
129 136 -1 151 1.1422 2 FAT
129 137 -1 234 1.1621 2 FAT
129 138 -1 438 1.1903 2 FAT
129 139 -1 438 1.1903 2 FAT
129 140 -1 438 1.1903 2 FAT
129 141 -1 438 1.1903 2 FAT
129 142 -1 942 1.2241 2 FAT
129 143 -1 1188 1.2367 2 FAT
129 144 -1 1188 1.2367 2 FAT
129 145 -1 644 1.2025 2 FAT
129 146 -1 372 1.1741 2 FAT
129 147 -1 282 1.1499 2 FAT
129 148 -1 114 1.1225 2 FAT
129 149 -1 114 1.1225 2 FAT
129 150 -1 114 1.1225 2 FAT
129 151 -1 248 1.1417 2 FAT
129 152 -1 354 1.1617 2 FAT
129 153 -1 95 1.1129 2 FAT
129 154 -1 124 1.1137 2 FAT
129 155 -1 358 1.1736 2 FAT
129 156 -1 490 1.1941 2 FAT
129 157 -1 490 1.1941 2 FAT
129 158 -1 490 1.1941 2 FAT
129 159 -1 490 1.1941 2 FAT
129 160 -1 490 1.1941 2 FAT
129 161 -1 205 1.1471 2 FAT
129 162 -1 175 1.1466 2 FAT
129 163 -1 175 1.1466 2 FAT
129 164 -1 71 1.1004 2 FAT
129 165 -1 9 1.0000 1 CYCLE
129 166 -1 6 1.0000 1 CYCLE
129 167 -1 6 1.0000 1 CYCLE
129 168 -1 3 1.0000 1 CYCLE
129 169 -1 3 1.0000 1 CYCLE
129 170 -1 3 1.0000 1 CYCLE
129 171 -1 3 1.0000 1 CYCLE
129 172 -1 3 1.0000 1 CYCLE
129 173 -1 3 1.0000 1 CYCLE
129 174 -1 3 1.0000 1 CYCLE
129 175 -1 3 1.0000 1 CYCLE
129 176 -1 3 1.0000 1 CYCLE
129 177 -1 6 1.0000 1 CYCLE
129 178 -1 6 1.0000 1 CYCLE
129 179 -1 6 1.0000 1 CYCLE
129 180 -1 9 1.0000 1 CYCLE
129 181 -1 118 1.1289 2 FAT
129 182 -1 199 1.1501 2 FAT
129 183 -1 230 1.1588 2 FAT
129 184 -1 230 1.1588 2 FAT
129 185 -1 230 1.1588 2 FAT
129 186 -1 573 1.1968 2 FAT
129 187 -1 870 1.2207 2 FAT
129 188 -1 870 1.2207 2 FAT
129 189 -1 870 1.2207 2 FAT
129 190 -1 568 1.1940 2 FAT
129 191 -1 400 1.1816 2 FAT
129 192 -1 153 1.1392 2 FAT
129 193 -1 153 1.1392 2 FAT
129 194 -1 153 1.1392 2 FAT
129 195 -1 78 1.1043 2 FAT
129 196 -1 12 1.0000 1 CYCLE
129 197 -1 8 1.0000 1 CYCLE
129 198 -1 4 1.0000 1 CYCLE
129 199 -1 4 1.0000 1 CYCLE
129 200 -1 8 1.0000 1 CYCLE
129 201 -1 8 1.0000 1 CYCLE
129 202 -1 103 1.1207 2 FAT
129 203 -1 103 1.1207 2 FAT
129 204 -1 279 1.1643 2 FAT
129 205 -1 279 1.1643 2 FAT
129 206 -1 279 1.1643 2 FAT
129 207 -1 279 1.1643 2 FAT
129 208 -1 279 1.1643 2 FAT
129 209 -1 279 1.1643 2 FAT
129 210 -1 279 1.1643 2 FAT
129 211 -1 105 1.1072 2 FAT
129 212 -1 320 1.1590 2 FAT
129 213 -1 260 1.1440 2 FAT
129 214 -1 328 1.1511 2 FAT
129 215 -1 144 1.1332 2 FAT
129 216 -1 144 1.1332 2 FAT
129 217 -1 144 1.1332 2 FAT
129 218 -1 144 1.1332 2 FAT
129 219 -1 380 1.1689 2 FAT
129 220 -1 674 1.2033 2 FAT
129 221 -1 674 1.2033 2 FAT
129 222 -1 473 1.1780 2 FAT
129 223 -1 417 1.1613 2 FAT
129 224 -1 351 1.1726 2 FAT
129 225 -1 351 1.1726 2 FAT
129 226 -1 538 1.1843 2 FAT
129 227 -1 726 1.2018 2 FAT
129 228 -1 1138 1.2261 2 FAT
129 229 -1 1155 1.2303 2 FAT
129 230 -1 895 1.2181 2 FAT
129 231 -1 1624 1.2563 2 FAT
# row j=129 L=0.358333 n=232 KILL=0 CYCLE=82 FAT=150 CAP=0 certified=82 lambda[1.0365,1.2563]
130 0 -1 1624 1.2563 2 FAT
130 1 -1 1615 1.2453 2 FAT
130 2 -1 1547 1.2452 2 FAT
130 3 -1 1138 1.2261 2 FAT
130 4 -1 726 1.2018 2 FAT
130 5 -1 538 1.1843 2 FAT
130 6 -1 351 1.1726 2 FAT
130 7 -1 857 1.2115 2 FAT
130 8 -1 779 1.1946 2 FAT
130 9 -1 674 1.2033 2 FAT
130 10 -1 674 1.2033 2 FAT
130 11 -1 674 1.2033 2 FAT
130 12 -1 380 1.1689 2 FAT
130 13 -1 144 1.1332 2 FAT
130 14 -1 144 1.1332 2 FAT
130 15 -1 144 1.1332 2 FAT
130 16 -1 328 1.1511 2 FAT
130 17 -1 485 1.1775 2 FAT
130 18 -1 639 1.1991 2 FAT
130 19 -1 461 1.1686 2 FAT
130 20 -1 279 1.1643 2 FAT
130 21 -1 279 1.1643 2 FAT
130 22 -1 279 1.1643 2 FAT
130 23 -1 279 1.1643 2 FAT
130 24 -1 279 1.1643 2 FAT
130 25 -1 279 1.1643 2 FAT
130 26 -1 279 1.1643 2 FAT
130 27 -1 279 1.1643 2 FAT
130 28 -1 103 1.1207 2 FAT
130 29 -1 103 1.1207 2 FAT
130 30 -1 8 1.0000 1 CYCLE
130 31 -1 8 1.0000 1 CYCLE
130 32 -1 8 1.0000 1 CYCLE
130 33 -1 8 1.0000 1 CYCLE
130 34 -1 12 1.0000 1 CYCLE
130 35 -1 78 1.1043 2 FAT
130 36 -1 153 1.1392 2 FAT
130 37 -1 153 1.1392 2 FAT
130 38 -1 153 1.1392 2 FAT
130 39 -1 400 1.1816 2 FAT
130 40 -1 568 1.1940 2 FAT
130 41 -1 870 1.2207 2 FAT
130 42 -1 870 1.2207 2 FAT
130 43 -1 870 1.2207 2 FAT
130 44 -1 870 1.2207 2 FAT
130 45 -1 573 1.1968 2 FAT
130 46 -1 230 1.1588 2 FAT
130 47 -1 230 1.1588 2 FAT
130 48 -1 230 1.1588 2 FAT
130 49 -1 199 1.1501 2 FAT
130 50 -1 118 1.1289 2 FAT
130 51 -1 9 1.0000 1 CYCLE
130 52 -1 6 1.0000 1 CYCLE
130 53 -1 6 1.0000 1 CYCLE
130 54 -1 6 1.0000 1 CYCLE
130 55 -1 3 1.0000 1 CYCLE
130 56 -1 3 1.0000 1 CYCLE
130 57 -1 3 1.0000 1 CYCLE
130 58 -1 3 1.0000 1 CYCLE
130 59 -1 3 1.0000 1 CYCLE
130 60 -1 3 1.0000 1 CYCLE
130 61 -1 3 1.0000 1 CYCLE
130 62 -1 6 1.0000 1 CYCLE
130 63 -1 6 1.0000 1 CYCLE
130 64 -1 6 1.0000 1 CYCLE
130 65 -1 9 1.0000 1 CYCLE
130 66 -1 71 1.1004 2 FAT
130 67 -1 175 1.1466 2 FAT
130 68 -1 175 1.1466 2 FAT
130 69 -1 205 1.1471 2 FAT
130 70 -1 490 1.1941 2 FAT
130 71 -1 490 1.1941 2 FAT
130 72 -1 490 1.1941 2 FAT
130 73 -1 490 1.1941 2 FAT
130 74 -1 490 1.1941 2 FAT
130 75 -1 490 1.1941 2 FAT
130 76 -1 358 1.1736 2 FAT
130 77 -1 124 1.1137 2 FAT
130 78 -1 354 1.1617 2 FAT
130 79 -1 669 1.1992 2 FAT
130 80 -1 411 1.1703 2 FAT
130 81 -1 195 1.1234 2 FAT
130 82 -1 114 1.1225 2 FAT
130 83 -1 282 1.1499 2 FAT
130 84 -1 372 1.1741 2 FAT
130 85 -1 644 1.2025 2 FAT
130 86 -1 1188 1.2367 2 FAT
130 87 -1 1188 1.2367 2 FAT
130 88 -1 1188 1.2367 2 FAT
130 89 -1 942 1.2241 2 FAT
130 90 -1 438 1.1903 2 FAT
130 91 -1 438 1.1903 2 FAT
130 92 -1 438 1.1903 2 FAT
130 93 -1 438 1.1903 2 FAT
130 94 -1 234 1.1621 2 FAT
130 95 -1 151 1.1422 2 FAT
130 96 -1 31 1.0365 2 FAT
130 97 -1 6 1.0000 1 CYCLE
130 98 -1 6 1.0000 1 CYCLE
130 99 -1 4 1.0000 1 CYCLE
130 100 -1 4 1.0000 1 CYCLE
130 101 -1 4 1.0000 1 CYCLE
130 102 -1 4 1.0000 1 CYCLE
130 103 -1 4 1.0000 1 CYCLE
130 104 -1 2 1.0000 1 CYCLE
130 105 -1 2 1.0000 1 CYCLE
130 106 -1 2 1.0000 1 CYCLE
130 107 -1 2 1.0000 1 CYCLE
130 108 -1 2 1.0000 1 CYCLE
130 109 -1 2 1.0000 1 CYCLE
130 110 -1 2 1.0000 1 CYCLE
130 111 -1 2 1.0000 1 CYCLE
130 112 -1 2 1.0000 1 CYCLE
130 113 -1 2 1.0000 1 CYCLE
130 114 -1 2 1.0000 1 CYCLE
130 115 -1 2 1.0000 1 CYCLE
130 116 -1 2 1.0000 1 CYCLE
130 117 -1 2 1.0000 1 CYCLE
130 118 -1 2 1.0000 1 CYCLE
130 119 -1 2 1.0000 1 CYCLE
130 120 -1 2 1.0000 1 CYCLE
130 121 -1 2 1.0000 1 CYCLE
130 122 -1 2 1.0000 1 CYCLE
130 123 -1 2 1.0000 1 CYCLE
130 124 -1 2 1.0000 1 CYCLE
130 125 -1 2 1.0000 1 CYCLE
130 126 -1 2 1.0000 1 CYCLE
130 127 -1 4 1.0000 1 CYCLE
130 128 -1 4 1.0000 1 CYCLE
130 129 -1 4 1.0000 1 CYCLE
130 130 -1 4 1.0000 1 CYCLE
130 131 -1 4 1.0000 1 CYCLE
130 132 -1 6 1.0000 1 CYCLE
130 133 -1 6 1.0000 1 CYCLE
130 134 -1 31 1.0365 2 FAT
130 135 -1 151 1.1422 2 FAT
130 136 -1 234 1.1621 2 FAT
130 137 -1 438 1.1903 2 FAT
130 138 -1 438 1.1903 2 FAT
130 139 -1 438 1.1903 2 FAT
130 140 -1 438 1.1903 2 FAT
130 141 -1 942 1.2241 2 FAT
130 142 -1 1188 1.2367 2 FAT
130 143 -1 1188 1.2367 2 FAT
130 144 -1 1188 1.2367 2 FAT
130 145 -1 644 1.2025 2 FAT
130 146 -1 372 1.1741 2 FAT
130 147 -1 282 1.1499 2 FAT
130 148 -1 114 1.1225 2 FAT
130 149 -1 195 1.1234 2 FAT
130 150 -1 411 1.1703 2 FAT
130 151 -1 669 1.1992 2 FAT
130 152 -1 354 1.1617 2 FAT
130 153 -1 124 1.1137 2 FAT
130 154 -1 358 1.1736 2 FAT
130 155 -1 490 1.1941 2 FAT
130 156 -1 490 1.1941 2 FAT
130 157 -1 490 1.1941 2 FAT
130 158 -1 490 1.1941 2 FAT
130 159 -1 490 1.1941 2 FAT
130 160 -1 490 1.1941 2 FAT
130 161 -1 205 1.1471 2 FAT
130 162 -1 175 1.1466 2 FAT
130 163 -1 175 1.1466 2 FAT
130 164 -1 71 1.1004 2 FAT
130 165 -1 9 1.0000 1 CYCLE
130 166 -1 6 1.0000 1 CYCLE
130 167 -1 6 1.0000 1 CYCLE
130 168 -1 6 1.0000 1 CYCLE
130 169 -1 3 1.0000 1 CYCLE
130 170 -1 3 1.0000 1 CYCLE
130 171 -1 3 1.0000 1 CYCLE
130 172 -1 3 1.0000 1 CYCLE
130 173 -1 3 1.0000 1 CYCLE
130 174 -1 3 1.0000 1 CYCLE
130 175 -1 3 1.0000 1 CYCLE
130 176 -1 6 1.0000 1 CYCLE
130 177 -1 6 1.0000 1 CYCLE
130 178 -1 6 1.0000 1 CYCLE
130 179 -1 9 1.0000 1 CYCLE
130 180 -1 118 1.1289 2 FAT
130 181 -1 199 1.1501 2 FAT
130 182 -1 230 1.1588 2 FAT
130 183 -1 230 1.1588 2 FAT
130 184 -1 230 1.1588 2 FAT
130 185 -1 573 1.1968 2 FAT
130 186 -1 870 1.2207 2 FAT
130 187 -1 870 1.2207 2 FAT
130 188 -1 870 1.2207 2 FAT
130 189 -1 870 1.2207 2 FAT
130 190 -1 568 1.1940 2 FAT
130 191 -1 400 1.1816 2 FAT
130 192 -1 153 1.1392 2 FAT
130 193 -1 153 1.1392 2 FAT
130 194 -1 153 1.1392 2 FAT
130 195 -1 78 1.1043 2 FAT
130 196 -1 12 1.0000 1 CYCLE
130 197 -1 8 1.0000 1 CYCLE
130 198 -1 8 1.0000 1 CYCLE
130 199 -1 8 1.0000 1 CYCLE
130 200 -1 8 1.0000 1 CYCLE
130 201 -1 103 1.1207 2 FAT
130 202 -1 103 1.1207 2 FAT
130 203 -1 279 1.1643 2 FAT
130 204 -1 279 1.1643 2 FAT
130 205 -1 279 1.1643 2 FAT
130 206 -1 279 1.1643 2 FAT
130 207 -1 279 1.1643 2 FAT
130 208 -1 279 1.1643 2 FAT
130 209 -1 279 1.1643 2 FAT
130 210 -1 279 1.1643 2 FAT
130 211 -1 461 1.1686 2 FAT
130 212 -1 639 1.1991 2 FAT
130 213 -1 485 1.1775 2 FAT
130 214 -1 328 1.1511 2 FAT
130 215 -1 144 1.1332 2 FAT
130 216 -1 144 1.1332 2 FAT
130 217 -1 144 1.1332 2 FAT
130 218 -1 380 1.1689 2 FAT
130 219 -1 674 1.2033 2 FAT
130 220 -1 674 1.2033 2 FAT
130 221 -1 674 1.2033 2 FAT
130 222 -1 779 1.1946 2 FAT
130 223 -1 857 1.2115 2 FAT
130 224 -1 351 1.1726 2 FAT
130 225 -1 538 1.1843 2 FAT
130 226 -1 726 1.2018 2 FAT
130 227 -1 1138 1.2261 2 FAT
130 228 -1 1547 1.2452 2 FAT
130 229 -1 1615 1.2453 2 FAT
130 230 -1 1624 1.2563 2 FAT
# row j=130 L=0.361111 n=231 KILL=0 CYCLE=77 FAT=154 CAP=0 certified=77 lambda[1.0365,1.2563]
131 0 -1 2596 1.2758 2 FAT
131 1 -1 2057 1.2588 2 FAT
131 2 -1 1547 1.2452 2 FAT
131 3 -1 1138 1.2261 2 FAT
131 4 -1 726 1.2018 2 FAT
131 5 -1 538 1.1843 2 FAT
131 6 -1 857 1.2115 2 FAT
131 7 -1 1291 1.2310 2 FAT
131 8 -1 1049 1.2195 2 FAT
131 9 -1 674 1.2033 2 FAT
131 10 -1 674 1.2033 2 FAT
131 11 -1 674 1.2033 2 FAT
131 12 -1 380 1.1689 2 FAT
131 13 -1 144 1.1332 2 FAT
131 14 -1 144 1.1332 2 FAT
131 15 -1 328 1.1511 2 FAT
131 16 -1 485 1.1775 2 FAT
131 17 -1 942 1.2177 2 FAT
131 18 -1 881 1.2105 2 FAT
131 19 -1 877 1.2089 2 FAT
131 20 -1 279 1.1643 2 FAT
131 21 -1 279 1.1643 2 FAT
131 22 -1 279 1.1643 2 FAT
131 23 -1 279 1.1643 2 FAT
131 24 -1 279 1.1643 2 FAT
131 25 -1 279 1.1643 2 FAT
131 26 -1 279 1.1643 2 FAT
131 27 -1 279 1.1643 2 FAT
131 28 -1 103 1.1207 2 FAT
131 29 -1 103 1.1207 2 FAT
131 30 -1 8 1.0000 1 CYCLE
131 31 -1 58 1.0394 2 FAT
131 32 -1 24 1.0000 1 CYCLE
131 33 -1 12 1.0000 1 CYCLE
131 34 -1 78 1.1043 2 FAT
131 35 -1 153 1.1392 2 FAT
131 36 -1 153 1.1392 2 FAT
131 37 -1 153 1.1392 2 FAT
131 38 -1 400 1.1816 2 FAT
131 39 -1 568 1.1940 2 FAT
131 40 -1 870 1.2207 2 FAT
131 41 -1 870 1.2207 2 FAT
131 42 -1 870 1.2207 2 FAT
131 43 -1 870 1.2207 2 FAT
131 44 -1 870 1.2207 2 FAT
131 45 -1 573 1.1968 2 FAT
131 46 -1 230 1.1588 2 FAT
131 47 -1 230 1.1588 2 FAT
131 48 -1 230 1.1588 2 FAT
131 49 -1 199 1.1501 2 FAT
131 50 -1 118 1.1289 2 FAT
131 51 -1 9 1.0000 1 CYCLE
131 52 -1 6 1.0000 1 CYCLE
131 53 -1 6 1.0000 1 CYCLE
131 54 -1 6 1.0000 1 CYCLE
131 55 -1 6 1.0000 1 CYCLE
131 56 -1 3 1.0000 1 CYCLE
131 57 -1 3 1.0000 1 CYCLE
131 58 -1 3 1.0000 1 CYCLE
131 59 -1 3 1.0000 1 CYCLE
131 60 -1 3 1.0000 1 CYCLE
131 61 -1 6 1.0000 1 CYCLE
131 62 -1 6 1.0000 1 CYCLE
131 63 -1 6 1.0000 1 CYCLE
131 64 -1 9 1.0000 1 CYCLE
131 65 -1 71 1.1004 2 FAT
131 66 -1 175 1.1466 2 FAT
131 67 -1 175 1.1466 2 FAT
131 68 -1 205 1.1471 2 FAT
131 69 -1 490 1.1941 2 FAT
131 70 -1 490 1.1941 2 FAT
131 71 -1 490 1.1941 2 FAT
131 72 -1 490 1.1941 2 FAT
131 73 -1 490 1.1941 2 FAT
131 74 -1 490 1.1941 2 FAT
131 75 -1 490 1.1941 2 FAT
131 76 -1 358 1.1736 2 FAT
131 77 -1 539 1.1720 2 FAT
131 78 -1 669 1.1992 2 FAT
131 79 -1 898 1.2151 2 FAT
131 80 -1 411 1.1703 2 FAT
131 81 -1 195 1.1234 2 FAT
131 82 -1 282 1.1499 2 FAT
131 83 -1 372 1.1741 2 FAT
131 84 -1 644 1.2025 2 FAT
131 85 -1 1188 1.2367 2 FAT
131 86 -1 1188 1.2367 2 FAT
131 87 -1 1188 1.2367 2 FAT
131 88 -1 1188 1.2367 2 FAT
131 89 -1 942 1.2241 2 FAT
131 90 -1 438 1.1903 2 FAT
131 91 -1 438 1.1903 2 FAT
131 92 -1 438 1.1903 2 FAT
131 93 -1 438 1.1903 2 FAT
131 94 -1 234 1.1621 2 FAT
131 95 -1 151 1.1422 2 FAT
131 96 -1 31 1.0365 2 FAT
131 97 -1 8 1.0000 1 CYCLE
131 98 -1 6 1.0000 1 CYCLE
131 99 -1 4 1.0000 1 CYCLE
131 100 -1 4 1.0000 1 CYCLE
131 101 -1 4 1.0000 1 CYCLE
131 102 -1 4 1.0000 1 CYCLE
131 103 -1 4 1.0000 1 CYCLE
131 104 -1 4 1.0000 1 CYCLE
131 105 -1 2 1.0000 1 CYCLE
131 106 -1 2 1.0000 1 CYCLE
131 107 -1 2 1.0000 1 CYCLE
131 108 -1 2 1.0000 1 CYCLE
131 109 -1 2 1.0000 1 CYCLE
131 110 -1 2 1.0000 1 CYCLE
131 111 -1 2 1.0000 1 CYCLE
131 112 -1 2 1.0000 1 CYCLE
131 113 -1 2 1.0000 1 CYCLE
131 114 -1 2 1.0000 1 CYCLE
131 115 -1 2 1.0000 1 CYCLE
131 116 -1 2 1.0000 1 CYCLE
131 117 -1 2 1.0000 1 CYCLE
131 118 -1 2 1.0000 1 CYCLE
131 119 -1 2 1.0000 1 CYCLE
131 120 -1 2 1.0000 1 CYCLE
131 121 -1 2 1.0000 1 CYCLE
131 122 -1 2 1.0000 1 CYCLE
131 123 -1 2 1.0000 1 CYCLE
131 124 -1 2 1.0000 1 CYCLE
131 125 -1 4 1.0000 1 CYCLE
131 126 -1 4 1.0000 1 CYCLE
131 127 -1 4 1.0000 1 CYCLE
131 128 -1 4 1.0000 1 CYCLE
131 129 -1 4 1.0000 1 CYCLE
131 130 -1 4 1.0000 1 CYCLE
131 131 -1 6 1.0000 1 CYCLE
131 132 -1 8 1.0000 1 CYCLE
131 133 -1 31 1.0365 2 FAT
131 134 -1 151 1.1422 2 FAT
131 135 -1 234 1.1621 2 FAT
131 136 -1 438 1.1903 2 FAT
131 137 -1 438 1.1903 2 FAT
131 138 -1 438 1.1903 2 FAT
131 139 -1 438 1.1903 2 FAT
131 140 -1 942 1.2241 2 FAT
131 141 -1 1188 1.2367 2 FAT
131 142 -1 1188 1.2367 2 FAT
131 143 -1 1188 1.2367 2 FAT
131 144 -1 1188 1.2367 2 FAT
131 145 -1 644 1.2025 2 FAT
131 146 -1 372 1.1741 2 FAT
131 147 -1 282 1.1499 2 FAT
131 148 -1 195 1.1234 2 FAT
131 149 -1 411 1.1703 2 FAT
131 150 -1 898 1.2151 2 FAT
131 151 -1 669 1.1992 2 FAT
131 152 -1 539 1.1720 2 FAT
131 153 -1 358 1.1736 2 FAT
131 154 -1 490 1.1941 2 FAT
131 155 -1 490 1.1941 2 FAT
131 156 -1 490 1.1941 2 FAT
131 157 -1 490 1.1941 2 FAT
131 158 -1 490 1.1941 2 FAT
131 159 -1 490 1.1941 2 FAT
131 160 -1 490 1.1941 2 FAT
131 161 -1 205 1.1471 2 FAT
131 162 -1 175 1.1466 2 FAT
131 163 -1 175 1.1466 2 FAT
131 164 -1 71 1.1004 2 FAT
131 165 -1 9 1.0000 1 CYCLE
131 166 -1 6 1.0000 1 CYCLE
131 167 -1 6 1.0000 1 CYCLE
131 168 -1 6 1.0000 1 CYCLE
131 169 -1 3 1.0000 1 CYCLE
131 170 -1 3 1.0000 1 CYCLE
131 171 -1 3 1.0000 1 CYCLE
131 172 -1 3 1.0000 1 CYCLE
131 173 -1 3 1.0000 1 CYCLE
131 174 -1 6 1.0000 1 CYCLE
131 175 -1 6 1.0000 1 CYCLE
131 176 -1 6 1.0000 1 CYCLE
131 177 -1 6 1.0000 1 CYCLE
131 178 -1 9 1.0000 1 CYCLE
131 179 -1 118 1.1289 2 FAT
131 180 -1 199 1.1501 2 FAT
131 181 -1 230 1.1588 2 FAT
131 182 -1 230 1.1588 2 FAT
131 183 -1 230 1.1588 2 FAT
131 184 -1 573 1.1968 2 FAT
131 185 -1 870 1.2207 2 FAT
131 186 -1 870 1.2207 2 FAT
131 187 -1 870 1.2207 2 FAT
131 188 -1 870 1.2207 2 FAT
131 189 -1 870 1.2207 2 FAT
131 190 -1 568 1.1940 2 FAT
131 191 -1 400 1.1816 2 FAT
131 192 -1 153 1.1392 2 FAT
131 193 -1 153 1.1392 2 FAT
131 194 -1 153 1.1392 2 FAT
131 195 -1 78 1.1043 2 FAT
131 196 -1 12 1.0000 1 CYCLE
131 197 -1 24 1.0000 1 CYCLE
131 198 -1 58 1.0394 2 FAT
131 199 -1 8 1.0000 1 CYCLE
131 200 -1 103 1.1207 2 FAT
131 201 -1 103 1.1207 2 FAT
131 202 -1 279 1.1643 2 FAT
131 203 -1 279 1.1643 2 FAT
131 204 -1 279 1.1643 2 FAT
131 205 -1 279 1.1643 2 FAT
131 206 -1 279 1.1643 2 FAT
131 207 -1 279 1.1643 2 FAT
131 208 -1 279 1.1643 2 FAT
131 209 -1 279 1.1643 2 FAT
131 210 -1 877 1.2089 2 FAT
131 211 -1 881 1.2105 2 FAT
131 212 -1 942 1.2177 2 FAT
131 213 -1 485 1.1775 2 FAT
131 214 -1 328 1.1511 2 FAT
131 215 -1 144 1.1332 2 FAT
131 216 -1 144 1.1332 2 FAT
131 217 -1 380 1.1689 2 FAT
131 218 -1 674 1.2033 2 FAT
131 219 -1 674 1.2033 2 FAT
131 220 -1 674 1.2033 2 FAT
131 221 -1 1049 1.2195 2 FAT
131 222 -1 1291 1.2310 2 FAT
131 223 -1 857 1.2115 2 FAT
131 224 -1 538 1.1843 2 FAT
131 225 -1 726 1.2018 2 FAT
131 226 -1 1138 1.2261 2 FAT
131 227 -1 1547 1.2452 2 FAT
131 228 -1 2057 1.2588 2 FAT
131 229 -1 2596 1.2758 2 FAT
# row j=131 L=0.363889 n=230 KILL=0 CYCLE=70 FAT=160 CAP=0 certified=70 lambda[1.0365,1.2758]
132 0 -1 3088 1.2850 2 FAT
132 1 -1 2057 1.2588 2 FAT
132 2 -1 1547 1.2452 2 FAT
132 3 -1 1138 1.2261 2 FAT
132 4 -1 726 1.2018 2 FAT
132 5 -1 1350 1.2284 2 FAT
132 6 -1 1291 1.2310 2 FAT
132 7 -1 1569 1.2447 2 FAT
132 8 -1 1049 1.2195 2 FAT
132 9 -1 674 1.2033 2 FAT
132 10 -1 674 1.2033 2 FAT
132 11 -1 674 1.2033 2 FAT
132 12 -1 380 1.1689 2 FAT
132 13 -1 144 1.1332 2 FAT
132 14 -1 328 1.1511 2 FAT
132 15 -1 485 1.1775 2 FAT
132 16 -1 942 1.2177 2 FAT
132 17 -1 1258 1.2296 2 FAT
132 18 -1 1377 1.2361 2 FAT
132 19 -1 877 1.2089 2 FAT
132 20 -1 391 1.1655 2 FAT
132 21 -1 279 1.1643 2 FAT
132 22 -1 279 1.1643 2 FAT
132 23 -1 279 1.1643 2 FAT
132 24 -1 279 1.1643 2 FAT
132 25 -1 279 1.1643 2 FAT
132 26 -1 279 1.1643 2 FAT
132 27 -1 279 1.1643 2 FAT
132 28 -1 103 1.1207 2 FAT
132 29 -1 103 1.1207 2 FAT
132 30 -1 160 1.0870 2 FAT
132 31 -1 58 1.0394 2 FAT
132 32 -1 81 1.0428 2 FAT
132 33 -1 78 1.1043 2 FAT
132 34 -1 153 1.1392 2 FAT
132 35 -1 153 1.1392 2 FAT
132 36 -1 153 1.1392 2 FAT
132 37 -1 400 1.1816 2 FAT
132 38 -1 568 1.1940 2 FAT
132 39 -1 870 1.2207 2 FAT
132 40 -1 870 1.2207 2 FAT
132 41 -1 870 1.2207 2 FAT
132 42 -1 870 1.2207 2 FAT
132 43 -1 870 1.2207 2 FAT
132 44 -1 870 1.2207 2 FAT
132 45 -1 573 1.1968 2 FAT
132 46 -1 230 1.1588 2 FAT
132 47 -1 230 1.1588 2 FAT
132 48 -1 230 1.1588 2 FAT
132 49 -1 199 1.1501 2 FAT
132 50 -1 118 1.1289 2 FAT
132 51 -1 9 1.0000 1 CYCLE
132 52 -1 6 1.0000 1 CYCLE
132 53 -1 6 1.0000 1 CYCLE
132 54 -1 6 1.0000 1 CYCLE
132 55 -1 6 1.0000 1 CYCLE
132 56 -1 3 1.0000 1 CYCLE
132 57 -1 3 1.0000 1 CYCLE
132 58 -1 3 1.0000 1 CYCLE
132 59 -1 6 1.0000 1 CYCLE
132 60 -1 6 1.0000 1 CYCLE
132 61 -1 6 1.0000 1 CYCLE
132 62 -1 6 1.0000 1 CYCLE
132 63 -1 9 1.0000 1 CYCLE
132 64 -1 71 1.1004 2 FAT
132 65 -1 175 1.1466 2 FAT
132 66 -1 175 1.1466 2 FAT
132 67 -1 205 1.1471 2 FAT
132 68 -1 490 1.1941 2 FAT
132 69 -1 490 1.1941 2 FAT
132 70 -1 490 1.1941 2 FAT
132 71 -1 490 1.1941 2 FAT
132 72 -1 490 1.1941 2 FAT
132 73 -1 490 1.1941 2 FAT
132 74 -1 490 1.1941 2 FAT
132 75 -1 714 1.1935 2 FAT
132 76 -1 1132 1.2184 2 FAT
132 77 -1 978 1.2104 2 FAT
132 78 -1 898 1.2151 2 FAT
132 79 -1 898 1.2151 2 FAT
132 80 -1 411 1.1703 2 FAT
132 81 -1 655 1.1734 2 FAT
132 82 -1 372 1.1741 2 FAT
132 83 -1 644 1.2025 2 FAT
132 84 -1 1188 1.2367 2 FAT
132 85 -1 1188 1.2367 2 FAT
132 86 -1 1188 1.2367 2 FAT
132 87 -1 1188 1.2367 2 FAT
132 88 -1 1188 1.2367 2 FAT
132 89 -1 942 1.2241 2 FAT
132 90 -1 492 1.1903 2 FAT
132 91 -1 438 1.1903 2 FAT
132 92 -1 438 1.1903 2 FAT
132 93 -1 438 1.1903 2 FAT
132 94 -1 234 1.1621 2 FAT
132 95 -1 151 1.1422 2 FAT
132 96 -1 31 1.0365 2 FAT
132 97 -1 8 1.0000 1 CYCLE
132 98 -1 6 1.0000 1 CYCLE
132 99 -1 4 1.0000 1 CYCLE
132 100 -1 4 1.0000 1 CYCLE
132 101 -1 4 1.0000 1 CYCLE
132 102 -1 4 1.0000 1 CYCLE
132 103 -1 4 1.0000 1 CYCLE
132 104 -1 4 1.0000 1 CYCLE
132 105 -1 4 1.0000 1 CYCLE
132 106 -1 2 1.0000 1 CYCLE
132 107 -1 2 1.0000 1 CYCLE
132 108 -1 2 1.0000 1 CYCLE
132 109 -1 2 1.0000 1 CYCLE
132 110 -1 2 1.0000 1 CYCLE
132 111 -1 2 1.0000 1 CYCLE
132 112 -1 2 1.0000 1 CYCLE
132 113 -1 2 1.0000 1 CYCLE
132 114 -1 2 1.0000 1 CYCLE
132 115 -1 2 1.0000 1 CYCLE
132 116 -1 2 1.0000 1 CYCLE
132 117 -1 2 1.0000 1 CYCLE
132 118 -1 2 1.0000 1 CYCLE
132 119 -1 2 1.0000 1 CYCLE
132 120 -1 2 1.0000 1 CYCLE
132 121 -1 2 1.0000 1 CYCLE
132 122 -1 2 1.0000 1 CYCLE
132 123 -1 4 1.0000 1 CYCLE
132 124 -1 4 1.0000 1 CYCLE
132 125 -1 4 1.0000 1 CYCLE
132 126 -1 4 1.0000 1 CYCLE
132 127 -1 4 1.0000 1 CYCLE
132 128 -1 4 1.0000 1 CYCLE
132 129 -1 4 1.0000 1 CYCLE
132 130 -1 6 1.0000 1 CYCLE
132 131 -1 8 1.0000 1 CYCLE
132 132 -1 31 1.0365 2 FAT
132 133 -1 151 1.1422 2 FAT
132 134 -1 234 1.1621 2 FAT
132 135 -1 438 1.1903 2 FAT
132 136 -1 438 1.1903 2 FAT
132 137 -1 438 1.1903 2 FAT
132 138 -1 492 1.1903 2 FAT
132 139 -1 942 1.2241 2 FAT
132 140 -1 1188 1.2367 2 FAT
132 141 -1 1188 1.2367 2 FAT
132 142 -1 1188 1.2367 2 FAT
132 143 -1 1188 1.2367 2 FAT
132 144 -1 1188 1.2367 2 FAT
132 145 -1 644 1.2025 2 FAT
132 146 -1 372 1.1741 2 FAT
132 147 -1 655 1.1734 2 FAT
132 148 -1 411 1.1703 2 FAT
132 149 -1 898 1.2151 2 FAT
132 150 -1 898 1.2151 2 FAT
132 151 -1 978 1.2104 2 FAT
132 152 -1 1132 1.2184 2 FAT
132 153 -1 714 1.1935 2 FAT
132 154 -1 490 1.1941 2 FAT
132 155 -1 490 1.1941 2 FAT
132 156 -1 490 1.1941 2 FAT
132 157 -1 490 1.1941 2 FAT
132 158 -1 490 1.1941 2 FAT
132 159 -1 490 1.1941 2 FAT
132 160 -1 490 1.1941 2 FAT
132 161 -1 205 1.1471 2 FAT
132 162 -1 175 1.1466 2 FAT
132 163 -1 175 1.1466 2 FAT
132 164 -1 71 1.1004 2 FAT
132 165 -1 9 1.0000 1 CYCLE
132 166 -1 6 1.0000 1 CYCLE
132 167 -1 6 1.0000 1 CYCLE
132 168 -1 6 1.0000 1 CYCLE
132 169 -1 6 1.0000 1 CYCLE
132 170 -1 3 1.0000 1 CYCLE
132 171 -1 3 1.0000 1 CYCLE
132 172 -1 3 1.0000 1 CYCLE
132 173 -1 6 1.0000 1 CYCLE
132 174 -1 6 1.0000 1 CYCLE
132 175 -1 6 1.0000 1 CYCLE
132 176 -1 6 1.0000 1 CYCLE
132 177 -1 9 1.0000 1 CYCLE
132 178 -1 118 1.1289 2 FAT
132 179 -1 199 1.1501 2 FAT
132 180 -1 230 1.1588 2 FAT
132 181 -1 230 1.1588 2 FAT
132 182 -1 230 1.1588 2 FAT
132 183 -1 573 1.1968 2 FAT
132 184 -1 870 1.2207 2 FAT
132 185 -1 870 1.2207 2 FAT
132 186 -1 870 1.2207 2 FAT
132 187 -1 870 1.2207 2 FAT
132 188 -1 870 1.2207 2 FAT
132 189 -1 870 1.2207 2 FAT
132 190 -1 568 1.1940 2 FAT
132 191 -1 400 1.1816 2 FAT
132 192 -1 153 1.1392 2 FAT
132 193 -1 153 1.1392 2 FAT
132 194 -1 153 1.1392 2 FAT
132 195 -1 78 1.1043 2 FAT
132 196 -1 81 1.0428 2 FAT
132 197 -1 58 1.0394 2 FAT
132 198 -1 160 1.0870 2 FAT
132 199 -1 103 1.1207 2 FAT
132 200 -1 103 1.1207 2 FAT
132 201 -1 279 1.1643 2 FAT
132 202 -1 279 1.1643 2 FAT
132 203 -1 279 1.1643 2 FAT
132 204 -1 279 1.1643 2 FAT
132 205 -1 279 1.1643 2 FAT
132 206 -1 279 1.1643 2 FAT
132 207 -1 279 1.1643 2 FAT
132 208 -1 391 1.1655 2 FAT
132 209 -1 877 1.2089 2 FAT
132 210 -1 1377 1.2361 2 FAT
132 211 -1 1258 1.2296 2 FAT
132 212 -1 942 1.2177 2 FAT
132 213 -1 485 1.1775 2 FAT
132 214 -1 328 1.1511 2 FAT
132 215 -1 144 1.1332 2 FAT
132 216 -1 380 1.1689 2 FAT
132 217 -1 674 1.2033 2 FAT
132 218 -1 674 1.2033 2 FAT
132 219 -1 674 1.2033 2 FAT
132 220 -1 1049 1.2195 2 FAT
132 221 -1 1569 1.2447 2 FAT
132 222 -1 1291 1.2310 2 FAT
132 223 -1 1350 1.2284 2 FAT
132 224 -1 726 1.2018 2 FAT
132 225 -1 1138 1.2261 2 FAT
132 226 -1 1547 1.2452 2 FAT
132 227 -1 2057 1.2588 2 FAT
132 228 -1 3088 1.2850 2 FAT
# row j=132 L=0.366667 n=229 KILL=0 CYCLE=61 FAT=168 CAP=0 certified=61 lambda[1.0365,1.2850]
133 0 -1 3088 1.2850 2 FAT
133 1 -1 2057 1.2588 2 FAT
133 2 -1 1547 1.2452 2 FAT
133 3 -1 1138 1.2261 2 FAT
133 4 -1 1675 1.2417 2 FAT
133 5 -1 1946 1.2480 2 FAT
133 6 -1 1569 1.2447 2 FAT
133 7 -1 1569 1.2447 2 FAT
133 8 -1 1049 1.2195 2 FAT
133 9 -1 674 1.2033 2 FAT
133 10 -1 674 1.2033 2 FAT
133 11 -1 674 1.2033 2 FAT
133 12 -1 380 1.1689 2 FAT
133 13 -1 328 1.1511 2 FAT
133 14 -1 485 1.1775 2 FAT
133 15 -1 942 1.2177 2 FAT
133 16 -1 1258 1.2296 2 FAT
133 17 -1 1810 1.2511 2 FAT
133 18 -1 1377 1.2361 2 FAT
133 19 -1 877 1.2089 2 FAT
133 20 -1 391 1.1655 2 FAT
133 21 -1 279 1.1643 2 FAT
133 22 -1 279 1.1643 2 FAT
133 23 -1 279 1.1643 2 FAT
133 24 -1 279 1.1643 2 FAT
133 25 -1 279 1.1643 2 FAT
133 26 -1 279 1.1643 2 FAT
133 27 -1 279 1.1643 2 FAT
133 28 -1 103 1.1207 2 FAT
133 29 -1 592 1.1867 2 FAT
133 30 -1 160 1.0870 2 FAT
133 31 -1 160 1.0870 2 FAT
133 32 -1 358 1.1522 2 FAT
133 33 -1 153 1.1392 2 FAT
133 34 -1 153 1.1392 2 FAT
133 35 -1 153 1.1392 2 FAT
133 36 -1 400 1.1816 2 FAT
133 37 -1 568 1.1940 2 FAT
133 38 -1 870 1.2207 2 FAT
133 39 -1 870 1.2207 2 FAT
133 40 -1 870 1.2207 2 FAT
133 41 -1 870 1.2207 2 FAT
133 42 -1 870 1.2207 2 FAT
133 43 -1 870 1.2207 2 FAT
133 44 -1 870 1.2207 2 FAT
133 45 -1 573 1.1968 2 FAT
133 46 -1 275 1.1581 2 FAT
133 47 -1 230 1.1588 2 FAT
133 48 -1 230 1.1588 2 FAT
133 49 -1 199 1.1501 2 FAT
133 50 -1 118 1.1289 2 FAT
133 51 -1 9 1.0000 1 CYCLE
133 52 -1 6 1.0000 1 CYCLE
133 53 -1 6 1.0000 1 CYCLE
133 54 -1 6 1.0000 1 CYCLE
133 55 -1 6 1.0000 1 CYCLE
133 56 -1 3 1.0000 1 CYCLE
133 57 -1 3 1.0000 1 CYCLE
133 58 -1 6 1.0000 1 CYCLE
133 59 -1 6 1.0000 1 CYCLE
133 60 -1 6 1.0000 1 CYCLE
133 61 -1 6 1.0000 1 CYCLE
133 62 -1 9 1.0000 1 CYCLE
133 63 -1 71 1.1004 2 FAT
133 64 -1 175 1.1466 2 FAT
133 65 -1 175 1.1466 2 FAT
133 66 -1 205 1.1471 2 FAT
133 67 -1 490 1.1941 2 FAT
133 68 -1 490 1.1941 2 FAT
133 69 -1 490 1.1941 2 FAT
133 70 -1 490 1.1941 2 FAT
133 71 -1 490 1.1941 2 FAT
133 72 -1 490 1.1941 2 FAT
133 73 -1 490 1.1941 2 FAT
133 74 -1 763 1.1935 2 FAT
133 75 -1 1408 1.2339 2 FAT
133 76 -1 1689 1.2416 2 FAT
133 77 -1 1282 1.2274 2 FAT
133 78 -1 898 1.2151 2 FAT
133 79 -1 898 1.2151 2 FAT
133 80 -1 1042 1.2064 2 FAT
133 81 -1 814 1.1954 2 FAT
133 82 -1 644 1.2025 2 FAT
133 83 -1 1188 1.2367 2 FAT
133 84 -1 1188 1.2367 2 FAT
133 85 -1 1188 1.2367 2 FAT
133 86 -1 1188 1.2367 2 FAT
133 87 -1 1188 1.2367 2 FAT
133 88 -1 1188 1.2367 2 FAT
133 89 -1 942 1.2241 2 FAT
133 90 -1 492 1.1903 2 FAT
133 91 -1 438 1.1903 2 FAT
133 92 -1 438 1.1903 2 FAT
133 93 -1 438 1.1903 2 FAT
133 94 -1 234 1.1621 2 FAT
133 95 -1 151 1.1422 2 FAT
133 96 -1 31 1.0365 2 FAT
133 97 -1 8 1.0000 1 CYCLE
133 98 -1 6 1.0000 1 CYCLE
133 99 -1 6 1.0000 1 CYCLE
133 100 -1 4 1.0000 1 CYCLE
133 101 -1 4 1.0000 1 CYCLE
133 102 -1 4 1.0000 1 CYCLE
133 103 -1 4 1.0000 1 CYCLE
133 104 -1 4 1.0000 1 CYCLE
133 105 -1 4 1.0000 1 CYCLE
133 106 -1 4 1.0000 1 CYCLE
133 107 -1 2 1.0000 1 CYCLE
133 108 -1 2 1.0000 1 CYCLE
133 109 -1 2 1.0000 1 CYCLE
133 110 -1 2 1.0000 1 CYCLE
133 111 -1 2 1.0000 1 CYCLE
133 112 -1 2 1.0000 1 CYCLE
133 113 -1 2 1.0000 1 CYCLE
133 114 -1 2 1.0000 1 CYCLE
133 115 -1 2 1.0000 1 CYCLE
133 116 -1 2 1.0000 1 CYCLE
133 117 -1 2 1.0000 1 CYCLE
133 118 -1 2 1.0000 1 CYCLE
133 119 -1 2 1.0000 1 CYCLE
133 120 -1 2 1.0000 1 CYCLE
133 121 -1 4 1.0000 1 CYCLE
133 122 -1 4 1.0000 1 CYCLE
133 123 -1 4 1.0000 1 CYCLE
133 124 -1 4 1.0000 1 CYCLE
133 125 -1 4 1.0000 1 CYCLE
133 126 -1 4 1.0000 1 CYCLE
133 127 -1 4 1.0000 1 CYCLE
133 128 -1 6 1.0000 1 CYCLE
133 129 -1 6 1.0000 1 CYCLE
133 130 -1 8 1.0000 1 CYCLE
133 131 -1 31 1.0365 2 FAT
133 132 -1 151 1.1422 2 FAT
133 133 -1 234 1.1621 2 FAT
133 134 -1 438 1.1903 2 FAT
133 135 -1 438 1.1903 2 FAT
133 136 -1 438 1.1903 2 FAT
133 137 -1 492 1.1903 2 FAT
133 138 -1 942 1.2241 2 FAT
133 139 -1 1188 1.2367 2 FAT
133 140 -1 1188 1.2367 2 FAT
133 141 -1 1188 1.2367 2 FAT
133 142 -1 1188 1.2367 2 FAT
133 143 -1 1188 1.2367 2 FAT
133 144 -1 1188 1.2367 2 FAT
133 145 -1 644 1.2025 2 FAT
133 146 -1 814 1.1954 2 FAT
133 147 -1 1042 1.2064 2 FAT
133 148 -1 898 1.2151 2 FAT
133 149 -1 898 1.2151 2 FAT
133 150 -1 1282 1.2274 2 FAT
133 151 -1 1689 1.2416 2 FAT
133 152 -1 1408 1.2339 2 FAT
133 153 -1 763 1.1935 2 FAT
133 154 -1 490 1.1941 2 FAT
133 155 -1 490 1.1941 2 FAT
133 156 -1 490 1.1941 2 FAT
133 157 -1 490 1.1941 2 FAT
133 158 -1 490 1.1941 2 FAT
133 159 -1 490 1.1941 2 FAT
133 160 -1 490 1.1941 2 FAT
133 161 -1 205 1.1471 2 FAT
133 162 -1 175 1.1466 2 FAT
133 163 -1 175 1.1466 2 FAT
133 164 -1 71 1.1004 2 FAT
133 165 -1 9 1.0000 1 CYCLE
133 166 -1 6 1.0000 1 CYCLE
133 167 -1 6 1.0000 1 CYCLE
133 168 -1 6 1.0000 1 CYCLE
133 169 -1 6 1.0000 1 CYCLE
133 170 -1 3 1.0000 1 CYCLE
133 171 -1 3 1.0000 1 CYCLE
133 172 -1 6 1.0000 1 CYCLE
133 173 -1 6 1.0000 1 CYCLE
133 174 -1 6 1.0000 1 CYCLE
133 175 -1 6 1.0000 1 CYCLE
133 176 -1 9 1.0000 1 CYCLE
133 177 -1 118 1.1289 2 FAT
133 178 -1 199 1.1501 2 FAT
133 179 -1 230 1.1588 2 FAT
133 180 -1 230 1.1588 2 FAT
133 181 -1 275 1.1581 2 FAT
133 182 -1 573 1.1968 2 FAT
133 183 -1 870 1.2207 2 FAT
133 184 -1 870 1.2207 2 FAT
133 185 -1 870 1.2207 2 FAT
133 186 -1 870 1.2207 2 FAT
133 187 -1 870 1.2207 2 FAT
133 188 -1 870 1.2207 2 FAT
133 189 -1 870 1.2207 2 FAT
133 190 -1 568 1.1940 2 FAT
133 191 -1 400 1.1816 2 FAT
133 192 -1 153 1.1392 2 FAT
133 193 -1 153 1.1392 2 FAT
133 194 -1 153 1.1392 2 FAT
133 195 -1 358 1.1522 2 FAT
133 196 -1 160 1.0870 2 FAT
133 197 -1 160 1.0870 2 FAT
133 198 -1 592 1.1867 2 FAT
133 199 -1 103 1.1207 2 FAT
133 200 -1 279 1.1643 2 FAT
133 201 -1 279 1.1643 2 FAT
133 202 -1 279 1.1643 2 FAT
133 203 -1 279 1.1643 2 FAT
133 204 -1 279 1.1643 2 FAT
133 205 -1 279 1.1643 2 FAT
133 206 -1 279 1.1643 2 FAT
133 207 -1 391 1.1655 2 FAT
133 208 -1 877 1.2089 2 FAT
133 209 -1 1377 1.2361 2 FAT
133 210 -1 1810 1.2511 2 FAT
133 211 -1 1258 1.2296 2 FAT
133 212 -1 942 1.2177 2 FAT
133 213 -1 485 1.1775 2 FAT
133 214 -1 328 1.1511 2 FAT
133 215 -1 380 1.1689 2 FAT
133 216 -1 674 1.2033 2 FAT
133 217 -1 674 1.2033 2 FAT
133 218 -1 674 1.2033 2 FAT
133 219 -1 1049 1.2195 2 FAT
133 220 -1 1569 1.2447 2 FAT
133 221 -1 1569 1.2447 2 FAT
133 222 -1 1946 1.2480 2 FAT
133 223 -1 1675 1.2417 2 FAT
133 224 -1 1138 1.2261 2 FAT
133 225 -1 1547 1.2452 2 FAT
133 226 -1 2057 1.2588 2 FAT
133 227 -1 3088 1.2850 2 FAT
# row j=133 L=0.369444 n=228 KILL=0 CYCLE=58 FAT=170 CAP=0 certified=58 lambda[1.0365,1.2850]
134 0 -1 3088 1.2850 2 FAT
134 1 -1 2057 1.2588 2 FAT
134 2 -1 2143 1.2470 2 FAT
134 3 -1 2475 1.2602 2 FAT
134 4 -1 2313 1.2596 2 FAT
134 5 -1 2272 1.2599 2 FAT
134 6 -1 1569 1.2447 2 FAT
134 7 -1 1569 1.2447 2 FAT
134 8 -1 1049 1.2195 2 FAT
134 9 -1 674 1.2033 2 FAT
134 10 -1 674 1.2033 2 FAT
134 11 -1 674 1.2033 2 FAT
134 12 -1 1080 1.2015 2 FAT
134 13 -1 485 1.1775 2 FAT
134 14 -1 942 1.2177 2 FAT
134 15 -1 1258 1.2296 2 FAT
134 16 -1 1810 1.2511 2 FAT
134 17 -1 1810 1.2511 2 FAT
134 18 -1 1377 1.2361 2 FAT
134 19 -1 877 1.2089 2 FAT
134 20 -1 391 1.1655 2 FAT
134 21 -1 279 1.1643 2 FAT
134 22 -1 279 1.1643 2 FAT
134 23 -1 279 1.1643 2 FAT
134 24 -1 279 1.1643 2 FAT
134 25 -1 279 1.1643 2 FAT
134 26 -1 279 1.1643 2 FAT
134 27 -1 689 1.1833 2 FAT
134 28 -1 592 1.1867 2 FAT
134 29 -1 592 1.1867 2 FAT
134 30 -1 386 1.1335 2 FAT
134 31 -1 471 1.1644 2 FAT
134 32 -1 732 1.1860 2 FAT
134 33 -1 153 1.1392 2 FAT
134 34 -1 153 1.1392 2 FAT
134 35 -1 400 1.1816 2 FAT
134 36 -1 568 1.1940 2 FAT
134 37 -1 870 1.2207 2 FAT
134 38 -1 870 1.2207 2 FAT
134 39 -1 870 1.2207 2 FAT
134 40 -1 870 1.2207 2 FAT
134 41 -1 870 1.2207 2 FAT
134 42 -1 870 1.2207 2 FAT
134 43 -1 870 1.2207 2 FAT
134 44 -1 870 1.2207 2 FAT
134 45 -1 573 1.1968 2 FAT
134 46 -1 275 1.1581 2 FAT
134 47 -1 230 1.1588 2 FAT
134 48 -1 230 1.1588 2 FAT
134 49 -1 199 1.1501 2 FAT
134 50 -1 118 1.1289 2 FAT
134 51 -1 9 1.0000 1 CYCLE
134 52 -1 6 1.0000 1 CYCLE
134 53 -1 6 1.0000 1 CYCLE
134 54 -1 6 1.0000 1 CYCLE
134 55 -1 6 1.0000 1 CYCLE
134 56 -1 18 1.0000 1 CYCLE
134 57 -1 6 1.0000 1 CYCLE
134 58 -1 6 1.0000 1 CYCLE
134 59 -1 6 1.0000 1 CYCLE
134 60 -1 6 1.0000 1 CYCLE
134 61 -1 9 1.0000 1 CYCLE
134 62 -1 71 1.1004 2 FAT
134 63 -1 175 1.1466 2 FAT
134 64 -1 175 1.1466 2 FAT
134 65 -1 225 1.1466 2 FAT
134 66 -1 490 1.1941 2 FAT
134 67 -1 490 1.1941 2 FAT
134 68 -1 490 1.1941 2 FAT
134 69 -1 490 1.1941 2 FAT
134 70 -1 490 1.1941 2 FAT
134 71 -1 490 1.1941 2 FAT
134 72 -1 490 1.1941 2 FAT
134 73 -1 763 1.1935 2 FAT
134 74 -1 1408 1.2339 2 FAT
134 75 -1 2001 1.2534 2 FAT
134 76 -1 2053 1.2536 2 FAT
134 77 -1 1282 1.2274 2 FAT
134 78 -1 898 1.2151 2 FAT
134 79 -1 1884 1.2450 2 FAT
134 80 -1 1207 1.2200 2 FAT
134 81 -1 1431 1.2267 2 FAT
134 82 -1 1188 1.2367 2 FAT
134 83 -1 1188 1.2367 2 FAT
134 84 -1 1188 1.2367 2 FAT
134 85 -1 1188 1.2367 2 FAT
134 86 -1 1188 1.2367 2 FAT
134 87 -1 1188 1.2367 2 FAT
134 88 -1 1188 1.2367 2 FAT
134 89 -1 942 1.2241 2 FAT
134 90 -1 492 1.1903 2 FAT
134 91 -1 438 1.1903 2 FAT
134 92 -1 438 1.1903 2 FAT
134 93 -1 438 1.1903 2 FAT
134 94 -1 234 1.1621 2 FAT
134 95 -1 151 1.1422 2 FAT
134 96 -1 31 1.0365 2 FAT
134 97 -1 8 1.0000 1 CYCLE
134 98 -1 6 1.0000 1 CYCLE
134 99 -1 6 1.0000 1 CYCLE
134 100 -1 4 1.0000 1 CYCLE
134 101 -1 4 1.0000 1 CYCLE
134 102 -1 4 1.0000 1 CYCLE
134 103 -1 4 1.0000 1 CYCLE
134 104 -1 4 1.0000 1 CYCLE
134 105 -1 4 1.0000 1 CYCLE
134 106 -1 4 1.0000 1 CYCLE
134 107 -1 4 1.0000 1 CYCLE
134 108 -1 2 1.0000 1 CYCLE
134 109 -1 2 1.0000 1 CYCLE
134 110 -1 2 1.0000 1 CYCLE
134 111 -1 2 1.0000 1 CYCLE
134 112 -1 2 1.0000 1 CYCLE
134 113 -1 2 1.0000 1 CYCLE
134 114 -1 2 1.0000 1 CYCLE
134 115 -1 2 1.0000 1 CYCLE
134 116 -1 2 1.0000 1 CYCLE
134 117 -1 2 1.0000 1 CYCLE
134 118 -1 2 1.0000 1 CYCLE
134 119 -1 4 1.0000 1 CYCLE
134 120 -1 4 1.0000 1 CYCLE
134 121 -1 4 1.0000 1 CYCLE
134 122 -1 4 1.0000 1 CYCLE
134 123 -1 4 1.0000 1 CYCLE
134 124 -1 4 1.0000 1 CYCLE
134 125 -1 4 1.0000 1 CYCLE
134 126 -1 4 1.0000 1 CYCLE
134 127 -1 6 1.0000 1 CYCLE
134 128 -1 6 1.0000 1 CYCLE
134 129 -1 8 1.0000 1 CYCLE
134 130 -1 31 1.0365 2 FAT
134 131 -1 151 1.1422 2 FAT
134 132 -1 234 1.1621 2 FAT
134 133 -1 438 1.1903 2 FAT
134 134 -1 438 1.1903 2 FAT
134 135 -1 438 1.1903 2 FAT
134 136 -1 492 1.1903 2 FAT
134 137 -1 942 1.2241 2 FAT
134 138 -1 1188 1.2367 2 FAT
134 139 -1 1188 1.2367 2 FAT
134 140 -1 1188 1.2367 2 FAT
134 141 -1 1188 1.2367 2 FAT
134 142 -1 1188 1.2367 2 FAT
134 143 -1 1188 1.2367 2 FAT
134 144 -1 1188 1.2367 2 FAT
134 145 -1 1431 1.2267 2 FAT
134 146 -1 1207 1.2200 2 FAT
134 147 -1 1884 1.2450 2 FAT
134 148 -1 898 1.2151 2 FAT
134 149 -1 1282 1.2274 2 FAT
134 150 -1 2053 1.2536 2 FAT
134 151 -1 2001 1.2534 2 FAT
134 152 -1 1408 1.2339 2 FAT
134 153 -1 763 1.1935 2 FAT
134 154 -1 490 1.1941 2 FAT
134 155 -1 490 1.1941 2 FAT
134 156 -1 490 1.1941 2 FAT
134 157 -1 490 1.1941 2 FAT
134 158 -1 490 1.1941 2 FAT
134 159 -1 490 1.1941 2 FAT
134 160 -1 490 1.1941 2 FAT
134 161 -1 225 1.1466 2 FAT
134 162 -1 175 1.1466 2 FAT
134 163 -1 175 1.1466 2 FAT
134 164 -1 71 1.1004 2 FAT
134 165 -1 9 1.0000 1 CYCLE
134 166 -1 6 1.0000 1 CYCLE
134 167 -1 6 1.0000 1 CYCLE
134 168 -1 6 1.0000 1 CYCLE
134 169 -1 6 1.0000 1 CYCLE
134 170 -1 18 1.0000 1 CYCLE
134 171 -1 6 1.0000 1 CYCLE
134 172 -1 6 1.0000 1 CYCLE
134 173 -1 6 1.0000 1 CYCLE
134 174 -1 6 1.0000 1 CYCLE
134 175 -1 9 1.0000 1 CYCLE
134 176 -1 118 1.1289 2 FAT
134 177 -1 199 1.1501 2 FAT
134 178 -1 230 1.1588 2 FAT
134 179 -1 230 1.1588 2 FAT
134 180 -1 275 1.1581 2 FAT
134 181 -1 573 1.1968 2 FAT
134 182 -1 870 1.2207 2 FAT
134 183 -1 870 1.2207 2 FAT
134 184 -1 870 1.2207 2 FAT
134 185 -1 870 1.2207 2 FAT
134 186 -1 870 1.2207 2 FAT
134 187 -1 870 1.2207 2 FAT
134 188 -1 870 1.2207 2 FAT
134 189 -1 870 1.2207 2 FAT
134 190 -1 568 1.1940 2 FAT
134 191 -1 400 1.1816 2 FAT
134 192 -1 153 1.1392 2 FAT
134 193 -1 153 1.1392 2 FAT
134 194 -1 732 1.1860 2 FAT
134 195 -1 471 1.1644 2 FAT
134 196 -1 386 1.1335 2 FAT
134 197 -1 592 1.1867 2 FAT
134 198 -1 592 1.1867 2 FAT
134 199 -1 689 1.1833 2 FAT
134 200 -1 279 1.1643 2 FAT
134 201 -1 279 1.1643 2 FAT
134 202 -1 279 1.1643 2 FAT
134 203 -1 279 1.1643 2 FAT
134 204 -1 279 1.1643 2 FAT
134 205 -1 279 1.1643 2 FAT
134 206 -1 391 1.1655 2 FAT
134 207 -1 877 1.2089 2 FAT
134 208 -1 1377 1.2361 2 FAT
134 209 -1 1810 1.2511 2 FAT
134 210 -1 1810 1.2511 2 FAT
134 211 -1 1258 1.2296 2 FAT
134 212 -1 942 1.2177 2 FAT
134 213 -1 485 1.1775 2 FAT
134 214 -1 1080 1.2015 2 FAT
134 215 -1 674 1.2033 2 FAT
134 216 -1 674 1.2033 2 FAT
134 217 -1 674 1.2033 2 FAT
134 218 -1 1049 1.2195 2 FAT
134 219 -1 1569 1.2447 2 FAT
134 220 -1 1569 1.2447 2 FAT
134 221 -1 2272 1.2599 2 FAT
134 222 -1 2313 1.2596 2 FAT
134 223 -1 2475 1.2602 2 FAT
134 224 -1 2143 1.2470 2 FAT
134 225 -1 2057 1.2588 2 FAT
134 226 -1 3088 1.2850 2 FAT
# row j=134 L=0.372222 n=227 KILL=0 CYCLE=55 FAT=172 CAP=0 certified=55 lambda[1.0365,1.2850]
135 0 -1 3088 1.2850 2 FAT
135 1 -1 2928 1.2649 2 FAT
135 2 -1 3184 1.2745 2 FAT
135 3 -1 3290 1.2772 2 FAT
135 4 -1 2639 1.2690 2 FAT
135 5 -1 2325 1.2597 2 FAT
135 6 -1 1569 1.2447 2 FAT
135 7 -1 1569 1.2447 2 FAT
135 8 -1 1049 1.2195 2 FAT
135 9 -1 674 1.2033 2 FAT
135 10 -1 674 1.2033 2 FAT
135 11 -1 1772 1.2360 2 FAT
135 12 -1 1358 1.2189 2 FAT
135 13 -1 942 1.2177 2 FAT
135 14 -1 1258 1.2296 2 FAT
135 15 -1 1810 1.2511 2 FAT
135 16 -1 1810 1.2511 2 FAT
135 17 -1 1810 1.2511 2 FAT
135 18 -1 1377 1.2361 2 FAT
135 19 -1 877 1.2089 2 FAT
135 20 -1 391 1.1655 2 FAT
135 21 -1 279 1.1643 2 FAT
135 22 -1 279 1.1643 2 FAT
135 23 -1 279 1.1643 2 FAT
135 24 -1 279 1.1643 2 FAT
135 25 -1 279 1.1643 2 FAT
135 26 -1 689 1.1833 2 FAT
135 27 -1 1329 1.2288 2 FAT
135 28 -1 592 1.1867 2 FAT
135 29 -1 993 1.2084 2 FAT
135 30 -1 820 1.1878 2 FAT
135 31 -1 789 1.1942 2 FAT
135 32 -1 732 1.1860 2 FAT
135 33 -1 286 1.1375 2 FAT
135 34 -1 400 1.1816 2 FAT
135 35 -1 568 1.1940 2 FAT
135 36 -1 870 1.2207 2 FAT
135 37 -1 870 1.2207 2 FAT
135 38 -1 870 1.2207 2 FAT
135 39 -1 870 1.2207 2 FAT
135 40 -1 870 1.2207 2 FAT
135 41 -1 870 1.2207 2 FAT
135 42 -1 870 1.2207 2 FAT
135 43 -1 870 1.2207 2 FAT
135 44 -1 870 1.2207 2 FAT
135 45 -1 573 1.1968 2 FAT
135 46 -1 275 1.1581 2 FAT
135 47 -1 230 1.1588 2 FAT
135 48 -1 230 1.1588 2 FAT
135 49 -1 199 1.1501 2 FAT
135 50 -1 118 1.1289 2 FAT
135 51 -1 9 1.0000 1 CYCLE
135 52 -1 6 1.0000 1 CYCLE
135 53 -1 6 1.0000 1 CYCLE
135 54 -1 6 1.0000 1 CYCLE
135 55 -1 30 1.0000 1 CYCLE
135 56 -1 59 1.0386 2 FAT
135 57 -1 6 1.0000 1 CYCLE
135 58 -1 6 1.0000 1 CYCLE
135 59 -1 6 1.0000 1 CYCLE
135 60 -1 9 1.0000 1 CYCLE
135 61 -1 71 1.1004 2 FAT
135 62 -1 175 1.1466 2 FAT
135 63 -1 175 1.1466 2 FAT
135 64 -1 225 1.1466 2 FAT
135 65 -1 490 1.1941 2 FAT
135 66 -1 490 1.1941 2 FAT
135 67 -1 490 1.1941 2 FAT
135 68 -1 490 1.1941 2 FAT
135 69 -1 490 1.1941 2 FAT
135 70 -1 490 1.1941 2 FAT
135 71 -1 490 1.1941 2 FAT
135 72 -1 763 1.1935 2 FAT
135 73 -1 1408 1.2339 2 FAT
135 74 -1 2001 1.2534 2 FAT
135 75 -1 2379 1.2638 2 FAT
135 76 -1 2053 1.2536 2 FAT
135 77 -1 1282 1.2274 2 FAT
135 78 -1 1884 1.2450 2 FAT
135 79 -1 2063 1.2526 2 FAT
135 80 -1 1923 1.2447 2 FAT
135 81 -1 2489 1.2624 2 FAT
135 82 -1 1188 1.2367 2 FAT
135 83 -1 1188 1.2367 2 FAT
135 84 -1 1188 1.2367 2 FAT
135 85 -1 1188 1.2367 2 FAT
135 86 -1 1188 1.2367 2 FAT
135 87 -1 1188 1.2367 2 FAT
135 88 -1 1188 1.2367 2 FAT
135 89 -1 942 1.2241 2 FAT
135 90 -1 492 1.1903 2 FAT
135 91 -1 438 1.1903 2 FAT
135 92 -1 438 1.1903 2 FAT
135 93 -1 438 1.1903 2 FAT
135 94 -1 234 1.1621 2 FAT
135 95 -1 151 1.1422 2 FAT
135 96 -1 31 1.0365 2 FAT
135 97 -1 8 1.0000 1 CYCLE
135 98 -1 6 1.0000 1 CYCLE
135 99 -1 6 1.0000 1 CYCLE
135 100 -1 4 1.0000 1 CYCLE
135 101 -1 4 1.0000 1 CYCLE
135 102 -1 4 1.0000 1 CYCLE
135 103 -1 4 1.0000 1 CYCLE
135 104 -1 4 1.0000 1 CYCLE
135 105 -1 4 1.0000 1 CYCLE
135 106 -1 4 1.0000 1 CYCLE
135 107 -1 4 1.0000 1 CYCLE
135 108 -1 2 1.0000 1 CYCLE
135 109 -1 2 1.0000 1 CYCLE
135 110 -1 2 1.0000 1 CYCLE
135 111 -1 2 1.0000 1 CYCLE
135 112 -1 2 1.0000 1 CYCLE
135 113 -1 2 1.0000 1 CYCLE
135 114 -1 2 1.0000 1 CYCLE
135 115 -1 2 1.0000 1 CYCLE
135 116 -1 2 1.0000 1 CYCLE
135 117 -1 2 1.0000 1 CYCLE
135 118 -1 4 1.0000 1 CYCLE
135 119 -1 4 1.0000 1 CYCLE
135 120 -1 4 1.0000 1 CYCLE
135 121 -1 4 1.0000 1 CYCLE
135 122 -1 4 1.0000 1 CYCLE
135 123 -1 4 1.0000 1 CYCLE
135 124 -1 4 1.0000 1 CYCLE
135 125 -1 4 1.0000 1 CYCLE
135 126 -1 6 1.0000 1 CYCLE
135 127 -1 6 1.0000 1 CYCLE
135 128 -1 8 1.0000 1 CYCLE
135 129 -1 31 1.0365 2 FAT
135 130 -1 151 1.1422 2 FAT
135 131 -1 234 1.1621 2 FAT
135 132 -1 438 1.1903 2 FAT
135 133 -1 438 1.1903 2 FAT
135 134 -1 438 1.1903 2 FAT
135 135 -1 492 1.1903 2 FAT
135 136 -1 942 1.2241 2 FAT
135 137 -1 1188 1.2367 2 FAT
135 138 -1 1188 1.2367 2 FAT
135 139 -1 1188 1.2367 2 FAT
135 140 -1 1188 1.2367 2 FAT
135 141 -1 1188 1.2367 2 FAT
135 142 -1 1188 1.2367 2 FAT
135 143 -1 1188 1.2367 2 FAT
135 144 -1 2489 1.2624 2 FAT
135 145 -1 1923 1.2447 2 FAT
135 146 -1 2063 1.2526 2 FAT
135 147 -1 1884 1.2450 2 FAT
135 148 -1 1282 1.2274 2 FAT
135 149 -1 2053 1.2536 2 FAT
135 150 -1 2379 1.2638 2 FAT
135 151 -1 2001 1.2534 2 FAT
135 152 -1 1408 1.2339 2 FAT
135 153 -1 763 1.1935 2 FAT
135 154 -1 490 1.1941 2 FAT
135 155 -1 490 1.1941 2 FAT
135 156 -1 490 1.1941 2 FAT
135 157 -1 490 1.1941 2 FAT
135 158 -1 490 1.1941 2 FAT
135 159 -1 490 1.1941 2 FAT
135 160 -1 490 1.1941 2 FAT
135 161 -1 225 1.1466 2 FAT
135 162 -1 175 1.1466 2 FAT
135 163 -1 175 1.1466 2 FAT
135 164 -1 71 1.1004 2 FAT
135 165 -1 9 1.0000 1 CYCLE
135 166 -1 6 1.0000 1 CYCLE
135 167 -1 6 1.0000 1 CYCLE
135 168 -1 6 1.0000 1 CYCLE
135 169 -1 59 1.0386 2 FAT
135 170 -1 30 1.0000 1 CYCLE
135 171 -1 6 1.0000 1 CYCLE
135 172 -1 6 1.0000 1 CYCLE
135 173 -1 6 1.0000 1 CYCLE
135 174 -1 9 1.0000 1 CYCLE
135 175 -1 118 1.1289 2 FAT
135 176 -1 199 1.1501 2 FAT
135 177 -1 230 1.1588 2 FAT
135 178 -1 230 1.1588 2 FAT
135 179 -1 275 1.1581 2 FAT
135 180 -1 573 1.1968 2 FAT
135 181 -1 870 1.2207 2 FAT
135 182 -1 870 1.2207 2 FAT
135 183 -1 870 1.2207 2 FAT
135 184 -1 870 1.2207 2 FAT
135 185 -1 870 1.2207 2 FAT
135 186 -1 870 1.2207 2 FAT
135 187 -1 870 1.2207 2 FAT
135 188 -1 870 1.2207 2 FAT
135 189 -1 870 1.2207 2 FAT
135 190 -1 568 1.1940 2 FAT
135 191 -1 400 1.1816 2 FAT
135 192 -1 286 1.1375 2 FAT
135 193 -1 732 1.1860 2 FAT
135 194 -1 789 1.1942 2 FAT
135 195 -1 820 1.1878 2 FAT
135 196 -1 993 1.2084 2 FAT
135 197 -1 592 1.1867 2 FAT
135 198 -1 1329 1.2288 2 FAT
135 199 -1 689 1.1833 2 FAT
135 200 -1 279 1.1643 2 FAT
135 201 -1 279 1.1643 2 FAT
135 202 -1 279 1.1643 2 FAT
135 203 -1 279 1.1643 2 FAT
135 204 -1 279 1.1643 2 FAT
135 205 -1 391 1.1655 2 FAT
135 206 -1 877 1.2089 2 FAT
135 207 -1 1377 1.2361 2 FAT
135 208 -1 1810 1.2511 2 FAT
135 209 -1 1810 1.2511 2 FAT
135 210 -1 1810 1.2511 2 FAT
135 211 -1 1258 1.2296 2 FAT
135 212 -1 942 1.2177 2 FAT
135 213 -1 1358 1.2189 2 FAT
135 214 -1 1772 1.2360 2 FAT
135 215 -1 674 1.2033 2 FAT
135 216 -1 674 1.2033 2 FAT
135 217 -1 1049 1.2195 2 FAT
135 218 -1 1569 1.2447 2 FAT
135 219 -1 1569 1.2447 2 FAT
135 220 -1 2325 1.2597 2 FAT
135 221 -1 2639 1.2690 2 FAT
135 222 -1 3290 1.2772 2 FAT
135 223 -1 3184 1.2745 2 FAT
135 224 -1 2928 1.2649 2 FAT
135 225 -1 3088 1.2850 2 FAT
# row j=135 L=0.375000 n=226 KILL=0 CYCLE=50 FAT=176 CAP=0 certified=50 lambda[1.0365,1.2850]
136 0 -1 4362 1.2947 0 FAT
136 1 -1 4063 1.2880 2 FAT
136 2 -1 4127 1.2897 0 FAT
136 3 -1 3648 1.2848 2 FAT
136 4 -1 2639 1.2690 2 FAT
136 5 -1 2325 1.2597 2 FAT
136 6 -1 1569 1.2447 2 FAT
136 7 -1 1569 1.2447 2 FAT
136 8 -1 1049 1.2195 2 FAT
136 9 -1 999 1.2027 2 FAT
136 10 -1 1772 1.2360 2 FAT
136 11 -1 2074 1.2468 2 FAT
136 12 -1 2222 1.2502 2 FAT
136 13 -1 1812 1.2321 2 FAT
136 14 -1 1810 1.2511 2 FAT
136 15 -1 1810 1.2511 2 FAT
136 16 -1 1810 1.2511 2 FAT
136 17 -1 1810 1.2511 2 FAT
136 18 -1 1377 1.2361 2 FAT
136 19 -1 877 1.2089 2 FAT
136 20 -1 391 1.1655 2 FAT
136 21 -1 279 1.1643 2 FAT
136 22 -1 279 1.1643 2 FAT
136 23 -1 279 1.1643 2 FAT
136 24 -1 279 1.1643 2 FAT
136 25 -1 689 1.1833 2 FAT
136 26 -1 1329 1.2288 2 FAT
136 27 -1 1329 1.2288 2 FAT
136 28 -1 993 1.2084 2 FAT
136 29 -1 1668 1.2311 2 FAT
136 30 -1 1257 1.2128 2 FAT
136 31 -1 789 1.1942 2 FAT
136 32 -1 1124 1.1997 2 FAT
136 33 -1 1073 1.2059 2 FAT
136 34 -1 568 1.1940 2 FAT
136 35 -1 870 1.2207 2 FAT
136 36 -1 870 1.2207 2 FAT
136 37 -1 870 1.2207 2 FAT
136 38 -1 870 1.2207 2 FAT
136 39 -1 870 1.2207 2 FAT
136 40 -1 870 1.2207 2 FAT
136 41 -1 870 1.2207 2 FAT
136 42 -1 870 1.2207 2 FAT
136 43 -1 870 1.2207 2 FAT
136 44 -1 870 1.2207 2 FAT
136 45 -1 573 1.1968 2 FAT
136 46 -1 275 1.1581 2 FAT
136 47 -1 230 1.1588 2 FAT
136 48 -1 230 1.1588 2 FAT
136 49 -1 199 1.1501 2 FAT
136 50 -1 118 1.1289 2 FAT
136 51 -1 9 1.0000 1 CYCLE
136 52 -1 9 1.0000 1 CYCLE
136 53 -1 6 1.0000 1 CYCLE
136 54 -1 30 1.0000 1 CYCLE
136 55 -1 59 1.0386 2 FAT
136 56 -1 59 1.0386 2 FAT
136 57 -1 18 1.0000 1 CYCLE
136 58 -1 6 1.0000 1 CYCLE
136 59 -1 9 1.0000 1 CYCLE
136 60 -1 71 1.1004 2 FAT
136 61 -1 175 1.1466 2 FAT
136 62 -1 175 1.1466 2 FAT
136 63 -1 225 1.1466 2 FAT
136 64 -1 490 1.1941 2 FAT
136 65 -1 490 1.1941 2 FAT
136 66 -1 490 1.1941 2 FAT
136 67 -1 490 1.1941 2 FAT
136 68 -1 490 1.1941 2 FAT
136 69 -1 490 1.1941 2 FAT
136 70 -1 490 1.1941 2 FAT
136 71 -1 763 1.1935 2 FAT
136 72 -1 1408 1.2339 2 FAT
136 73 -1 2001 1.2534 2 FAT
136 74 -1 2379 1.2638 2 FAT
136 75 -1 2379 1.2638 2 FAT
136 76 -1 2053 1.2536 2 FAT
136 77 -1 2658 1.2604 2 FAT
136 78 -1 2063 1.2526 2 FAT
136 79 -1 2990 1.2711 2 FAT
136 80 -1 3069 1.2745 2 FAT
136 81 -1 2489 1.2624 2 FAT
136 82 -1 1405 1.2366 2 FAT
136 83 -1 1188 1.2367 2 FAT
136 84 -1 1188 1.2367 2 FAT
136 85 -1 1188 1.2367 2 FAT
136 86 -1 1188 1.2367 2 FAT
136 87 -1 1188 1.2367 2 FAT
136 88 -1 1188 1.2367 2 FAT
136 89 -1 942 1.2241 2 FAT
136 90 -1 492 1.1903 2 FAT
136 91 -1 438 1.1903 2 FAT
136 92 -1 438 1.1903 2 FAT
136 93 -1 438 1.1903 2 FAT
136 94 -1 234 1.1621 2 FAT
136 95 -1 151 1.1422 2 FAT
136 96 -1 31 1.0365 2 FAT
136 97 -1 8 1.0000 1 CYCLE
136 98 -1 6 1.0000 1 CYCLE
136 99 -1 6 1.0000 1 CYCLE
136 100 -1 4 1.0000 1 CYCLE
136 101 -1 4 1.0000 1 CYCLE
136 102 -1 4 1.0000 1 CYCLE
136 103 -1 4 1.0000 1 CYCLE
136 104 -1 4 1.0000 1 CYCLE
136 105 -1 4 1.0000 1 CYCLE
136 106 -1 4 1.0000 1 CYCLE
136 107 -1 4 1.0000 1 CYCLE
136 108 -1 4 1.0000 1 CYCLE
136 109 -1 2 1.0000 1 CYCLE
136 110 -1 2 1.0000 1 CYCLE
136 111 -1 2 1.0000 1 CYCLE
136 112 -1 2 1.0000 1 CYCLE
136 113 -1 2 1.0000 1 CYCLE
136 114 -1 2 1.0000 1 CYCLE
136 115 -1 2 1.0000 1 CYCLE
136 116 -1 4 1.0000 1 CYCLE
136 117 -1 4 1.0000 1 CYCLE
136 118 -1 4 1.0000 1 CYCLE
136 119 -1 4 1.0000 1 CYCLE
136 120 -1 4 1.0000 1 CYCLE
136 121 -1 4 1.0000 1 CYCLE
136 122 -1 4 1.0000 1 CYCLE
136 123 -1 4 1.0000 1 CYCLE
136 124 -1 4 1.0000 1 CYCLE
136 125 -1 6 1.0000 1 CYCLE
136 126 -1 6 1.0000 1 CYCLE
136 127 -1 8 1.0000 1 CYCLE
136 128 -1 31 1.0365 2 FAT
136 129 -1 151 1.1422 2 FAT
136 130 -1 234 1.1621 2 FAT
136 131 -1 438 1.1903 2 FAT
136 132 -1 438 1.1903 2 FAT
136 133 -1 438 1.1903 2 FAT
136 134 -1 492 1.1903 2 FAT
136 135 -1 942 1.2241 2 FAT
136 136 -1 1188 1.2367 2 FAT
136 137 -1 1188 1.2367 2 FAT
136 138 -1 1188 1.2367 2 FAT
136 139 -1 1188 1.2367 2 FAT
136 140 -1 1188 1.2367 2 FAT
136 141 -1 1188 1.2367 2 FAT
136 142 -1 1405 1.2366 2 FAT
136 143 -1 2489 1.2624 2 FAT
136 144 -1 3069 1.2745 2 FAT
136 145 -1 2990 1.2711 2 FAT
136 146 -1 2063 1.2526 2 FAT
136 147 -1 2658 1.2604 2 FAT
136 148 -1 2053 1.2536 2 FAT
136 149 -1 2379 1.2638 2 FAT
136 150 -1 2379 1.2638 2 FAT
136 151 -1 2001 1.2534 2 FAT
136 152 -1 1408 1.2339 2 FAT
136 153 -1 763 1.1935 2 FAT
136 154 -1 490 1.1941 2 FAT
136 155 -1 490 1.1941 2 FAT
136 156 -1 490 1.1941 2 FAT
136 157 -1 490 1.1941 2 FAT
136 158 -1 490 1.1941 2 FAT
136 159 -1 490 1.1941 2 FAT
136 160 -1 490 1.1941 2 FAT
136 161 -1 225 1.1466 2 FAT
136 162 -1 175 1.1466 2 FAT
136 163 -1 175 1.1466 2 FAT
136 164 -1 71 1.1004 2 FAT
136 165 -1 9 1.0000 1 CYCLE
136 166 -1 6 1.0000 1 CYCLE
136 167 -1 18 1.0000 1 CYCLE
136 168 -1 59 1.0386 2 FAT
136 169 -1 59 1.0386 2 FAT
136 170 -1 30 1.0000 1 CYCLE
136 171 -1 6 1.0000 1 CYCLE
136 172 -1 9 1.0000 1 CYCLE
136 173 -1 9 1.0000 1 CYCLE
136 174 -1 118 1.1289 2 FAT
136 175 -1 199 1.1501 2 FAT
136 176 -1 230 1.1588 2 FAT
136 177 -1 230 1.1588 2 FAT
136 178 -1 275 1.1581 2 FAT
136 179 -1 573 1.1968 2 FAT
136 180 -1 870 1.2207 2 FAT
136 181 -1 870 1.2207 2 FAT
136 182 -1 870 1.2207 2 FAT
136 183 -1 870 1.2207 2 FAT
136 184 -1 870 1.2207 2 FAT
136 185 -1 870 1.2207 2 FAT
136 186 -1 870 1.2207 2 FAT
136 187 -1 870 1.2207 2 FAT
136 188 -1 870 1.2207 2 FAT
136 189 -1 870 1.2207 2 FAT
136 190 -1 568 1.1940 2 FAT
136 191 -1 1073 1.2059 2 FAT
136 192 -1 1124 1.1997 2 FAT
136 193 -1 789 1.1942 2 FAT
136 194 -1 1257 1.2128 2 FAT
136 195 -1 1668 1.2311 2 FAT
136 196 -1 993 1.2084 2 FAT
136 197 -1 1329 1.2288 2 FAT
136 198 -1 1329 1.2288 2 FAT
136 199 -1 689 1.1833 2 FAT
136 200 -1 279 1.1643 2 FAT
136 201 -1 279 1.1643 2 FAT
136 202 -1 279 1.1643 2 FAT
136 203 -1 279 1.1643 2 FAT
136 204 -1 391 1.1655 2 FAT
136 205 -1 877 1.2089 2 FAT
136 206 -1 1377 1.2361 2 FAT
136 207 -1 1810 1.2511 2 FAT
136 208 -1 1810 1.2511 2 FAT
136 209 -1 1810 1.2511 2 FAT
136 210 -1 1810 1.2511 2 FAT
136 211 -1 1812 1.2321 2 FAT
136 212 -1 2222 1.2502 2 FAT
136 213 -1 2074 1.2468 2 FAT
136 214 -1 1772 1.2360 2 FAT
136 215 -1 999 1.2027 2 FAT
136 216 -1 1049 1.2195 2 FAT
136 217 -1 1569 1.2447 2 FAT
136 218 -1 1569 1.2447 2 FAT
136 219 -1 2325 1.2597 2 FAT
136 220 -1 2639 1.2690 2 FAT
136 221 -1 3648 1.2848 2 FAT
136 222 -1 4127 1.2897 0 FAT
136 223 -1 4063 1.2880 2 FAT
136 224 -1 4362 1.2947 0 FAT
# row j=136 L=0.377778 n=225 KILL=0 CYCLE=45 FAT=180 CAP=0 certified=45 lambda[1.0365,1.2947]
137 0 -1 5565 1.3100 0 FAT
137 1 -1 5140 1.3010 0 FAT
137 2 -1 4509 1.2964 0 FAT
137 3 -1 3648 1.2848 2 FAT
137 4 -1 2639 1.2690 2 FAT
137 5 -1 2325 1.2597 2 FAT
137 6 -1 1569 1.2447 2 FAT
137 7 -1 1569 1.2447 2 FAT
137 8 -1 1799 1.2255 2 FAT
137 9 -1 1772 1.2360 2 FAT
137 10 -1 2266 1.2469 2 FAT
137 11 -1 3068 1.2703 2 FAT
137 12 -1 2898 1.2636 2 FAT
137 13 -1 2628 1.2596 2 FAT
137 14 -1 1810 1.2511 2 FAT
137 15 -1 1810 1.2511 2 FAT
137 16 -1 1810 1.2511 2 FAT
137 17 -1 1810 1.2511 2 FAT
137 18 -1 1377 1.2361 2 FAT
137 19 -1 877 1.2089 2 FAT
137 20 -1 391 1.1655 2 FAT
137 21 -1 279 1.1643 2 FAT
137 22 -1 279 1.1643 2 FAT
137 23 -1 279 1.1643 2 FAT
137 24 -1 689 1.1833 2 FAT
137 25 -1 1329 1.2288 2 FAT
137 26 -1 1329 1.2288 2 FAT
137 27 -1 2017 1.2491 2 FAT
137 28 -1 1668 1.2311 2 FAT
137 29 -1 2018 1.2457 2 FAT
137 30 -1 1257 1.2128 2 FAT
137 31 -1 1191 1.2066 2 FAT
137 32 -1 1940 1.2391 2 FAT
137 33 -1 1616 1.2277 2 FAT
137 34 -1 870 1.2207 2 FAT
137 35 -1 870 1.2207 2 FAT
137 36 -1 870 1.2207 2 FAT
137 37 -1 870 1.2207 2 FAT
137 38 -1 870 1.2207 2 FAT
137 39 -1 870 1.2207 2 FAT
137 40 -1 870 1.2207 2 FAT
137 41 -1 870 1.2207 2 FAT
137 42 -1 870 1.2207 2 FAT
137 43 -1 870 1.2207 2 FAT
137 44 -1 870 1.2207 2 FAT
137 45 -1 573 1.1968 2 FAT
137 46 -1 275 1.1581 2 FAT
137 47 -1 230 1.1588 2 FAT
137 48 -1 230 1.1588 2 FAT
137 49 -1 199 1.1501 2 FAT
137 50 -1 118 1.1289 2 FAT
137 51 -1 9 1.0000 1 CYCLE
137 52 -1 84 1.0410 2 FAT
137 53 -1 30 1.0000 1 CYCLE
137 54 -1 59 1.0386 2 FAT
137 55 -1 59 1.0386 2 FAT
137 56 -1 59 1.0386 2 FAT
137 57 -1 18 1.0000 1 CYCLE
137 58 -1 9 1.0000 1 CYCLE
137 59 -1 71 1.1004 2 FAT
137 60 -1 175 1.1466 2 FAT
137 61 -1 175 1.1466 2 FAT
137 62 -1 225 1.1466 2 FAT
137 63 -1 490 1.1941 2 FAT
137 64 -1 490 1.1941 2 FAT
137 65 -1 490 1.1941 2 FAT
137 66 -1 490 1.1941 2 FAT
137 67 -1 490 1.1941 2 FAT
137 68 -1 490 1.1941 2 FAT
137 69 -1 490 1.1941 2 FAT
137 70 -1 792 1.1935 2 FAT
137 71 -1 1408 1.2339 2 FAT
137 72 -1 2001 1.2534 2 FAT
137 73 -1 2379 1.2638 2 FAT
137 74 -1 2379 1.2638 2 FAT
137 75 -1 2813 1.2639 2 FAT
137 76 -1 3814 1.2825 2 FAT
137 77 -1 2863 1.2667 2 FAT
137 78 -1 2990 1.2711 2 FAT
137 79 -1 4328 1.2940 0 FAT
137 80 -1 3069 1.2745 2 FAT
137 81 -1 2489 1.2624 2 FAT
137 82 -1 1405 1.2366 2 FAT
137 83 -1 1188 1.2367 2 FAT
137 84 -1 1188 1.2367 2 FAT
137 85 -1 1188 1.2367 2 FAT
137 86 -1 1188 1.2367 2 FAT
137 87 -1 1188 1.2367 2 FAT
137 88 -1 1188 1.2367 2 FAT
137 89 -1 942 1.2241 2 FAT
137 90 -1 492 1.1903 2 FAT
137 91 -1 438 1.1903 2 FAT
137 92 -1 438 1.1903 2 FAT
137 93 -1 438 1.1903 2 FAT
137 94 -1 234 1.1621 2 FAT
137 95 -1 151 1.1422 2 FAT
137 96 -1 31 1.0365 2 FAT
137 97 -1 8 1.0000 1 CYCLE
137 98 -1 6 1.0000 1 CYCLE
137 99 -1 6 1.0000 1 CYCLE
137 100 -1 6 1.0000 1 CYCLE
137 101 -1 4 1.0000 1 CYCLE
137 102 -1 4 1.0000 1 CYCLE
137 103 -1 4 1.0000 1 CYCLE
137 104 -1 4 1.0000 1 CYCLE
137 105 -1 4 1.0000 1 CYCLE
137 106 -1 4 1.0000 1 CYCLE
137 107 -1 4 1.0000 1 CYCLE
137 108 -1 4 1.0000 1 CYCLE
137 109 -1 4 1.0000 1 CYCLE
137 110 -1 2 1.0000 1 CYCLE
137 111 -1 2 1.0000 1 CYCLE
137 112 -1 2 1.0000 1 CYCLE
137 113 -1 2 1.0000 1 CYCLE
137 114 -1 4 1.0000 1 CYCLE
137 115 -1 4 1.0000 1 CYCLE
137 116 -1 4 1.0000 1 CYCLE
137 117 -1 4 1.0000 1 CYCLE
137 118 -1 4 1.0000 1 CYCLE
137 119 -1 4 1.0000 1 CYCLE
137 120 -1 4 1.0000 1 CYCLE
137 121 -1 4 1.0000 1 CYCLE
137 122 -1 4 1.0000 1 CYCLE
137 123 -1 6 1.0000 1 CYCLE
137 124 -1 6 1.0000 1 CYCLE
137 125 -1 6 1.0000 1 CYCLE
137 126 -1 8 1.0000 1 CYCLE
137 127 -1 31 1.0365 2 FAT
137 128 -1 151 1.1422 2 FAT
137 129 -1 234 1.1621 2 FAT
137 130 -1 438 1.1903 2 FAT
137 131 -1 438 1.1903 2 FAT
137 132 -1 438 1.1903 2 FAT
137 133 -1 492 1.1903 2 FAT
137 134 -1 942 1.2241 2 FAT
137 135 -1 1188 1.2367 2 FAT
137 136 -1 1188 1.2367 2 FAT
137 137 -1 1188 1.2367 2 FAT
137 138 -1 1188 1.2367 2 FAT
137 139 -1 1188 1.2367 2 FAT
137 140 -1 1188 1.2367 2 FAT
137 141 -1 1405 1.2366 2 FAT
137 142 -1 2489 1.2624 2 FAT
137 143 -1 3069 1.2745 2 FAT
137 144 -1 4328 1.2940 0 FAT
137 145 -1 2990 1.2711 2 FAT
137 146 -1 2863 1.2667 2 FAT
137 147 -1 3814 1.2825 2 FAT
137 148 -1 2813 1.2639 2 FAT
137 149 -1 2379 1.2638 2 FAT
137 150 -1 2379 1.2638 2 FAT
137 151 -1 2001 1.2534 2 FAT
137 152 -1 1408 1.2339 2 FAT
137 153 -1 792 1.1935 2 FAT
137 154 -1 490 1.1941 2 FAT
137 155 -1 490 1.1941 2 FAT
137 156 -1 490 1.1941 2 FAT
137 157 -1 490 1.1941 2 FAT
137 158 -1 490 1.1941 2 FAT
137 159 -1 490 1.1941 2 FAT
137 160 -1 490 1.1941 2 FAT
137 161 -1 225 1.1466 2 FAT
137 162 -1 175 1.1466 2 FAT
137 163 -1 175 1.1466 2 FAT
137 164 -1 71 1.1004 2 FAT
137 165 -1 9 1.0000 1 CYCLE
137 166 -1 18 1.0000 1 CYCLE
137 167 -1 59 1.0386 2 FAT
137 168 -1 59 1.0386 2 FAT
137 169 -1 59 1.0386 2 FAT
137 170 -1 30 1.0000 1 CYCLE
137 171 -1 84 1.0410 2 FAT
137 172 -1 9 1.0000 1 CYCLE
137 173 -1 118 1.1289 2 FAT
137 174 -1 199 1.1501 2 FAT
137 175 -1 230 1.1588 2 FAT
137 176 -1 230 1.1588 2 FAT
137 177 -1 275 1.1581 2 FAT
137 178 -1 573 1.1968 2 FAT
137 179 -1 870 1.2207 2 FAT
137 180 -1 870 1.2207 2 FAT
137 181 -1 870 1.2207 2 FAT
137 182 -1 870 1.2207 2 FAT
137 183 -1 870 1.2207 2 FAT
137 184 -1 870 1.2207 2 FAT
137 185 -1 870 1.2207 2 FAT
137 186 -1 870 1.2207 2 FAT
137 187 -1 870 1.2207 2 FAT
137 188 -1 870 1.2207 2 FAT
137 189 -1 870 1.2207 2 FAT
137 190 -1 1616 1.2277 2 FAT
137 191 -1 1940 1.2391 2 FAT
137 192 -1 1191 1.2066 2 FAT
137 193 -1 1257 1.2128 2 FAT
137 194 -1 2018 1.2457 2 FAT
137 195 -1 1668 1.2311 2 FAT
137 196 -1 2017 1.2491 2 FAT
137 197 -1 1329 1.2288 2 FAT
137 198 -1 1329 1.2288 2 FAT
137 199 -1 689 1.1833 2 FAT
137 200 -1 279 1.1643 2 FAT
137 201 -1 279 1.1643 2 FAT
137 202 -1 279 1.1643 2 FAT
137 203 -1 391 1.1655 2 FAT
137 204 -1 877 1.2089 2 FAT
137 205 -1 1377 1.2361 2 FAT
137 206 -1 1810 1.2511 2 FAT
137 207 -1 1810 1.2511 2 FAT
137 208 -1 1810 1.2511 2 FAT
137 209 -1 1810 1.2511 2 FAT
137 210 -1 2628 1.2596 2 FAT
137 211 -1 2898 1.2636 2 FAT
137 212 -1 3068 1.2703 2 FAT
137 213 -1 2266 1.2469 2 FAT
137 214 -1 1772 1.2360 2 FAT
137 215 -1 1799 1.2255 2 FAT
137 216 -1 1569 1.2447 2 FAT
137 217 -1 1569 1.2447 2 FAT
137 218 -1 2325 1.2597 2 FAT
137 219 -1 2639 1.2690 2 FAT
137 220 -1 3648 1.2848 2 FAT
137 221 -1 4509 1.2964 0 FAT
137 222 -1 5140 1.3010 0 FAT
137 223 -1 5565 1.3100 0 FAT
# row j=137 L=0.380556 n=224 KILL=0 CYCLE=38 FAT=186 CAP=0 certified=38 lambda[1.0365,1.3100]
138 0 -1 6748 1.3205 0 FAT
138 1 -1 5552 1.3072 0 FAT
138 2 -1 4509 1.2964 0 FAT
138 3 -1 3648 1.2848 2 FAT
138 4 -1 2639 1.2690 2 FAT
138 5 -1 2325 1.2597 2 FAT
138 6 -1 1569 1.2447 2 FAT
138 7 -1 2697 1.2572 2 FAT
138 8 -1 2947 1.2573 2 FAT
138 9 -1 2266 1.2469 2 FAT
138 10 -1 3068 1.2703 2 FAT
138 11 -1 3873 1.2816 2 FAT
138 12 -1 3792 1.2820 2 FAT
138 13 -1 2628 1.2596 2 FAT
138 14 -1 1810 1.2511 2 FAT
138 15 -1 1810 1.2511 2 FAT
138 16 -1 1810 1.2511 2 FAT
138 17 -1 1810 1.2511 2 FAT
138 18 -1 1377 1.2361 2 FAT
138 19 -1 877 1.2089 2 FAT
138 20 -1 391 1.1655 2 FAT
138 21 -1 279 1.1643 2 FAT
138 22 -1 456 1.1665 2 FAT
138 23 -1 689 1.1833 2 FAT
138 24 -1 1329 1.2288 2 FAT
138 25 -1 1329 1.2288 2 FAT
138 26 -1 2017 1.2491 2 FAT
138 27 -1 2959 1.2671 2 FAT
138 28 -1 2344 1.2478 2 FAT
138 29 -1 2018 1.2457 2 FAT
138 30 -1 1927 1.2273 2 FAT
138 31 -1 2007 1.2427 2 FAT
138 32 -1 2657 1.2572 2 FAT
138 33 -1 2318 1.2533 2 FAT
138 34 -1 870 1.2207 2 FAT
138 35 -1 870 1.2207 2 FAT
138 36 -1 870 1.2207 2 FAT
138 37 -1 870 1.2207 2 FAT
138 38 -1 870 1.2207 2 FAT
138 39 -1 870 1.2207 2 FAT
138 40 -1 870 1.2207 2 FAT
138 41 -1 870 1.2207 2 FAT
138 42 -1 870 1.2207 2 FAT
138 43 -1 870 1.2207 2 FAT
138 44 -1 870 1.2207 2 FAT
138 45 -1 573 1.1968 2 FAT
138 46 -1 275 1.1581 2 FAT
138 47 -1 230 1.1588 2 FAT
138 48 -1 230 1.1588 2 FAT
138 49 -1 199 1.1501 2 FAT
138 50 -1 118 1.1289 2 FAT
138 51 -1 177 1.0714 2 FAT
138 52 -1 188 1.0807 2 FAT
138 53 -1 59 1.0386 2 FAT
138 54 -1 59 1.0386 2 FAT
138 55 -1 59 1.0386 2 FAT
138 56 -1 59 1.0386 2 FAT
138 57 -1 84 1.0410 2 FAT
138 58 -1 369 1.1580 2 FAT
138 59 -1 175 1.1466 2 FAT
138 60 -1 175 1.1466 2 FAT
138 61 -1 225 1.1466 2 FAT
138 62 -1 490 1.1941 2 FAT
138 63 -1 490 1.1941 2 FAT
138 64 -1 490 1.1941 2 FAT
138 65 -1 490 1.1941 2 FAT
138 66 -1 490 1.1941 2 FAT
138 67 -1 490 1.1941 2 FAT
138 68 -1 631 1.1938 2 FAT
138 69 -1 792 1.1935 2 FAT
138 70 -1 1408 1.2339 2 FAT
138 71 -1 2001 1.2534 2 FAT
138 72 -1 2379 1.2638 2 FAT
138 73 -1 2379 1.2638 2 FAT
138 74 -1 2884 1.2640 2 FAT
138 75 -1 4253 1.2902 0 FAT
138 76 -1 4031 1.2870 2 FAT
138 77 -1 4221 1.2851 0 FAT
138 78 -1 4328 1.2940 0 FAT
138 79 -1 4328 1.2940 0 FAT
138 80 -1 3069 1.2745 2 FAT
138 81 -1 2489 1.2624 2 FAT
138 82 -1 1547 1.2364 2 FAT
138 83 -1 1188 1.2367 2 FAT
138 84 -1 1188 1.2367 2 FAT
138 85 -1 1188 1.2367 2 FAT
138 86 -1 1188 1.2367 2 FAT
138 87 -1 1188 1.2367 2 FAT
138 88 -1 1188 1.2367 2 FAT
138 89 -1 942 1.2241 2 FAT
138 90 -1 492 1.1903 2 FAT
138 91 -1 438 1.1903 2 FAT
138 92 -1 438 1.1903 2 FAT
138 93 -1 438 1.1903 2 FAT
138 94 -1 234 1.1621 2 FAT
138 95 -1 151 1.1422 2 FAT
138 96 -1 31 1.0365 2 FAT
138 97 -1 8 1.0000 1 CYCLE
138 98 -1 6 1.0000 1 CYCLE
138 99 -1 6 1.0000 1 CYCLE
138 100 -1 6 1.0000 1 CYCLE
138 101 -1 4 1.0000 1 CYCLE
138 102 -1 4 1.0000 1 CYCLE
138 103 -1 4 1.0000 1 CYCLE
138 104 -1 4 1.0000 1 CYCLE
138 105 -1 4 1.0000 1 CYCLE
138 106 -1 4 1.0000 1 CYCLE
138 107 -1 4 1.0000 1 CYCLE
138 108 -1 4 1.0000 1 CYCLE
138 109 -1 4 1.0000 1 CYCLE
138 110 -1 4 1.0000 1 CYCLE
138 111 -1 2 1.0000 1 CYCLE
138 112 -1 4 1.0000 1 CYCLE
138 113 -1 4 1.0000 1 CYCLE
138 114 -1 4 1.0000 1 CYCLE
138 115 -1 4 1.0000 1 CYCLE
138 116 -1 4 1.0000 1 CYCLE
138 117 -1 4 1.0000 1 CYCLE
138 118 -1 4 1.0000 1 CYCLE
138 119 -1 4 1.0000 1 CYCLE
138 120 -1 4 1.0000 1 CYCLE
138 121 -1 4 1.0000 1 CYCLE
138 122 -1 6 1.0000 1 CYCLE
138 123 -1 6 1.0000 1 CYCLE
138 124 -1 6 1.0000 1 CYCLE
138 125 -1 8 1.0000 1 CYCLE
138 126 -1 31 1.0365 2 FAT
138 127 -1 151 1.1422 2 FAT
138 128 -1 234 1.1621 2 FAT
138 129 -1 438 1.1903 2 FAT
138 130 -1 438 1.1903 2 FAT
138 131 -1 438 1.1903 2 FAT
138 132 -1 492 1.1903 2 FAT
138 133 -1 942 1.2241 2 FAT
138 134 -1 1188 1.2367 2 FAT
138 135 -1 1188 1.2367 2 FAT
138 136 -1 1188 1.2367 2 FAT
138 137 -1 1188 1.2367 2 FAT
138 138 -1 1188 1.2367 2 FAT
138 139 -1 1188 1.2367 2 FAT
138 140 -1 1547 1.2364 2 FAT
138 141 -1 2489 1.2624 2 FAT
138 142 -1 3069 1.2745 2 FAT
138 143 -1 4328 1.2940 0 FAT
138 144 -1 4328 1.2940 0 FAT
138 145 -1 4221 1.2851 0 FAT
138 146 -1 4031 1.2870 2 FAT
138 147 -1 4253 1.2902 0 FAT
138 148 -1 2884 1.2640 2 FAT
138 149 -1 2379 1.2638 2 FAT
138 150 -1 2379 1.2638 2 FAT
138 151 -1 2001 1.2534 2 FAT
138 152 -1 1408 1.2339 2 FAT
138 153 -1 792 1.1935 2 FAT
138 154 -1 631 1.1938 2 FAT
138 155 -1 490 1.1941 2 FAT
138 156 -1 490 1.1941 2 FAT
138 157 -1 490 1.1941 2 FAT
138 158 -1 490 1.1941 2 FAT
138 159 -1 490 1.1941 2 FAT
138 160 -1 490 1.1941 2 FAT
138 161 -1 225 1.1466 2 FAT
138 162 -1 175 1.1466 2 FAT
138 163 -1 175 1.1466 2 FAT
138 164 -1 369 1.1580 2 FAT
138 165 -1 84 1.0410 2 FAT
138 166 -1 59 1.0386 2 FAT
138 167 -1 59 1.0386 2 FAT
138 168 -1 59 1.0386 2 FAT
138 169 -1 59 1.0386 2 FAT
138 170 -1 188 1.0807 2 FAT
138 171 -1 177 1.0714 2 FAT
138 172 -1 118 1.1289 2 FAT
138 173 -1 199 1.1501 2 FAT
138 174 -1 230 1.1588 2 FAT
138 175 -1 230 1.1588 2 FAT
138 176 -1 275 1.1581 2 FAT
138 177 -1 573 1.1968 2 FAT
138 178 -1 870 1.2207 2 FAT
138 179 -1 870 1.2207 2 FAT
138 180 -1 870 1.2207 2 FAT
138 181 -1 870 1.2207 2 FAT
138 182 -1 870 1.2207 2 FAT
138 183 -1 870 1.2207 2 FAT
138 184 -1 870 1.2207 2 FAT
138 185 -1 870 1.2207 2 FAT
138 186 -1 870 1.2207 2 FAT
138 187 -1 870 1.2207 2 FAT
138 188 -1 870 1.2207 2 FAT
138 189 -1 2318 1.2533 2 FAT
138 190 -1 2657 1.2572 2 FAT
138 191 -1 2007 1.2427 2 FAT
138 192 -1 1927 1.2273 2 FAT
138 193 -1 2018 1.2457 2 FAT
138 194 -1 2344 1.2478 2 FAT
138 195 -1 2959 1.2671 2 FAT
138 196 -1 2017 1.2491 2 FAT
138 197 -1 1329 1.2288 2 FAT
138 198 -1 1329 1.2288 2 FAT
138 199 -1 689 1.1833 2 FAT
138 200 -1 456 1.1665 2 FAT
138 201 -1 279 1.1643 2 FAT
138 202 -1 391 1.1655 2 FAT
138 203 -1 877 1.2089 2 FAT
138 204 -1 1377 1.2361 2 FAT
138 205 -1 1810 1.2511 2 FAT
138 206 -1 1810 1.2511 2 FAT
138 207 -1 1810 1.2511 2 FAT
138 208 -1 1810 1.2511 2 FAT
138 209 -1 2628 1.2596 2 FAT
138 210 -1 3792 1.2820 2 FAT
138 211 -1 3873 1.2816 2 FAT
138 212 -1 3068 1.2703 2 FAT
138 213 -1 2266 1.2469 2 FAT
138 214 -1 2947 1.2573 2 FAT
138 215 -1 2697 1.2572 2 FAT
138 216 -1 1569 1.2447 2 FAT
138 217 -1 2325 1.2597 2 FAT
138 218 -1 2639 1.2690 2 FAT
138 219 -1 3648 1.2848 2 FAT
138 220 -1 4509 1.2964 0 FAT
138 221 -1 5552 1.3072 0 FAT
138 222 -1 6748 1.3205 0 FAT
# row j=138 L=0.383333 n=223 KILL=0 CYCLE=29 FAT=194 CAP=0 certified=29 lambda[1.0365,1.3205]
139 0 -1 7168 1.3248 0 FAT
139 1 -1 5552 1.3072 0 FAT
139 2 -1 4509 1.2964 0 FAT
139 3 -1 3648 1.2848 2 FAT
139 4 -1 2639 1.2690 2 FAT
139 5 -1 2325 1.2597 2 FAT
139 6 -1 2697 1.2572 2 FAT
139 7 -1 3941 1.2791 2 FAT
139 8 -1 3736 1.2689 2 FAT
139 9 -1 3068 1.2703 2 FAT
139 10 -1 3873 1.2816 2 FAT
139 11 -1 4821 1.2963 0 FAT
139 12 -1 3792 1.2820 2 FAT
139 13 -1 2628 1.2596 2 FAT
139 14 -1 1810 1.2511 2 FAT
139 15 -1 1810 1.2511 2 FAT
139 16 -1 1810 1.2511 2 FAT
139 17 -1 1810 1.2511 2 FAT
139 18 -1 1377 1.2361 2 FAT
139 19 -1 877 1.2089 2 FAT
139 20 -1 391 1.1655 2 FAT
139 21 -1 838 1.1692 2 FAT
139 22 -1 689 1.1833 2 FAT
139 23 -1 1329 1.2288 2 FAT
139 24 -1 1329 1.2288 2 FAT
139 25 -1 2017 1.2491 2 FAT
139 26 -1 2959 1.2671 2 FAT
139 27 -1 3359 1.2761 2 FAT
139 28 -1 2344 1.2478 2 FAT
139 29 -1 2951 1.2579 2 FAT
139 30 -1 2973 1.2583 2 FAT
139 31 -1 2726 1.2598 2 FAT
139 32 -1 3441 1.2750 2 FAT
139 33 -1 2318 1.2533 2 FAT
139 34 -1 1192 1.2208 2 FAT
139 35 -1 870 1.2207 2 FAT
139 36 -1 870 1.2207 2 FAT
139 37 -1 870 1.2207 2 FAT
139 38 -1 870 1.2207 2 FAT
139 39 -1 870 1.2207 2 FAT
139 40 -1 870 1.2207 2 FAT
139 41 -1 870 1.2207 2 FAT
139 42 -1 870 1.2207 2 FAT
139 43 -1 870 1.2207 2 FAT
139 44 -1 870 1.2207 2 FAT
139 45 -1 573 1.1968 2 FAT
139 46 -1 275 1.1581 2 FAT
139 47 -1 230 1.1588 2 FAT
139 48 -1 230 1.1588 2 FAT
139 49 -1 726 1.1763 2 FAT
139 50 -1 902 1.1974 2 FAT
139 51 -1 371 1.1151 2 FAT
139 52 -1 268 1.1078 2 FAT
139 53 -1 59 1.0386 2 FAT
139 54 -1 59 1.0386 2 FAT
139 55 -1 106 1.0437 2 FAT
139 56 -1 268 1.1078 2 FAT
139 57 -1 617 1.1754 2 FAT
139 58 -1 938 1.2020 2 FAT
139 59 -1 175 1.1466 2 FAT
139 60 -1 225 1.1466 2 FAT
139 61 -1 490 1.1941 2 FAT
139 62 -1 490 1.1941 2 FAT
139 63 -1 490 1.1941 2 FAT
139 64 -1 490 1.1941 2 FAT
139 65 -1 490 1.1941 2 FAT
139 66 -1 490 1.1941 2 FAT
139 67 -1 631 1.1938 2 FAT
139 68 -1 792 1.1935 2 FAT
139 69 -1 1408 1.2339 2 FAT
139 70 -1 2001 1.2534 2 FAT
139 71 -1 2379 1.2638 2 FAT
139 72 -1 2379 1.2638 2 FAT
139 73 -1 2884 1.2640 2 FAT
139 74 -1 4253 1.2902 0 FAT
139 75 -1 4472 1.2941 0 FAT
139 76 -1 5433 1.3026 0 FAT
139 77 -1 5872 1.3066 0 FAT
139 78 -1 4328 1.2940 0 FAT
139 79 -1 4328 1.2940 0 FAT
139 80 -1 3069 1.2745 2 FAT
139 81 -1 2489 1.2624 2 FAT
139 82 -1 1547 1.2364 2 FAT
139 83 -1 1188 1.2367 2 FAT
139 84 -1 1188 1.2367 2 FAT
139 85 -1 1188 1.2367 2 FAT
139 86 -1 1188 1.2367 2 FAT
139 87 -1 1188 1.2367 2 FAT
139 88 -1 1188 1.2367 2 FAT
139 89 -1 942 1.2241 2 FAT
139 90 -1 530 1.1907 2 FAT
139 91 -1 438 1.1903 2 FAT
139 92 -1 438 1.1903 2 FAT
139 93 -1 438 1.1903 2 FAT
139 94 -1 234 1.1621 2 FAT
139 95 -1 151 1.1422 2 FAT
139 96 -1 31 1.0365 2 FAT
139 97 -1 8 1.0000 1 CYCLE
139 98 -1 6 1.0000 1 CYCLE
139 99 -1 6 1.0000 1 CYCLE
139 100 -1 6 1.0000 1 CYCLE
139 101 -1 4 1.0000 1 CYCLE
139 102 -1 4 1.0000 1 CYCLE
139 103 -1 4 1.0000 1 CYCLE
139 104 -1 4 1.0000 1 CYCLE
139 105 -1 4 1.0000 1 CYCLE
139 106 -1 4 1.0000 1 CYCLE
139 107 -1 4 1.0000 1 CYCLE
139 108 -1 4 1.0000 1 CYCLE
139 109 -1 4 1.0000 1 CYCLE
139 110 -1 12 1.0000 1 CYCLE
139 111 -1 12 1.0000 1 CYCLE
139 112 -1 4 1.0000 1 CYCLE
139 113 -1 4 1.0000 1 CYCLE
139 114 -1 4 1.0000 1 CYCLE
139 115 -1 4 1.0000 1 CYCLE
139 116 -1 4 1.0000 1 CYCLE
139 117 -1 4 1.0000 1 CYCLE
139 118 -1 4 1.0000 1 CYCLE
139 119 -1 4 1.0000 1 CYCLE
139 120 -1 4 1.0000 1 CYCLE
139 121 -1 6 1.0000 1 CYCLE
139 122 -1 6 1.0000 1 CYCLE
139 123 -1 6 1.0000 1 CYCLE
139 124 -1 8 1.0000 1 CYCLE
139 125 -1 31 1.0365 2 FAT
139 126 -1 151 1.1422 2 FAT
139 127 -1 234 1.1621 2 FAT
139 128 -1 438 1.1903 2 FAT
139 129 -1 438 1.1903 2 FAT
139 130 -1 438 1.1903 2 FAT
139 131 -1 530 1.1907 2 FAT
139 132 -1 942 1.2241 2 FAT
139 133 -1 1188 1.2367 2 FAT
139 134 -1 1188 1.2367 2 FAT
139 135 -1 1188 1.2367 2 FAT
139 136 -1 1188 1.2367 2 FAT
139 137 -1 1188 1.2367 2 FAT
139 138 -1 1188 1.2367 2 FAT
139 139 -1 1547 1.2364 2 FAT
139 140 -1 2489 1.2624 2 FAT
139 141 -1 3069 1.2745 2 FAT
139 142 -1 4328 1.2940 0 FAT
139 143 -1 4328 1.2940 0 FAT
139 144 -1 5872 1.3066 0 FAT
139 145 -1 5433 1.3026 0 FAT
139 146 -1 4472 1.2941 0 FAT
139 147 -1 4253 1.2902 0 FAT
139 148 -1 2884 1.2640 2 FAT
139 149 -1 2379 1.2638 2 FAT
139 150 -1 2379 1.2638 2 FAT
139 151 -1 2001 1.2534 2 FAT
139 152 -1 1408 1.2339 2 FAT
139 153 -1 792 1.1935 2 FAT
139 154 -1 631 1.1938 2 FAT
139 155 -1 490 1.1941 2 FAT
139 156 -1 490 1.1941 2 FAT
139 157 -1 490 1.1941 2 FAT
139 158 -1 490 1.1941 2 FAT
139 159 -1 490 1.1941 2 FAT
139 160 -1 490 1.1941 2 FAT
139 161 -1 225 1.1466 2 FAT
139 162 -1 175 1.1466 2 FAT
139 163 -1 938 1.2020 2 FAT
139 164 -1 617 1.1754 2 FAT
139 165 -1 268 1.1078 2 FAT
139 166 -1 106 1.0437 2 FAT
139 167 -1 59 1.0386 2 FAT
139 168 -1 59 1.0386 2 FAT
139 169 -1 268 1.1078 2 FAT
139 170 -1 371 1.1151 2 FAT
139 171 -1 902 1.1974 2 FAT
139 172 -1 726 1.1763 2 FAT
139 173 -1 230 1.1588 2 FAT
139 174 -1 230 1.1588 2 FAT
139 175 -1 275 1.1581 2 FAT
139 176 -1 573 1.1968 2 FAT
139 177 -1 870 1.2207 2 FAT
139 178 -1 870 1.2207 2 FAT
139 179 -1 870 1.2207 2 FAT
139 180 -1 870 1.2207 2 FAT
139 181 -1 870 1.2207 2 FAT
139 182 -1 870 1.2207 2 FAT
139 183 -1 870 1.2207 2 FAT
139 184 -1 870 1.2207 2 FAT
139 185 -1 870 1.2207 2 FAT
139 186 -1 870 1.2207 2 FAT
139 187 -1 1192 1.2208 2 FAT
139 188 -1 2318 1.2533 2 FAT
139 189 -1 3441 1.2750 2 FAT
139 190 -1 2726 1.2598 2 FAT
139 191 -1 2973 1.2583 2 FAT
139 192 -1 2951 1.2579 2 FAT
139 193 -1 2344 1.2478 2 FAT
139 194 -1 3359 1.2761 2 FAT
139 195 -1 2959 1.2671 2 FAT
139 196 -1 2017 1.2491 2 FAT
139 197 -1 1329 1.2288 2 FAT
139 198 -1 1329 1.2288 2 FAT
139 199 -1 689 1.1833 2 FAT
139 200 -1 838 1.1692 2 FAT
139 201 -1 391 1.1655 2 FAT
139 202 -1 877 1.2089 2 FAT
139 203 -1 1377 1.2361 2 FAT
139 204 -1 1810 1.2511 2 FAT
139 205 -1 1810 1.2511 2 FAT
139 206 -1 1810 1.2511 2 FAT
139 207 -1 1810 1.2511 2 FAT
139 208 -1 2628 1.2596 2 FAT
139 209 -1 3792 1.2820 2 FAT
139 210 -1 4821 1.2963 0 FAT
139 211 -1 3873 1.2816 2 FAT
139 212 -1 3068 1.2703 2 FAT
139 213 -1 3736 1.2689 2 FAT
139 214 -1 3941 1.2791 2 FAT
139 215 -1 2697 1.2572 2 FAT
139 216 -1 2325 1.2597 2 FAT
139 217 -1 2639 1.2690 2 FAT
139 218 -1 3648 1.2848 2 FAT
139 219 -1 4509 1.2964 0 FAT
139 220 -1 5552 1.3072 0 FAT
139 221 -1 7168 1.3248 0 FAT
# row j=139 L=0.386111 n=222 KILL=0 CYCLE=28 FAT=194 CAP=0 certified=28 lambda[1.0365,1.3248]
140 0 -1 7168 1.3248 0 FAT
140 1 -1 5552 1.3072 0 FAT
140 2 -1 4509 1.2964 0 FAT
140 3 -1 3648 1.2848 2 FAT
140 4 -1 2639 1.2690 2 FAT
140 5 -1 4174 1.2771 0 FAT
140 6 -1 3941 1.2791 2 FAT
140 7 -1 4832 1.2887 0 FAT
140 8 -1 4774 1.2888 0 FAT
140 9 -1 3873 1.2816 2 FAT
140 10 -1 4821 1.2963 0 FAT
140 11 -1 4821 1.2963 0 FAT
140 12 -1 3792 1.2820 2 FAT
140 13 -1 2628 1.2596 2 FAT
140 14 -1 1810 1.2511 2 FAT
140 15 -1 1810 1.2511 2 FAT
140 16 -1 1810 1.2511 2 FAT
140 17 -1 1810 1.2511 2 FAT
140 18 -1 1377 1.2361 2 FAT
140 19 -1 877 1.2089 2 FAT
140 20 -1 838 1.1692 2 FAT
140 21 -1 1398 1.1959 2 FAT
140 22 -1 1329 1.2288 2 FAT
140 23 -1 1329 1.2288 2 FAT
140 24 -1 2017 1.2491 2 FAT
140 25 -1 2959 1.2671 2 FAT
140 26 -1 3359 1.2761 2 FAT
140 27 -1 3359 1.2761 2 FAT
140 28 -1 3493 1.2617 2 FAT
140 29 -1 4107 1.2795 0 FAT
140 30 -1 3928 1.2755 2 FAT
140 31 -1 3510 1.2768 2 FAT
140 32 -1 3441 1.2750 2 FAT
140 33 -1 2318 1.2533 2 FAT
140 34 -1 1192 1.2208 2 FAT
140 35 -1 870 1.2207 2 FAT
140 36 -1 870 1.2207 2 FAT
140 37 -1 870 1.2207 2 FAT
140 38 -1 870 1.2207 2 FAT
140 39 -1 870 1.2207 2 FAT
140 40 -1 870 1.2207 2 FAT
140 41 -1 870 1.2207 2 FAT
140 42 -1 870 1.2207 2 FAT
140 43 -1 870 1.2207 2 FAT
140 44 -1 870 1.2207 2 FAT
140 45 -1 573 1.1968 2 FAT
140 46 -1 275 1.1581 2 FAT
140 47 -1 230 1.1588 2 FAT
140 48 -1 848 1.1897 2 FAT
140 49 -1 1485 1.2243 2 FAT
140 50 -1 1273 1.2128 2 FAT
140 51 -1 477 1.1360 2 FAT
140 52 -1 268 1.1078 2 FAT
140 53 -1 59 1.0386 2 FAT
140 54 -1 106 1.0437 2 FAT
140 55 -1 268 1.1078 2 FAT
140 56 -1 1038 1.1981 2 FAT
140 57 -1 1278 1.2156 2 FAT
140 58 -1 958 1.2030 2 FAT
140 59 -1 225 1.1466 2 FAT
140 60 -1 490 1.1941 2 FAT
140 61 -1 490 1.1941 2 FAT
140 62 -1 490 1.1941 2 FAT
140 63 -1 490 1.1941 2 FAT
140 64 -1 490 1.1941 2 FAT
140 65 -1 490 1.1941 2 FAT
140 66 -1 631 1.1938 2 FAT
140 67 -1 792 1.1935 2 FAT
140 68 -1 1408 1.2339 2 FAT
140 69 -1 2001 1.2534 2 FAT
140 70 -1 2379 1.2638 2 FAT
140 71 -1 2379 1.2638 2 FAT
140 72 -1 2884 1.2640 2 FAT
140 73 -1 4253 1.2902 0 FAT
140 74 -1 4472 1.2941 0 FAT
140 75 -1 5928 1.3085 0 FAT
140 76 -1 7206 1.3199 0 FAT
140 77 -1 5872 1.3066 0 FAT
140 78 -1 4328 1.2940 0 FAT
140 79 -1 4328 1.2940 0 FAT
140 80 -1 3069 1.2745 2 FAT
140 81 -1 2489 1.2624 2 FAT
140 82 -1 1547 1.2364 2 FAT
140 83 -1 1188 1.2367 2 FAT
140 84 -1 1188 1.2367 2 FAT
140 85 -1 1188 1.2367 2 FAT
140 86 -1 1188 1.2367 2 FAT
140 87 -1 1188 1.2367 2 FAT
140 88 -1 1188 1.2367 2 FAT
140 89 -1 942 1.2241 2 FAT
140 90 -1 530 1.1907 2 FAT
140 91 -1 438 1.1903 2 FAT
140 92 -1 438 1.1903 2 FAT
140 93 -1 438 1.1903 2 FAT
140 94 -1 234 1.1621 2 FAT
140 95 -1 151 1.1422 2 FAT
140 96 -1 31 1.0365 2 FAT
140 97 -1 8 1.0000 1 CYCLE
140 98 -1 6 1.0000 1 CYCLE
140 99 -1 6 1.0000 1 CYCLE
140 100 -1 6 1.0000 1 CYCLE
140 101 -1 4 1.0000 1 CYCLE
140 102 -1 4 1.0000 1 CYCLE
140 103 -1 4 1.0000 1 CYCLE
140 104 -1 4 1.0000 1 CYCLE
140 105 -1 4 1.0000 1 CYCLE
140 106 -1 4 1.0000 1 CYCLE
140 107 -1 4 1.0000 1 CYCLE
140 108 -1 4 1.0000 1 CYCLE
140 109 -1 12 1.0000 1 CYCLE
140 110 -1 60 1.0379 2 FAT
140 111 -1 12 1.0000 1 CYCLE
140 112 -1 4 1.0000 1 CYCLE
140 113 -1 4 1.0000 1 CYCLE
140 114 -1 4 1.0000 1 CYCLE
140 115 -1 4 1.0000 1 CYCLE
140 116 -1 4 1.0000 1 CYCLE
140 117 -1 4 1.0000 1 CYCLE
140 118 -1 4 1.0000 1 CYCLE
140 119 -1 4 1.0000 1 CYCLE
140 120 -1 6 1.0000 1 CYCLE
140 121 -1 6 1.0000 1 CYCLE
140 122 -1 6 1.0000 1 CYCLE
140 123 -1 8 1.0000 1 CYCLE
140 124 -1 31 1.0365 2 FAT
140 125 -1 151 1.1422 2 FAT
140 126 -1 234 1.1621 2 FAT
140 127 -1 438 1.1903 2 FAT
140 128 -1 438 1.1903 2 FAT
140 129 -1 438 1.1903 2 FAT
140 130 -1 530 1.1907 2 FAT
140 131 -1 942 1.2241 2 FAT
140 132 -1 1188 1.2367 2 FAT
140 133 -1 1188 1.2367 2 FAT
140 134 -1 1188 1.2367 2 FAT
140 135 -1 1188 1.2367 2 FAT
140 136 -1 1188 1.2367 2 FAT
140 137 -1 1188 1.2367 2 FAT
140 138 -1 1547 1.2364 2 FAT
140 139 -1 2489 1.2624 2 FAT
140 140 -1 3069 1.2745 2 FAT
140 141 -1 4328 1.2940 0 FAT
140 142 -1 4328 1.2940 0 FAT
140 143 -1 5872 1.3066 0 FAT
140 144 -1 7206 1.3199 0 FAT
140 145 -1 5928 1.3085 0 FAT
140 146 -1 4472 1.2941 0 FAT
140 147 -1 4253 1.2902 0 FAT
140 148 -1 2884 1.2640 2 FAT
140 149 -1 2379 1.2638 2 FAT
140 150 -1 2379 1.2638 2 FAT
140 151 -1 2001 1.2534 2 FAT
140 152 -1 1408 1.2339 2 FAT
140 153 -1 792 1.1935 2 FAT
140 154 -1 631 1.1938 2 FAT
140 155 -1 490 1.1941 2 FAT
140 156 -1 490 1.1941 2 FAT
140 157 -1 490 1.1941 2 FAT
140 158 -1 490 1.1941 2 FAT
140 159 -1 490 1.1941 2 FAT
140 160 -1 490 1.1941 2 FAT
140 161 -1 225 1.1466 2 FAT
140 162 -1 958 1.2030 2 FAT
140 163 -1 1278 1.2156 2 FAT
140 164 -1 1038 1.1981 2 FAT
140 165 -1 268 1.1078 2 FAT
140 166 -1 106 1.0437 2 FAT
140 167 -1 59 1.0386 2 FAT
140 168 -1 268 1.1078 2 FAT
140 169 -1 477 1.1360 2 FAT
140 170 -1 1273 1.2128 2 FAT
140 171 -1 1485 1.2243 2 FAT
140 172 -1 848 1.1897 2 FAT
140 173 -1 230 1.1588 2 FAT
140 174 -1 275 1.1581 2 FAT
140 175 -1 573 1.1968 2 FAT
140 176 -1 870 1.2207 2 FAT
140 177 -1 870 1.2207 2 FAT
140 178 -1 870 1.2207 2 FAT
140 179 -1 870 1.2207 2 FAT
140 180 -1 870 1.2207 2 FAT
140 181 -1 870 1.2207 2 FAT
140 182 -1 870 1.2207 2 FAT
140 183 -1 870 1.2207 2 FAT
140 184 -1 870 1.2207 2 FAT
140 185 -1 870 1.2207 2 FAT
140 186 -1 1192 1.2208 2 FAT
140 187 -1 2318 1.2533 2 FAT
140 188 -1 3441 1.2750 2 FAT
140 189 -1 3510 1.2768 2 FAT
140 190 -1 3928 1.2755 2 FAT
140 191 -1 4107 1.2795 0 FAT
140 192 -1 3493 1.2617 2 FAT
140 193 -1 3359 1.2761 2 FAT
140 194 -1 3359 1.2761 2 FAT
140 195 -1 2959 1.2671 2 FAT
140 196 -1 2017 1.2491 2 FAT
140 197 -1 1329 1.2288 2 FAT
140 198 -1 1329 1.2288 2 FAT
140 199 -1 1398 1.1959 2 FAT
140 200 -1 838 1.1692 2 FAT
140 201 -1 877 1.2089 2 FAT
140 202 -1 1377 1.2361 2 FAT
140 203 -1 1810 1.2511 2 FAT
140 204 -1 1810 1.2511 2 FAT
140 205 -1 1810 1.2511 2 FAT
140 206 -1 1810 1.2511 2 FAT
140 207 -1 2628 1.2596 2 FAT
140 208 -1 3792 1.2820 2 FAT
140 209 -1 4821 1.2963 0 FAT
140 210 -1 4821 1.2963 0 FAT
140 211 -1 3873 1.2816 2 FAT
140 212 -1 4774 1.2888 0 FAT
140 213 -1 4832 1.2887 0 FAT
140 214 -1 3941 1.2791 2 FAT
140 215 -1 4174 1.2771 0 FAT
140 216 -1 2639 1.2690 2 FAT
140 217 -1 3648 1.2848 2 FAT
140 218 -1 4509 1.2964 0 FAT
140 219 -1 5552 1.3072 0 FAT
140 220 -1 7168 1.3248 0 FAT
# row j=140 L=0.388889 n=221 KILL=0 CYCLE=26 FAT=195 CAP=0 certified=26 lambda[1.0365,1.3248]
141 0 -1 7168 1.3248 0 FAT
141 1 -1 5552 1.3072 0 FAT
141 2 -1 4509 1.2964 0 FAT
141 3 -1 3648 1.2848 2 FAT
141 4 -1 4664 1.2871 0 FAT
141 5 -1 5778 1.2973 0 FAT
141 6 -1 4832 1.2887 0 FAT
141 7 -1 5908 1.3039 0 FAT
141 8 -1 5966 1.2997 0 FAT
141 9 -1 4821 1.2963 0 FAT
141 10 -1 4821 1.2963 0 FAT
141 11 -1 4821 1.2963 0 FAT
141 12 -1 3792 1.2820 2 FAT
141 13 -1 2628 1.2596 2 FAT
141 14 -1 1810 1.2511 2 FAT
141 15 -1 1810 1.2511 2 FAT
141 16 -1 1810 1.2511 2 FAT
141 17 -1 1810 1.2511 2 FAT
141 18 -1 1377 1.2361 2 FAT
141 19 -1 2140 1.2307 2 FAT
141 20 -1 1398 1.1959 2 FAT
141 21 -1 2585 1.2456 2 FAT
141 22 -1 1329 1.2288 2 FAT
141 23 -1 2017 1.2491 2 FAT
141 24 -1 2959 1.2671 2 FAT
141 25 -1 3359 1.2761 2 FAT
141 26 -1 3359 1.2761 2 FAT
141 27 -1 4781 1.2880 0 FAT
141 28 -1 4874 1.2839 0 FAT
141 29 -1 5194 1.2935 0 FAT
141 30 -1 4858 1.2909 0 FAT
141 31 -1 3510 1.2768 2 FAT
141 32 -1 3441 1.2750 2 FAT
141 33 -1 2318 1.2533 2 FAT
141 34 -1 1192 1.2208 2 FAT
141 35 -1 870 1.2207 2 FAT
141 36 -1 870 1.2207 2 FAT
141 37 -1 870 1.2207 2 FAT
141 38 -1 870 1.2207 2 FAT
141 39 -1 870 1.2207 2 FAT
141 40 -1 870 1.2207 2 FAT
141 41 -1 870 1.2207 2 FAT
141 42 -1 870 1.2207 2 FAT
141 43 -1 870 1.2207 2 FAT
141 44 -1 870 1.2207 2 FAT
141 45 -1 573 1.1968 2 FAT
141 46 -1 656 1.1587 2 FAT
141 47 -1 848 1.1897 2 FAT
141 48 -1 1613 1.2299 2 FAT
141 49 -1 2089 1.2374 2 FAT
141 50 -1 1397 1.2175 2 FAT
141 51 -1 477 1.1360 2 FAT
141 52 -1 268 1.1078 2 FAT
141 53 -1 106 1.0437 2 FAT
141 54 -1 268 1.1078 2 FAT
141 55 -1 1038 1.1981 2 FAT
141 56 -1 1885 1.2336 2 FAT
141 57 -1 1278 1.2156 2 FAT
141 58 -1 1552 1.2173 2 FAT
141 59 -1 1530 1.2227 2 FAT
141 60 -1 490 1.1941 2 FAT
141 61 -1 490 1.1941 2 FAT
141 62 -1 490 1.1941 2 FAT
141 63 -1 490 1.1941 2 FAT
141 64 -1 490 1.1941 2 FAT
141 65 -1 631 1.1938 2 FAT
141 66 -1 792 1.1935 2 FAT
141 67 -1 1408 1.2339 2 FAT
141 68 -1 2001 1.2534 2 FAT
141 69 -1 2379 1.2638 2 FAT
141 70 -1 2379 1.2638 2 FAT
141 71 -1 2884 1.2640 2 FAT
141 72 -1 4253 1.2902 0 FAT
141 73 -1 4472 1.2941 0 FAT
141 74 -1 5928 1.3085 0 FAT
141 75 -1 7739 1.3247 0 FAT
141 76 -1 7206 1.3199 0 FAT
141 77 -1 5872 1.3066 0 FAT
141 78 -1 4328 1.2940 0 FAT
141 79 -1 4328 1.2940 0 FAT
141 80 -1 3069 1.2745 2 FAT
141 81 -1 2489 1.2624 2 FAT
141 82 -1 1547 1.2364 2 FAT
141 83 -1 1188 1.2367 2 FAT
141 84 -1 1188 1.2367 2 FAT
141 85 -1 1188 1.2367 2 FAT
141 86 -1 1188 1.2367 2 FAT
141 87 -1 1188 1.2367 2 FAT
141 88 -1 1188 1.2367 2 FAT
141 89 -1 942 1.2241 2 FAT
141 90 -1 530 1.1907 2 FAT
141 91 -1 438 1.1903 2 FAT
141 92 -1 438 1.1903 2 FAT
141 93 -1 438 1.1903 2 FAT
141 94 -1 234 1.1621 2 FAT
141 95 -1 151 1.1422 2 FAT
141 96 -1 31 1.0365 2 FAT
141 97 -1 8 1.0000 1 CYCLE
141 98 -1 8 1.0000 1 CYCLE
141 99 -1 6 1.0000 1 CYCLE
141 100 -1 6 1.0000 1 CYCLE
141 101 -1 6 1.0000 1 CYCLE
141 102 -1 4 1.0000 1 CYCLE
141 103 -1 4 1.0000 1 CYCLE
141 104 -1 4 1.0000 1 CYCLE
141 105 -1 4 1.0000 1 CYCLE
141 106 -1 4 1.0000 1 CYCLE
141 107 -1 12 1.0000 1 CYCLE
141 108 -1 20 1.0000 1 CYCLE
141 109 -1 60 1.0379 2 FAT
141 110 -1 60 1.0379 2 FAT
141 111 -1 20 1.0000 1 CYCLE
141 112 -1 12 1.0000 1 CYCLE
141 113 -1 4 1.0000 1 CYCLE
141 114 -1 4 1.0000 1 CYCLE
141 115 -1 4 1.0000 1 CYCLE
141 116 -1 4 1.0000 1 CYCLE
141 117 -1 4 1.0000 1 CYCLE
141 118 -1 6 1.0000 1 CYCLE
141 119 -1 6 1.0000 1 CYCLE
141 120 -1 6 1.0000 1 CYCLE
141 121 -1 8 1.0000 1 CYCLE
141 122 -1 8 1.0000 1 CYCLE
141 123 -1 31 1.0365 2 FAT
141 124 -1 151 1.1422 2 FAT
141 125 -1 234 1.1621 2 FAT
141 126 -1 438 1.1903 2 FAT
141 127 -1 438 1.1903 2 FAT
141 128 -1 438 1.1903 2 FAT
141 129 -1 530 1.1907 2 FAT
141 130 -1 942 1.2241 2 FAT
141 131 -1 1188 1.2367 2 FAT
141 132 -1 1188 1.2367 2 FAT
141 133 -1 1188 1.2367 2 FAT
141 134 -1 1188 1.2367 2 FAT
141 135 -1 1188 1.2367 2 FAT
141 136 -1 1188 1.2367 2 FAT
141 137 -1 1547 1.2364 2 FAT
141 138 -1 2489 1.2624 2 FAT
141 139 -1 3069 1.2745 2 FAT
141 140 -1 4328 1.2940 0 FAT
141 141 -1 4328 1.2940 0 FAT
141 142 -1 5872 1.3066 0 FAT
141 143 -1 7206 1.3199 0 FAT
141 144 -1 7739 1.3247 0 FAT
141 145 -1 5928 1.3085 0 FAT
141 146 -1 4472 1.2941 0 FAT
141 147 -1 4253 1.2902 0 FAT
141 148 -1 2884 1.2640 2 FAT
141 149 -1 2379 1.2638 2 FAT
141 150 -1 2379 1.2638 2 FAT
141 151 -1 2001 1.2534 2 FAT
141 152 -1 1408 1.2339 2 FAT
141 153 -1 792 1.1935 2 FAT
141 154 -1 631 1.1938 2 FAT
141 155 -1 490 1.1941 2 FAT
141 156 -1 490 1.1941 2 FAT
141 157 -1 490 1.1941 2 FAT
141 158 -1 490 1.1941 2 FAT
141 159 -1 490 1.1941 2 FAT
141 160 -1 1530 1.2227 2 FAT
141 161 -1 1552 1.2173 2 FAT
141 162 -1 1278 1.2156 2 FAT
141 163 -1 1885 1.2336 2 FAT
141 164 -1 1038 1.1981 2 FAT
141 165 -1 268 1.1078 2 FAT
141 166 -1 106 1.0437 2 FAT
141 167 -1 268 1.1078 2 FAT
141 168 -1 477 1.1360 2 FAT
141 169 -1 1397 1.2175 2 FAT
141 170 -1 2089 1.2374 2 FAT
141 171 -1 1613 1.2299 2 FAT
141 172 -1 848 1.1897 2 FAT
141 173 -1 656 1.1587 2 FAT
141 174 -1 573 1.1968 2 FAT
141 175 -1 870 1.2207 2 FAT
141 176 -1 870 1.2207 2 FAT
141 177 -1 870 1.2207 2 FAT
141 178 -1 870 1.2207 2 FAT
141 179 -1 870 1.2207 2 FAT
141 180 -1 870 1.2207 2 FAT
141 181 -1 870 1.2207 2 FAT
141 182 -1 870 1.2207 2 FAT
141 183 -1 870 1.2207 2 FAT
141 184 -1 870 1.2207 2 FAT
141 185 -1 1192 1.2208 2 FAT
141 186 -1 2318 1.2533 2 FAT
141 187 -1 3441 1.2750 2 FAT
141 188 -1 3510 1.2768 2 FAT
141 189 -1 4858 1.2909 0 FAT
141 190 -1 5194 1.2935 0 FAT
141 191 -1 4874 1.2839 0 FAT
141 192 -1 4781 1.2880 0 FAT
141 193 -1 3359 1.2761 2 FAT
141 194 -1 3359 1.2761 2 FAT
141 195 -1 2959 1.2671 2 FAT
141 196 -1 2017 1.2491 2 FAT
141 197 -1 1329 1.2288 2 FAT
141 198 -1 2585 1.2456 2 FAT
141 199 -1 1398 1.1959 2 FAT
141 200 -1 2140 1.2307 2 FAT
141 201 -1 1377 1.2361 2 FAT
141 202 -1 1810 1.2511 2 FAT
141 203 -1 1810 1.2511 2 FAT
141 204 -1 1810 1.2511 2 FAT
141 205 -1 1810 1.2511 2 FAT
141 206 -1 2628 1.2596 2 FAT
141 207 -1 3792 1.2820 2 FAT
141 208 -1 4821 1.2963 0 FAT
141 209 -1 4821 1.2963 0 FAT
141 210 -1 4821 1.2963 0 FAT
141 211 -1 5966 1.2997 0 FAT
141 212 -1 5908 1.3039 0 FAT
141 213 -1 4832 1.2887 0 FAT
141 214 -1 5778 1.2973 0 FAT
141 215 -1 4664 1.2871 0 FAT
141 216 -1 3648 1.2848 2 FAT
141 217 -1 4509 1.2964 0 FAT
141 218 -1 5552 1.3072 0 FAT
141 219 -1 7168 1.3248 0 FAT
# row j=141 L=0.391667 n=220 KILL=0 CYCLE=24 FAT=196 CAP=0 certified=24 lambda[1.0365,1.3248]
142 0 -1 7168 1.3248 0 FAT
142 1 -1 5552 1.3072 0 FAT
142 2 -1 6257 1.2981 0 FAT
142 3 -1 6493 1.3049 0 FAT
142 4 -1 6262 1.3045 0 FAT
142 5 -1 6965 1.3067 0 FAT
142 6 -1 5908 1.3039 0 FAT
142 7 -1 7244 1.3136 0 FAT
142 8 -1 7173 1.3130 0 FAT
142 9 -1 4821 1.2963 0 FAT
142 10 -1 4821 1.2963 0 FAT
142 11 -1 4821 1.2963 0 FAT
142 12 -1 3792 1.2820 2 FAT
142 13 -1 2628 1.2596 2 FAT
142 14 -1 1810 1.2511 2 FAT
142 15 -1 1810 1.2511 2 FAT
142 16 -1 1810 1.2511 2 FAT
142 17 -1 3149 1.2552 2 FAT
142 18 -1 3410 1.2610 2 FAT
142 19 -1 3016 1.2460 2 FAT
142 20 -1 3040 1.2482 2 FAT
142 21 -1 2585 1.2456 2 FAT
142 22 -1 2017 1.2491 2 FAT
142 23 -1 2959 1.2671 2 FAT
142 24 -1 3359 1.2761 2 FAT
142 25 -1 3359 1.2761 2 FAT
142 26 -1 4782 1.2881 0 FAT
142 27 -1 6246 1.3039 0 FAT
142 28 -1 6057 1.2977 0 FAT
142 29 -1 6182 1.3058 0 FAT
142 30 -1 4858 1.2909 0 FAT
142 31 -1 3510 1.2768 2 FAT
142 32 -1 3441 1.2750 2 FAT
142 33 -1 2318 1.2533 2 FAT
142 34 -1 1369 1.2211 2 FAT
142 35 -1 870 1.2207 2 FAT
142 36 -1 870 1.2207 2 FAT
142 37 -1 870 1.2207 2 FAT
142 38 -1 870 1.2207 2 FAT
142 39 -1 870 1.2207 2 FAT
142 40 -1 870 1.2207 2 FAT
142 41 -1 870 1.2207 2 FAT
142 42 -1 870 1.2207 2 FAT
142 43 -1 870 1.2207 2 FAT
142 44 -1 870 1.2207 2 FAT
142 45 -1 1827 1.2268 2 FAT
142 46 -1 1311 1.1996 2 FAT
142 47 -1 1613 1.2299 2 FAT
142 48 -1 2235 1.2426 2 FAT
142 49 -1 2149 1.2411 2 FAT
142 50 -1 1397 1.2175 2 FAT
142 51 -1 477 1.1360 2 FAT
142 52 -1 637 1.1421 2 FAT
142 53 -1 268 1.1078 2 FAT
142 54 -1 1038 1.1981 2 FAT
142 55 -1 1885 1.2336 2 FAT
142 56 -1 1885 1.2336 2 FAT
142 57 -1 2029 1.2324 2 FAT
142 58 -1 2668 1.2559 2 FAT
142 59 -1 1530 1.2227 2 FAT
142 60 -1 490 1.1941 2 FAT
142 61 -1 490 1.1941 2 FAT
142 62 -1 490 1.1941 2 FAT
142 63 -1 490 1.1941 2 FAT
142 64 -1 631 1.1938 2 FAT
142 65 -1 792 1.1935 2 FAT
142 66 -1 1408 1.2339 2 FAT
142 67 -1 2001 1.2534 2 FAT
142 68 -1 2379 1.2638 2 FAT
142 69 -1 2379 1.2638 2 FAT
142 70 -1 2919 1.2639 2 FAT
142 71 -1 4253 1.2902 0 FAT
142 72 -1 4472 1.2941 0 FAT
142 73 -1 5928 1.3085 0 FAT
142 74 -1 7739 1.3247 0 FAT
142 75 -1 7739 1.3247 0 FAT
142 76 -1 7206 1.3199 0 FAT
142 77 -1 5872 1.3066 0 FAT
142 78 -1 4328 1.2940 0 FAT
142 79 -1 4328 1.2940 0 FAT
142 80 -1 3183 1.2747 2 FAT
142 81 -1 2489 1.2624 2 FAT
142 82 -1 1547 1.2364 2 FAT
142 83 -1 1188 1.2367 2 FAT
142 84 -1 1188 1.2367 2 FAT
142 85 -1 1188 1.2367 2 FAT
142 86 -1 1188 1.2367 2 FAT
142 87 -1 1188 1.2367 2 FAT
142 88 -1 1188 1.2367 2 FAT
142 89 -1 942 1.2241 2 FAT
142 90 -1 530 1.1907 2 FAT
142 91 -1 438 1.1903 2 FAT
142 92 -1 438 1.1903 2 FAT
142 93 -1 438 1.1903 2 FAT
142 94 -1 234 1.1621 2 FAT
142 95 -1 151 1.1422 2 FAT
142 96 -1 31 1.0365 2 FAT
142 97 -1 8 1.0000 1 CYCLE
142 98 -1 8 1.0000 1 CYCLE
142 99 -1 6 1.0000 1 CYCLE
142 100 -1 6 1.0000 1 CYCLE
142 101 -1 6 1.0000 1 CYCLE
142 102 -1 4 1.0000 1 CYCLE
142 103 -1 4 1.0000 1 CYCLE
142 104 -1 4 1.0000 1 CYCLE
142 105 -1 12 1.0000 1 CYCLE
142 106 -1 12 1.0000 1 CYCLE
142 107 -1 20 1.0000 1 CYCLE
142 108 -1 60 1.0379 2 FAT
142 109 -1 60 1.0379 2 FAT
142 110 -1 60 1.0379 2 FAT
142 111 -1 20 1.0000 1 CYCLE
142 112 -1 12 1.0000 1 CYCLE
142 113 -1 12 1.0000 1 CYCLE
142 114 -1 4 1.0000 1 CYCLE
142 115 -1 4 1.0000 1 CYCLE
142 116 -1 4 1.0000 1 CYCLE
142 117 -1 6 1.0000 1 CYCLE
142 118 -1 6 1.0000 1 CYCLE
142 119 -1 6 1.0000 1 CYCLE
142 120 -1 8 1.0000 1 CYCLE
142 121 -1 8 1.0000 1 CYCLE
142 122 -1 31 1.0365 2 FAT
142 123 -1 151 1.1422 2 FAT
142 124 -1 234 1.1621 2 FAT
142 125 -1 438 1.1903 2 FAT
142 126 -1 438 1.1903 2 FAT
142 127 -1 438 1.1903 2 FAT
142 128 -1 530 1.1907 2 FAT
142 129 -1 942 1.2241 2 FAT
142 130 -1 1188 1.2367 2 FAT
142 131 -1 1188 1.2367 2 FAT
142 132 -1 1188 1.2367 2 FAT
142 133 -1 1188 1.2367 2 FAT
142 134 -1 1188 1.2367 2 FAT
142 135 -1 1188 1.2367 2 FAT
142 136 -1 1547 1.2364 2 FAT
142 137 -1 2489 1.2624 2 FAT
142 138 -1 3183 1.2747 2 FAT
142 139 -1 4328 1.2940 0 FAT
142 140 -1 4328 1.2940 0 FAT
142 141 -1 5872 1.3066 0 FAT
142 142 -1 7206 1.3199 0 FAT
142 143 -1 7739 1.3247 0 FAT
142 144 -1 7739 1.3247 0 FAT
142 145 -1 5928 1.3085 0 FAT
142 146 -1 4472 1.2941 0 FAT
142 147 -1 4253 1.2902 0 FAT
142 148 -1 2919 1.2639 2 FAT
142 149 -1 2379 1.2638 2 FAT
142 150 -1 2379 1.2638 2 FAT
142 151 -1 2001 1.2534 2 FAT
142 152 -1 1408 1.2339 2 FAT
142 153 -1 792 1.1935 2 FAT
142 154 -1 631 1.1938 2 FAT
142 155 -1 490 1.1941 2 FAT
142 156 -1 490 1.1941 2 FAT
142 157 -1 490 1.1941 2 FAT
142 158 -1 490 1.1941 2 FAT
142 159 -1 1530 1.2227 2 FAT
142 160 -1 2668 1.2559 2 FAT
142 161 -1 2029 1.2324 2 FAT
142 162 -1 1885 1.2336 2 FAT
142 163 -1 1885 1.2336 2 FAT
142 164 -1 1038 1.1981 2 FAT
142 165 -1 268 1.1078 2 FAT
142 166 -1 637 1.1421 2 FAT
142 167 -1 477 1.1360 2 FAT
142 168 -1 1397 1.2175 2 FAT
142 169 -1 2149 1.2411 2 FAT
142 170 -1 2235 1.2426 2 FAT
142 171 -1 1613 1.2299 2 FAT
142 172 -1 1311 1.1996 2 FAT
142 173 -1 1827 1.2268 2 FAT
142 174 -1 870 1.2207 2 FAT
142 175 -1 870 1.2207 2 FAT
142 176 -1 870 1.2207 2 FAT
142 177 -1 870 1.2207 2 FAT
142 178 -1 870 1.2207 2 FAT
142 179 -1 870 1.2207 2 FAT
142 180 -1 870 1.2207 2 FAT
142 181 -1 870 1.2207 2 FAT
142 182 -1 870 1.2207 2 FAT
142 183 -1 870 1.2207 2 FAT
142 184 -1 1369 1.2211 2 FAT
142 185 -1 2318 1.2533 2 FAT
142 186 -1 3441 1.2750 2 FAT
142 187 -1 3510 1.2768 2 FAT
142 188 -1 4858 1.2909 0 FAT
142 189 -1 6182 1.3058 0 FAT
142 190 -1 6057 1.2977 0 FAT
142 191 -1 6246 1.3039 0 FAT
142 192 -1 4782 1.2881 0 FAT
142 193 -1 3359 1.2761 2 FAT
142 194 -1 3359 1.2761 2 FAT
142 195 -1 2959 1.2671 2 FAT
142 196 -1 2017 1.2491 2 FAT
142 197 -1 2585 1.2456 2 FAT
142 198 -1 3040 1.2482 2 FAT
142 199 -1 3016 1.2460 2 FAT
142 200 -1 3410 1.2610 2 FAT
142 201 -1 3149 1.2552 2 FAT
142 202 -1 1810 1.2511 2 FAT
142 203 -1 1810 1.2511 2 FAT
142 204 -1 1810 1.2511 2 FAT
142 205 -1 2628 1.2596 2 FAT
142 206 -1 3792 1.2820 2 FAT
142 207 -1 4821 1.2963 0 FAT
142 208 -1 4821 1.2963 0 FAT
142 209 -1 4821 1.2963 0 FAT
142 210 -1 7173 1.3130 0 FAT
142 211 -1 7244 1.3136 0 FAT
142 212 -1 5908 1.3039 0 FAT
142 213 -1 6965 1.3067 0 FAT
142 214 -1 6262 1.3045 0 FAT
142 215 -1 6493 1.3049 0 FAT
142 216 -1 6257 1.2981 0 FAT
142 217 -1 5552 1.3072 0 FAT
142 218 -1 7168 1.3248 0 FAT
# row j=142 L=0.394444 n=219 KILL=0 CYCLE=22 FAT=197 CAP=0 certified=22 lambda[1.0365,1.3248]
143 0 -1 7168 1.3248 0 FAT
143 1 -1 7942 1.3116 0 FAT
143 2 -1 8001 1.3168 0 FAT
143 3 -1 8354 1.3202 0 FAT
143 4 -1 7467 1.3129 0 FAT
143 5 -1 8236 1.3199 0 FAT
143 6 -1 7244 1.3136 0 FAT
143 7 -1 8495 1.3247 0 FAT
143 8 -1 7173 1.3130 0 FAT
143 9 -1 4821 1.2963 0 FAT
143 10 -1 4821 1.2963 0 FAT
143 11 -1 4821 1.2963 0 FAT
143 12 -1 3792 1.2820 2 FAT
143 13 -1 2628 1.2596 2 FAT
143 14 -1 1810 1.2511 2 FAT
143 15 -1 1810 1.2511 2 FAT
143 16 -1 3149 1.2552 2 FAT
143 17 -1 4473 1.2794 0 FAT
143 18 -1 4539 1.2735 0 FAT
143 19 -1 4462 1.2760 0 FAT
143 20 -1 3040 1.2482 2 FAT
143 21 -1 4027 1.2697 2 FAT
143 22 -1 2959 1.2671 2 FAT
143 23 -1 3359 1.2761 2 FAT
143 24 -1 3359 1.2761 2 FAT
143 25 -1 4782 1.2881 0 FAT
143 26 -1 6246 1.3039 0 FAT
143 27 -1 7525 1.3147 0 FAT
143 28 -1 7149 1.3104 0 FAT
143 29 -1 6182 1.3058 0 FAT
143 30 -1 4858 1.2909 0 FAT
143 31 -1 3510 1.2768 2 FAT
143 32 -1 3441 1.2750 2 FAT
143 33 -1 2318 1.2533 2 FAT
143 34 -1 1369 1.2211 2 FAT
143 35 -1 1192 1.2208 2 FAT
143 36 -1 870 1.2207 2 FAT
143 37 -1 870 1.2207 2 FAT
143 38 -1 870 1.2207 2 FAT
143 39 -1 870 1.2207 2 FAT
143 40 -1 870 1.2207 2 FAT
143 41 -1 870 1.2207 2 FAT
143 42 -1 870 1.2207 2 FAT
143 43 -1 870 1.2207 2 FAT
143 44 -1 2899 1.2550 2 FAT
143 45 -1 2758 1.2483 2 FAT
143 46 -1 2387 1.2424 2 FAT
143 47 -1 2235 1.2426 2 FAT
143 48 -1 2295 1.2461 2 FAT
143 49 -1 2149 1.2411 2 FAT
143 50 -1 1397 1.2175 2 FAT
143 51 -1 1119 1.1737 2 FAT
143 52 -1 1033 1.1768 2 FAT
143 53 -1 1038 1.1981 2 FAT
143 54 -1 1885 1.2336 2 FAT
143 55 -1 1885 1.2336 2 FAT
143 56 -1 2930 1.2506 2 FAT
143 57 -1 3205 1.2650 2 FAT
143 58 -1 2668 1.2559 2 FAT
143 59 -1 1530 1.2227 2 FAT
143 60 -1 899 1.1942 2 FAT
143 61 -1 490 1.1941 2 FAT
143 62 -1 490 1.1941 2 FAT
143 63 -1 631 1.1938 2 FAT
143 64 -1 792 1.1935 2 FAT
143 65 -1 1408 1.2339 2 FAT
143 66 -1 2001 1.2534 2 FAT
143 67 -1 2379 1.2638 2 FAT
143 68 -1 2379 1.2638 2 FAT
143 69 -1 2919 1.2639 2 FAT
143 70 -1 4253 1.2902 0 FAT
143 71 -1 4472 1.2941 0 FAT
143 72 -1 5928 1.3085 0 FAT
143 73 -1 7739 1.3247 0 FAT
143 74 -1 7739 1.3247 0 FAT
143 75 -1 7739 1.3247 0 FAT
143 76 -1 7206 1.3199 0 FAT
143 77 -1 5872 1.3066 0 FAT
143 78 -1 4328 1.2940 0 FAT
143 79 -1 4328 1.2940 0 FAT
143 80 -1 3183 1.2747 2 FAT
143 81 -1 2549 1.2623 2 FAT
143 82 -1 1640 1.2364 2 FAT
143 83 -1 1405 1.2366 2 FAT
143 84 -1 1188 1.2367 2 FAT
143 85 -1 1188 1.2367 2 FAT
143 86 -1 1188 1.2367 2 FAT
143 87 -1 1188 1.2367 2 FAT
143 88 -1 1188 1.2367 2 FAT
143 89 -1 942 1.2241 2 FAT
143 90 -1 530 1.1907 2 FAT
143 91 -1 438 1.1903 2 FAT
143 92 -1 438 1.1903 2 FAT
143 93 -1 438 1.1903 2 FAT
143 94 -1 234 1.1621 2 FAT
143 95 -1 162 1.1421 2 FAT
143 96 -1 31 1.0365 2 FAT
143 97 -1 8 1.0000 1 CYCLE
143 98 -1 8 1.0000 1 CYCLE
143 99 -1 6 1.0000 1 CYCLE
143 100 -1 6 1.0000 1 CYCLE
143 101 -1 6 1.0000 1 CYCLE
143 102 -1 4 1.0000 1 CYCLE
143 103 -1 12 1.0000 1 CYCLE
143 104 -1 12 1.0000 1 CYCLE
143 105 -1 12 1.0000 1 CYCLE
143 106 -1 20 1.0000 1 CYCLE
143 107 -1 60 1.0379 2 FAT
143 108 -1 60 1.0379 2 FAT
143 109 -1 60 1.0379 2 FAT
143 110 -1 60 1.0379 2 FAT
143 111 -1 20 1.0000 1 CYCLE
143 112 -1 12 1.0000 1 CYCLE
143 113 -1 12 1.0000 1 CYCLE
143 114 -1 12 1.0000 1 CYCLE
143 115 -1 4 1.0000 1 CYCLE
143 116 -1 6 1.0000 1 CYCLE
143 117 -1 6 1.0000 1 CYCLE
143 118 -1 6 1.0000 1 CYCLE
143 119 -1 8 1.0000 1 CYCLE
143 120 -1 8 1.0000 1 CYCLE
143 121 -1 31 1.0365 2 FAT
143 122 -1 162 1.1421 2 FAT
143 123 -1 234 1.1621 2 FAT
143 124 -1 438 1.1903 2 FAT
143 125 -1 438 1.1903 2 FAT
143 126 -1 438 1.1903 2 FAT
143 127 -1 530 1.1907 2 FAT
143 128 -1 942 1.2241 2 FAT
143 129 -1 1188 1.2367 2 FAT
143 130 -1 1188 1.2367 2 FAT
143 131 -1 1188 1.2367 2 FAT
143 132 -1 1188 1.2367 2 FAT
143 133 -1 1188 1.2367 2 FAT
143 134 -1 1405 1.2366 2 FAT
143 135 -1 1640 1.2364 2 FAT
143 136 -1 2549 1.2623 2 FAT
143 137 -1 3183 1.2747 2 FAT
143 138 -1 4328 1.2940 0 FAT
143 139 -1 4328 1.2940 0 FAT
143 140 -1 5872 1.3066 0 FAT
143 141 -1 7206 1.3199 0 FAT
143 142 -1 7739 1.3247 0 FAT
143 143 -1 7739 1.3247 0 FAT
143 144 -1 7739 1.3247 0 FAT
143 145 -1 5928 1.3085 0 FAT
143 146 -1 4472 1.2941 0 FAT
143 147 -1 4253 1.2902 0 FAT
143 148 -1 2919 1.2639 2 FAT
143 149 -1 2379 1.2638 2 FAT
143 150 -1 2379 1.2638 2 FAT
143 151 -1 2001 1.2534 2 FAT
143 152 -1 1408 1.2339 2 FAT
143 153 -1 792 1.1935 2 FAT
143 154 -1 631 1.1938 2 FAT
143 155 -1 490 1.1941 2 FAT
143 156 -1 490 1.1941 2 FAT
143 157 -1 899 1.1942 2 FAT
143 158 -1 1530 1.2227 2 FAT
143 159 -1 2668 1.2559 2 FAT
143 160 -1 3205 1.2650 2 FAT
143 161 -1 2930 1.2506 2 FAT
143 162 -1 1885 1.2336 2 FAT
143 163 -1 1885 1.2336 2 FAT
143 164 -1 1038 1.1981 2 FAT
143 165 -1 1033 1.1768 2 FAT
143 166 -1 1119 1.1737 2 FAT
143 167 -1 1397 1.2175 2 FAT
143 168 -1 2149 1.2411 2 FAT
143 169 -1 2295 1.2461 2 FAT
143 170 -1 2235 1.2426 2 FAT
143 171 -1 2387 1.2424 2 FAT
143 172 -1 2758 1.2483 2 FAT
143 173 -1 2899 1.2550 2 FAT
143 174 -1 870 1.2207 2 FAT
143 175 -1 870 1.2207 2 FAT
143 176 -1 870 1.2207 2 FAT
143 177 -1 870 1.2207 2 FAT
143 178 -1 870 1.2207 2 FAT
143 179 -1 870 1.2207 2 FAT
143 180 -1 870 1.2207 2 FAT
143 181 -1 870 1.2207 2 FAT
143 182 -1 1192 1.2208 2 FAT
143 183 -1 1369 1.2211 2 FAT
143 184 -1 2318 1.2533 2 FAT
143 185 -1 3441 1.2750 2 FAT
143 186 -1 3510 1.2768 2 FAT
143 187 -1 4858 1.2909 0 FAT
143 188 -1 6182 1.3058 0 FAT
143 189 -1 7149 1.3104 0 FAT
143 190 -1 7525 1.3147 0 FAT
143 191 -1 6246 1.3039 0 FAT
143 192 -1 4782 1.2881 0 FAT
143 193 -1 3359 1.2761 2 FAT
143 194 -1 3359 1.2761 2 FAT
143 195 -1 2959 1.2671 2 FAT
143 196 -1 4027 1.2697 2 FAT
143 197 -1 3040 1.2482 2 FAT
143 198 -1 4462 1.2760 0 FAT
143 199 -1 4539 1.2735 0 FAT
143 200 -1 4473 1.2794 0 FAT
143 201 -1 3149 1.2552 2 FAT
143 202 -1 1810 1.2511 2 FAT
143 203 -1 1810 1.2511 2 FAT
143 204 -1 2628 1.2596 2 FAT
143 205 -1 3792 1.2820 2 FAT
143 206 -1 4821 1.2963 0 FAT
143 207 -1 4821 1.2963 0 FAT
143 208 -1 4821 1.2963 0 FAT
143 209 -1 7173 1.3130 0 FAT
143 210 -1 8495 1.3247 0 FAT
143 211 -1 7244 1.3136 0 FAT
143 212 -1 8236 1.3199 0 FAT
143 213 -1 7467 1.3129 0 FAT
143 214 -1 8354 1.3202 0 FAT
143 215 -1 8001 1.3168 0 FAT
143 216 -1 7942 1.3116 0 FAT
143 217 -1 7168 1.3248 0 FAT
# row j=143 L=0.397222 n=218 KILL=0 CYCLE=20 FAT=198 CAP=0 certified=20 lambda[1.0365,1.3248]
144 0 -1 10331 1.3327 0 FAT
144 1 -1 9800 1.3277 0 FAT
144 2 -1 10050 1.3305 0 FAT
144 3 -1 9784 1.3281 0 FAT
144 4 -1 8740 1.3247 0 FAT
144 5 -1 9988 1.3291 0 FAT
144 6 -1 8495 1.3247 0 FAT
144 7 -1 8495 1.3247 0 FAT
144 8 -1 7173 1.3130 0 FAT
144 9 -1 4821 1.2963 0 FAT
144 10 -1 4821 1.2963 0 FAT
144 11 -1 4821 1.2963 0 FAT
144 12 -1 3792 1.2820 2 FAT
144 13 -1 2628 1.2596 2 FAT
144 14 -1 1810 1.2511 2 FAT
144 15 -1 3149 1.2552 2 FAT
144 16 -1 4473 1.2794 0 FAT
144 17 -1 5784 1.2909 0 FAT
144 18 -1 6147 1.2952 0 FAT
144 19 -1 4462 1.2760 0 FAT
144 20 -1 4749 1.2743 0 FAT
144 21 -1 5823 1.2925 0 FAT
144 22 -1 3359 1.2761 2 FAT
144 23 -1 3359 1.2761 2 FAT
144 24 -1 4782 1.2881 0 FAT
144 25 -1 6246 1.3039 0 FAT
144 26 -1 7525 1.3147 0 FAT
144 27 -1 8651 1.3247 0 FAT
144 28 -1 7149 1.3104 0 FAT
144 29 -1 6182 1.3058 0 FAT
144 30 -1 4858 1.2909 0 FAT
144 31 -1 3510 1.2768 2 FAT
144 32 -1 3441 1.2750 2 FAT
144 33 -1 2318 1.2533 2 FAT
144 34 -1 1369 1.2211 2 FAT
144 35 -1 1192 1.2208 2 FAT
144 36 -1 870 1.2207 2 FAT
144 37 -1 870 1.2207 2 FAT
144 38 -1 870 1.2207 2 FAT
144 39 -1 870 1.2207 2 FAT
144 40 -1 870 1.2207 2 FAT
144 41 -1 870 1.2207 2 FAT
144 42 -1 1455 1.2206 2 FAT
144 43 -1 2899 1.2550 2 FAT
144 44 -1 4012 1.2716 2 FAT
144 45 -1 4054 1.2740 2 FAT
144 46 -1 3315 1.2576 2 FAT
144 47 -1 2295 1.2461 2 FAT
144 48 -1 2295 1.2461 2 FAT
144 49 -1 2149 1.2411 2 FAT
144 50 -1 2577 1.2414 2 FAT
144 51 -1 1626 1.2009 2 FAT
144 52 -1 2582 1.2383 2 FAT
144 53 -1 1885 1.2336 2 FAT
144 54 -1 1885 1.2336 2 FAT
144 55 -1 2930 1.2506 2 FAT
144 56 -1 4274 1.2784 0 FAT
144 57 -1 3205 1.2650 2 FAT
144 58 -1 2668 1.2559 2 FAT
144 59 -1 1530 1.2227 2 FAT
144 60 -1 899 1.1942 2 FAT
144 61 -1 490 1.1941 2 FAT
144 62 -1 631 1.1938 2 FAT
144 63 -1 792 1.1935 2 FAT
144 64 -1 1408 1.2339 2 FAT
144 65 -1 2001 1.2534 2 FAT
144 66 -1 2379 1.2638 2 FAT
144 67 -1 2379 1.2638 2 FAT
144 68 -1 2919 1.2639 2 FAT
144 69 -1 4253 1.2902 0 FAT
144 70 -1 4472 1.2941 0 FAT
144 71 -1 5928 1.3085 0 FAT
144 72 -1 7739 1.3247 0 FAT
144 73 -1 7739 1.3247 0 FAT
144 74 -1 7739 1.3247 0 FAT
144 75 -1 7739 1.3247 0 FAT
144 76 -1 7206 1.3199 0 FAT
144 77 -1 5873 1.3067 0 FAT
144 78 -1 4328 1.2940 0 FAT
144 79 -1 4328 1.2940 0 FAT
144 80 -1 3183 1.2747 2 FAT
144 81 -1 2549 1.2623 2 FAT
144 82 -1 1640 1.2364 2 FAT
144 83 -1 1405 1.2366 2 FAT
144 84 -1 1188 1.2367 2 FAT
144 85 -1 1188 1.2367 2 FAT
144 86 -1 1188 1.2367 2 FAT
144 87 -1 1188 1.2367 2 FAT
144 88 -1 1188 1.2367 2 FAT
144 89 -1 942 1.2241 2 FAT
144 90 -1 530 1.1907 2 FAT
144 91 -1 438 1.1903 2 FAT
144 92 -1 438 1.1903 2 FAT
144 93 -1 438 1.1903 2 FAT
144 94 -1 234 1.1621 2 FAT
144 95 -1 162 1.1421 2 FAT
144 96 -1 31 1.0365 2 FAT
144 97 -1 8 1.0000 1 CYCLE
144 98 -1 8 1.0000 1 CYCLE
144 99 -1 6 1.0000 1 CYCLE
144 100 -1 6 1.0000 1 CYCLE
144 101 -1 24 1.0000 1 CYCLE
144 102 -1 12 1.0000 1 CYCLE
144 103 -1 12 1.0000 1 CYCLE
144 104 -1 12 1.0000 1 CYCLE
144 105 -1 20 1.0000 1 CYCLE
144 106 -1 60 1.0379 2 FAT
144 107 -1 60 1.0379 2 FAT
144 108 -1 60 1.0379 2 FAT
144 109 -1 60 1.0379 2 FAT
144 110 -1 60 1.0379 2 FAT
144 111 -1 20 1.0000 1 CYCLE
144 112 -1 12 1.0000 1 CYCLE
144 113 -1 12 1.0000 1 CYCLE
144 114 -1 12 1.0000 1 CYCLE
144 115 -1 24 1.0000 1 CYCLE
144 116 -1 6 1.0000 1 CYCLE
144 117 -1 6 1.0000 1 CYCLE
144 118 -1 8 1.0000 1 CYCLE
144 119 -1 8 1.0000 1 CYCLE
144 120 -1 31 1.0365 2 FAT
144 121 -1 162 1.1421 2 FAT
144 122 -1 234 1.1621 2 FAT
144 123 -1 438 1.1903 2 FAT
144 124 -1 438 1.1903 2 FAT
144 125 -1 438 1.1903 2 FAT
144 126 -1 530 1.1907 2 FAT
144 127 -1 942 1.2241 2 FAT
144 128 -1 1188 1.2367 2 FAT
144 129 -1 1188 1.2367 2 FAT
144 130 -1 1188 1.2367 2 FAT
144 131 -1 1188 1.2367 2 FAT
144 132 -1 1188 1.2367 2 FAT
144 133 -1 1405 1.2366 2 FAT
144 134 -1 1640 1.2364 2 FAT
144 135 -1 2549 1.2623 2 FAT
144 136 -1 3183 1.2747 2 FAT
144 137 -1 4328 1.2940 0 FAT
144 138 -1 4328 1.2940 0 FAT
144 139 -1 5873 1.3067 0 FAT
144 140 -1 7206 1.3199 0 FAT
144 141 -1 7739 1.3247 0 FAT
144 142 -1 7739 1.3247 0 FAT
144 143 -1 7739 1.3247 0 FAT
144 144 -1 7739 1.3247 0 FAT
144 145 -1 5928 1.3085 0 FAT
144 146 -1 4472 1.2941 0 FAT
144 147 -1 4253 1.2902 0 FAT
144 148 -1 2919 1.2639 2 FAT
144 149 -1 2379 1.2638 2 FAT
144 150 -1 2379 1.2638 2 FAT
144 151 -1 2001 1.2534 2 FAT
144 152 -1 1408 1.2339 2 FAT
144 153 -1 792 1.1935 2 FAT
144 154 -1 631 1.1938 2 FAT
144 155 -1 490 1.1941 2 FAT
144 156 -1 899 1.1942 2 FAT
144 157 -1 1530 1.2227 2 FAT
144 158 -1 2668 1.2559 2 FAT
144 159 -1 3205 1.2650 2 FAT
144 160 -1 4274 1.2784 0 FAT
144 161 -1 2930 1.2506 2 FAT
144 162 -1 1885 1.2336 2 FAT
144 163 -1 1885 1.2336 2 FAT
144 164 -1 2582 1.2383 2 FAT
144 165 -1 1626 1.2009 2 FAT
144 166 -1 2577 1.2414 2 FAT
144 167 -1 2149 1.2411 2 FAT
144 168 -1 2295 1.2461 2 FAT
144 169 -1 2295 1.2461 2 FAT
144 170 -1 3315 1.2576 2 FAT
144 171 -1 4054 1.2740 2 FAT
144 172 -1 4012 1.2716 2 FAT
144 173 -1 2899 1.2550 2 FAT
144 174 -1 1455 1.2206 2 FAT
144 175 -1 870 1.2207 2 FAT
144 176 -1 870 1.2207 2 FAT
144 177 -1 870 1.2207 2 FAT
144 178 -1 870 1.2207 2 FAT
144 179 -1 870 1.2207 2 FAT
144 180 -1 870 1.2207 2 FAT
144 181 -1 1192 1.2208 2 FAT
144 182 -1 1369 1.2211 2 FAT
144 183 -1 2318 1.2533 2 FAT
144 184 -1 3441 1.2750 2 FAT
144 185 -1 3510 1.2768 2 FAT
144 186 -1 4858 1.2909 0 FAT
144 187 -1 6182 1.3058 0 FAT
144 188 -1 7149 1.3104 0 FAT
144 189 -1 8651 1.3247 0 FAT
144 190 -1 7525 1.3147 0 FAT
144 191 -1 6246 1.3039 0 FAT
144 192 -1 4782 1.2881 0 FAT
144 193 -1 3359 1.2761 2 FAT
144 194 -1 3359 1.2761 2 FAT
144 195 -1 5823 1.2925 0 FAT
144 196 -1 4749 1.2743 0 FAT
144 197 -1 4462 1.2760 0 FAT
144 198 -1 6147 1.2952 0 FAT
144 199 -1 5784 1.2909 0 FAT
144 200 -1 4473 1.2794 0 FAT
144 201 -1 3149 1.2552 2 FAT
144 202 -1 1810 1.2511 2 FAT
144 203 -1 2628 1.2596 2 FAT
144 204 -1 3792 1.2820 2 FAT
144 205 -1 4821 1.2963 0 FAT
144 206 -1 4821 1.2963 0 FAT
144 207 -1 4821 1.2963 0 FAT
144 208 -1 7173 1.3130 0 FAT
144 209 -1 8495 1.3247 0 FAT
144 210 -1 8495 1.3247 0 FAT
144 211 -1 9988 1.3291 0 FAT
144 212 -1 8740 1.3247 0 FAT
144 213 -1 9784 1.3281 0 FAT
144 214 -1 10050 1.3305 0 FAT
144 215 -1 9800 1.3277 0 FAT
144 216 -1 10331 1.3327 0 FAT
# row j=144 L=0.400000 n=217 KILL=0 CYCLE=18 FAT=199 CAP=0 certified=18 lambda[1.0365,1.3327]
145 0 -1 12253 1.3446 0 FAT
145 1 -1 12061 1.3401 0 FAT
145 2 -1 11634 1.3381 0 FAT
145 3 -1 11181 1.3381 0 FAT
145 4 -1 10520 1.3335 0 FAT
145 5 -1 11452 1.3389 0 FAT
145 6 -1 8495 1.3247 0 FAT
145 7 -1 8495 1.3247 0 FAT
145 8 -1 7173 1.3130 0 FAT
145 9 -1 5426 1.2964 0 FAT
145 10 -1 4821 1.2963 0 FAT
145 11 -1 4821 1.2963 0 FAT
145 12 -1 3792 1.2820 2 FAT
145 13 -1 2628 1.2596 2 FAT
145 14 -1 3149 1.2552 2 FAT
145 15 -1 4473 1.2794 0 FAT
145 16 -1 5784 1.2909 0 FAT
145 17 -1 7506 1.3087 0 FAT
145 18 -1 6147 1.2952 0 FAT
145 19 -1 6438 1.2963 0 FAT
145 20 -1 6794 1.2982 0 FAT
145 21 -1 6436 1.3004 0 FAT
145 22 -1 3359 1.2761 2 FAT
145 23 -1 4782 1.2881 0 FAT
145 24 -1 6246 1.3039 0 FAT
145 25 -1 7525 1.3147 0 FAT
145 26 -1 8651 1.3247 0 FAT
145 27 -1 8651 1.3247 0 FAT
145 28 -1 7149 1.3104 0 FAT
145 29 -1 6182 1.3058 0 FAT
145 30 -1 4858 1.2909 0 FAT
145 31 -1 3510 1.2768 2 FAT
145 32 -1 3441 1.2750 2 FAT
145 33 -1 2318 1.2533 2 FAT
145 34 -1 1369 1.2211 2 FAT
145 35 -1 1192 1.2208 2 FAT
145 36 -1 870 1.2207 2 FAT
145 37 -1 870 1.2207 2 FAT
145 38 -1 870 1.2207 2 FAT
145 39 -1 870 1.2207 2 FAT
145 40 -1 870 1.2207 2 FAT
145 41 -1 1455 1.2206 2 FAT
145 42 -1 2899 1.2550 2 FAT
145 43 -1 4012 1.2716 2 FAT
145 44 -1 5456 1.2918 0 FAT
145 45 -1 5289 1.2868 0 FAT
145 46 -1 3381 1.2602 2 FAT
145 47 -1 2295 1.2461 2 FAT
145 48 -1 2295 1.2461 2 FAT
145 49 -1 3800 1.2639 2 FAT
145 50 -1 3174 1.2530 2 FAT
145 51 -1 3689 1.2542 2 FAT
145 52 -1 4037 1.2670 2 FAT
145 53 -1 1885 1.2336 2 FAT
145 54 -1 2930 1.2506 2 FAT
145 55 -1 4274 1.2784 0 FAT
145 56 -1 4274 1.2784 0 FAT
145 57 -1 3205 1.2650 2 FAT
145 58 -1 2668 1.2559 2 FAT
145 59 -1 1530 1.2227 2 FAT
145 60 -1 1377 1.1941 2 FAT
145 61 -1 1312 1.1939 2 FAT
145 62 -1 792 1.1935 2 FAT
145 63 -1 1408 1.2339 2 FAT
145 64 -1 2001 1.2534 2 FAT
145 65 -1 2379 1.2638 2 FAT
145 66 -1 2379 1.2638 2 FAT
145 67 -1 2919 1.2639 2 FAT
145 68 -1 4253 1.2902 0 FAT
145 69 -1 4472 1.2941 0 FAT
145 70 -1 5928 1.3085 0 FAT
145 71 -1 7739 1.3247 0 FAT
145 72 -1 7739 1.3247 0 FAT
145 73 -1 7739 1.3247 0 FAT
145 74 -1 7739 1.3247 0 FAT
145 75 -1 7739 1.3247 0 FAT
145 76 -1 7206 1.3199 0 FAT
145 77 -1 5873 1.3067 0 FAT
145 78 -1 4328 1.2940 0 FAT
145 79 -1 4328 1.2940 0 FAT
145 80 -1 3183 1.2747 2 FAT
145 81 -1 2549 1.2623 2 FAT
145 82 -1 1640 1.2364 2 FAT
145 83 -1 1405 1.2366 2 FAT
145 84 -1 1188 1.2367 2 FAT
145 85 -1 1188 1.2367 2 FAT
145 86 -1 1188 1.2367 2 FAT
145 87 -1 1188 1.2367 2 FAT
145 88 -1 1188 1.2367 2 FAT
145 89 -1 942 1.2241 2 FAT
145 90 -1 530 1.1907 2 FAT
145 91 -1 438 1.1903 2 FAT
145 92 -1 438 1.1903 2 FAT
145 93 -1 438 1.1903 2 FAT
145 94 -1 234 1.1621 2 FAT
145 95 -1 162 1.1421 2 FAT
145 96 -1 31 1.0365 2 FAT
145 97 -1 10 1.0000 1 CYCLE
145 98 -1 8 1.0000 1 CYCLE
145 99 -1 6 1.0000 1 CYCLE
145 100 -1 24 1.0000 1 CYCLE
145 101 -1 87 1.0394 2 FAT
145 102 -1 30 1.0000 1 CYCLE
145 103 -1 12 1.0000 1 CYCLE
145 104 -1 20 1.0000 1 CYCLE
145 105 -1 60 1.0379 2 FAT
145 106 -1 60 1.0379 2 FAT
145 107 -1 60 1.0379 2 FAT
145 108 -1 60 1.0379 2 FAT
145 109 -1 60 1.0379 2 FAT
145 110 -1 60 1.0379 2 FAT
145 111 -1 20 1.0000 1 CYCLE
145 112 -1 12 1.0000 1 CYCLE
145 113 -1 30 1.0000 1 CYCLE
145 114 -1 87 1.0394 2 FAT
145 115 -1 24 1.0000 1 CYCLE
145 116 -1 6 1.0000 1 CYCLE
145 117 -1 8 1.0000 1 CYCLE
145 118 -1 10 1.0000 1 CYCLE
145 119 -1 31 1.0365 2 FAT
145 120 -1 162 1.1421 2 FAT
145 121 -1 234 1.1621 2 FAT
145 122 -1 438 1.1903 2 FAT
145 123 -1 438 1.1903 2 FAT
145 124 -1 438 1.1903 2 FAT
145 125 -1 530 1.1907 2 FAT
145 126 -1 942 1.2241 2 FAT
145 127 -1 1188 1.2367 2 FAT
145 128 -1 1188 1.2367 2 FAT
145 129 -1 1188 1.2367 2 FAT
145 130 -1 1188 1.2367 2 FAT
145 131 -1 1188 1.2367 2 FAT
145 132 -1 1405 1.2366 2 FAT
145 133 -1 1640 1.2364 2 FAT
145 134 -1 2549 1.2623 2 FAT
145 135 -1 3183 1.2747 2 FAT
145 136 -1 4328 1.2940 0 FAT
145 137 -1 4328 1.2940 0 FAT
145 138 -1 5873 1.3067 0 FAT
145 139 -1 7206 1.3199 0 FAT
145 140 -1 7739 1.3247 0 FAT
145 141 -1 7739 1.3247 0 FAT
145 142 -1 7739 1.3247 0 FAT
145 143 -1 7739 1.3247 0 FAT
145 144 -1 7739 1.3247 0 FAT
145 145 -1 5928 1.3085 0 FAT
145 146 -1 4472 1.2941 0 FAT
145 147 -1 4253 1.2902 0 FAT
145 148 -1 2919 1.2639 2 FAT
145 149 -1 2379 1.2638 2 FAT
145 150 -1 2379 1.2638 2 FAT
145 151 -1 2001 1.2534 2 FAT
145 152 -1 1408 1.2339 2 FAT
145 153 -1 792 1.1935 2 FAT
145 154 -1 1312 1.1939 2 FAT
145 155 -1 1377 1.1941 2 FAT
145 156 -1 1530 1.2227 2 FAT
145 157 -1 2668 1.2559 2 FAT
145 158 -1 3205 1.2650 2 FAT
145 159 -1 4274 1.2784 0 FAT
145 160 -1 4274 1.2784 0 FAT
145 161 -1 2930 1.2506 2 FAT
145 162 -1 1885 1.2336 2 FAT
145 163 -1 4037 1.2670 2 FAT
145 164 -1 3689 1.2542 2 FAT
145 165 -1 3174 1.2530 2 FAT
145 166 -1 3800 1.2639 2 FAT
145 167 -1 2295 1.2461 2 FAT
145 168 -1 2295 1.2461 2 FAT
145 169 -1 3381 1.2602 2 FAT
145 170 -1 5289 1.2868 0 FAT
145 171 -1 5456 1.2918 0 FAT
145 172 -1 4012 1.2716 2 FAT
145 173 -1 2899 1.2550 2 FAT
145 174 -1 1455 1.2206 2 FAT
145 175 -1 870 1.2207 2 FAT
145 176 -1 870 1.2207 2 FAT
145 177 -1 870 1.2207 2 FAT
145 178 -1 870 1.2207 2 FAT
145 179 -1 870 1.2207 2 FAT
145 180 -1 1192 1.2208 2 FAT
145 181 -1 1369 1.2211 2 FAT
145 182 -1 2318 1.2533 2 FAT
145 183 -1 3441 1.2750 2 FAT
145 184 -1 3510 1.2768 2 FAT
145 185 -1 4858 1.2909 0 FAT
145 186 -1 6182 1.3058 0 FAT
145 187 -1 7149 1.3104 0 FAT
145 188 -1 8651 1.3247 0 FAT
145 189 -1 8651 1.3247 0 FAT
145 190 -1 7525 1.3147 0 FAT
145 191 -1 6246 1.3039 0 FAT
145 192 -1 4782 1.2881 0 FAT
145 193 -1 3359 1.2761 2 FAT
145 194 -1 6436 1.3004 0 FAT
145 195 -1 6794 1.2982 0 FAT
145 196 -1 6438 1.2963 0 FAT
145 197 -1 6147 1.2952 0 FAT
145 198 -1 7506 1.3087 0 FAT
145 199 -1 5784 1.2909 0 FAT
145 200 -1 4473 1.2794 0 FAT
145 201 -1 3149 1.2552 2 FAT
145 202 -1 2628 1.2596 2 FAT
145 203 -1 3792 1.2820 2 FAT
145 204 -1 4821 1.2963 0 FAT
145 205 -1 4821 1.2963 0 FAT
145 206 -1 5426 1.2964 0 FAT
145 207 -1 7173 1.3130 0 FAT
145 208 -1 8495 1.3247 0 FAT
145 209 -1 8495 1.3247 0 FAT
145 210 -1 11452 1.3389 0 FAT
145 211 -1 10520 1.3335 0 FAT
145 212 -1 11181 1.3381 0 FAT
145 213 -1 11634 1.3381 0 FAT
145 214 -1 12061 1.3401 0 FAT
145 215 -1 12253 1.3446 0 FAT
# row j=145 L=0.402778 n=216 KILL=0 CYCLE=14 FAT=202 CAP=0 certified=14 lambda[1.0365,1.3446]
146 0 -1 14644 1.3548 0 FAT
146 1 -1 13817 1.3472 0 FAT
146 2 -1 13105 1.3470 0 FAT
146 3 -1 13285 1.3464 0 FAT
146 4 -1 11992 1.3426 0 FAT
146 5 -1 11452 1.3389 0 FAT
146 6 -1 8495 1.3247 0 FAT
146 7 -1 8495 1.3247 0 FAT
146 8 -1 7173 1.3130 0 FAT
146 9 -1 5426 1.2964 0 FAT
146 10 -1 4821 1.2963 0 FAT
146 11 -1 4821 1.2963 0 FAT
146 12 -1 6314 1.2886 0 FAT
146 13 -1 5521 1.2722 0 FAT
146 14 -1 5855 1.2813 0 FAT
146 15 -1 5784 1.2909 0 FAT
146 16 -1 7506 1.3087 0 FAT
146 17 -1 7506 1.3087 0 FAT
146 18 -1 8503 1.3123 0 FAT
146 19 -1 8635 1.3151 0 FAT
146 20 -1 7455 1.3059 0 FAT
146 21 -1 6436 1.3004 0 FAT
146 22 -1 6946 1.2938 0 FAT
146 23 -1 6246 1.3039 0 FAT
146 24 -1 7525 1.3147 0 FAT
146 25 -1 8651 1.3247 0 FAT
146 26 -1 8651 1.3247 0 FAT
146 27 -1 8651 1.3247 0 FAT
146 28 -1 7149 1.3104 0 FAT
146 29 -1 6182 1.3058 0 FAT
146 30 -1 4858 1.2909 0 FAT
146 31 -1 3510 1.2768 2 FAT
146 32 -1 3441 1.2750 2 FAT
146 33 -1 2318 1.2533 2 FAT
146 34 -1 1369 1.2211 2 FAT
146 35 -1 1192 1.2208 2 FAT
146 36 -1 870 1.2207 2 FAT
146 37 -1 870 1.2207 2 FAT
146 38 -1 870 1.2207 2 FAT
146 39 -1 1455 1.2206 2 FAT
146 40 -1 1455 1.2206 2 FAT
146 41 -1 2899 1.2550 2 FAT
146 42 -1 4012 1.2716 2 FAT
146 43 -1 5456 1.2918 0 FAT
146 44 -1 6911 1.3032 0 FAT
146 45 -1 5355 1.2883 0 FAT
146 46 -1 3381 1.2602 2 FAT
146 47 -1 2295 1.2461 2 FAT
146 48 -1 4002 1.2684 2 FAT
146 49 -1 4499 1.2736 0 FAT
146 50 -1 5604 1.2848 0 FAT
146 51 -1 5233 1.2794 0 FAT
146 52 -1 4037 1.2670 2 FAT
146 53 -1 3992 1.2527 2 FAT
146 54 -1 4274 1.2784 0 FAT
146 55 -1 4274 1.2784 0 FAT
146 56 -1 4274 1.2784 0 FAT
146 57 -1 3205 1.2650 2 FAT
146 58 -1 2668 1.2559 2 FAT
146 59 -1 2603 1.2310 2 FAT
146 60 -1 1522 1.1960 2 FAT
146 61 -1 2141 1.2040 2 FAT
146 62 -1 1408 1.2339 2 FAT
146 63 -1 2001 1.2534 2 FAT
146 64 -1 2379 1.2638 2 FAT
146 65 -1 2379 1.2638 2 FAT
146 66 -1 2919 1.2639 2 FAT
146 67 -1 4253 1.2902 0 FAT
146 68 -1 4472 1.2941 0 FAT
146 69 -1 5928 1.3085 0 FAT
146 70 -1 7739 1.3247 0 FAT
146 71 -1 7739 1.3247 0 FAT
146 72 -1 7739 1.3247 0 FAT
146 73 -1 7739 1.3247 0 FAT
146 74 -1 7739 1.3247 0 FAT
146 75 -1 7739 1.3247 0 FAT
146 76 -1 7206 1.3199 0 FAT
146 77 -1 5873 1.3067 0 FAT
146 78 -1 4328 1.2940 0 FAT
146 79 -1 4328 1.2940 0 FAT
146 80 -1 3183 1.2747 2 FAT
146 81 -1 2549 1.2623 2 FAT
146 82 -1 1640 1.2364 2 FAT
146 83 -1 1405 1.2366 2 FAT
146 84 -1 1188 1.2367 2 FAT
146 85 -1 1188 1.2367 2 FAT
146 86 -1 1188 1.2367 2 FAT
146 87 -1 1188 1.2367 2 FAT
146 88 -1 1188 1.2367 2 FAT
146 89 -1 942 1.2241 2 FAT
146 90 -1 530 1.1907 2 FAT
146 91 -1 438 1.1903 2 FAT
146 92 -1 438 1.1903 2 FAT
146 93 -1 438 1.1903 2 FAT
146 94 -1 234 1.1621 2 FAT
146 95 -1 162 1.1421 2 FAT
146 96 -1 31 1.0365 2 FAT
146 97 -1 10 1.0000 1 CYCLE
146 98 -1 112 1.0410 2 FAT
146 99 -1 24 1.0000 1 CYCLE
146 100 -1 87 1.0394 2 FAT
146 101 -1 87 1.0394 2 FAT
146 102 -1 30 1.0000 1 CYCLE
146 103 -1 20 1.0000 1 CYCLE
146 104 -1 60 1.0379 2 FAT
146 105 -1 60 1.0379 2 FAT
146 106 -1 60 1.0379 2 FAT
146 107 -1 60 1.0379 2 FAT
146 108 -1 60 1.0379 2 FAT
146 109 -1 60 1.0379 2 FAT
146 110 -1 60 1.0379 2 FAT
146 111 -1 20 1.0000 1 CYCLE
146 112 -1 30 1.0000 1 CYCLE
146 113 -1 87 1.0394 2 FAT
146 114 -1 87 1.0394 2 FAT
146 115 -1 24 1.0000 1 CYCLE
146 116 -1 112 1.0410 2 FAT
146 117 -1 10 1.0000 1 CYCLE
146 118 -1 31 1.0365 2 FAT
146 119 -1 162 1.1421 2 FAT
146 120 -1 234 1.1621 2 FAT
146 121 -1 438 1.1903 2 FAT
146 122 -1 438 1.1903 2 FAT
146 123 -1 438 1.1903 2 FAT
146 124 -1 530 1.1907 2 FAT
146 125 -1 942 1.2241 2 FAT
146 126 -1 1188 1.2367 2 FAT
146 127 -1 1188 1.2367 2 FAT
146 128 -1 1188 1.2367 2 FAT
146 129 -1 1188 1.2367 2 FAT
146 130 -1 1188 1.2367 2 FAT
146 131 -1 1405 1.2366 2 FAT
146 132 -1 1640 1.2364 2 FAT
146 133 -1 2549 1.2623 2 FAT
146 134 -1 3183 1.2747 2 FAT
146 135 -1 4328 1.2940 0 FAT
146 136 -1 4328 1.2940 0 FAT
146 137 -1 5873 1.3067 0 FAT
146 138 -1 7206 1.3199 0 FAT
146 139 -1 7739 1.3247 0 FAT
146 140 -1 7739 1.3247 0 FAT
146 141 -1 7739 1.3247 0 FAT
146 142 -1 7739 1.3247 0 FAT
146 143 -1 7739 1.3247 0 FAT
146 144 -1 7739 1.3247 0 FAT
146 145 -1 5928 1.3085 0 FAT
146 146 -1 4472 1.2941 0 FAT
146 147 -1 4253 1.2902 0 FAT
146 148 -1 2919 1.2639 2 FAT
146 149 -1 2379 1.2638 2 FAT
146 150 -1 2379 1.2638 2 FAT
146 151 -1 2001 1.2534 2 FAT
146 152 -1 1408 1.2339 2 FAT
146 153 -1 2141 1.2040 2 FAT
146 154 -1 1522 1.1960 2 FAT
146 155 -1 2603 1.2310 2 FAT
146 156 -1 2668 1.2559 2 FAT
146 157 -1 3205 1.2650 2 FAT
146 158 -1 4274 1.2784 0 FAT
146 159 -1 4274 1.2784 0 FAT
146 160 -1 4274 1.2784 0 FAT
146 161 -1 3992 1.2527 2 FAT
146 162 -1 4037 1.2670 2 FAT
146 163 -1 5233 1.2794 0 FAT
146 164 -1 5604 1.2848 0 FAT
146 165 -1 4499 1.2736 0 FAT
146 166 -1 4002 1.2684 2 FAT
146 167 -1 2295 1.2461 2 FAT
146 168 -1 3381 1.2602 2 FAT
146 169 -1 5355 1.2883 0 FAT
146 170 -1 6911 1.3032 0 FAT
146 171 -1 5456 1.2918 0 FAT
146 172 -1 4012 1.2716 2 FAT
146 173 -1 2899 1.2550 2 FAT
146 174 -1 1455 1.2206 2 FAT
146 175 -1 1455 1.2206 2 FAT
146 176 -1 870 1.2207 2 FAT
146 177 -1 870 1.2207 2 FAT
146 178 -1 870 1.2207 2 FAT
146 179 -1 1192 1.2208 2 FAT
146 180 -1 1369 1.2211 2 FAT
146 181 -1 2318 1.2533 2 FAT
146 182 -1 3441 1.2750 2 FAT
146 183 -1 3510 1.2768 2 FAT
146 184 -1 4858 1.2909 0 FAT
146 185 -1 6182 1.3058 0 FAT
146 186 -1 7149 1.3104 0 FAT
146 187 -1 8651 1.3247 0 FAT
146 188 -1 8651 1.3247 0 FAT
146 189 -1 8651 1.3247 0 FAT
146 190 -1 7525 1.3147 0 FAT
146 191 -1 6246 1.3039 0 FAT
146 192 -1 6946 1.2938 0 FAT
146 193 -1 6436 1.3004 0 FAT
146 194 -1 7455 1.3059 0 FAT
146 195 -1 8635 1.3151 0 FAT
146 196 -1 8503 1.3123 0 FAT
146 197 -1 7506 1.3087 0 FAT
146 198 -1 7506 1.3087 0 FAT
146 199 -1 5784 1.2909 0 FAT
146 200 -1 5855 1.2813 0 FAT
146 201 -1 5521 1.2722 0 FAT
146 202 -1 6314 1.2886 0 FAT
146 203 -1 4821 1.2963 0 FAT
146 204 -1 4821 1.2963 0 FAT
146 205 -1 5426 1.2964 0 FAT
146 206 -1 7173 1.3130 0 FAT
146 207 -1 8495 1.3247 0 FAT
146 208 -1 8495 1.3247 0 FAT
146 209 -1 11452 1.3389 0 FAT
146 210 -1 11992 1.3426 0 FAT
146 211 -1 13285 1.3464 0 FAT
146 212 -1 13105 1.3470 0 FAT
146 213 -1 13817 1.3472 0 FAT
146 214 -1 14644 1.3548 0 FAT
# row j=146 L=0.405556 n=215 KILL=0 CYCLE=8 FAT=207 CAP=0 certified=8 lambda[1.0365,1.3548]
147 0 -1 16536 1.3609 0 FAT
147 1 -1 15360 1.3553 0 FAT
147 2 -1 15438 1.3552 0 FAT
147 3 -1 14907 1.3543 0 FAT
147 4 -1 11992 1.3426 0 FAT
147 5 -1 11452 1.3389 0 FAT
147 6 -1 8495 1.3247 0 FAT
147 7 -1 8495 1.3247 0 FAT
147 8 -1 7173 1.3130 0 FAT
147 9 -1 5426 1.2964 0 FAT
147 10 -1 4821 1.2963 0 FAT
147 11 -1 8293 1.3075 0 FAT
147 12 -1 8051 1.3027 0 FAT
147 13 -1 7488 1.2975 0 FAT
147 14 -1 7769 1.2967 0 FAT
147 15 -1 7506 1.3087 0 FAT
147 16 -1 7506 1.3087 0 FAT
147 17 -1 10143 1.3240 0 FAT
147 18 -1 10956 1.3287 0 FAT
147 19 -1 9308 1.3208 0 FAT
147 20 -1 7455 1.3059 0 FAT
147 21 -1 9434 1.3163 0 FAT
147 22 -1 9244 1.3128 0 FAT
147 23 -1 7525 1.3147 0 FAT
147 24 -1 8651 1.3247 0 FAT
147 25 -1 8651 1.3247 0 FAT
147 26 -1 8651 1.3247 0 FAT
147 27 -1 8651 1.3247 0 FAT
147 28 -1 7149 1.3104 0 FAT
147 29 -1 6182 1.3058 0 FAT
147 30 -1 4858 1.2909 0 FAT
147 31 -1 3510 1.2768 2 FAT
147 32 -1 3441 1.2750 2 FAT
147 33 -1 2318 1.2533 2 FAT
147 34 -1 1369 1.2211 2 FAT
147 35 -1 1192 1.2208 2 FAT
147 36 -1 1192 1.2208 2 FAT
147 37 -1 870 1.2207 2 FAT
147 38 -1 1455 1.2206 2 FAT
147 39 -1 1455 1.2206 2 FAT
147 40 -1 2899 1.2550 2 FAT
147 41 -1 4012 1.2716 2 FAT
147 42 -1 5456 1.2918 0 FAT
147 43 -1 6911 1.3032 0 FAT
147 44 -1 6977 1.3043 0 FAT
147 45 -1 5355 1.2883 0 FAT
147 46 -1 3381 1.2602 2 FAT
147 47 -1 4002 1.2684 2 FAT
147 48 -1 4705 1.2774 0 FAT
147 49 -1 7328 1.3009 0 FAT
147 50 -1 7308 1.3025 0 FAT
147 51 -1 5233 1.2794 0 FAT
147 52 -1 6127 1.2853 0 FAT
147 53 -1 5837 1.2851 0 FAT
147 54 -1 4274 1.2784 0 FAT
147 55 -1 4274 1.2784 0 FAT
147 56 -1 4274 1.2784 0 FAT
147 57 -1 3205 1.2650 2 FAT
147 58 -1 4603 1.2723 0 FAT
147 59 -1 2830 1.2336 2 FAT
147 60 -1 2527 1.2123 2 FAT
147 61 -1 4038 1.2619 2 FAT
147 62 -1 2001 1.2534 2 FAT
147 63 -1 2379 1.2638 2 FAT
147 64 -1 2379 1.2638 2 FAT
147 65 -1 2919 1.2639 2 FAT
147 66 -1 4258 1.2902 0 FAT
147 67 -1 4734 1.2941 0 FAT
147 68 -1 5928 1.3085 0 FAT
147 69 -1 7739 1.3247 0 FAT
147 70 -1 7739 1.3247 0 FAT
147 71 -1 7739 1.3247 0 FAT
147 72 -1 7739 1.3247 0 FAT
147 73 -1 7739 1.3247 0 FAT
147 74 -1 7739 1.3247 0 FAT
147 75 -1 7739 1.3247 0 FAT
147 76 -1 7206 1.3199 0 FAT
147 77 -1 5873 1.3067 0 FAT
147 78 -1 4328 1.2940 0 FAT
147 79 -1 4328 1.2940 0 FAT
147 80 -1 3183 1.2747 2 FAT
147 81 -1 2549 1.2623 2 FAT
147 82 -1 1640 1.2364 2 FAT
147 83 -1 1405 1.2366 2 FAT
147 84 -1 1188 1.2367 2 FAT
147 85 -1 1188 1.2367 2 FAT
147 86 -1 1188 1.2367 2 FAT
147 87 -1 1188 1.2367 2 FAT
147 88 -1 1188 1.2367 2 FAT
147 89 -1 972 1.2240 2 FAT
147 90 -1 530 1.1907 2 FAT
147 91 -1 438 1.1903 2 FAT
147 92 -1 438 1.1903 2 FAT
147 93 -1 438 1.1903 2 FAT
147 94 -1 234 1.1621 2 FAT
147 95 -1 162 1.1421 2 FAT
147 96 -1 561 1.1367 2 FAT
147 97 -1 318 1.0945 2 FAT
147 98 -1 112 1.0410 2 FAT
147 99 -1 87 1.0394 2 FAT
147 100 -1 87 1.0394 2 FAT
147 101 -1 87 1.0394 2 FAT
147 102 -1 135 1.0428 2 FAT
147 103 -1 60 1.0379 2 FAT
147 104 -1 60 1.0379 2 FAT
147 105 -1 60 1.0379 2 FAT
147 106 -1 60 1.0379 2 FAT
147 107 -1 60 1.0379 2 FAT
147 108 -1 60 1.0379 2 FAT
147 109 -1 60 1.0379 2 FAT
147 110 -1 60 1.0379 2 FAT
147 111 -1 135 1.0428 2 FAT
147 112 -1 87 1.0394 2 FAT
147 113 -1 87 1.0394 2 FAT
147 114 -1 87 1.0394 2 FAT
147 115 -1 112 1.0410 2 FAT
147 116 -1 318 1.0945 2 FAT
147 117 -1 561 1.1367 2 FAT
147 118 -1 162 1.1421 2 FAT
147 119 -1 234 1.1621 2 FAT
147 120 -1 438 1.1903 2 FAT
147 121 -1 438 1.1903 2 FAT
147 122 -1 438 1.1903 2 FAT
147 123 -1 530 1.1907 2 FAT
147 124 -1 972 1.2240 2 FAT
147 125 -1 1188 1.2367 2 FAT
147 126 -1 1188 1.2367 2 FAT
147 127 -1 1188 1.2367 2 FAT
147 128 -1 1188 1.2367 2 FAT
147 129 -1 1188 1.2367 2 FAT
147 130 -1 1405 1.2366 2 FAT
147 131 -1 1640 1.2364 2 FAT
147 132 -1 2549 1.2623 2 FAT
147 133 -1 3183 1.2747 2 FAT
147 134 -1 4328 1.2940 0 FAT
147 135 -1 4328 1.2940 0 FAT
147 136 -1 5873 1.3067 0 FAT
147 137 -1 7206 1.3199 0 FAT
147 138 -1 7739 1.3247 0 FAT
147 139 -1 7739 1.3247 0 FAT
147 140 -1 7739 1.3247 0 FAT
147 141 -1 7739 1.3247 0 FAT
147 142 -1 7739 1.3247 0 FAT
147 143 -1 7739 1.3247 0 FAT
147 144 -1 7739 1.3247 0 FAT
147 145 -1 5928 1.3085 0 FAT
147 146 -1 4734 1.2941 0 FAT
147 147 -1 4258 1.2902 0 FAT
147 148 -1 2919 1.2639 2 FAT
147 149 -1 2379 1.2638 2 FAT
147 150 -1 2379 1.2638 2 FAT
147 151 -1 2001 1.2534 2 FAT
147 152 -1 4038 1.2619 2 FAT
147 153 -1 2527 1.2123 2 FAT
147 154 -1 2830 1.2336 2 FAT
147 155 -1 4603 1.2723 0 FAT
147 156 -1 3205 1.2650 2 FAT
147 157 -1 4274 1.2784 0 FAT
147 158 -1 4274 1.2784 0 FAT
147 159 -1 4274 1.2784 0 FAT
147 160 -1 5837 1.2851 0 FAT
147 161 -1 6127 1.2853 0 FAT
147 162 -1 5233 1.2794 0 FAT
147 163 -1 7308 1.3025 0 FAT
147 164 -1 7328 1.3009 0 FAT
147 165 -1 4705 1.2774 0 FAT
147 166 -1 4002 1.2684 2 FAT
147 167 -1 3381 1.2602 2 FAT
147 168 -1 5355 1.2883 0 FAT
147 169 -1 6977 1.3043 0 FAT
147 170 -1 6911 1.3032 0 FAT
147 171 -1 5456 1.2918 0 FAT
147 172 -1 4012 1.2716 2 FAT
147 173 -1 2899 1.2550 2 FAT
147 174 -1 1455 1.2206 2 FAT
147 175 -1 1455 1.2206 2 FAT
147 176 -1 870 1.2207 2 FAT
147 177 -1 1192 1.2208 2 FAT
147 178 -1 1192 1.2208 2 FAT
147 179 -1 1369 1.2211 2 FAT
147 180 -1 2318 1.2533 2 FAT
147 181 -1 3441 1.2750 2 FAT
147 182 -1 3510 1.2768 2 FAT
147 183 -1 4858 1.2909 0 FAT
147 184 -1 6182 1.3058 0 FAT
147 185 -1 7149 1.3104 0 FAT
147 186 -1 8651 1.3247 0 FAT
147 187 -1 8651 1.3247 0 FAT
147 188 -1 8651 1.3247 0 FAT
147 189 -1 8651 1.3247 0 FAT
147 190 -1 7525 1.3147 0 FAT
147 191 -1 9244 1.3128 0 FAT
147 192 -1 9434 1.3163 0 FAT
147 193 -1 7455 1.3059 0 FAT
147 194 -1 9308 1.3208 0 FAT
147 195 -1 10956 1.3287 0 FAT
147 196 -1 10143 1.3240 0 FAT
147 197 -1 7506 1.3087 0 FAT
147 198 -1 7506 1.3087 0 FAT
147 199 -1 7769 1.2967 0 FAT
147 200 -1 7488 1.2975 0 FAT
147 201 -1 8051 1.3027 0 FAT
147 202 -1 8293 1.3075 0 FAT
147 203 -1 4821 1.2963 0 FAT
147 204 -1 5426 1.2964 0 FAT
147 205 -1 7173 1.3130 0 FAT
147 206 -1 8495 1.3247 0 FAT
147 207 -1 8495 1.3247 0 FAT
147 208 -1 11452 1.3389 0 FAT
147 209 -1 11992 1.3426 0 FAT
147 210 -1 14907 1.3543 0 FAT
147 211 -1 15438 1.3552 0 FAT
147 212 -1 15360 1.3553 0 FAT
147 213 -1 16536 1.3609 0 FAT
# row j=147 L=0.408333 n=214 KILL=0 CYCLE=0 FAT=214 CAP=0 certified=0 lambda[1.0379,1.3609]
148 0 -1 18119 1.3675 0 FAT
148 1 -1 17938 1.3633 0 FAT
148 2 -1 17158 1.3623 0 FAT
148 3 -1 14907 1.3543 0 FAT
148 4 -1 11992 1.3426 0 FAT
148 5 -1 11452 1.3389 0 FAT
148 6 -1 9171 1.3247 0 FAT
148 7 -1 8495 1.3247 0 FAT
148 8 -1 7173 1.3130 0 FAT
148 9 -1 5426 1.2964 0 FAT
148 10 -1 8293 1.3075 0 FAT
148 11 -1 10208 1.3191 0 FAT
148 12 -1 10136 1.3200 0 FAT
148 13 -1 9681 1.3113 0 FAT
148 14 -1 10091 1.3160 0 FAT
148 15 -1 7506 1.3087 0 FAT
148 16 -1 10143 1.3240 0 FAT
148 17 -1 12754 1.3384 0 FAT
148 18 -1 11669 1.3335 0 FAT
148 19 -1 9308 1.3208 0 FAT
148 20 -1 10942 1.3226 0 FAT
148 21 -1 11908 1.3307 0 FAT
148 22 -1 11276 1.3247 0 FAT
148 23 -1 8651 1.3247 0 FAT
148 24 -1 8651 1.3247 0 FAT
148 25 -1 8651 1.3247 0 FAT
148 26 -1 8651 1.3247 0 FAT
148 27 -1 8651 1.3247 0 FAT
148 28 -1 7149 1.3104 0 FAT
148 29 -1 6182 1.3058 0 FAT
148 30 -1 4858 1.2909 0 FAT
148 31 -1 3510 1.2768 2 FAT
148 32 -1 3441 1.2750 2 FAT
148 33 -1 2318 1.2533 2 FAT
148 34 -1 1369 1.2211 2 FAT
148 35 -1 1192 1.2208 2 FAT
148 36 -1 1192 1.2208 2 FAT
148 37 -1 1455 1.2206 2 FAT
148 38 -1 1455 1.2206 2 FAT
148 39 -1 2899 1.2550 2 FAT
148 40 -1 4012 1.2716 2 FAT
148 41 -1 5456 1.2918 0 FAT
148 42 -1 6911 1.3032 0 FAT
148 43 -1 6977 1.3043 0 FAT
148 44 -1 6977 1.3043 0 FAT
148 45 -1 5355 1.2883 0 FAT
148 46 -1 6274 1.2849 0 FAT
148 47 -1 4705 1.2774 0 FAT
148 48 -1 7556 1.3034 0 FAT
148 49 -1 9236 1.3161 0 FAT
148 50 -1 7308 1.3025 0 FAT
148 51 -1 7791 1.2976 0 FAT
148 52 -1 8066 1.3065 0 FAT
148 53 -1 5837 1.2851 0 FAT
148 54 -1 4274 1.2784 0 FAT
148 55 -1 4274 1.2784 0 FAT
148 56 -1 4274 1.2784 0 FAT
148 57 -1 5530 1.2823 0 FAT
148 58 -1 4888 1.2742 0 FAT
148 59 -1 4486 1.2509 0 FAT
148 60 -1 4510 1.2661 0 FAT
148 61 -1 6028 1.2859 0 FAT
148 62 -1 4765 1.2659 0 FAT
148 63 -1 2379 1.2638 2 FAT
148 64 -1 2919 1.2639 2 FAT
148 65 -1 4258 1.2902 0 FAT
148 66 -1 4734 1.2941 0 FAT
148 67 -1 5928 1.3085 0 FAT
148 68 -1 7739 1.3247 0 FAT
148 69 -1 7739 1.3247 0 FAT
148 70 -1 7739 1.3247 0 FAT
148 71 -1 7739 1.3247 0 FAT
148 72 -1 7739 1.3247 0 FAT
148 73 -1 7739 1.3247 0 FAT
148 74 -1 7739 1.3247 0 FAT
148 75 -1 7739 1.3247 0 FAT
148 76 -1 7206 1.3199 0 FAT
148 77 -1 5873 1.3067 0 FAT
148 78 -1 4328 1.2940 0 FAT
148 79 -1 4328 1.2940 0 FAT
148 80 -1 3183 1.2747 2 FAT
148 81 -1 2549 1.2623 2 FAT
148 82 -1 1640 1.2364 2 FAT
148 83 -1 1405 1.2366 2 FAT
148 84 -1 1188 1.2367 2 FAT
148 85 -1 1188 1.2367 2 FAT
148 86 -1 1188 1.2367 2 FAT
148 87 -1 1188 1.2367 2 FAT
148 88 -1 1188 1.2367 2 FAT
148 89 -1 972 1.2240 2 FAT
148 90 -1 530 1.1907 2 FAT
148 91 -1 492 1.1903 2 FAT
148 92 -1 438 1.1903 2 FAT
148 93 -1 438 1.1903 2 FAT
148 94 -1 729 1.1621 2 FAT
148 95 -1 1921 1.2227 2 FAT
148 96 -1 1125 1.1771 2 FAT
148 97 -1 318 1.0945 2 FAT
148 98 -1 416 1.1137 2 FAT
148 99 -1 87 1.0394 2 FAT
148 100 -1 87 1.0394 2 FAT
148 101 -1 358 1.1037 2 FAT
148 102 -1 445 1.1195 2 FAT
148 103 -1 60 1.0379 2 FAT
148 104 -1 60 1.0379 2 FAT
148 105 -1 60 1.0379 2 FAT
148 106 -1 60 1.0379 2 FAT
148 107 -1 60 1.0379 2 FAT
148 108 -1 60 1.0379 2 FAT
148 109 -1 60 1.0379 2 FAT
148 110 -1 445 1.1195 2 FAT
148 111 -1 358 1.1037 2 FAT
148 112 -1 87 1.0394 2 FAT
148 113 -1 87 1.0394 2 FAT
148 114 -1 416 1.1137 2 FAT
148 115 -1 318 1.0945 2 FAT
148 116 -1 1125 1.1771 2 FAT
148 117 -1 1921 1.2227 2 FAT
148 118 -1 729 1.1621 2 FAT
148 119 -1 438 1.1903 2 FAT
148 120 -1 438 1.1903 2 FAT
148 121 -1 492 1.1903 2 FAT
148 122 -1 530 1.1907 2 FAT
148 123 -1 972 1.2240 2 FAT
148 124 -1 1188 1.2367 2 FAT
148 125 -1 1188 1.2367 2 FAT
148 126 -1 1188 1.2367 2 FAT
148 127 -1 1188 1.2367 2 FAT
148 128 -1 1188 1.2367 2 FAT
148 129 -1 1405 1.2366 2 FAT
148 130 -1 1640 1.2364 2 FAT
148 131 -1 2549 1.2623 2 FAT
148 132 -1 3183 1.2747 2 FAT
148 133 -1 4328 1.2940 0 FAT
148 134 -1 4328 1.2940 0 FAT
148 135 -1 5873 1.3067 0 FAT
148 136 -1 7206 1.3199 0 FAT
148 137 -1 7739 1.3247 0 FAT
148 138 -1 7739 1.3247 0 FAT
148 139 -1 7739 1.3247 0 FAT
148 140 -1 7739 1.3247 0 FAT
148 141 -1 7739 1.3247 0 FAT
148 142 -1 7739 1.3247 0 FAT
148 143 -1 7739 1.3247 0 FAT
148 144 -1 7739 1.3247 0 FAT
148 145 -1 5928 1.3085 0 FAT
148 146 -1 4734 1.2941 0 FAT
148 147 -1 4258 1.2902 0 FAT
148 148 -1 2919 1.2639 2 FAT
148 149 -1 2379 1.2638 2 FAT
148 150 -1 4765 1.2659 0 FAT
148 151 -1 6028 1.2859 0 FAT
148 152 -1 4510 1.2661 0 FAT
148 153 -1 4486 1.2509 0 FAT
148 154 -1 4888 1.2742 0 FAT
148 155 -1 5530 1.2823 0 FAT
148 156 -1 4274 1.2784 0 FAT
148 157 -1 4274 1.2784 0 FAT
148 158 -1 4274 1.2784 0 FAT
148 159 -1 5837 1.2851 0 FAT
148 160 -1 8066 1.3065 0 FAT
148 161 -1 7791 1.2976 0 FAT
148 162 -1 7308 1.3025 0 FAT
148 163 -1 9236 1.3161 0 FAT
148 164 -1 7556 1.3034 0 FAT
148 165 -1 4705 1.2774 0 FAT
148 166 -1 6274 1.2849 0 FAT
148 167 -1 5355 1.2883 0 FAT
148 168 -1 6977 1.3043 0 FAT
148 169 -1 6977 1.3043 0 FAT
148 170 -1 6911 1.3032 0 FAT
148 171 -1 5456 1.2918 0 FAT
148 172 -1 4012 1.2716 2 FAT
148 173 -1 2899 1.2550 2 FAT
148 174 -1 1455 1.2206 2 FAT
148 175 -1 1455 1.2206 2 FAT
148 176 -1 1192 1.2208 2 FAT
148 177 -1 1192 1.2208 2 FAT
148 178 -1 1369 1.2211 2 FAT
148 179 -1 2318 1.2533 2 FAT
148 180 -1 3441 1.2750 2 FAT
148 181 -1 3510 1.2768 2 FAT
148 182 -1 4858 1.2909 0 FAT
148 183 -1 6182 1.3058 0 FAT
148 184 -1 7149 1.3104 0 FAT
148 185 -1 8651 1.3247 0 FAT
148 186 -1 8651 1.3247 0 FAT
148 187 -1 8651 1.3247 0 FAT
148 188 -1 8651 1.3247 0 FAT
148 189 -1 8651 1.3247 0 FAT
148 190 -1 11276 1.3247 0 FAT
148 191 -1 11908 1.3307 0 FAT
148 192 -1 10942 1.3226 0 FAT
148 193 -1 9308 1.3208 0 FAT
148 194 -1 11669 1.3335 0 FAT
148 195 -1 12754 1.3384 0 FAT
148 196 -1 10143 1.3240 0 FAT
148 197 -1 7506 1.3087 0 FAT
148 198 -1 10091 1.3160 0 FAT
148 199 -1 9681 1.3113 0 FAT
148 200 -1 10136 1.3200 0 FAT
148 201 -1 10208 1.3191 0 FAT
148 202 -1 8293 1.3075 0 FAT
148 203 -1 5426 1.2964 0 FAT
148 204 -1 7173 1.3130 0 FAT
148 205 -1 8495 1.3247 0 FAT
148 206 -1 9171 1.3247 0 FAT
148 207 -1 11452 1.3389 0 FAT
148 208 -1 11992 1.3426 0 FAT
148 209 -1 14907 1.3543 0 FAT
148 210 -1 17158 1.3623 0 FAT
148 211 -1 17938 1.3633 0 FAT
148 212 -1 18119 1.3675 0 FAT
# row j=148 L=0.411111 n=213 KILL=0 CYCLE=0 FAT=213 CAP=0 certified=0 lambda[1.0379,1.3675]
149 0 -1 20899 0.0000 0 CAP
149 1 -1 19752 1.3700 0 FAT
149 2 -1 17158 1.3623 0 FAT
149 3 -1 14907 1.3543 0 FAT
149 4 -1 11992 1.3426 0 FAT
149 5 -1 11452 1.3389 0 FAT
149 6 -1 9171 1.3247 0 FAT
149 7 -1 8495 1.3247 0 FAT
149 8 -1 7173 1.3130 0 FAT
149 9 -1 9946 1.3091 0 FAT
149 10 -1 10208 1.3191 0 FAT
149 11 -1 12377 1.3329 0 FAT
149 12 -1 12637 1.3316 0 FAT
149 13 -1 12171 1.3276 0 FAT
149 14 -1 10091 1.3160 0 FAT
149 15 -1 10143 1.3240 0 FAT
149 16 -1 12754 1.3384 0 FAT
149 17 -1 13489 1.3426 0 FAT
149 18 -1 11669 1.3335 0 FAT
149 19 -1 13246 1.3367 0 FAT
149 20 -1 13658 1.3368 0 FAT
149 21 -1 14144 1.3405 0 FAT
149 22 -1 12940 1.3357 0 FAT
149 23 -1 8651 1.3247 0 FAT
149 24 -1 8651 1.3247 0 FAT
149 25 -1 8651 1.3247 0 FAT
149 26 -1 8651 1.3247 0 FAT
149 27 -1 8651 1.3247 0 FAT
149 28 -1 7149 1.3104 0 FAT
149 29 -1 6182 1.3058 0 FAT
149 30 -1 4858 1.2909 0 FAT
149 31 -1 3510 1.2768 2 FAT
149 32 -1 3441 1.2750 2 FAT
149 33 -1 2318 1.2533 2 FAT
149 34 -1 1369 1.2211 2 FAT
149 35 -1 2287 1.2208 2 FAT
149 36 -1 2640 1.2220 2 FAT
149 37 -1 1455 1.2206 2 FAT
149 38 -1 2899 1.2550 2 FAT
149 39 -1 4012 1.2716 2 FAT
149 40 -1 5456 1.2918 0 FAT
149 41 -1 6911 1.3032 0 FAT
149 42 -1 6977 1.3043 0 FAT
149 43 -1 6977 1.3043 0 FAT
149 44 -1 8137 1.3044 0 FAT
149 45 -1 9305 1.3116 0 FAT
149 46 -1 6922 1.2938 0 FAT
149 47 -1 9065 1.3059 0 FAT
149 48 -1 9470 1.3181 0 FAT
149 49 -1 9236 1.3161 0 FAT
149 50 -1 10363 1.3183 0 FAT
149 51 -1 9918 1.3165 0 FAT
149 52 -1 8066 1.3065 0 FAT
149 53 -1 5837 1.2851 0 FAT
149 54 -1 4274 1.2784 0 FAT
149 55 -1 4274 1.2784 0 FAT
149 56 -1 7446 1.2976 0 FAT
149 57 -1 5843 1.2845 0 FAT
149 58 -1 7198 1.2892 0 FAT
149 59 -1 6803 1.2883 0 FAT
149 60 -1 6634 1.2899 0 FAT
149 61 -1 7203 1.2976 0 FAT
149 62 -1 4765 1.2659 0 FAT
149 63 -1 2919 1.2639 2 FAT
149 64 -1 4258 1.2902 0 FAT
149 65 -1 4734 1.2941 0 FAT
149 66 -1 5928 1.3085 0 FAT
149 67 -1 7739 1.3247 0 FAT
149 68 -1 7739 1.3247 0 FAT
149 69 -1 7739 1.3247 0 FAT
149 70 -1 7739 1.3247 0 FAT
149 71 -1 7739 1.3247 0 FAT
149 72 -1 7739 1.3247 0 FAT
149 73 -1 7739 1.3247 0 FAT
149 74 -1 7739 1.3247 0 FAT
149 75 -1 7739 1.3247 0 FAT
149 76 -1 7206 1.3199 0 FAT
149 77 -1 5873 1.3067 0 FAT
149 78 -1 4328 1.2940 0 FAT
149 79 -1 4328 1.2940 0 FAT
149 80 -1 3253 1.2745 2 FAT
149 81 -1 2549 1.2623 2 FAT
149 82 -1 1640 1.2364 2 FAT
149 83 -1 1405 1.2366 2 FAT
149 84 -1 1405 1.2366 2 FAT
149 85 -1 1188 1.2367 2 FAT
149 86 -1 1188 1.2367 2 FAT
149 87 -1 1188 1.2367 2 FAT
149 88 -1 1188 1.2367 2 FAT
149 89 -1 972 1.2240 2 FAT
149 90 -1 530 1.1907 2 FAT
149 91 -1 492 1.1903 2 FAT
149 92 -1 1179 1.1906 2 FAT
149 93 -1 2360 1.2290 2 FAT
149 94 -1 2567 1.2395 2 FAT
149 95 -1 2789 1.2425 2 FAT
149 96 -1 1125 1.1771 2 FAT
149 97 -1 897 1.1554 2 FAT
149 98 -1 416 1.1137 2 FAT
149 99 -1 87 1.0394 2 FAT
149 100 -1 358 1.1037 2 FAT
149 101 -1 804 1.1548 2 FAT
149 102 -1 445 1.1195 2 FAT
149 103 -1 112 1.0410 2 FAT
149 104 -1 60 1.0379 2 FAT
149 105 -1 60 1.0379 2 FAT
149 106 -1 60 1.0379 2 FAT
149 107 -1 60 1.0379 2 FAT
149 108 -1 112 1.0410 2 FAT
149 109 -1 445 1.1195 2 FAT
149 110 -1 804 1.1548 2 FAT
149 111 -1 358 1.1037 2 FAT
149 112 -1 87 1.0394 2 FAT
149 113 -1 416 1.1137 2 FAT
149 114 -1 897 1.1554 2 FAT
149 115 -1 1125 1.1771 2 FAT
149 116 -1 2789 1.2425 2 FAT
149 117 -1 2567 1.2395 2 FAT
149 118 -1 2360 1.2290 2 FAT
149 119 -1 1179 1.1906 2 FAT
149 120 -1 492 1.1903 2 FAT
149 121 -1 530 1.1907 2 FAT
149 122 -1 972 1.2240 2 FAT
149 123 -1 1188 1.2367 2 FAT
149 124 -1 1188 1.2367 2 FAT
149 125 -1 1188 1.2367 2 FAT
149 126 -1 1188 1.2367 2 FAT
149 127 -1 1405 1.2366 2 FAT
149 128 -1 1405 1.2366 2 FAT
149 129 -1 1640 1.2364 2 FAT
149 130 -1 2549 1.2623 2 FAT
149 131 -1 3253 1.2745 2 FAT
149 132 -1 4328 1.2940 0 FAT
149 133 -1 4328 1.2940 0 FAT
149 134 -1 5873 1.3067 0 FAT
149 135 -1 7206 1.3199 0 FAT
149 136 -1 7739 1.3247 0 FAT
149 137 -1 7739 1.3247 0 FAT
149 138 -1 7739 1.3247 0 FAT
149 139 -1 7739 1.3247 0 FAT
149 140 -1 7739 1.3247 0 FAT
149 141 -1 7739 1.3247 0 FAT
149 142 -1 7739 1.3247 0 FAT
149 143 -1 7739 1.3247 0 FAT
149 144 -1 7739 1.3247 0 FAT
149 145 -1 5928 1.3085 0 FAT
149 146 -1 4734 1.2941 0 FAT
149 147 -1 4258 1.2902 0 FAT
149 148 -1 2919 1.2639 2 FAT
149 149 -1 4765 1.2659 0 FAT
149 150 -1 7203 1.2976 0 FAT
149 151 -1 6634 1.2899 0 FAT
149 152 -1 6803 1.2883 0 FAT
149 153 -1 7198 1.2892 0 FAT
149 154 -1 5843 1.2845 0 FAT
149 155 -1 7446 1.2976 0 FAT
149 156 -1 4274 1.2784 0 FAT
149 157 -1 4274 1.2784 0 FAT
149 158 -1 5837 1.2851 0 FAT
149 159 -1 8066 1.3065 0 FAT
149 160 -1 9918 1.3165 0 FAT
149 161 -1 10363 1.3183 0 FAT
149 162 -1 9236 1.3161 0 FAT
149 163 -1 9470 1.3181 0 FAT
149 164 -1 9065 1.3059 0 FAT
149 165 -1 6922 1.2938 0 FAT
149 166 -1 9305 1.3116 0 FAT
149 167 -1 8137 1.3044 0 FAT
149 168 -1 6977 1.3043 0 FAT
149 169 -1 6977 1.3043 0 FAT
149 170 -1 6911 1.3032 0 FAT
149 171 -1 5456 1.2918 0 FAT
149 172 -1 4012 1.2716 2 FAT
149 173 -1 2899 1.2550 2 FAT
149 174 -1 1455 1.2206 2 FAT
149 175 -1 2640 1.2220 2 FAT
149 176 -1 2287 1.2208 2 FAT
149 177 -1 1369 1.2211 2 FAT
149 178 -1 2318 1.2533 2 FAT
149 179 -1 3441 1.2750 2 FAT
149 180 -1 3510 1.2768 2 FAT
149 181 -1 4858 1.2909 0 FAT
149 182 -1 6182 1.3058 0 FAT
149 183 -1 7149 1.3104 0 FAT
149 184 -1 8651 1.3247 0 FAT
149 185 -1 8651 1.3247 0 FAT
149 186 -1 8651 1.3247 0 FAT
149 187 -1 8651 1.3247 0 FAT
149 188 -1 8651 1.3247 0 FAT
149 189 -1 12940 1.3357 0 FAT
149 190 -1 14144 1.3405 0 FAT
149 191 -1 13658 1.3368 0 FAT
149 192 -1 13246 1.3367 0 FAT
149 193 -1 11669 1.3335 0 FAT
149 194 -1 13489 1.3426 0 FAT
149 195 -1 12754 1.3384 0 FAT
149 196 -1 10143 1.3240 0 FAT
149 197 -1 10091 1.3160 0 FAT
149 198 -1 12171 1.3276 0 FAT
149 199 -1 12637 1.3316 0 FAT
149 200 -1 12377 1.3329 0 FAT
149 201 -1 10208 1.3191 0 FAT
149 202 -1 9946 1.3091 0 FAT
149 203 -1 7173 1.3130 0 FAT
149 204 -1 8495 1.3247 0 FAT
149 205 -1 9171 1.3247 0 FAT
149 206 -1 11452 1.3389 0 FAT
149 207 -1 11992 1.3426 0 FAT
149 208 -1 14907 1.3543 0 FAT
149 209 -1 17158 1.3623 0 FAT
149 210 -1 19752 1.3700 0 FAT
149 211 -1 20899 0.0000 0 CAP
# row j=149 L=0.413889 n=212 KILL=0 CYCLE=0 FAT=210 CAP=2 certified=0 lambda[1.0379,1.3700]
150 0 -1 22765 0.0000 0 CAP
150 1 -1 19752 1.3700 0 FAT
150 2 -1 17158 1.3623 0 FAT
150 3 -1 14907 1.3543 0 FAT
150 4 -1 12622 1.3426 0 FAT
150 5 -1 11452 1.3389 0 FAT
150 6 -1 9171 1.3247 0 FAT
150 7 -1 12578 1.3249 0 FAT
150 8 -1 13397 1.3297 0 FAT
150 9 -1 12330 1.3221 0 FAT
150 10 -1 12377 1.3329 0 FAT
150 11 -1 15107 1.3432 0 FAT
150 12 -1 15285 1.3441 0 FAT
150 13 -1 12171 1.3276 0 FAT
150 14 -1 13822 1.3325 0 FAT
150 15 -1 12754 1.3384 0 FAT
150 16 -1 13489 1.3426 0 FAT
150 17 -1 13489 1.3426 0 FAT
150 18 -1 16271 1.3489 0 FAT
150 19 -1 16078 1.3486 0 FAT
150 20 -1 16131 1.3462 0 FAT
150 21 -1 15880 1.3494 0 FAT
150 22 -1 12940 1.3357 0 FAT
150 23 -1 8651 1.3247 0 FAT
150 24 -1 8651 1.3247 0 FAT
150 25 -1 8651 1.3247 0 FAT
150 26 -1 8651 1.3247 0 FAT
150 27 -1 8651 1.3247 0 FAT
150 28 -1 7149 1.3104 0 FAT
150 29 -1 6182 1.3058 0 FAT
150 30 -1 4858 1.2909 0 FAT
150 31 -1 3510 1.2768 2 FAT
150 32 -1 3441 1.2750 2 FAT
150 33 -1 2318 1.2533 2 FAT
150 34 -1 3029 1.2224 2 FAT
150 35 -1 2640 1.2220 2 FAT
150 36 -1 3490 1.2254 2 FAT
150 37 -1 2899 1.2550 2 FAT
150 38 -1 4012 1.2716 2 FAT
150 39 -1 5456 1.2918 0 FAT
150 40 -1 6911 1.3032 0 FAT
150 41 -1 6977 1.3043 0 FAT
150 42 -1 6977 1.3043 0 FAT
150 43 -1 8137 1.3044 0 FAT
150 44 -1 11704 1.3263 0 FAT
150 45 -1 10937 1.3182 0 FAT
150 46 -1 10705 1.3191 0 FAT
150 47 -1 11397 1.3220 0 FAT
150 48 -1 9470 1.3181 0 FAT
150 49 -1 12841 1.3312 0 FAT
150 50 -1 12596 1.3328 0 FAT
150 51 -1 9918 1.3165 0 FAT
150 52 -1 8066 1.3065 0 FAT
150 53 -1 5837 1.2851 0 FAT
150 54 -1 4274 1.2784 0 FAT
150 55 -1 7446 1.2976 0 FAT
150 56 -1 7827 1.2998 0 FAT
150 57 -1 8416 1.2993 0 FAT
150 58 -1 9553 1.3125 0 FAT
150 59 -1 9431 1.3083 0 FAT
150 60 -1 7871 1.3014 0 FAT
150 61 -1 7203 1.2976 0 FAT
150 62 -1 7148 1.2735 0 FAT
150 63 -1 8503 1.2982 0 FAT
150 64 -1 4734 1.2941 0 FAT
150 65 -1 5928 1.3085 0 FAT
150 66 -1 7739 1.3247 0 FAT
150 67 -1 7739 1.3247 0 FAT
150 68 -1 7739 1.3247 0 FAT
150 69 -1 7739 1.3247 0 FAT
150 70 -1 7739 1.3247 0 FAT
150 71 -1 7739 1.3247 0 FAT
150 72 -1 7739 1.3247 0 FAT
150 73 -1 7739 1.3247 0 FAT
150 74 -1 7739 1.3247 0 FAT
150 75 -1 7739 1.3247 0 FAT
150 76 -1 7206 1.3199 0 FAT
150 77 -1 5873 1.3067 0 FAT
150 78 -1 4582 1.2940 0 FAT
150 79 -1 4328 1.2940 0 FAT
150 80 -1 3253 1.2745 2 FAT
150 81 -1 2549 1.2623 2 FAT
150 82 -1 1640 1.2364 2 FAT
150 83 -1 1405 1.2366 2 FAT
150 84 -1 1405 1.2366 2 FAT
150 85 -1 1188 1.2367 2 FAT
150 86 -1 1188 1.2367 2 FAT
150 87 -1 1188 1.2367 2 FAT
150 88 -1 1188 1.2367 2 FAT
150 89 -1 972 1.2240 2 FAT
150 90 -1 530 1.1907 2 FAT
150 91 -1 1662 1.1925 2 FAT
150 92 -1 2360 1.2290 2 FAT
150 93 -1 4916 1.2752 0 FAT
150 94 -1 3557 1.2586 2 FAT
150 95 -1 3524 1.2470 2 FAT
150 96 -1 2144 1.2118 2 FAT
150 97 -1 897 1.1554 2 FAT
150 98 -1 416 1.1137 2 FAT
150 99 -1 358 1.1037 2 FAT
150 100 -1 804 1.1548 2 FAT
150 101 -1 804 1.1548 2 FAT
150 102 -1 445 1.1195 2 FAT
150 103 -1 112 1.0410 2 FAT
150 104 -1 60 1.0379 2 FAT
150 105 -1 60 1.0379 2 FAT
150 106 -1 60 1.0379 2 FAT
150 107 -1 112 1.0410 2 FAT
150 108 -1 445 1.1195 2 FAT
150 109 -1 804 1.1548 2 FAT
150 110 -1 804 1.1548 2 FAT
150 111 -1 358 1.1037 2 FAT
150 112 -1 416 1.1137 2 FAT
150 113 -1 897 1.1554 2 FAT
150 114 -1 2144 1.2118 2 FAT
150 115 -1 3524 1.2470 2 FAT
150 116 -1 3557 1.2586 2 FAT
150 117 -1 4916 1.2752 0 FAT
150 118 -1 2360 1.2290 2 FAT
150 119 -1 1662 1.1925 2 FAT
150 120 -1 530 1.1907 2 FAT
150 121 -1 972 1.2240 2 FAT
150 122 -1 1188 1.2367 2 FAT
150 123 -1 1188 1.2367 2 FAT
150 124 -1 1188 1.2367 2 FAT
150 125 -1 1188 1.2367 2 FAT
150 126 -1 1405 1.2366 2 FAT
150 127 -1 1405 1.2366 2 FAT
150 128 -1 1640 1.2364 2 FAT
150 129 -1 2549 1.2623 2 FAT
150 130 -1 3253 1.2745 2 FAT
150 131 -1 4328 1.2940 0 FAT
150 132 -1 4582 1.2940 0 FAT
150 133 -1 5873 1.3067 0 FAT
150 134 -1 7206 1.3199 0 FAT
150 135 -1 7739 1.3247 0 FAT
150 136 -1 7739 1.3247 0 FAT
150 137 -1 7739 1.3247 0 FAT
150 138 -1 7739 1.3247 0 FAT
150 139 -1 7739 1.3247 0 FAT
150 140 -1 7739 1.3247 0 FAT
150 141 -1 7739 1.3247 0 FAT
150 142 -1 7739 1.3247 0 FAT
150 143 -1 7739 1.3247 0 FAT
150 144 -1 7739 1.3247 0 FAT
150 145 -1 5928 1.3085 0 FAT
150 146 -1 4734 1.2941 0 FAT
150 147 -1 8503 1.2982 0 FAT
150 148 -1 7148 1.2735 0 FAT
150 149 -1 7203 1.2976 0 FAT
150 150 -1 7871 1.3014 0 FAT
150 151 -1 9431 1.3083 0 FAT
150 152 -1 9553 1.3125 0 FAT
150 153 -1 8416 1.2993 0 FAT
150 154 -1 7827 1.2998 0 FAT
150 155 -1 7446 1.2976 0 FAT
150 156 -1 4274 1.2784 0 FAT
150 157 -1 5837 1.2851 0 FAT
150 158 -1 8066 1.3065 0 FAT
150 159 -1 9918 1.3165 0 FAT
150 160 -1 12596 1.3328 0 FAT
150 161 -1 12841 1.3312 0 FAT
150 162 -1 9470 1.3181 0 FAT
150 163 -1 11397 1.3220 0 FAT
150 164 -1 10705 1.3191 0 FAT
150 165 -1 10937 1.3182 0 FAT
150 166 -1 11704 1.3263 0 FAT
150 167 -1 8137 1.3044 0 FAT
150 168 -1 6977 1.3043 0 FAT
150 169 -1 6977 1.3043 0 FAT
150 170 -1 6911 1.3032 0 FAT
150 171 -1 5456 1.2918 0 FAT
150 172 -1 4012 1.2716 2 FAT
150 173 -1 2899 1.2550 2 FAT
150 174 -1 3490 1.2254 2 FAT
150 175 -1 2640 1.2220 2 FAT
150 176 -1 3029 1.2224 2 FAT
150 177 -1 2318 1.2533 2 FAT
150 178 -1 3441 1.2750 2 FAT
150 179 -1 3510 1.2768 2 FAT
150 180 -1 4858 1.2909 0 FAT
150 181 -1 6182 1.3058 0 FAT
150 182 -1 7149 1.3104 0 FAT
150 183 -1 8651 1.3247 0 FAT
150 184 -1 8651 1.3247 0 FAT
150 185 -1 8651 1.3247 0 FAT
150 186 -1 8651 1.3247 0 FAT
150 187 -1 8651 1.3247 0 FAT
150 188 -1 12940 1.3357 0 FAT
150 189 -1 15880 1.3494 0 FAT
150 190 -1 16131 1.3462 0 FAT
150 191 -1 16078 1.3486 0 FAT
150 192 -1 16271 1.3489 0 FAT
150 193 -1 13489 1.3426 0 FAT
150 194 -1 13489 1.3426 0 FAT
150 195 -1 12754 1.3384 0 FAT
150 196 -1 13822 1.3325 0 FAT
150 197 -1 12171 1.3276 0 FAT
150 198 -1 15285 1.3441 0 FAT
150 199 -1 15107 1.3432 0 FAT
150 200 -1 12377 1.3329 0 FAT
150 201 -1 12330 1.3221 0 FAT
150 202 -1 13397 1.3297 0 FAT
150 203 -1 12578 1.3249 0 FAT
150 204 -1 9171 1.3247 0 FAT
150 205 -1 11452 1.3389 0 FAT
150 206 -1 12622 1.3426 0 FAT
150 207 -1 14907 1.3543 0 FAT
150 208 -1 17158 1.3623 0 FAT
150 209 -1 19752 1.3700 0 FAT
150 210 -1 22765 0.0000 0 CAP
# row j=150 L=0.416667 n=211 KILL=0 CYCLE=0 FAT=209 CAP=2 certified=0 lambda[1.0379,1.3700]
151 0 -1 22765 0.0000 0 CAP
151 1 -1 19752 1.3700 0 FAT
151 2 -1 17158 1.3623 0 FAT
151 3 -1 14907 1.3543 0 FAT
151 4 -1 12622 1.3426 0 FAT
151 5 -1 11452 1.3389 0 FAT
151 6 -1 14102 1.3255 0 FAT
151 7 -1 15880 1.3428 0 FAT
151 8 -1 16073 1.3404 0 FAT
151 9 -1 14890 1.3371 0 FAT
151 10 -1 15107 1.3432 0 FAT
151 11 -1 17887 1.3543 0 FAT
151 12 -1 15285 1.3441 0 FAT
151 13 -1 16338 1.3426 0 FAT
151 14 -1 17314 1.3475 0 FAT
151 15 -1 13489 1.3426 0 FAT
151 16 -1 13489 1.3426 0 FAT
151 17 -1 18543 1.3570 0 FAT
151 18 -1 19341 1.3596 0 FAT
151 19 -1 18697 1.3569 0 FAT
151 20 -1 17993 1.3549 0 FAT
151 21 -1 15880 1.3494 0 FAT
151 22 -1 12940 1.3357 0 FAT
151 23 -1 8651 1.3247 0 FAT
151 24 -1 8651 1.3247 0 FAT
151 25 -1 8651 1.3247 0 FAT
151 26 -1 8651 1.3247 0 FAT
151 27 -1 8651 1.3247 0 FAT
151 28 -1 7149 1.3104 0 FAT
151 29 -1 6182 1.3058 0 FAT
151 30 -1 4858 1.2909 0 FAT
151 31 -1 3510 1.2768 2 FAT
151 32 -1 7468 1.2864 0 FAT
151 33 -1 6002 1.2741 0 FAT
151 34 -1 3596 1.2272 2 FAT
151 35 -1 3490 1.2254 2 FAT
151 36 -1 6189 1.2744 0 FAT
151 37 -1 6825 1.2786 0 FAT
151 38 -1 5456 1.2918 0 FAT
151 39 -1 6911 1.3032 0 FAT
151 40 -1 6977 1.3043 0 FAT
151 41 -1 6977 1.3043 0 FAT
151 42 -1 8540 1.3045 0 FAT
151 43 -1 11704 1.3263 0 FAT
151 44 -1 13590 1.3326 0 FAT
151 45 -1 14361 1.3381 0 FAT
151 46 -1 13099 1.3326 0 FAT
151 47 -1 12796 1.3225 0 FAT
151 48 -1 13105 1.3329 0 FAT
151 49 -1 15244 1.3440 0 FAT
151 50 -1 12596 1.3328 0 FAT
151 51 -1 9918 1.3165 0 FAT
151 52 -1 8066 1.3065 0 FAT
151 53 -1 5837 1.2851 0 FAT
151 54 -1 7446 1.2976 0 FAT
151 55 -1 7827 1.2998 0 FAT
151 56 -1 11028 1.3148 0 FAT
151 57 -1 10829 1.3197 0 FAT
151 58 -1 12485 1.3278 0 FAT
151 59 -1 10903 1.3181 0 FAT
151 60 -1 7871 1.3014 0 FAT
151 61 -1 10322 1.3068 0 FAT
151 62 -1 10923 1.3119 0 FAT
151 63 -1 9972 1.3047 0 FAT
151 64 -1 5928 1.3085 0 FAT
151 65 -1 7739 1.3247 0 FAT
151 66 -1 7739 1.3247 0 FAT
151 67 -1 7739 1.3247 0 FAT
151 68 -1 7739 1.3247 0 FAT
151 69 -1 7739 1.3247 0 FAT
151 70 -1 7739 1.3247 0 FAT
151 71 -1 7739 1.3247 0 FAT
151 72 -1 7739 1.3247 0 FAT
151 73 -1 7739 1.3247 0 FAT
151 74 -1 7739 1.3247 0 FAT
151 75 -1 7739 1.3247 0 FAT
151 76 -1 7206 1.3199 0 FAT
151 77 -1 5873 1.3067 0 FAT
151 78 -1 4582 1.2940 0 FAT
151 79 -1 4328 1.2940 0 FAT
151 80 -1 3253 1.2745 2 FAT
151 81 -1 2586 1.2624 2 FAT
151 82 -1 1640 1.2364 2 FAT
151 83 -1 1405 1.2366 2 FAT
151 84 -1 1405 1.2366 2 FAT
151 85 -1 1188 1.2367 2 FAT
151 86 -1 1188 1.2367 2 FAT
151 87 -1 1188 1.2367 2 FAT
151 88 -1 1188 1.2367 2 FAT
151 89 -1 4412 1.2599 0 FAT
151 90 -1 2115 1.1978 2 FAT
151 91 -1 3361 1.2381 2 FAT
151 92 -1 4916 1.2752 0 FAT
151 93 -1 6373 1.2895 0 FAT
151 94 -1 4450 1.2642 0 FAT
151 95 -1 4271 1.2622 0 FAT
151 96 -1 2144 1.2118 2 FAT
151 97 -1 897 1.1554 2 FAT
151 98 -1 1450 1.1779 2 FAT
151 99 -1 804 1.1548 2 FAT
151 100 -1 804 1.1548 2 FAT
151 101 -1 804 1.1548 2 FAT
151 102 -1 445 1.1195 2 FAT
151 103 -1 112 1.0410 2 FAT
151 104 -1 60 1.0379 2 FAT
151 105 -1 60 1.0379 2 FAT
151 106 -1 112 1.0410 2 FAT
151 107 -1 445 1.1195 2 FAT
151 108 -1 804 1.1548 2 FAT
151 109 -1 804 1.1548 2 FAT
151 110 -1 804 1.1548 2 FAT
151 111 -1 1450 1.1779 2 FAT
151 112 -1 897 1.1554 2 FAT
151 113 -1 2144 1.2118 2 FAT
151 114 -1 4271 1.2622 0 FAT
151 115 -1 4450 1.2642 0 FAT
151 116 -1 6373 1.2895 0 FAT
151 117 -1 4916 1.2752 0 FAT
151 118 -1 3361 1.2381 2 FAT
151 119 -1 2115 1.1978 2 FAT
151 120 -1 4412 1.2599 0 FAT
151 121 -1 1188 1.2367 2 FAT
151 122 -1 1188 1.2367 2 FAT
151 123 -1 1188 1.2367 2 FAT
151 124 -1 1188 1.2367 2 FAT
151 125 -1 1405 1.2366 2 FAT
151 126 -1 1405 1.2366 2 FAT
151 127 -1 1640 1.2364 2 FAT
151 128 -1 2586 1.2624 2 FAT
151 129 -1 3253 1.2745 2 FAT
151 130 -1 4328 1.2940 0 FAT
151 131 -1 4582 1.2940 0 FAT
151 132 -1 5873 1.3067 0 FAT
151 133 -1 7206 1.3199 0 FAT
151 134 -1 7739 1.3247 0 FAT
151 135 -1 7739 1.3247 0 FAT
151 136 -1 7739 1.3247 0 FAT
151 137 -1 7739 1.3247 0 FAT
151 138 -1 7739 1.3247 0 FAT
151 139 -1 7739 1.3247 0 FAT
151 140 -1 7739 1.3247 0 FAT
151 141 -1 7739 1.3247 0 FAT
151 142 -1 7739 1.3247 0 FAT
151 143 -1 7739 1.3247 0 FAT
151 144 -1 7739 1.3247 0 FAT
151 145 -1 5928 1.3085 0 FAT
151 146 -1 9972 1.3047 0 FAT
151 147 -1 10923 1.3119 0 FAT
151 148 -1 10322 1.3068 0 FAT
151 149 -1 7871 1.3014 0 FAT
151 150 -1 10903 1.3181 0 FAT
151 151 -1 12485 1.3278 0 FAT
151 152 -1 10829 1.3197 0 FAT
151 153 -1 11028 1.3148 0 FAT
151 154 -1 7827 1.2998 0 FAT
151 155 -1 7446 1.2976 0 FAT
151 156 -1 5837 1.2851 0 FAT
151 157 -1 8066 1.3065 0 FAT
151 158 -1 9918 1.3165 0 FAT
151 159 -1 12596 1.3328 0 FAT
151 160 -1 15244 1.3440 0 FAT
151 161 -1 13105 1.3329 0 FAT
151 162 -1 12796 1.3225 0 FAT
151 163 -1 13099 1.3326 0 FAT
151 164 -1 14361 1.3381 0 FAT
151 165 -1 13590 1.3326 0 FAT
151 166 -1 11704 1.3263 0 FAT
151 167 -1 8540 1.3045 0 FAT
151 168 -1 6977 1.3043 0 FAT
151 169 -1 6977 1.3043 0 FAT
151 170 -1 6911 1.3032 0 FAT
151 171 -1 5456 1.2918 0 FAT
151 172 -1 6825 1.2786 0 FAT
151 173 -1 6189 1.2744 0 FAT
151 174 -1 3490 1.2254 2 FAT
151 175 -1 3596 1.2272 2 FAT
151 176 -1 6002 1.2741 0 FAT
151 177 -1 7468 1.2864 0 FAT
151 178 -1 3510 1.2768 2 FAT
151 179 -1 4858 1.2909 0 FAT
151 180 -1 6182 1.3058 0 FAT
151 181 -1 7149 1.3104 0 FAT
151 182 -1 8651 1.3247 0 FAT
151 183 -1 8651 1.3247 0 FAT
151 184 -1 8651 1.3247 0 FAT
151 185 -1 8651 1.3247 0 FAT
151 186 -1 8651 1.3247 0 FAT
151 187 -1 12940 1.3357 0 FAT
151 188 -1 15880 1.3494 0 FAT
151 189 -1 17993 1.3549 0 FAT
151 190 -1 18697 1.3569 0 FAT
151 191 -1 19341 1.3596 0 FAT
151 192 -1 18543 1.3570 0 FAT
151 193 -1 13489 1.3426 0 FAT
151 194 -1 13489 1.3426 0 FAT
151 195 -1 17314 1.3475 0 FAT
151 196 -1 16338 1.3426 0 FAT
151 197 -1 15285 1.3441 0 FAT
151 198 -1 17887 1.3543 0 FAT
151 199 -1 15107 1.3432 0 FAT
151 200 -1 14890 1.3371 0 FAT
151 201 -1 16073 1.3404 0 FAT
151 202 -1 15880 1.3428 0 FAT
151 203 -1 14102 1.3255 0 FAT
151 204 -1 11452 1.3389 0 FAT
151 205 -1 12622 1.3426 0 FAT
151 206 -1 14907 1.3543 0 FAT
151 207 -1 17158 1.3623 0 FAT
151 208 -1 19752 1.3700 0 FAT
151 209 -1 22765 0.0000 0 CAP
# row j=151 L=0.419444 n=210 KILL=0 CYCLE=0 FAT=208 CAP=2 certified=0 lambda[1.0379,1.3700]
152 0 -1 22765 0.0000 0 CAP
152 1 -1 19752 1.3700 0 FAT
152 2 -1 17158 1.3623 0 FAT
152 3 -1 14907 1.3543 0 FAT
152 4 -1 12622 1.3426 0 FAT
152 5 -1 18242 1.3452 0 FAT
152 6 -1 17771 1.3445 0 FAT
152 7 -1 18714 1.3522 0 FAT
152 8 -1 18785 1.3524 0 FAT
152 9 -1 18233 1.3483 0 FAT
152 10 -1 17887 1.3543 0 FAT
152 11 -1 17887 1.3543 0 FAT
152 12 -1 19949 1.3573 0 FAT
152 13 -1 20090 0.0000 0 CAP
152 14 -1 18238 1.3520 0 FAT
152 15 -1 15120 1.3426 0 FAT
152 16 -1 18543 1.3570 0 FAT
152 17 -1 21761 0.0000 0 CAP
152 18 -1 22226 0.0000 0 CAP
152 19 -1 20597 0.0000 0 CAP
152 20 -1 17993 1.3549 0 FAT
152 21 -1 15880 1.3494 0 FAT
152 22 -1 12940 1.3357 0 FAT
152 23 -1 10252 1.3247 0 FAT
152 24 -1 8651 1.3247 0 FAT
152 25 -1 8651 1.3247 0 FAT
152 26 -1 8651 1.3247 0 FAT
152 27 -1 8651 1.3247 0 FAT
152 28 -1 7149 1.3104 0 FAT
152 29 -1 6182 1.3058 0 FAT
152 30 -1 4858 1.2909 0 FAT
152 31 -1 7624 1.2891 0 FAT
152 32 -1 9444 1.3039 0 FAT
152 33 -1 6841 1.2780 0 FAT
152 34 -1 5026 1.2364 0 FAT
152 35 -1 6189 1.2744 0 FAT
152 36 -1 8779 1.2950 0 FAT
152 37 -1 9655 1.3044 0 FAT
152 38 -1 6911 1.3032 0 FAT
152 39 -1 6977 1.3043 0 FAT
152 40 -1 6977 1.3043 0 FAT
152 41 -1 8540 1.3045 0 FAT
152 42 -1 11704 1.3263 0 FAT
152 43 -1 13590 1.3326 0 FAT
152 44 -1 17194 1.3494 0 FAT
152 45 -1 17011 1.3490 0 FAT
152 46 -1 15575 1.3342 0 FAT
152 47 -1 15982 1.3384 0 FAT
152 48 -1 15510 1.3453 0 FAT
152 49 -1 15244 1.3440 0 FAT
152 50 -1 12596 1.3328 0 FAT
152 51 -1 9918 1.3165 0 FAT
152 52 -1 11423 1.3124 0 FAT
152 53 -1 11331 1.3093 0 FAT
152 54 -1 7827 1.2998 0 FAT
152 55 -1 11028 1.3148 0 FAT
152 56 -1 13659 1.3321 0 FAT
152 57 -1 13909 1.3343 0 FAT
152 58 -1 14073 1.3355 0 FAT
152 59 -1 10903 1.3181 0 FAT
152 60 -1 11306 1.3113 0 FAT
152 61 -1 14217 1.3325 0 FAT
152 62 -1 12699 1.3185 0 FAT
152 63 -1 13083 1.3257 0 FAT
152 64 -1 7739 1.3247 0 FAT
152 65 -1 7739 1.3247 0 FAT
152 66 -1 7739 1.3247 0 FAT
152 67 -1 7739 1.3247 0 FAT
152 68 -1 7739 1.3247 0 FAT
152 69 -1 7739 1.3247 0 FAT
152 70 -1 7739 1.3247 0 FAT
152 71 -1 7739 1.3247 0 FAT
152 72 -1 7739 1.3247 0 FAT
152 73 -1 7739 1.3247 0 FAT
152 74 -1 7739 1.3247 0 FAT
152 75 -1 7739 1.3247 0 FAT
152 76 -1 7206 1.3199 0 FAT
152 77 -1 5873 1.3067 0 FAT
152 78 -1 4582 1.2940 0 FAT
152 79 -1 4328 1.2940 0 FAT
152 80 -1 3253 1.2745 2 FAT
152 81 -1 2586 1.2624 2 FAT
152 82 -1 1640 1.2364 2 FAT
152 83 -1 1405 1.2366 2 FAT
152 84 -1 1405 1.2366 2 FAT
152 85 -1 1188 1.2367 2 FAT
152 86 -1 1188 1.2367 2 FAT
152 87 -1 2656 1.2365 2 FAT
152 88 -1 5578 1.2777 0 FAT
152 89 -1 5235 1.2664 0 FAT
152 90 -1 4142 1.2449 0 FAT
152 91 -1 6700 1.2863 0 FAT
152 92 -1 6373 1.2895 0 FAT
152 93 -1 7892 1.2963 0 FAT
152 94 -1 5217 1.2759 0 FAT
152 95 -1 4271 1.2622 0 FAT
152 96 -1 3422 1.2266 2 FAT
152 97 -1 3148 1.2170 2 FAT
152 98 -1 2460 1.2120 2 FAT
152 99 -1 1061 1.1558 2 FAT
152 100 -1 804 1.1548 2 FAT
152 101 -1 804 1.1548 2 FAT
152 102 -1 445 1.1195 2 FAT
152 103 -1 112 1.0410 2 FAT
152 104 -1 60 1.0379 2 FAT
152 105 -1 112 1.0410 2 FAT
152 106 -1 445 1.1195 2 FAT
152 107 -1 804 1.1548 2 FAT
152 108 -1 804 1.1548 2 FAT
152 109 -1 1061 1.1558 2 FAT
152 110 -1 2460 1.2120 2 FAT
152 111 -1 3148 1.2170 2 FAT
152 112 -1 3422 1.2266 2 FAT
152 113 -1 4271 1.2622 0 FAT
152 114 -1 5217 1.2759 0 FAT
152 115 -1 7892 1.2963 0 FAT
152 116 -1 6373 1.2895 0 FAT
152 117 -1 6700 1.2863 0 FAT
152 118 -1 4142 1.2449 0 FAT
152 119 -1 5235 1.2664 0 FAT
152 120 -1 5578 1.2777 0 FAT
152 121 -1 2656 1.2365 2 FAT
152 122 -1 1188 1.2367 2 FAT
152 123 -1 1188 1.2367 2 FAT
152 124 -1 1405 1.2366 2 FAT
152 125 -1 1405 1.2366 2 FAT
152 126 -1 1640 1.2364 2 FAT
152 127 -1 2586 1.2624 2 FAT
152 128 -1 3253 1.2745 2 FAT
152 129 -1 4328 1.2940 0 FAT
152 130 -1 4582 1.2940 0 FAT
152 131 -1 5873 1.3067 0 FAT
152 132 -1 7206 1.3199 0 FAT
152 133 -1 7739 1.3247 0 FAT
152 134 -1 7739 1.3247 0 FAT
152 135 -1 7739 1.3247 0 FAT
152 136 -1 7739 1.3247 0 FAT
152 137 -1 7739 1.3247 0 FAT
152 138 -1 7739 1.3247 0 FAT
152 139 -1 7739 1.3247 0 FAT
152 140 -1 7739 1.3247 0 FAT
152 141 -1 7739 1.3247 0 FAT
152 142 -1 7739 1.3247 0 FAT
152 143 -1 7739 1.3247 0 FAT
152 144 -1 7739 1.3247 0 FAT
152 145 -1 13083 1.3257 0 FAT
152 146 -1 12699 1.3185 0 FAT
152 147 -1 14217 1.3325 0 FAT
152 148 -1 11306 1.3113 0 FAT
152 149 -1 10903 1.3181 0 FAT
152 150 -1 14073 1.3355 0 FAT
152 151 -1 13909 1.3343 0 FAT
152 152 -1 13659 1.3321 0 FAT
152 153 -1 11028 1.3148 0 FAT
152 154 -1 7827 1.2998 0 FAT
152 155 -1 11331 1.3093 0 FAT
152 156 -1 11423 1.3124 0 FAT
152 157 -1 9918 1.3165 0 FAT
152 158 -1 12596 1.3328 0 FAT
152 159 -1 15244 1.3440 0 FAT
152 160 -1 15510 1.3453 0 FAT
152 161 -1 15982 1.3384 0 FAT
152 162 -1 15575 1.3342 0 FAT
152 163 -1 17011 1.3490 0 FAT
152 164 -1 17194 1.3494 0 FAT
152 165 -1 13590 1.3326 0 FAT
152 166 -1 11704 1.3263 0 FAT
152 167 -1 8540 1.3045 0 FAT
152 168 -1 6977 1.3043 0 FAT
152 169 -1 6977 1.3043 0 FAT
152 170 -1 6911 1.3032 0 FAT
152 171 -1 9655 1.3044 0 FAT
152 172 -1 8779 1.2950 0 FAT
152 173 -1 6189 1.2744 0 FAT
152 174 -1 5026 1.2364 0 FAT
152 175 -1 6841 1.2780 0 FAT
152 176 -1 9444 1.3039 0 FAT
152 177 -1 7624 1.2891 0 FAT
152 178 -1 4858 1.2909 0 FAT
152 179 -1 6182 1.3058 0 FAT
152 180 -1 7149 1.3104 0 FAT
152 181 -1 8651 1.3247 0 FAT
152 182 -1 8651 1.3247 0 FAT
152 183 -1 8651 1.3247 0 FAT
152 184 -1 8651 1.3247 0 FAT
152 185 -1 10252 1.3247 0 FAT
152 186 -1 12940 1.3357 0 FAT
152 187 -1 15880 1.3494 0 FAT
152 188 -1 17993 1.3549 0 FAT
152 189 -1 20597 0.0000 0 CAP
152 190 -1 22226 0.0000 0 CAP
152 191 -1 21761 0.0000 0 CAP
152 192 -1 18543 1.3570 0 FAT
152 193 -1 15120 1.3426 0 FAT
152 194 -1 18238 1.3520 0 FAT
152 195 -1 20090 0.0000 0 CAP
152 196 -1 19949 1.3573 0 FAT
152 197 -1 17887 1.3543 0 FAT
152 198 -1 17887 1.3543 0 FAT
152 199 -1 18233 1.3483 0 FAT
152 200 -1 18785 1.3524 0 FAT
152 201 -1 18714 1.3522 0 FAT
152 202 -1 17771 1.3445 0 FAT
152 203 -1 18242 1.3452 0 FAT
152 204 -1 12622 1.3426 0 FAT
152 205 -1 14907 1.3543 0 FAT
152 206 -1 17158 1.3623 0 FAT
152 207 -1 19752 1.3700 0 FAT
152 208 -1 22765 0.0000 0 CAP
# row j=152 L=0.422222 n=209 KILL=0 CYCLE=0 FAT=199 CAP=10 certified=0 lambda[1.0379,1.3700]
153 0 -1 22765 0.0000 0 CAP
153 1 -1 19752 1.3700 0 FAT
153 2 -1 17158 1.3623 0 FAT
153 3 -1 14907 1.3543 0 FAT
153 4 -1 20594 0.0000 0 CAP
153 5 -1 22103 0.0000 0 CAP
153 6 -1 20991 0.0000 0 CAP
153 7 -1 21486 0.0000 0 CAP
153 8 -1 22525 0.0000 0 CAP
153 9 -1 21526 0.0000 0 CAP
153 10 -1 19410 1.3542 0 FAT
153 11 -1 22942 0.0000 0 CAP
153 12 -1 23933 0.0000 0 CAP
153 13 -1 21052 0.0000 0 CAP
153 14 -1 20947 0.0000 0 CAP
153 15 -1 18543 1.3570 0 FAT
153 16 -1 21761 0.0000 0 CAP
153 17 -1 24818 0.0000 0 CAP
153 18 -1 24224 0.0000 0 CAP
153 19 -1 20597 0.0000 0 CAP
153 20 -1 17993 1.3549 0 FAT
153 21 -1 15880 1.3494 0 FAT
153 22 -1 12940 1.3357 0 FAT
153 23 -1 10252 1.3247 0 FAT
153 24 -1 8651 1.3247 0 FAT
153 25 -1 8651 1.3247 0 FAT
153 26 -1 8651 1.3247 0 FAT
153 27 -1 8651 1.3247 0 FAT
153 28 -1 7149 1.3104 0 FAT
153 29 -1 11411 1.3089 0 FAT
153 30 -1 11907 1.3131 0 FAT
153 31 -1 9600 1.3060 0 FAT
153 32 -1 10559 1.3082 0 FAT
153 33 -1 9146 1.2872 0 FAT
153 34 -1 8406 1.2841 0 FAT
153 35 -1 8779 1.2950 0 FAT
153 36 -1 11797 1.3166 0 FAT
153 37 -1 12721 1.3191 0 FAT
153 38 -1 6977 1.3043 0 FAT
153 39 -1 6977 1.3043 0 FAT
153 40 -1 8540 1.3045 0 FAT
153 41 -1 11704 1.3263 0 FAT
153 42 -1 13590 1.3326 0 FAT
153 43 -1 17194 1.3494 0 FAT
153 44 -1 19996 1.3589 0 FAT
153 45 -1 19119 1.3513 0 FAT
153 46 -1 19017 1.3484 0 FAT
153 47 -1 18821 1.3511 0 FAT
153 48 -1 15510 1.3453 0 FAT
153 49 -1 15244 1.3440 0 FAT
153 50 -1 12596 1.3328 0 FAT
153 51 -1 14369 1.3246 0 FAT
153 52 -1 14926 1.3301 0 FAT
153 53 -1 11546 1.3116 0 FAT
153 54 -1 11028 1.3148 0 FAT
153 55 -1 13659 1.3321 0 FAT
153 56 -1 17154 1.3457 0 FAT
153 57 -1 15559 1.3415 0 FAT
153 58 -1 16365 1.3370 0 FAT
153 59 -1 15609 1.3295 0 FAT
153 60 -1 15327 1.3360 0 FAT
153 61 -1 16249 1.3385 0 FAT
153 62 -1 16052 1.3368 0 FAT
153 63 -1 17783 1.3469 0 FAT
153 64 -1 13579 1.3249 0 FAT
153 65 -1 7739 1.3247 0 FAT
153 66 -1 7739 1.3247 0 FAT
153 67 -1 7739 1.3247 0 FAT
153 68 -1 7739 1.3247 0 FAT
153 69 -1 7739 1.3247 0 FAT
153 70 -1 7739 1.3247 0 FAT
153 71 -1 7739 1.3247 0 FAT
153 72 -1 7739 1.3247 0 FAT
153 73 -1 7739 1.3247 0 FAT
153 74 -1 7739 1.3247 0 FAT
153 75 -1 7739 1.3247 0 FAT
153 76 -1 7206 1.3199 0 FAT
153 77 -1 5873 1.3067 0 FAT
153 78 -1 4582 1.2940 0 FAT
153 79 -1 4328 1.2940 0 FAT
153 80 -1 3253 1.2745 2 FAT
153 81 -1 2586 1.2624 2 FAT
153 82 -1 1640 1.2364 2 FAT
153 83 -1 1405 1.2366 2 FAT
153 84 -1 1405 1.2366 2 FAT
153 85 -1 2656 1.2365 2 FAT
153 86 -1 2656 1.2365 2 FAT
153 87 -1 5578 1.2777 0 FAT
153 88 -1 6471 1.2834 0 FAT
153 89 -1 7901 1.2903 0 FAT
153 90 -1 7897 1.2926 0 FAT
153 91 -1 8642 1.3002 0 FAT
153 92 -1 7892 1.2963 0 FAT
153 93 -1 8805 1.3046 0 FAT
153 94 -1 5217 1.2759 0 FAT
153 95 -1 6475 1.2774 0 FAT
153 96 -1 5724 1.2589 0 FAT
153 97 -1 4069 1.2395 2 FAT
153 98 -1 2460 1.2120 2 FAT
153 99 -1 1061 1.1558 2 FAT
153 100 -1 804 1.1548 2 FAT
153 101 -1 804 1.1548 2 FAT
153 102 -1 445 1.1195 2 FAT
153 103 -1 288 1.0491 2 FAT
153 104 -1 288 1.0491 2 FAT
153 105 -1 445 1.1195 2 FAT
153 106 -1 804 1.1548 2 FAT
153 107 -1 804 1.1548 2 FAT
153 108 -1 1061 1.1558 2 FAT
153 109 -1 2460 1.2120 2 FAT
153 110 -1 4069 1.2395 2 FAT
153 111 -1 5724 1.2589 0 FAT
153 112 -1 6475 1.2774 0 FAT
153 113 -1 5217 1.2759 0 FAT
153 114 -1 8805 1.3046 0 FAT
153 115 -1 7892 1.2963 0 FAT
153 116 -1 8642 1.3002 0 FAT
153 117 -1 7897 1.2926 0 FAT
153 118 -1 7901 1.2903 0 FAT
153 119 -1 6471 1.2834 0 FAT
153 120 -1 5578 1.2777 0 FAT
153 121 -1 2656 1.2365 2 FAT
153 122 -1 2656 1.2365 2 FAT
153 123 -1 1405 1.2366 2 FAT
153 124 -1 1405 1.2366 2 FAT
153 125 -1 1640 1.2364 2 FAT
153 126 -1 2586 1.2624 2 FAT
153 127 -1 3253 1.2745 2 FAT
153 128 -1 4328 1.2940 0 FAT
153 129 -1 4582 1.2940 0 FAT
153 130 -1 5873 1.3067 0 FAT
153 131 -1 7206 1.3199 0 FAT
153 132 -1 7739 1.3247 0 FAT
153 133 -1 7739 1.3247 0 FAT
153 134 -1 7739 1.3247 0 FAT
153 135 -1 7739 1.3247 0 FAT
153 136 -1 7739 1.3247 0 FAT
153 137 -1 7739 1.3247 0 FAT
153 138 -1 7739 1.3247 0 FAT
153 139 -1 7739 1.3247 0 FAT
153 140 -1 7739 1.3247 0 FAT
153 141 -1 7739 1.3247 0 FAT
153 142 -1 7739 1.3247 0 FAT
153 143 -1 13579 1.3249 0 FAT
153 144 -1 17783 1.3469 0 FAT
153 145 -1 16052 1.3368 0 FAT
153 146 -1 16249 1.3385 0 FAT
153 147 -1 15327 1.3360 0 FAT
153 148 -1 15609 1.3295 0 FAT
153 149 -1 16365 1.3370 0 FAT
153 150 -1 15559 1.3415 0 FAT
153 151 -1 17154 1.3457 0 FAT
153 152 -1 13659 1.3321 0 FAT
153 153 -1 11028 1.3148 0 FAT
153 154 -1 11546 1.3116 0 FAT
153 155 -1 14926 1.3301 0 FAT
153 156 -1 14369 1.3246 0 FAT
153 157 -1 12596 1.3328 0 FAT
153 158 -1 15244 1.3440 0 FAT
153 159 -1 15510 1.3453 0 FAT
153 160 -1 18821 1.3511 0 FAT
153 161 -1 19017 1.3484 0 FAT
153 162 -1 19119 1.3513 0 FAT
153 163 -1 19996 1.3589 0 FAT
153 164 -1 17194 1.3494 0 FAT
153 165 -1 13590 1.3326 0 FAT
153 166 -1 11704 1.3263 0 FAT
153 167 -1 8540 1.3045 0 FAT
153 168 -1 6977 1.3043 0 FAT
153 169 -1 6977 1.3043 0 FAT
153 170 -1 12721 1.3191 0 FAT
153 171 -1 11797 1.3166 0 FAT
153 172 -1 8779 1.2950 0 FAT
153 173 -1 8406 1.2841 0 FAT
153 174 -1 9146 1.2872 0 FAT
153 175 -1 10559 1.3082 0 FAT
153 176 -1 9600 1.3060 0 FAT
153 177 -1 11907 1.3131 0 FAT
153 178 -1 11411 1.3089 0 FAT
153 179 -1 7149 1.3104 0 FAT
153 180 -1 8651 1.3247 0 FAT
153 181 -1 8651 1.3247 0 FAT
153 182 -1 8651 1.3247 0 FAT
153 183 -1 8651 1.3247 0 FAT
153 184 -1 10252 1.3247 0 FAT
153 185 -1 12940 1.3357 0 FAT
153 186 -1 15880 1.3494 0 FAT
153 187 -1 17993 1.3549 0 FAT
153 188 -1 20597 0.0000 0 CAP
153 189 -1 24224 0.0000 0 CAP
153 190 -1 24818 0.0000 0 CAP
153 191 -1 21761 0.0000 0 CAP
153 192 -1 18543 1.3570 0 FAT
153 193 -1 20947 0.0000 0 CAP
153 194 -1 21052 0.0000 0 CAP
153 195 -1 23933 0.0000 0 CAP
153 196 -1 22942 0.0000 0 CAP
153 197 -1 19410 1.3542 0 FAT
153 198 -1 21526 0.0000 0 CAP
153 199 -1 22525 0.0000 0 CAP
153 200 -1 21486 0.0000 0 CAP
153 201 -1 20991 0.0000 0 CAP
153 202 -1 22103 0.0000 0 CAP
153 203 -1 20594 0.0000 0 CAP
153 204 -1 14907 1.3543 0 FAT
153 205 -1 17158 1.3623 0 FAT
153 206 -1 19752 1.3700 0 FAT
153 207 -1 22765 0.0000 0 CAP
# row j=153 L=0.425000 n=208 KILL=0 CYCLE=0 FAT=178 CAP=30 certified=0 lambda[1.0491,1.3700]
154 0 -1 22765 0.0000 0 CAP
154 1 -1 19752 1.3700 0 FAT
154 2 -1 24309 0.0000 0 CAP
154 3 -1 24542 0.0000 0 CAP
154 4 -1 24721 0.0000 0 CAP
154 5 -1 25599 0.0000 0 CAP
154 6 -1 24040 0.0000 0 CAP
154 7 -1 25442 0.0000 0 CAP
154 8 -1 26034 0.0000 0 CAP
154 9 -1 23600 0.0000 0 CAP
154 10 -1 22942 0.0000 0 CAP
154 11 -1 27128 0.0000 0 CAP
154 12 -1 24919 0.0000 0 CAP
154 13 -1 24274 0.0000 0 CAP
154 14 -1 25361 0.0000 0 CAP
154 15 -1 21761 0.0000 0 CAP
154 16 -1 24818 0.0000 0 CAP
154 17 -1 26878 0.0000 0 CAP
154 18 -1 24224 0.0000 0 CAP
154 19 -1 20597 0.0000 0 CAP
154 20 -1 17993 1.3549 0 FAT
154 21 -1 15880 1.3494 0 FAT
154 22 -1 12940 1.3357 0 FAT
154 23 -1 10252 1.3247 0 FAT
154 24 -1 8651 1.3247 0 FAT
154 25 -1 8651 1.3247 0 FAT
154 26 -1 8651 1.3247 0 FAT
154 27 -1 8651 1.3247 0 FAT
154 28 -1 14275 1.3179 0 FAT
154 29 -1 15527 1.3318 0 FAT
154 30 -1 15183 1.3270 0 FAT
154 31 -1 10717 1.3101 0 FAT
154 32 -1 13791 1.3182 0 FAT
154 33 -1 12888 1.3150 0 FAT
154 34 -1 11733 1.3053 0 FAT
154 35 -1 11797 1.3166 0 FAT
154 36 -1 15189 1.3300 0 FAT
154 37 -1 12821 1.3202 0 FAT
154 38 -1 6977 1.3043 0 FAT
154 39 -1 8540 1.3045 0 FAT
154 40 -1 11704 1.3263 0 FAT
154 41 -1 13590 1.3326 0 FAT
154 42 -1 17194 1.3494 0 FAT
154 43 -1 19996 1.3589 0 FAT
154 44 -1 22451 0.0000 0 CAP
154 45 -1 22689 0.0000 0 CAP
154 46 -1 22032 0.0000 0 CAP
154 47 -1 18821 1.3511 0 FAT
154 48 -1 15510 1.3453 0 FAT
154 49 -1 15244 1.3440 0 FAT
154 50 -1 18350 1.3430 0 FAT
154 51 -1 18270 1.3409 0 FAT
154 52 -1 15141 1.3318 0 FAT
154 53 -1 16497 1.3293 0 FAT
154 54 -1 13659 1.3321 0 FAT
154 55 -1 17570 1.3457 0 FAT
154 56 -1 18985 1.3523 0 FAT
154 57 -1 18150 1.3438 0 FAT
154 58 -1 19778 1.3470 0 FAT
154 59 -1 20170 0.0000 0 CAP
154 60 -1 17491 1.3419 0 FAT
154 61 -1 19714 1.3524 0 FAT
154 62 -1 21132 0.0000 0 CAP
154 63 -1 17783 1.3469 0 FAT
154 64 -1 13579 1.3249 0 FAT
154 65 -1 7739 1.3247 0 FAT
154 66 -1 7739 1.3247 0 FAT
154 67 -1 7739 1.3247 0 FAT
154 68 -1 7739 1.3247 0 FAT
154 69 -1 7739 1.3247 0 FAT
154 70 -1 7739 1.3247 0 FAT
154 71 -1 7739 1.3247 0 FAT
154 72 -1 7739 1.3247 0 FAT
154 73 -1 7739 1.3247 0 FAT
154 74 -1 7739 1.3247 0 FAT
154 75 -1 7739 1.3247 0 FAT
154 76 -1 7206 1.3199 0 FAT
154 77 -1 5873 1.3067 0 FAT
154 78 -1 4582 1.2940 0 FAT
154 79 -1 4328 1.2940 0 FAT
154 80 -1 3253 1.2745 2 FAT
154 81 -1 2586 1.2624 2 FAT
154 82 -1 1701 1.2365 2 FAT
154 83 -1 4463 1.2376 0 FAT
154 84 -1 4054 1.2375 2 FAT
154 85 -1 2656 1.2365 2 FAT
154 86 -1 5578 1.2777 0 FAT
154 87 -1 6471 1.2834 0 FAT
154 88 -1 9283 1.3032 0 FAT
154 89 -1 12224 1.3203 0 FAT
154 90 -1 10608 1.3058 0 FAT
154 91 -1 10804 1.3088 0 FAT
154 92 -1 8805 1.3046 0 FAT
154 93 -1 8805 1.3046 0 FAT
154 94 -1 8706 1.2919 0 FAT
154 95 -1 9209 1.2961 0 FAT
154 96 -1 6761 1.2724 0 FAT
154 97 -1 4069 1.2395 2 FAT
154 98 -1 2460 1.2120 2 FAT
154 99 -1 1061 1.1558 2 FAT
154 100 -1 804 1.1548 2 FAT
154 101 -1 804 1.1548 2 FAT
154 102 -1 1537 1.1665 2 FAT
154 103 -1 452 1.0768 2 FAT
154 104 -1 1537 1.1665 2 FAT
154 105 -1 804 1.1548 2 FAT
154 106 -1 804 1.1548 2 FAT
154 107 -1 1061 1.1558 2 FAT
154 108 -1 2460 1.2120 2 FAT
154 109 -1 4069 1.2395 2 FAT
154 110 -1 6761 1.2724 0 FAT
154 111 -1 9209 1.2961 0 FAT
154 112 -1 8706 1.2919 0 FAT
154 113 -1 8805 1.3046 0 FAT
154 114 -1 8805 1.3046 0 FAT
154 115 -1 10804 1.3088 0 FAT
154 116 -1 10608 1.3058 0 FAT
154 117 -1 12224 1.3203 0 FAT
154 118 -1 9283 1.3032 0 FAT
154 119 -1 6471 1.2834 0 FAT
154 120 -1 5578 1.2777 0 FAT
154 121 -1 2656 1.2365 2 FAT
154 122 -1 4054 1.2375 2 FAT
154 123 -1 4463 1.2376 0 FAT
154 124 -1 1701 1.2365 2 FAT
154 125 -1 2586 1.2624 2 FAT
154 126 -1 3253 1.2745 2 FAT
154 127 -1 4328 1.2940 0 FAT
154 128 -1 4582 1.2940 0 FAT
154 129 -1 5873 1.3067 0 FAT
154 130 -1 7206 1.3199 0 FAT
154 131 -1 7739 1.3247 0 FAT
154 132 -1 7739 1.3247 0 FAT
154 133 -1 7739 1.3247 0 FAT
154 134 -1 7739 1.3247 0 FAT
154 135 -1 7739 1.3247 0 FAT
154 136 -1 7739 1.3247 0 FAT
154 137 -1 7739 1.3247 0 FAT
154 138 -1 7739 1.3247 0 FAT
154 139 -1 7739 1.3247 0 FAT
154 140 -1 7739 1.3247 0 FAT
154 141 -1 7739 1.3247 0 FAT
154 142 -1 13579 1.3249 0 FAT
154 143 -1 17783 1.3469 0 FAT
154 144 -1 21132 0.0000 0 CAP
154 145 -1 19714 1.3524 0 FAT
154 146 -1 17491 1.3419 0 FAT
154 147 -1 20170 0.0000 0 CAP
154 148 -1 19778 1.3470 0 FAT
154 149 -1 18150 1.3438 0 FAT
154 150 -1 18985 1.3523 0 FAT
154 151 -1 17570 1.3457 0 FAT
154 152 -1 13659 1.3321 0 FAT
154 153 -1 16497 1.3293 0 FAT
154 154 -1 15141 1.3318 0 FAT
154 155 -1 18270 1.3409 0 FAT
154 156 -1 18350 1.3430 0 FAT
154 157 -1 15244 1.3440 0 FAT
154 158 -1 15510 1.3453 0 FAT
154 159 -1 18821 1.3511 0 FAT
154 160 -1 22032 0.0000 0 CAP
154 161 -1 22689 0.0000 0 CAP
154 162 -1 22451 0.0000 0 CAP
154 163 -1 19996 1.3589 0 FAT
154 164 -1 17194 1.3494 0 FAT
154 165 -1 13590 1.3326 0 FAT
154 166 -1 11704 1.3263 0 FAT
154 167 -1 8540 1.3045 0 FAT
154 168 -1 6977 1.3043 0 FAT
154 169 -1 12821 1.3202 0 FAT
154 170 -1 15189 1.3300 0 FAT
154 171 -1 11797 1.3166 0 FAT
154 172 -1 11733 1.3053 0 FAT
154 173 -1 12888 1.3150 0 FAT
154 174 -1 13791 1.3182 0 FAT
154 175 -1 10717 1.3101 0 FAT
154 176 -1 15183 1.3270 0 FAT
154 177 -1 15527 1.3318 0 FAT
154 178 -1 14275 1.3179 0 FAT
154 179 -1 8651 1.3247 0 FAT
154 180 -1 8651 1.3247 0 FAT
154 181 -1 8651 1.3247 0 FAT
154 182 -1 8651 1.3247 0 FAT
154 183 -1 10252 1.3247 0 FAT
154 184 -1 12940 1.3357 0 FAT
154 185 -1 15880 1.3494 0 FAT
154 186 -1 17993 1.3549 0 FAT
154 187 -1 20597 0.0000 0 CAP
154 188 -1 24224 0.0000 0 CAP
154 189 -1 26878 0.0000 0 CAP
154 190 -1 24818 0.0000 0 CAP
154 191 -1 21761 0.0000 0 CAP
154 192 -1 25361 0.0000 0 CAP
154 193 -1 24274 0.0000 0 CAP
154 194 -1 24919 0.0000 0 CAP
154 195 -1 27128 0.0000 0 CAP
154 196 -1 22942 0.0000 0 CAP
154 197 -1 23600 0.0000 0 CAP
154 198 -1 26034 0.0000 0 CAP
154 199 -1 25442 0.0000 0 CAP
154 200 -1 24040 0.0000 0 CAP
154 201 -1 25599 0.0000 0 CAP
154 202 -1 24721 0.0000 0 CAP
154 203 -1 24542 0.0000 0 CAP
154 204 -1 24309 0.0000 0 CAP
154 205 -1 19752 1.3700 0 FAT
154 206 -1 22765 0.0000 0 CAP
# row j=154 L=0.427778 n=207 KILL=0 CYCLE=0 FAT=159 CAP=48 certified=0 lambda[1.0768,1.3700]
155 0 -1 22765 0.0000 0 CAP
155 1 -1 20939 0.0000 0 CAP
155 2 -1 20849 0.0000 0 CAP
155 3 -1 20909 0.0000 0 CAP
155 4 -1 20761 0.0000 0 CAP
155 5 -1 20882 0.0000 0 CAP
155 6 -1 20732 0.0000 0 CAP
155 7 -1 21037 0.0000 0 CAP
155 8 -1 20814 0.0000 0 CAP
155 9 -1 20159 0.0000 0 CAP
155 10 -1 27128 0.0000 0 CAP
155 11 -1 20380 0.0000 0 CAP
155 12 -1 20911 0.0000 0 CAP
155 13 -1 21019 0.0000 0 CAP
155 14 -1 21445 0.0000 0 CAP
155 15 -1 24818 0.0000 0 CAP
155 16 -1 26878 0.0000 0 CAP
155 17 -1 26878 0.0000 0 CAP
155 18 -1 24224 0.0000 0 CAP
155 19 -1 20597 0.0000 0 CAP
155 20 -1 17993 1.3549 0 FAT
155 21 -1 15880 1.3494 0 FAT
155 22 -1 12940 1.3357 0 FAT
155 23 -1 10252 1.3247 0 FAT
155 24 -1 8651 1.3247 0 FAT
155 25 -1 8651 1.3247 0 FAT
155 26 -1 8651 1.3247 0 FAT
155 27 -1 17890 1.3379 0 FAT
155 28 -1 18865 1.3396 0 FAT
155 29 -1 19119 1.3436 0 FAT
155 30 -1 15816 1.3311 0 FAT
155 31 -1 13963 1.3199 0 FAT
155 32 -1 17887 1.3378 0 FAT
155 33 -1 16717 1.3302 0 FAT
155 34 -1 16388 1.3266 0 FAT
155 35 -1 15189 1.3300 0 FAT
155 36 -1 15289 1.3310 0 FAT
155 37 -1 12821 1.3202 0 FAT
155 38 -1 13382 1.3053 0 FAT
155 39 -1 11704 1.3263 0 FAT
155 40 -1 13590 1.3326 0 FAT
155 41 -1 17194 1.3494 0 FAT
155 42 -1 19996 1.3589 0 FAT
155 43 -1 22451 0.0000 0 CAP
155 44 -1 26201 0.0000 0 CAP
155 45 -1 25774 0.0000 0 CAP
155 46 -1 22032 0.0000 0 CAP
155 47 -1 18821 1.3511 0 FAT
155 48 -1 15510 1.3453 0 FAT
155 49 -1 22409 0.0000 0 CAP
155 50 -1 22497 0.0000 0 CAP
155 51 -1 18493 1.3423 0 FAT
155 52 -1 20710 0.0000 0 CAP
155 53 -1 19928 1.3461 0 FAT
155 54 -1 17570 1.3457 0 FAT
155 55 -1 18985 1.3523 0 FAT
155 56 -1 22293 0.0000 0 CAP
155 57 -1 21719 0.0000 0 CAP
155 58 -1 24473 0.0000 0 CAP
155 59 -1 22881 0.0000 0 CAP
155 60 -1 21066 0.0000 0 CAP
155 61 -1 24992 0.0000 0 CAP
155 62 -1 21132 0.0000 0 CAP
155 63 -1 17783 1.3469 0 FAT
155 64 -1 13579 1.3249 0 FAT
155 65 -1 10252 1.3247 0 FAT
155 66 -1 7739 1.3247 0 FAT
155 67 -1 7739 1.3247 0 FAT
155 68 -1 7739 1.3247 0 FAT
155 69 -1 7739 1.3247 0 FAT
155 70 -1 7739 1.3247 0 FAT
155 71 -1 7739 1.3247 0 FAT
155 72 -1 7739 1.3247 0 FAT
155 73 -1 7739 1.3247 0 FAT
155 74 -1 7739 1.3247 0 FAT
155 75 -1 7739 1.3247 0 FAT
155 76 -1 7206 1.3199 0 FAT
155 77 -1 5873 1.3067 0 FAT
155 78 -1 4582 1.2940 0 FAT
155 79 -1 4328 1.2940 0 FAT
155 80 -1 3253 1.2745 2 FAT
155 81 -1 2586 1.2624 2 FAT
155 82 -1 5835 1.2439 0 FAT
155 83 -1 5404 1.2422 0 FAT
155 84 -1 4054 1.2375 2 FAT
155 85 -1 5578 1.2777 0 FAT
155 86 -1 6471 1.2834 0 FAT
155 87 -1 9283 1.3032 0 FAT
155 88 -1 13696 1.3285 0 FAT
155 89 -1 14935 1.3310 0 FAT
155 90 -1 13402 1.3159 0 FAT
155 91 -1 11908 1.3163 0 FAT
155 92 -1 8805 1.3046 0 FAT
155 93 -1 12933 1.3198 0 FAT
155 94 -1 11951 1.3095 0 FAT
155 95 -1 10314 1.3040 0 FAT
155 96 -1 6761 1.2724 0 FAT
155 97 -1 4069 1.2395 2 FAT
155 98 -1 2460 1.2120 2 FAT
155 99 -1 1204 1.1570 2 FAT
155 100 -1 804 1.1548 2 FAT
155 101 -1 2685 1.2032 2 FAT
155 102 -1 1889 1.1783 2 FAT
155 103 -1 1889 1.1783 2 FAT
155 104 -1 2685 1.2032 2 FAT
155 105 -1 804 1.1548 2 FAT
155 106 -1 1204 1.1570 2 FAT
155 107 -1 2460 1.2120 2 FAT
155 108 -1 4069 1.2395 2 FAT
155 109 -1 6761 1.2724 0 FAT
155 110 -1 10314 1.3040 0 FAT
155 111 -1 11951 1.3095 0 FAT
155 112 -1 12933 1.3198 0 FAT
155 113 -1 8805 1.3046 0 FAT
155 114 -1 11908 1.3163 0 FAT
155 115 -1 13402 1.3159 0 FAT
155 116 -1 14935 1.3310 0 FAT
155 117 -1 13696 1.3285 0 FAT
155 118 -1 9283 1.3032 0 FAT
155 119 -1 6471 1.2834 0 FAT
155 120 -1 5578 1.2777 0 FAT
155 121 -1 4054 1.2375 2 FAT
155 122 -1 5404 1.2422 0 FAT
155 123 -1 5835 1.2439 0 FAT
155 124 -1 2586 1.2624 2 FAT
155 125 -1 3253 1.2745 2 FAT
155 126 -1 4328 1.2940 0 FAT
155 127 -1 4582 1.2940 0 FAT
155 128 -1 5873 1.3067 0 FAT
155 129 -1 7206 1.3199 0 FAT
155 130 -1 7739 1.3247 0 FAT
155 131 -1 7739 1.3247 0 FAT
155 132 -1 7739 1.3247 0 FAT
155 133 -1 7739 1.3247 0 FAT
155 134 -1 7739 1.3247 0 FAT
155 135 -1 7739 1.3247 0 FAT
155 136 -1 7739 1.3247 0 FAT
155 137 -1 7739 1.3247 0 FAT
155 138 -1 7739 1.3247 0 FAT
155 139 -1 7739 1.3247 0 FAT
155 140 -1 10252 1.3247 0 FAT
155 141 -1 13579 1.3249 0 FAT
155 142 -1 17783 1.3469 0 FAT
155 143 -1 21132 0.0000 0 CAP
155 144 -1 24992 0.0000 0 CAP
155 145 -1 21066 0.0000 0 CAP
155 146 -1 22881 0.0000 0 CAP
155 147 -1 24473 0.0000 0 CAP
155 148 -1 21719 0.0000 0 CAP
155 149 -1 22293 0.0000 0 CAP
155 150 -1 18985 1.3523 0 FAT
155 151 -1 17570 1.3457 0 FAT
155 152 -1 19928 1.3461 0 FAT
155 153 -1 20710 0.0000 0 CAP
155 154 -1 18493 1.3423 0 FAT
155 155 -1 22497 0.0000 0 CAP
155 156 -1 22409 0.0000 0 CAP
155 157 -1 15510 1.3453 0 FAT
155 158 -1 18821 1.3511 0 FAT
155 159 -1 22032 0.0000 0 CAP
155 160 -1 25774 0.0000 0 CAP
155 161 -1 26201 0.0000 0 CAP
155 162 -1 22451 0.0000 0 CAP
155 163 -1 19996 1.3589 0 FAT
155 164 -1 17194 1.3494 0 FAT
155 165 -1 13590 1.3326 0 FAT
155 166 -1 11704 1.3263 0 FAT
155 167 -1 13382 1.3053 0 FAT
155 168 -1 12821 1.3202 0 FAT
155 169 -1 15289 1.3310 0 FAT
155 170 -1 15189 1.3300 0 FAT
155 171 -1 16388 1.3266 0 FAT
155 172 -1 16717 1.3302 0 FAT
155 173 -1 17887 1.3378 0 FAT
155 174 -1 13963 1.3199 0 FAT
155 175 -1 15816 1.3311 0 FAT
155 176 -1 19119 1.3436 0 FAT
155 177 -1 18865 1.3396 0 FAT
155 178 -1 17890 1.3379 0 FAT
155 179 -1 8651 1.3247 0 FAT
155 180 -1 8651 1.3247 0 FAT
155 181 -1 8651 1.3247 0 FAT
155 182 -1 10252 1.3247 0 FAT
155 183 -1 12940 1.3357 0 FAT
155 184 -1 15880 1.3494 0 FAT
155 185 -1 17993 1.3549 0 FAT
155 186 -1 20597 0.0000 0 CAP
155 187 -1 24224 0.0000 0 CAP
155 188 -1 26878 0.0000 0 CAP
155 189 -1 26878 0.0000 0 CAP
155 190 -1 24818 0.0000 0 CAP
155 191 -1 21445 0.0000 0 CAP
155 192 -1 21019 0.0000 0 CAP
155 193 -1 20911 0.0000 0 CAP
155 194 -1 20380 0.0000 0 CAP
155 195 -1 27128 0.0000 0 CAP
155 196 -1 20159 0.0000 0 CAP
155 197 -1 20814 0.0000 0 CAP
155 198 -1 21037 0.0000 0 CAP
155 199 -1 20732 0.0000 0 CAP
155 200 -1 20882 0.0000 0 CAP
155 201 -1 20761 0.0000 0 CAP
155 202 -1 20909 0.0000 0 CAP
155 203 -1 20849 0.0000 0 CAP
155 204 -1 20939 0.0000 0 CAP
155 205 -1 22765 0.0000 0 CAP
# row j=155 L=0.430556 n=206 KILL=0 CYCLE=0 FAT=138 CAP=68 certified=0 lambda[1.1548,1.3589]
156 0 -1 24263 0.0000 0 CAP
156 1 -1 24107 0.0000 0 CAP
156 2 -1 23924 0.0000 0 CAP
156 3 -1 23676 0.0000 0 CAP
156 4 -1 23064 0.0000 0 CAP
156 5 -1 24245 0.0000 0 CAP
156 6 -1 23454 0.0000 0 CAP
156 7 -1 23062 0.0000 0 CAP
156 8 -1 23728 0.0000 0 CAP
156 9 -1 23567 0.0000 0 CAP
156 10 -1 20380 0.0000 0 CAP
156 11 -1 23466 0.0000 0 CAP
156 12 -1 24227 0.0000 0 CAP
156 13 -1 24255 0.0000 0 CAP
156 14 -1 24242 0.0000 0 CAP
156 15 -1 21513 0.0000 0 CAP
156 16 -1 26878 0.0000 0 CAP
156 17 -1 26878 0.0000 0 CAP
156 18 -1 24224 0.0000 0 CAP
156 19 -1 20597 0.0000 0 CAP
156 20 -1 17993 1.3549 0 FAT
156 21 -1 15880 1.3494 0 FAT
156 22 -1 12940 1.3357 0 FAT
156 23 -1 10252 1.3247 0 FAT
156 24 -1 8651 1.3247 0 FAT
156 25 -1 13581 1.3247 0 FAT
156 26 -1 17890 1.3379 0 FAT
156 27 -1 22618 0.0000 0 CAP
156 28 -1 22984 0.0000 0 CAP
156 29 -1 19760 1.3467 0 FAT
156 30 -1 20495 0.0000 0 CAP
156 31 -1 19968 1.3392 0 FAT
156 32 -1 22192 0.0000 0 CAP
156 33 -1 20750 0.0000 0 CAP
156 34 -1 20999 0.0000 0 CAP
156 35 -1 15289 1.3310 0 FAT
156 36 -1 15289 1.3310 0 FAT
156 37 -1 17510 1.3251 0 FAT
156 38 -1 19112 1.3347 0 FAT
156 39 -1 13590 1.3326 0 FAT
156 40 -1 17194 1.3494 0 FAT
156 41 -1 19996 1.3589 0 FAT
156 42 -1 22451 0.0000 0 CAP
156 43 -1 26201 0.0000 0 CAP
156 44 -1 21301 0.0000 0 CAP
156 45 -1 25774 0.0000 0 CAP
156 46 -1 22032 0.0000 0 CAP
156 47 -1 18821 1.3511 0 FAT
156 48 -1 22773 0.0000 0 CAP
156 49 -1 26919 0.0000 0 CAP
156 50 -1 22720 0.0000 0 CAP
156 51 -1 24914 0.0000 0 CAP
156 52 -1 24229 0.0000 0 CAP
156 53 -1 25432 0.0000 0 CAP
156 54 -1 18985 1.3523 0 FAT
156 55 -1 22293 0.0000 0 CAP
156 56 -1 26319 0.0000 0 CAP
156 57 -1 26518 0.0000 0 CAP
156 58 -1 20091 0.0000 0 CAP
156 59 -1 26924 0.0000 0 CAP
156 60 -1 26516 0.0000 0 CAP
156 61 -1 24992 0.0000 0 CAP
156 62 -1 21132 0.0000 0 CAP
156 63 -1 17783 1.3469 0 FAT
156 64 -1 13579 1.3249 0 FAT
156 65 -1 10252 1.3247 0 FAT
156 66 -1 7739 1.3247 0 FAT
156 67 -1 7739 1.3247 0 FAT
156 68 -1 7739 1.3247 0 FAT
156 69 -1 7739 1.3247 0 FAT
156 70 -1 7739 1.3247 0 FAT
156 71 -1 7739 1.3247 0 FAT
156 72 -1 7739 1.3247 0 FAT
156 73 -1 7739 1.3247 0 FAT
156 74 -1 7739 1.3247 0 FAT
156 75 -1 7739 1.3247 0 FAT
156 76 -1 7271 1.3199 0 FAT
156 77 -1 5873 1.3067 0 FAT
156 78 -1 4582 1.2940 0 FAT
156 79 -1 4328 1.2940 0 FAT
156 80 -1 10309 1.2911 0 FAT
156 81 -1 10698 1.2953 0 FAT
156 82 -1 7156 1.2520 0 FAT
156 83 -1 5404 1.2422 0 FAT
156 84 -1 9233 1.2909 0 FAT
156 85 -1 9104 1.2846 0 FAT
156 86 -1 9672 1.3031 0 FAT
156 87 -1 13696 1.3285 0 FAT
156 88 -1 16519 1.3386 0 FAT
156 89 -1 18240 1.3393 0 FAT
156 90 -1 14634 1.3234 0 FAT
156 91 -1 11908 1.3163 0 FAT
156 92 -1 12933 1.3198 0 FAT
156 93 -1 16646 1.3332 0 FAT
156 94 -1 13176 1.3167 0 FAT
156 95 -1 10314 1.3040 0 FAT
156 96 -1 6761 1.2724 0 FAT
156 97 -1 4069 1.2395 2 FAT
156 98 -1 2460 1.2120 2 FAT
156 99 -1 1204 1.1570 2 FAT
156 100 -1 2685 1.2032 2 FAT
156 101 -1 3139 1.2123 2 FAT
156 102 -1 4380 1.2311 0 FAT
156 103 -1 3139 1.2123 2 FAT
156 104 -1 2685 1.2032 2 FAT
156 105 -1 1204 1.1570 2 FAT
156 106 -1 2460 1.2120 2 FAT
156 107 -1 4069 1.2395 2 FAT
156 108 -1 6761 1.2724 0 FAT
156 109 -1 10314 1.3040 0 FAT
156 110 -1 13176 1.3167 0 FAT
156 111 -1 16646 1.3332 0 FAT
156 112 -1 12933 1.3198 0 FAT
156 113 -1 11908 1.3163 0 FAT
156 114 -1 14634 1.3234 0 FAT
156 115 -1 18240 1.3393 0 FAT
156 116 -1 16519 1.3386 0 FAT
156 117 -1 13696 1.3285 0 FAT
156 118 -1 9672 1.3031 0 FAT
156 119 -1 9104 1.2846 0 FAT
156 120 -1 9233 1.2909 0 FAT
156 121 -1 5404 1.2422 0 FAT
156 122 -1 7156 1.2520 0 FAT
156 123 -1 10698 1.2953 0 FAT
156 124 -1 10309 1.2911 0 FAT
156 125 -1 4328 1.2940 0 FAT
156 126 -1 4582 1.2940 0 FAT
156 127 -1 5873 1.3067 0 FAT
156 128 -1 7271 1.3199 0 FAT
156 129 -1 7739 1.3247 0 FAT
156 130 -1 7739 1.3247 0 FAT
156 131 -1 7739 1.3247 0 FAT
156 132 -1 7739 1.3247 0 FAT
156 133 -1 7739 1.3247 0 FAT
156 134 -1 7739 1.3247 0 FAT
156 135 -1 7739 1.3247 0 FAT
156 136 -1 7739 1.3247 0 FAT
156 137 -1 7739 1.3247 0 FAT
156 138 -1 7739 1.3247 0 FAT
156 139 -1 10252 1.3247 0 FAT
156 140 -1 13579 1.3249 0 FAT
156 141 -1 17783 1.3469 0 FAT
156 142 -1 21132 0.0000 0 CAP
156 143 -1 24992 0.0000 0 CAP
156 144 -1 26516 0.0000 0 CAP
156 145 -1 26924 0.0000 0 CAP
156 146 -1 20091 0.0000 0 CAP
156 147 -1 26518 0.0000 0 CAP
156 148 -1 26319 0.0000 0 CAP
156 149 -1 22293 0.0000 0 CAP
156 150 -1 18985 1.3523 0 FAT
156 151 -1 25432 0.0000 0 CAP
156 152 -1 24229 0.0000 0 CAP
156 153 -1 24914 0.0000 0 CAP
156 154 -1 22720 0.0000 0 CAP
156 155 -1 26919 0.0000 0 CAP
156 156 -1 22773 0.0000 0 CAP
156 157 -1 18821 1.3511 0 FAT
156 158 -1 22032 0.0000 0 CAP
156 159 -1 25774 0.0000 0 CAP
156 160 -1 21301 0.0000 0 CAP
156 161 -1 26201 0.0000 0 CAP
156 162 -1 22451 0.0000 0 CAP
156 163 -1 19996 1.3589 0 FAT
156 164 -1 17194 1.3494 0 FAT
156 165 -1 13590 1.3326 0 FAT
156 166 -1 19112 1.3347 0 FAT
156 167 -1 17510 1.3251 0 FAT
156 168 -1 15289 1.3310 0 FAT
156 169 -1 15289 1.3310 0 FAT
156 170 -1 20999 0.0000 0 CAP
156 171 -1 20750 0.0000 0 CAP
156 172 -1 22192 0.0000 0 CAP
156 173 -1 19968 1.3392 0 FAT
156 174 -1 20495 0.0000 0 CAP
156 175 -1 19760 1.3467 0 FAT
156 176 -1 22984 0.0000 0 CAP
156 177 -1 22618 0.0000 0 CAP
156 178 -1 17890 1.3379 0 FAT
156 179 -1 13581 1.3247 0 FAT
156 180 -1 8651 1.3247 0 FAT
156 181 -1 10252 1.3247 0 FAT
156 182 -1 12940 1.3357 0 FAT
156 183 -1 15880 1.3494 0 FAT
156 184 -1 17993 1.3549 0 FAT
156 185 -1 20597 0.0000 0 CAP
156 186 -1 24224 0.0000 0 CAP
156 187 -1 26878 0.0000 0 CAP
156 188 -1 26878 0.0000 0 CAP
156 189 -1 21513 0.0000 0 CAP
156 190 -1 24242 0.0000 0 CAP
156 191 -1 24255 0.0000 0 CAP
156 192 -1 24227 0.0000 0 CAP
156 193 -1 23466 0.0000 0 CAP
156 194 -1 20380 0.0000 0 CAP
156 195 -1 23567 0.0000 0 CAP
156 196 -1 23728 0.0000 0 CAP
156 197 -1 23062 0.0000 0 CAP
156 198 -1 23454 0.0000 0 CAP
156 199 -1 24245 0.0000 0 CAP
156 200 -1 23064 0.0000 0 CAP
156 201 -1 23676 0.0000 0 CAP
156 202 -1 23924 0.0000 0 CAP
156 203 -1 24107 0.0000 0 CAP
156 204 -1 24263 0.0000 0 CAP
# row j=156 L=0.433333 n=205 KILL=0 CYCLE=0 FAT=115 CAP=90 certified=0 lambda[1.1570,1.3589]
157 0 -1 27499 0.0000 0 CAP
157 1 -1 27326 0.0000 0 CAP
157 2 -1 26883 0.0000 0 CAP
157 3 -1 26017 0.0000 0 CAP
157 4 -1 26699 0.0000 0 CAP
157 5 -1 27063 0.0000 0 CAP
157 6 -1 25825 0.0000 0 CAP
157 7 -1 26014 0.0000 0 CAP
157 8 -1 27342 0.0000 0 CAP
157 9 -1 24332 0.0000 0 CAP
157 10 -1 23466 0.0000 0 CAP
157 11 -1 26868 0.0000 0 CAP
157 12 -1 27401 0.0000 0 CAP
157 13 -1 27238 0.0000 0 CAP
157 14 -1 25986 0.0000 0 CAP
157 15 -1 22289 0.0000 0 CAP
157 16 -1 26878 0.0000 0 CAP
157 17 -1 26878 0.0000 0 CAP
157 18 -1 24224 0.0000 0 CAP
157 19 -1 20597 0.0000 0 CAP
157 20 -1 17993 1.3549 0 FAT
157 21 -1 15880 1.3494 0 FAT
157 22 -1 12940 1.3357 0 FAT
157 23 -1 10252 1.3247 0 FAT
157 24 -1 13581 1.3247 0 FAT
157 25 -1 17890 1.3379 0 FAT
157 26 -1 22626 0.0000 0 CAP
157 27 -1 26949 0.0000 0 CAP
157 28 -1 23665 0.0000 0 CAP
157 29 -1 25192 0.0000 0 CAP
157 30 -1 25348 0.0000 0 CAP
157 31 -1 24829 0.0000 0 CAP
157 32 -1 26529 0.0000 0 CAP
157 33 -1 25715 0.0000 0 CAP
157 34 -1 21105 0.0000 0 CAP
157 35 -1 15289 1.3310 0 FAT
157 36 -1 21324 0.0000 0 CAP
157 37 -1 23628 0.0000 0 CAP
157 38 -1 22894 0.0000 0 CAP
157 39 -1 17194 1.3494 0 FAT
157 40 -1 19996 1.3589 0 FAT
157 41 -1 22451 0.0000 0 CAP
157 42 -1 26201 0.0000 0 CAP
157 43 -1 21301 0.0000 0 CAP
157 44 -1 21301 0.0000 0 CAP
157 45 -1 25774 0.0000 0 CAP
157 46 -1 22032 0.0000 0 CAP
157 47 -1 20846 0.0000 0 CAP
157 48 -1 27291 0.0000 0 CAP
157 49 -1 21706 0.0000 0 CAP
157 50 -1 21836 0.0000 0 CAP
157 51 -1 21005 0.0000 0 CAP
157 52 -1 21942 0.0000 0 CAP
157 53 -1 27202 0.0000 0 CAP
157 54 -1 26731 0.0000 0 CAP
157 55 -1 26319 0.0000 0 CAP
157 56 -1 22837 0.0000 0 CAP
157 57 -1 21621 0.0000 0 CAP
157 58 -1 23006 0.0000 0 CAP
157 59 -1 23950 0.0000 0 CAP
157 60 -1 26516 0.0000 0 CAP
157 61 -1 24992 0.0000 0 CAP
157 62 -1 21132 0.0000 0 CAP
157 63 -1 17783 1.3469 0 FAT
157 64 -1 13579 1.3249 0 FAT
157 65 -1 10252 1.3247 0 FAT
157 66 -1 10252 1.3247 0 FAT
157 67 -1 7739 1.3247 0 FAT
157 68 -1 7739 1.3247 0 FAT
157 69 -1 7739 1.3247 0 FAT
157 70 -1 7739 1.3247 0 FAT
157 71 -1 7739 1.3247 0 FAT
157 72 -1 7739 1.3247 0 FAT
157 73 -1 7739 1.3247 0 FAT
157 74 -1 7739 1.3247 0 FAT
157 75 -1 7739 1.3247 0 FAT
157 76 -1 7271 1.3199 0 FAT
157 77 -1 5873 1.3067 0 FAT
157 78 -1 11370 1.2943 0 FAT
157 79 -1 15189 1.3233 0 FAT
157 80 -1 14668 1.3158 0 FAT
157 81 -1 12516 1.3013 0 FAT
157 82 -1 7156 1.2520 0 FAT
157 83 -1 12213 1.2994 0 FAT
157 84 -1 10895 1.2983 0 FAT
157 85 -1 14396 1.3112 0 FAT
157 86 -1 13696 1.3285 0 FAT
157 87 -1 16519 1.3386 0 FAT
157 88 -1 20007 0.0000 0 CAP
157 89 -1 19534 1.3447 0 FAT
157 90 -1 14634 1.3234 0 FAT
157 91 -1 17726 1.3328 0 FAT
157 92 -1 16646 1.3332 0 FAT
157 93 -1 17941 1.3383 0 FAT
157 94 -1 13176 1.3167 0 FAT
157 95 -1 10314 1.3040 0 FAT
157 96 -1 6761 1.2724 0 FAT
157 97 -1 4069 1.2395 2 FAT
157 98 -1 4544 1.2161 0 FAT
157 99 -1 5201 1.2259 0 FAT
157 100 -1 3139 1.2123 2 FAT
157 101 -1 6890 1.2545 0 FAT
157 102 -1 6890 1.2545 0 FAT
157 103 -1 3139 1.2123 2 FAT
157 104 -1 5201 1.2259 0 FAT
157 105 -1 4544 1.2161 0 FAT
157 106 -1 4069 1.2395 2 FAT
157 107 -1 6761 1.2724 0 FAT
157 108 -1 10314 1.3040 0 FAT
157 109 -1 13176 1.3167 0 FAT
157 110 -1 17941 1.3383 0 FAT
157 111 -1 16646 1.3332 0 FAT
157 112 -1 17726 1.3328 0 FAT
157 113 -1 14634 1.3234 0 FAT
157 114 -1 19534 1.3447 0 FAT
157 115 -1 20007 0.0000 0 CAP
157 116 -1 16519 1.3386 0 FAT
157 117 -1 13696 1.3285 0 FAT
157 118 -1 14396 1.3112 0 FAT
157 119 -1 10895 1.2983 0 FAT
157 120 -1 12213 1.2994 0 FAT
157 121 -1 7156 1.2520 0 FAT
157 122 -1 12516 1.3013 0 FAT
157 123 -1 14668 1.3158 0 FAT
157 124 -1 15189 1.3233 0 FAT
157 125 -1 11370 1.2943 0 FAT
157 126 -1 5873 1.3067 0 FAT
157 127 -1 7271 1.3199 0 FAT
157 128 -1 7739 1.3247 0 FAT
157 129 -1 7739 1.3247 0 FAT
157 130 -1 7739 1.3247 0 FAT
157 131 -1 7739 1.3247 0 FAT
157 132 -1 7739 1.3247 0 FAT
157 133 -1 7739 1.3247 0 FAT
157 134 -1 7739 1.3247 0 FAT
157 135 -1 7739 1.3247 0 FAT
157 136 -1 7739 1.3247 0 FAT
157 137 -1 10252 1.3247 0 FAT
157 138 -1 10252 1.3247 0 FAT
157 139 -1 13579 1.3249 0 FAT
157 140 -1 17783 1.3469 0 FAT
157 141 -1 21132 0.0000 0 CAP
157 142 -1 24992 0.0000 0 CAP
157 143 -1 26516 0.0000 0 CAP
157 144 -1 23950 0.0000 0 CAP
157 145 -1 23006 0.0000 0 CAP
157 146 -1 21621 0.0000 0 CAP
157 147 -1 22837 0.0000 0 CAP
157 148 -1 26319 0.0000 0 CAP
157 149 -1 26731 0.0000 0 CAP
157 150 -1 27202 0.0000 0 CAP
157 151 -1 21942 0.0000 0 CAP
157 152 -1 21005 0.0000 0 CAP
157 153 -1 21836 0.0000 0 CAP
157 154 -1 21706 0.0000 0 CAP
157 155 -1 27291 0.0000 0 CAP
157 156 -1 20846 0.0000 0 CAP
157 157 -1 22032 0.0000 0 CAP
157 158 -1 25774 0.0000 0 CAP
157 159 -1 21301 0.0000 0 CAP
157 160 -1 21301 0.0000 0 CAP
157 161 -1 26201 0.0000 0 CAP
157 162 -1 22451 0.0000 0 CAP
157 163 -1 19996 1.3589 0 FAT
157 164 -1 17194 1.3494 0 FAT
157 165 -1 22894 0.0000 0 CAP
157 166 -1 23628 0.0000 0 CAP
157 167 -1 21324 0.0000 0 CAP
157 168 -1 15289 1.3310 0 FAT
157 169 -1 21105 0.0000 0 CAP
157 170 -1 25715 0.0000 0 CAP
157 171 -1 26529 0.0000 0 CAP
157 172 -1 24829 0.0000 0 CAP
157 173 -1 25348 0.0000 0 CAP
157 174 -1 25192 0.0000 0 CAP
157 175 -1 23665 0.0000 0 CAP
157 176 -1 26949 0.0000 0 CAP
157 177 -1 22626 0.0000 0 CAP
157 178 -1 17890 1.3379 0 FAT
157 179 -1 13581 1.3247 0 FAT
157 180 -1 10252 1.3247 0 FAT
157 181 -1 12940 1.3357 0 FAT
157 182 -1 15880 1.3494 0 FAT
157 183 -1 17993 1.3549 0 FAT
157 184 -1 20597 0.0000 0 CAP
157 185 -1 24224 0.0000 0 CAP
157 186 -1 26878 0.0000 0 CAP
157 187 -1 26878 0.0000 0 CAP
157 188 -1 22289 0.0000 0 CAP
157 189 -1 25986 0.0000 0 CAP
157 190 -1 27238 0.0000 0 CAP
157 191 -1 27401 0.0000 0 CAP
157 192 -1 26868 0.0000 0 CAP
157 193 -1 23466 0.0000 0 CAP
157 194 -1 24332 0.0000 0 CAP
157 195 -1 27342 0.0000 0 CAP
157 196 -1 26014 0.0000 0 CAP
157 197 -1 25825 0.0000 0 CAP
157 198 -1 27063 0.0000 0 CAP
157 199 -1 26699 0.0000 0 CAP
157 200 -1 26017 0.0000 0 CAP
157 201 -1 26883 0.0000 0 CAP
157 202 -1 27326 0.0000 0 CAP
157 203 -1 27499 0.0000 0 CAP
# row j=157 L=0.436111 n=204 KILL=0 CYCLE=0 FAT=94 CAP=110 certified=0 lambda[1.2123,1.3589]
158 0 -1 21931 0.0000 0 CAP
158 1 -1 21770 0.0000 0 CAP
158 2 -1 20951 0.0000 0 CAP
158 3 -1 21308 0.0000 0 CAP
158 4 -1 21225 0.0000 0 CAP
158 5 -1 21308 0.0000 0 CAP
158 6 -1 20790 0.0000 0 CAP
158 7 -1 21218 0.0000 0 CAP
158 8 -1 20139 0.0000 0 CAP
158 9 -1 20322 0.0000 0 CAP
158 10 -1 26868 0.0000 0 CAP
158 11 -1 21502 0.0000 0 CAP
158 12 -1 21776 0.0000 0 CAP
158 13 -1 20773 0.0000 0 CAP
158 14 -1 25986 0.0000 0 CAP
158 15 -1 22289 0.0000 0 CAP
158 16 -1 26878 0.0000 0 CAP
158 17 -1 26878 0.0000 0 CAP
158 18 -1 24224 0.0000 0 CAP
158 19 -1 20597 0.0000 0 CAP
158 20 -1 17993 1.3549 0 FAT
158 21 -1 15880 1.3494 0 FAT
158 22 -1 23394 0.0000 0 CAP
158 23 -1 17987 1.3249 0 FAT
158 24 -1 17890 1.3379 0 FAT
158 25 -1 22626 0.0000 0 CAP
158 26 -1 26949 0.0000 0 CAP
158 27 -1 20216 0.0000 0 CAP
158 28 -1 22071 0.0000 0 CAP
158 29 -1 22115 0.0000 0 CAP
158 30 -1 22427 0.0000 0 CAP
158 31 -1 21721 0.0000 0 CAP
158 32 -1 23378 0.0000 0 CAP
158 33 -1 25821 0.0000 0 CAP
158 34 -1 21105 0.0000 0 CAP
158 35 -1 21324 0.0000 0 CAP
158 36 -1 20105 0.0000 0 CAP
158 37 -1 20572 0.0000 0 CAP
158 38 -1 21395 0.0000 0 CAP
158 39 -1 19996 1.3589 0 FAT
158 40 -1 22451 0.0000 0 CAP
158 41 -1 26428 0.0000 0 CAP
158 42 -1 21301 0.0000 0 CAP
158 43 -1 21301 0.0000 0 CAP
158 44 -1 21301 0.0000 0 CAP
158 45 -1 23701 0.0000 0 CAP
158 46 -1 24306 0.0000 0 CAP
158 47 -1 24630 0.0000 0 CAP
158 48 -1 21983 0.0000 0 CAP
158 49 -1 25474 0.0000 0 CAP
158 50 -1 24431 0.0000 0 CAP
158 51 -1 25566 0.0000 0 CAP
158 52 -1 23172 0.0000 0 CAP
158 53 -1 23746 0.0000 0 CAP
158 54 -1 23329 0.0000 0 CAP
158 55 -1 22837 0.0000 0 CAP
158 56 -1 25383 0.0000 0 CAP
158 57 -1 25261 0.0000 0 CAP
158 58 -1 27459 0.0000 0 CAP
158 59 -1 23950 0.0000 0 CAP
158 60 -1 26516 0.0000 0 CAP
158 61 -1 24992 0.0000 0 CAP
158 62 -1 21132 0.0000 0 CAP
158 63 -1 17783 1.3469 0 FAT
158 64 -1 13579 1.3249 0 FAT
158 65 -1 10252 1.3247 0 FAT
158 66 -1 10252 1.3247 0 FAT
158 67 -1 7739 1.3247 0 FAT
158 68 -1 7739 1.3247 0 FAT
158 69 -1 7739 1.3247 0 FAT
158 70 -1 7739 1.3247 0 FAT
158 71 -1 7739 1.3247 0 FAT
158 72 -1 7739 1.3247 0 FAT
158 73 -1 7739 1.3247 0 FAT
158 74 -1 7739 1.3247 0 FAT
158 75 -1 7739 1.3247 0 FAT
158 76 -1 18490 1.3281 0 FAT
158 77 -1 17566 1.3223 0 FAT
158 78 -1 17381 1.3258 0 FAT
158 79 -1 19818 1.3395 0 FAT
158 80 -1 16935 1.3215 0 FAT
158 81 -1 15052 1.3036 0 FAT
158 82 -1 15345 1.3084 0 FAT
158 83 -1 14411 1.3082 0 FAT
158 84 -1 16520 1.3218 0 FAT
158 85 -1 20301 0.0000 0 CAP
158 86 -1 16519 1.3386 0 FAT
158 87 -1 20007 0.0000 0 CAP
158 88 -1 21313 0.0000 0 CAP
158 89 -1 19534 1.3447 0 FAT
158 90 -1 21873 0.0000 0 CAP
158 91 -1 22473 0.0000 0 CAP
158 92 -1 17941 1.3383 0 FAT
158 93 -1 17941 1.3383 0 FAT
158 94 -1 13176 1.3167 0 FAT
158 95 -1 10314 1.3040 0 FAT
158 96 -1 6761 1.2724 0 FAT
158 97 -1 8466 1.2575 0 FAT
158 98 -1 8410 1.2661 0 FAT
158 99 -1 7550 1.2430 0 FAT
158 100 -1 6890 1.2545 0 FAT
158 101 -1 8356 1.2725 0 FAT
158 102 -1 6890 1.2545 0 FAT
158 103 -1 7550 1.2430 0 FAT
158 104 -1 8410 1.2661 0 FAT
158 105 -1 8466 1.2575 0 FAT
158 106 -1 6761 1.2724 0 FAT
158 107 -1 10314 1.3040 0 FAT
158 108 -1 13176 1.3167 0 FAT
158 109 -1 17941 1.3383 0 FAT
158 110 -1 17941 1.3383 0 FAT
158 111 -1 22473 0.0000 0 CAP
158 112 -1 21873 0.0000 0 CAP
158 113 -1 19534 1.3447 0 FAT
158 114 -1 21313 0.0000 0 CAP
158 115 -1 20007 0.0000 0 CAP
158 116 -1 16519 1.3386 0 FAT
158 117 -1 20301 0.0000 0 CAP
158 118 -1 16520 1.3218 0 FAT
158 119 -1 14411 1.3082 0 FAT
158 120 -1 15345 1.3084 0 FAT
158 121 -1 15052 1.3036 0 FAT
158 122 -1 16935 1.3215 0 FAT
158 123 -1 19818 1.3395 0 FAT
158 124 -1 17381 1.3258 0 FAT
158 125 -1 17566 1.3223 0 FAT
158 126 -1 18490 1.3281 0 FAT
158 127 -1 7739 1.3247 0 FAT
158 128 -1 7739 1.3247 0 FAT
158 129 -1 7739 1.3247 0 FAT
158 130 -1 7739 1.3247 0 FAT
158 131 -1 7739 1.3247 0 FAT
158 132 -1 7739 1.3247 0 FAT
158 133 -1 7739 1.3247 0 FAT
158 134 -1 7739 1.3247 0 FAT
158 135 -1 7739 1.3247 0 FAT
158 136 -1 10252 1.3247 0 FAT
158 137 -1 10252 1.3247 0 FAT
158 138 -1 13579 1.3249 0 FAT
158 139 -1 17783 1.3469 0 FAT
158 140 -1 21132 0.0000 0 CAP
158 141 -1 24992 0.0000 0 CAP
158 142 -1 26516 0.0000 0 CAP
158 143 -1 23950 0.0000 0 CAP
158 144 -1 27459 0.0000 0 CAP
158 145 -1 25261 0.0000 0 CAP
158 146 -1 25383 0.0000 0 CAP
158 147 -1 22837 0.0000 0 CAP
158 148 -1 23329 0.0000 0 CAP
158 149 -1 23746 0.0000 0 CAP
158 150 -1 23172 0.0000 0 CAP
158 151 -1 25566 0.0000 0 CAP
158 152 -1 24431 0.0000 0 CAP
158 153 -1 25474 0.0000 0 CAP
158 154 -1 21983 0.0000 0 CAP
158 155 -1 24630 0.0000 0 CAP
158 156 -1 24306 0.0000 0 CAP
158 157 -1 23701 0.0000 0 CAP
158 158 -1 21301 0.0000 0 CAP
158 159 -1 21301 0.0000 0 CAP
158 160 -1 21301 0.0000 0 CAP
158 161 -1 26428 0.0000 0 CAP
158 162 -1 22451 0.0000 0 CAP
158 163 -1 19996 1.3589 0 FAT
158 164 -1 21395 0.0000 0 CAP
158 165 -1 20572 0.0000 0 CAP
158 166 -1 20105 0.0000 0 CAP
158 167 -1 21324 0.0000 0 CAP
158 168 -1 21105 0.0000 0 CAP
158 169 -1 25821 0.0000 0 CAP
158 170 -1 23378 0.0000 0 CAP
158 171 -1 21721 0.0000 0 CAP
158 172 -1 22427 0.0000 0 CAP
158 173 -1 22115 0.0000 0 CAP
158 174 -1 22071 0.0000 0 CAP
158 175 -1 20216 0.0000 0 CAP
158 176 -1 26949 0.0000 0 CAP
158 177 -1 22626 0.0000 0 CAP
158 178 -1 17890 1.3379 0 FAT
158 179 -1 17987 1.3249 0 FAT
158 180 -1 23394 0.0000 0 CAP
158 181 -1 15880 1.3494 0 FAT
158 182 -1 17993 1.3549 0 FAT
158 183 -1 20597 0.0000 0 CAP
158 184 -1 24224 0.0000 0 CAP
158 185 -1 26878 0.0000 0 CAP
158 186 -1 26878 0.0000 0 CAP
158 187 -1 22289 0.0000 0 CAP
158 188 -1 25986 0.0000 0 CAP
158 189 -1 20773 0.0000 0 CAP
158 190 -1 21776 0.0000 0 CAP
158 191 -1 21502 0.0000 0 CAP
158 192 -1 26868 0.0000 0 CAP
158 193 -1 20322 0.0000 0 CAP
158 194 -1 20139 0.0000 0 CAP
158 195 -1 21218 0.0000 0 CAP
158 196 -1 20790 0.0000 0 CAP
158 197 -1 21308 0.0000 0 CAP
158 198 -1 21225 0.0000 0 CAP
158 199 -1 21308 0.0000 0 CAP
158 200 -1 20951 0.0000 0 CAP
158 201 -1 21770 0.0000 0 CAP
158 202 -1 21931 0.0000 0 CAP
# row j=158 L=0.438889 n=203 KILL=0 CYCLE=0 FAT=77 CAP=126 certified=0 lambda[1.2430,1.3589]
159 0 -1 24162 0.0000 0 CAP
159 1 -1 23463 0.0000 0 CAP
159 2 -1 23735 0.0000 0 CAP
159 3 -1 23366 0.0000 0 CAP
159 4 -1 23466 0.0000 0 CAP
159 5 -1 23502 0.0000 0 CAP
159 6 -1 23545 0.0000 0 CAP
159 7 -1 21744 0.0000 0 CAP
159 8 -1 23280 0.0000 0 CAP
159 9 -1 22952 0.0000 0 CAP
159 10 -1 21502 0.0000 0 CAP
159 11 -1 23712 0.0000 0 CAP
159 12 -1 23022 0.0000 0 CAP
159 13 -1 20773 0.0000 0 CAP
159 14 -1 25995 0.0000 0 CAP
159 15 -1 22289 0.0000 0 CAP
159 16 -1 26878 0.0000 0 CAP
159 17 -1 26878 0.0000 0 CAP
159 18 -1 24224 0.0000 0 CAP
159 19 -1 20597 0.0000 0 CAP
159 20 -1 17993 1.3549 0 FAT
159 21 -1 22165 0.0000 0 CAP
159 22 -1 25096 0.0000 0 CAP
159 23 -1 24684 0.0000 0 CAP
159 24 -1 21909 0.0000 0 CAP
159 25 -1 26949 0.0000 0 CAP
159 26 -1 20216 0.0000 0 CAP
159 27 -1 25211 0.0000 0 CAP
159 28 -1 25903 0.0000 0 CAP
159 29 -1 26021 0.0000 0 CAP
159 30 -1 25847 0.0000 0 CAP
159 31 -1 26060 0.0000 0 CAP
159 32 -1 23451 0.0000 0 CAP
159 33 -1 25821 0.0000 0 CAP
159 34 -1 22433 0.0000 0 CAP
159 35 -1 23058 0.0000 0 CAP
159 36 -1 23402 0.0000 0 CAP
159 37 -1 25109 0.0000 0 CAP
159 38 -1 24759 0.0000 0 CAP
159 39 -1 23565 0.0000 0 CAP
159 40 -1 26428 0.0000 0 CAP
159 41 -1 21301 0.0000 0 CAP
159 42 -1 21301 0.0000 0 CAP
159 43 -1 21301 0.0000 0 CAP
159 44 -1 27170 0.0000 0 CAP
159 45 -1 20111 0.0000 0 CAP
159 46 -1 20454 0.0000 0 CAP
159 47 -1 27347 0.0000 0 CAP
159 48 -1 25755 0.0000 0 CAP
159 49 -1 20290 0.0000 0 CAP
159 50 -1 21014 0.0000 0 CAP
159 51 -1 26774 0.0000 0 CAP
159 52 -1 27508 0.0000 0 CAP
159 53 -1 20014 0.0000 0 CAP
159 54 -1 20006 0.0000 0 CAP
159 55 -1 25383 0.0000 0 CAP
159 56 -1 21091 0.0000 0 CAP
159 57 -1 20873 0.0000 0 CAP
159 58 -1 27459 0.0000 0 CAP
159 59 -1 23950 0.0000 0 CAP
159 60 -1 26516 0.0000 0 CAP
159 61 -1 24992 0.0000 0 CAP
159 62 -1 21132 0.0000 0 CAP
159 63 -1 17783 1.3469 0 FAT
159 64 -1 13579 1.3249 0 FAT
159 65 -1 11684 1.3247 0 FAT
159 66 -1 10252 1.3247 0 FAT
159 67 -1 7739 1.3247 0 FAT
159 68 -1 7739 1.3247 0 FAT
159 69 -1 7739 1.3247 0 FAT
159 70 -1 7739 1.3247 0 FAT
159 71 -1 7739 1.3247 0 FAT
159 72 -1 7739 1.3247 0 FAT
159 73 -1 7739 1.3247 0 FAT
159 74 -1 13581 1.3247 0 FAT
159 75 -1 20259 0.0000 0 CAP
159 76 -1 23777 0.0000 0 CAP
159 77 -1 24475 0.0000 0 CAP
159 78 -1 22638 0.0000 0 CAP
159 79 -1 22463 0.0000 0 CAP
159 80 -1 20419 0.0000 0 CAP
159 81 -1 22144 0.0000 0 CAP
159 82 -1 17955 1.3176 0 FAT
159 83 -1 21596 0.0000 0 CAP
159 84 -1 22535 0.0000 0 CAP
159 85 -1 24701 0.0000 0 CAP
159 86 -1 20007 0.0000 0 CAP
159 87 -1 21313 0.0000 0 CAP
159 88 -1 21313 0.0000 0 CAP
159 89 -1 20751 0.0000 0 CAP
159 90 -1 20193 0.0000 0 CAP
159 91 -1 24017 0.0000 0 CAP
159 92 -1 17941 1.3383 0 FAT
159 93 -1 17941 1.3383 0 FAT
159 94 -1 13176 1.3167 0 FAT
159 95 -1 10314 1.3040 0 FAT
159 96 -1 14289 1.2968 0 FAT
159 97 -1 13330 1.2930 0 FAT
159 98 -1 11401 1.2794 0 FAT
159 99 -1 12813 1.2830 0 FAT
159 100 -1 8356 1.2725 0 FAT
159 101 -1 8356 1.2725 0 FAT
159 102 -1 12813 1.2830 0 FAT
159 103 -1 11401 1.2794 0 FAT
159 104 -1 13330 1.2930 0 FAT
159 105 -1 14289 1.2968 0 FAT
159 106 -1 10314 1.3040 0 FAT
159 107 -1 13176 1.3167 0 FAT
159 108 -1 17941 1.3383 0 FAT
159 109 -1 17941 1.3383 0 FAT
159 110 -1 24017 0.0000 0 CAP
159 111 -1 20193 0.0000 0 CAP
159 112 -1 20751 0.0000 0 CAP
159 113 -1 21313 0.0000 0 CAP
159 114 -1 21313 0.0000 0 CAP
159 115 -1 20007 0.0000 0 CAP
159 116 -1 24701 0.0000 0 CAP
159 117 -1 22535 0.0000 0 CAP
159 118 -1 21596 0.0000 0 CAP
159 119 -1 17955 1.3176 0 FAT
159 120 -1 22144 0.0000 0 CAP
159 121 -1 20419 0.0000 0 CAP
159 122 -1 22463 0.0000 0 CAP
159 123 -1 22638 0.0000 0 CAP
159 124 -1 24475 0.0000 0 CAP
159 125 -1 23777 0.0000 0 CAP
159 126 -1 20259 0.0000 0 CAP
159 127 -1 13581 1.3247 0 FAT
159 128 -1 7739 1.3247 0 FAT
159 129 -1 7739 1.3247 0 FAT
159 130 -1 7739 1.3247 0 FAT
159 131 -1 7739 1.3247 0 FAT
159 132 -1 7739 1.3247 0 FAT
159 133 -1 7739 1.3247 0 FAT
159 134 -1 7739 1.3247 0 FAT
159 135 -1 10252 1.3247 0 FAT
159 136 -1 11684 1.3247 0 FAT
159 137 -1 13579 1.3249 0 FAT
159 138 -1 17783 1.3469 0 FAT
159 139 -1 21132 0.0000 0 CAP
159 140 -1 24992 0.0000 0 CAP
159 141 -1 26516 0.0000 0 CAP
159 142 -1 23950 0.0000 0 CAP
159 143 -1 27459 0.0000 0 CAP
159 144 -1 20873 0.0000 0 CAP
159 145 -1 21091 0.0000 0 CAP
159 146 -1 25383 0.0000 0 CAP
159 147 -1 20006 0.0000 0 CAP
159 148 -1 20014 0.0000 0 CAP
159 149 -1 27508 0.0000 0 CAP
159 150 -1 26774 0.0000 0 CAP
159 151 -1 21014 0.0000 0 CAP
159 152 -1 20290 0.0000 0 CAP
159 153 -1 25755 0.0000 0 CAP
159 154 -1 27347 0.0000 0 CAP
159 155 -1 20454 0.0000 0 CAP
159 156 -1 20111 0.0000 0 CAP
159 157 -1 27170 0.0000 0 CAP
159 158 -1 21301 0.0000 0 CAP
159 159 -1 21301 0.0000 0 CAP
159 160 -1 21301 0.0000 0 CAP
159 161 -1 26428 0.0000 0 CAP
159 162 -1 23565 0.0000 0 CAP
159 163 -1 24759 0.0000 0 CAP
159 164 -1 25109 0.0000 0 CAP
159 165 -1 23402 0.0000 0 CAP
159 166 -1 23058 0.0000 0 CAP
159 167 -1 22433 0.0000 0 CAP
159 168 -1 25821 0.0000 0 CAP
159 169 -1 23451 0.0000 0 CAP
159 170 -1 26060 0.0000 0 CAP
159 171 -1 25847 0.0000 0 CAP
159 172 -1 26021 0.0000 0 CAP
159 173 -1 25903 0.0000 0 CAP
159 174 -1 25211 0.0000 0 CAP
159 175 -1 20216 0.0000 0 CAP
159 176 -1 26949 0.0000 0 CAP
159 177 -1 21909 0.0000 0 CAP
159 178 -1 24684 0.0000 0 CAP
159 179 -1 25096 0.0000 0 CAP
159 180 -1 22165 0.0000 0 CAP
159 181 -1 17993 1.3549 0 FAT
159 182 -1 20597 0.0000 0 CAP
159 183 -1 24224 0.0000 0 CAP
159 184 -1 26878 0.0000 0 CAP
159 185 -1 26878 0.0000 0 CAP
159 186 -1 22289 0.0000 0 CAP
159 187 -1 25995 0.0000 0 CAP
159 188 -1 20773 0.0000 0 CAP
159 189 -1 23022 0.0000 0 CAP
159 190 -1 23712 0.0000 0 CAP
159 191 -1 21502 0.0000 0 CAP
159 192 -1 22952 0.0000 0 CAP
159 193 -1 23280 0.0000 0 CAP
159 194 -1 21744 0.0000 0 CAP
159 195 -1 23545 0.0000 0 CAP
159 196 -1 23502 0.0000 0 CAP
159 197 -1 23466 0.0000 0 CAP
159 198 -1 23366 0.0000 0 CAP
159 199 -1 23735 0.0000 0 CAP
159 200 -1 23463 0.0000 0 CAP
159 201 -1 24162 0.0000 0 CAP
# row j=159 L=0.441667 n=202 KILL=0 CYCLE=0 FAT=46 CAP=156 certified=0 lambda[1.2725,1.3549]
160 0 -1 25875 0.0000 0 CAP
160 1 -1 26417 0.0000 0 CAP
160 2 -1 25877 0.0000 0 CAP
160 3 -1 25759 0.0000 0 CAP
160 4 -1 26028 0.0000 0 CAP
160 5 -1 26351 0.0000 0 CAP
160 6 -1 24105 0.0000 0 CAP
160 7 -1 25084 0.0000 0 CAP
160 8 -1 25996 0.0000 0 CAP
160 9 -1 25487 0.0000 0 CAP
160 10 -1 23712 0.0000 0 CAP
160 11 -1 24974 0.0000 0 CAP
160 12 -1 23022 0.0000 0 CAP
160 13 -1 20773 0.0000 0 CAP
160 14 -1 25995 0.0000 0 CAP
160 15 -1 22584 0.0000 0 CAP
160 16 -1 26878 0.0000 0 CAP
160 17 -1 26878 0.0000 0 CAP
160 18 -1 24224 0.0000 0 CAP
160 19 -1 24468 0.0000 0 CAP
160 20 -1 26030 0.0000 0 CAP
160 21 -1 23555 0.0000 0 CAP
160 22 -1 24672 0.0000 0 CAP
160 23 -1 23104 0.0000 0 CAP
160 24 -1 26299 0.0000 0 CAP
160 25 -1 20216 0.0000 0 CAP
160 26 -1 25211 0.0000 0 CAP
160 27 -1 20979 0.0000 0 CAP
160 28 -1 21767 0.0000 0 CAP
160 29 -1 21266 0.0000 0 CAP
160 30 -1 21951 0.0000 0 CAP
160 31 -1 26135 0.0000 0 CAP
160 32 -1 20258 0.0000 0 CAP
160 33 -1 26574 0.0000 0 CAP
160 34 -1 20011 0.0000 0 CAP
160 35 -1 26985 0.0000 0 CAP
160 36 -1 20298 0.0000 0 CAP
160 37 -1 20691 0.0000 0 CAP
160 38 -1 20671 0.0000 0 CAP
160 39 -1 20473 0.0000 0 CAP
160 40 -1 21301 0.0000 0 CAP
160 41 -1 21301 0.0000 0 CAP
160 42 -1 21301 0.0000 0 CAP
160 43 -1 27170 0.0000 0 CAP
160 44 -1 22554 0.0000 0 CAP
160 45 -1 22920 0.0000 0 CAP
160 46 -1 22655 0.0000 0 CAP
160 47 -1 22823 0.0000 0 CAP
160 48 -1 20477 0.0000 0 CAP
160 49 -1 23903 0.0000 0 CAP
160 50 -1 21821 0.0000 0 CAP
160 51 -1 22854 0.0000 0 CAP
160 52 -1 22683 0.0000 0 CAP
160 53 -1 23032 0.0000 0 CAP
160 54 -1 22274 0.0000 0 CAP
160 55 -1 21094 0.0000 0 CAP
160 56 -1 23811 0.0000 0 CAP
160 57 -1 21404 0.0000 0 CAP
160 58 -1 27459 0.0000 0 CAP
160 59 -1 23950 0.0000 0 CAP
160 60 -1 26516 0.0000 0 CAP
160 61 -1 24992 0.0000 0 CAP
160 62 -1 21132 0.0000 0 CAP
160 63 -1 17783 1.3469 0 FAT
160 64 -1 13579 1.3249 0 FAT
160 65 -1 11684 1.3247 0 FAT
160 66 -1 10252 1.3247 0 FAT
160 67 -1 10252 1.3247 0 FAT
160 68 -1 7739 1.3247 0 FAT
160 69 -1 7739 1.3247 0 FAT
160 70 -1 7739 1.3247 0 FAT
160 71 -1 7739 1.3247 0 FAT
160 72 -1 7739 1.3247 0 FAT
160 73 -1 13581 1.3247 0 FAT
160 74 -1 20259 0.0000 0 CAP
160 75 -1 25568 0.0000 0 CAP
160 76 -1 22935 0.0000 0 CAP
160 77 -1 22363 0.0000 0 CAP
160 78 -1 25735 0.0000 0 CAP
160 79 -1 26832 0.0000 0 CAP
160 80 -1 20672 0.0000 0 CAP
160 81 -1 25082 0.0000 0 CAP
160 82 -1 26296 0.0000 0 CAP
160 83 -1 21108 0.0000 0 CAP
160 84 -1 27121 0.0000 0 CAP
160 85 -1 22370 0.0000 0 CAP
160 86 -1 21313 0.0000 0 CAP
160 87 -1 21313 0.0000 0 CAP
160 88 -1 22305 0.0000 0 CAP
160 89 -1 24939 0.0000 0 CAP
160 90 -1 21375 0.0000 0 CAP
160 91 -1 24017 0.0000 0 CAP
160 92 -1 17941 1.3383 0 FAT
160 93 -1 17941 1.3383 0 FAT
160 94 -1 13176 1.3167 0 FAT
160 95 -1 21086 0.0000 0 CAP
160 96 -1 19907 1.3207 0 FAT
160 97 -1 17614 1.3062 0 FAT
160 98 -1 17142 1.3070 0 FAT
160 99 -1 14787 1.2972 0 FAT
160 100 -1 8356 1.2725 0 FAT
160 101 -1 14787 1.2972 0 FAT
160 102 -1 17142 1.3070 0 FAT
160 103 -1 17614 1.3062 0 FAT
160 104 -1 19907 1.3207 0 FAT
160 105 -1 21086 0.0000 0 CAP
160 106 -1 13176 1.3167 0 FAT
160 107 -1 17941 1.3383 0 FAT
160 108 -1 17941 1.3383 0 FAT
160 109 -1 24017 0.0000 0 CAP
160 110 -1 21375 0.0000 0 CAP
160 111 -1 24939 0.0000 0 CAP
160 112 -1 22305 0.0000 0 CAP
160 113 -1 21313 0.0000 0 CAP
160 114 -1 21313 0.0000 0 CAP
160 115 -1 22370 0.0000 0 CAP
160 116 -1 27121 0.0000 0 CAP
160 117 -1 21108 0.0000 0 CAP
160 118 -1 26296 0.0000 0 CAP
160 119 -1 25082 0.0000 0 CAP
160 120 -1 20672 0.0000 0 CAP
160 121 -1 26832 0.0000 0 CAP
160 122 -1 25735 0.0000 0 CAP
160 123 -1 22363 0.0000 0 CAP
160 124 -1 22935 0.0000 0 CAP
160 125 -1 25568 0.0000 0 CAP
160 126 -1 20259 0.0000 0 CAP
160 127 -1 13581 1.3247 0 FAT
160 128 -1 7739 1.3247 0 FAT
160 129 -1 7739 1.3247 0 FAT
160 130 -1 7739 1.3247 0 FAT
160 131 -1 7739 1.3247 0 FAT
160 132 -1 7739 1.3247 0 FAT
160 133 -1 10252 1.3247 0 FAT
160 134 -1 10252 1.3247 0 FAT
160 135 -1 11684 1.3247 0 FAT
160 136 -1 13579 1.3249 0 FAT
160 137 -1 17783 1.3469 0 FAT
160 138 -1 21132 0.0000 0 CAP
160 139 -1 24992 0.0000 0 CAP
160 140 -1 26516 0.0000 0 CAP
160 141 -1 23950 0.0000 0 CAP
160 142 -1 27459 0.0000 0 CAP
160 143 -1 21404 0.0000 0 CAP
160 144 -1 23811 0.0000 0 CAP
160 145 -1 21094 0.0000 0 CAP
160 146 -1 22274 0.0000 0 CAP
160 147 -1 23032 0.0000 0 CAP
160 148 -1 22683 0.0000 0 CAP
160 149 -1 22854 0.0000 0 CAP
160 150 -1 21821 0.0000 0 CAP
160 151 -1 23903 0.0000 0 CAP
160 152 -1 20477 0.0000 0 CAP
160 153 -1 22823 0.0000 0 CAP
160 154 -1 22655 0.0000 0 CAP
160 155 -1 22920 0.0000 0 CAP
160 156 -1 22554 0.0000 0 CAP
160 157 -1 27170 0.0000 0 CAP
160 158 -1 21301 0.0000 0 CAP
160 159 -1 21301 0.0000 0 CAP
160 160 -1 21301 0.0000 0 CAP
160 161 -1 20473 0.0000 0 CAP
160 162 -1 20671 0.0000 0 CAP
160 163 -1 20691 0.0000 0 CAP
160 164 -1 20298 0.0000 0 CAP
160 165 -1 26985 0.0000 0 CAP
160 166 -1 20011 0.0000 0 CAP
160 167 -1 26574 0.0000 0 CAP
160 168 -1 20258 0.0000 0 CAP
160 169 -1 26135 0.0000 0 CAP
160 170 -1 21951 0.0000 0 CAP
160 171 -1 21266 0.0000 0 CAP
160 172 -1 21767 0.0000 0 CAP
160 173 -1 20979 0.0000 0 CAP
160 174 -1 25211 0.0000 0 CAP
160 175 -1 20216 0.0000 0 CAP
160 176 -1 26299 0.0000 0 CAP
160 177 -1 23104 0.0000 0 CAP
160 178 -1 24672 0.0000 0 CAP
160 179 -1 23555 0.0000 0 CAP
160 180 -1 26030 0.0000 0 CAP
160 181 -1 24468 0.0000 0 CAP
160 182 -1 24224 0.0000 0 CAP
160 183 -1 26878 0.0000 0 CAP
160 184 -1 26878 0.0000 0 CAP
160 185 -1 22584 0.0000 0 CAP
160 186 -1 25995 0.0000 0 CAP
160 187 -1 20773 0.0000 0 CAP
160 188 -1 23022 0.0000 0 CAP
160 189 -1 24974 0.0000 0 CAP
160 190 -1 23712 0.0000 0 CAP
160 191 -1 25487 0.0000 0 CAP
160 192 -1 25996 0.0000 0 CAP
160 193 -1 25084 0.0000 0 CAP
160 194 -1 24105 0.0000 0 CAP
160 195 -1 26351 0.0000 0 CAP
160 196 -1 26028 0.0000 0 CAP
160 197 -1 25759 0.0000 0 CAP
160 198 -1 25877 0.0000 0 CAP
160 199 -1 26417 0.0000 0 CAP
160 200 -1 25875 0.0000 0 CAP
# row j=160 L=0.444444 n=201 KILL=0 CYCLE=0 FAT=37 CAP=164 certified=0 lambda[1.2725,1.3469]
161 0 -1 20351 0.0000 0 CAP
161 1 -1 20167 0.0000 0 CAP
161 2 -1 20127 0.0000 0 CAP
161 3 -1 20026 0.0000 0 CAP
161 4 -1 20195 0.0000 0 CAP
161 5 -1 26917 0.0000 0 CAP
161 6 -1 27911 0.0000 0 CAP
161 7 -1 27832 0.0000 0 CAP
161 8 -1 20201 0.0000 0 CAP
161 9 -1 28042 0.0000 0 CAP
161 10 -1 26553 0.0000 0 CAP
161 11 -1 24974 0.0000 0 CAP
161 12 -1 23022 0.0000 0 CAP
161 13 -1 20773 0.0000 0 CAP
161 14 -1 25995 0.0000 0 CAP
161 15 -1 22584 0.0000 0 CAP
161 16 -1 26878 0.0000 0 CAP
161 17 -1 26878 0.0000 0 CAP
161 18 -1 21807 0.0000 0 CAP
161 19 -1 21715 0.0000 0 CAP
161 20 -1 20149 0.0000 0 CAP
161 21 -1 21876 0.0000 0 CAP
161 22 -1 21794 0.0000 0 CAP
161 23 -1 20072 0.0000 0 CAP
161 24 -1 26910 0.0000 0 CAP
161 25 -1 25211 0.0000 0 CAP
161 26 -1 20979 0.0000 0 CAP
161 27 -1 24033 0.0000 0 CAP
161 28 -1 24367 0.0000 0 CAP
161 29 -1 24670 0.0000 0 CAP
161 30 -1 21999 0.0000 0 CAP
161 31 -1 22791 0.0000 0 CAP
161 32 -1 23472 0.0000 0 CAP
161 33 -1 22881 0.0000 0 CAP
161 34 -1 23009 0.0000 0 CAP
161 35 -1 23262 0.0000 0 CAP
161 36 -1 22824 0.0000 0 CAP
161 37 -1 23664 0.0000 0 CAP
161 38 -1 23952 0.0000 0 CAP
161 39 -1 22636 0.0000 0 CAP
161 40 -1 21301 0.0000 0 CAP
161 41 -1 21301 0.0000 0 CAP
161 42 -1 27170 0.0000 0 CAP
161 43 -1 22554 0.0000 0 CAP
161 44 -1 25461 0.0000 0 CAP
161 45 -1 25291 0.0000 0 CAP
161 46 -1 25787 0.0000 0 CAP
161 47 -1 25807 0.0000 0 CAP
161 48 -1 24016 0.0000 0 CAP
161 49 -1 24728 0.0000 0 CAP
161 50 -1 25704 0.0000 0 CAP
161 51 -1 25856 0.0000 0 CAP
161 52 -1 25745 0.0000 0 CAP
161 53 -1 25474 0.0000 0 CAP
161 54 -1 25659 0.0000 0 CAP
161 55 -1 23811 0.0000 0 CAP
161 56 -1 23811 0.0000 0 CAP
161 57 -1 21404 0.0000 0 CAP
161 58 -1 27459 0.0000 0 CAP
161 59 -1 23950 0.0000 0 CAP
161 60 -1 26516 0.0000 0 CAP
161 61 -1 24992 0.0000 0 CAP
161 62 -1 21132 0.0000 0 CAP
161 63 -1 17783 1.3469 0 FAT
161 64 -1 13579 1.3249 0 FAT
161 65 -1 11684 1.3247 0 FAT
161 66 -1 10252 1.3247 0 FAT
161 67 -1 10252 1.3247 0 FAT
161 68 -1 7739 1.3247 0 FAT
161 69 -1 7739 1.3247 0 FAT
161 70 -1 7739 1.3247 0 FAT
161 71 -1 13581 1.3247 0 FAT
161 72 -1 13581 1.3247 0 FAT
161 73 -1 20259 0.0000 0 CAP
161 74 -1 25568 0.0000 0 CAP
161 75 -1 24205 0.0000 0 CAP
161 76 -1 27375 0.0000 0 CAP
161 77 -1 25059 0.0000 0 CAP
161 78 -1 22898 0.0000 0 CAP
161 79 -1 25256 0.0000 0 CAP
161 80 -1 23011 0.0000 0 CAP
161 81 -1 25231 0.0000 0 CAP
161 82 -1 24908 0.0000 0 CAP
161 83 -1 25044 0.0000 0 CAP
161 84 -1 24277 0.0000 0 CAP
161 85 -1 23659 0.0000 0 CAP
161 86 -1 21313 0.0000 0 CAP
161 87 -1 22305 0.0000 0 CAP
161 88 -1 26567 0.0000 0 CAP
161 89 -1 26153 0.0000 0 CAP
161 90 -1 21375 0.0000 0 CAP
161 91 -1 24017 0.0000 0 CAP
161 92 -1 17941 1.3383 0 FAT
161 93 -1 26840 0.0000 0 CAP
161 94 -1 20202 0.0000 0 CAP
161 95 -1 27216 0.0000 0 CAP
161 96 -1 25397 0.0000 0 CAP
161 97 -1 24691 0.0000 0 CAP
161 98 -1 19172 1.3173 0 FAT
161 99 -1 14787 1.2972 0 FAT
161 100 -1 14787 1.2972 0 FAT
161 101 -1 19172 1.3173 0 FAT
161 102 -1 24691 0.0000 0 CAP
161 103 -1 25397 0.0000 0 CAP
161 104 -1 27216 0.0000 0 CAP
161 105 -1 20202 0.0000 0 CAP
161 106 -1 26840 0.0000 0 CAP
161 107 -1 17941 1.3383 0 FAT
161 108 -1 24017 0.0000 0 CAP
161 109 -1 21375 0.0000 0 CAP
161 110 -1 26153 0.0000 0 CAP
161 111 -1 26567 0.0000 0 CAP
161 112 -1 22305 0.0000 0 CAP
161 113 -1 21313 0.0000 0 CAP
161 114 -1 23659 0.0000 0 CAP
161 115 -1 24277 0.0000 0 CAP
161 116 -1 25044 0.0000 0 CAP
161 117 -1 24908 0.0000 0 CAP
161 118 -1 25231 0.0000 0 CAP
161 119 -1 23011 0.0000 0 CAP
161 120 -1 25256 0.0000 0 CAP
161 121 -1 22898 0.0000 0 CAP
161 122 -1 25059 0.0000 0 CAP
161 123 -1 27375 0.0000 0 CAP
161 124 -1 24205 0.0000 0 CAP
161 125 -1 25568 0.0000 0 CAP
161 126 -1 20259 0.0000 0 CAP
161 127 -1 13581 1.3247 0 FAT
161 128 -1 13581 1.3247 0 FAT
161 129 -1 7739 1.3247 0 FAT
161 130 -1 7739 1.3247 0 FAT
161 131 -1 7739 1.3247 0 FAT
161 132 -1 10252 1.3247 0 FAT
161 133 -1 10252 1.3247 0 FAT
161 134 -1 11684 1.3247 0 FAT
161 135 -1 13579 1.3249 0 FAT
161 136 -1 17783 1.3469 0 FAT
161 137 -1 21132 0.0000 0 CAP
161 138 -1 24992 0.0000 0 CAP
161 139 -1 26516 0.0000 0 CAP
161 140 -1 23950 0.0000 0 CAP
161 141 -1 27459 0.0000 0 CAP
161 142 -1 21404 0.0000 0 CAP
161 143 -1 23811 0.0000 0 CAP
161 144 -1 23811 0.0000 0 CAP
161 145 -1 25659 0.0000 0 CAP
161 146 -1 25474 0.0000 0 CAP
161 147 -1 25745 0.0000 0 CAP
161 148 -1 25856 0.0000 0 CAP
161 149 -1 25704 0.0000 0 CAP
161 150 -1 24728 0.0000 0 CAP
161 151 -1 24016 0.0000 0 CAP
161 152 -1 25807 0.0000 0 CAP
161 153 -1 25787 0.0000 0 CAP
161 154 -1 25291 0.0000 0 CAP
161 155 -1 25461 0.0000 0 CAP
161 156 -1 22554 0.0000 0 CAP
161 157 -1 27170 0.0000 0 CAP
161 158 -1 21301 0.0000 0 CAP
161 159 -1 21301 0.0000 0 CAP
161 160 -1 22636 0.0000 0 CAP
161 161 -1 23952 0.0000 0 CAP
161 162 -1 23664 0.0000 0 CAP
161 163 -1 22824 0.0000 0 CAP
161 164 -1 23262 0.0000 0 CAP
161 165 -1 23009 0.0000 0 CAP
161 166 -1 22881 0.0000 0 CAP
161 167 -1 23472 0.0000 0 CAP
161 168 -1 22791 0.0000 0 CAP
161 169 -1 21999 0.0000 0 CAP
161 170 -1 24670 0.0000 0 CAP
161 171 -1 24367 0.0000 0 CAP
161 172 -1 24033 0.0000 0 CAP
161 173 -1 20979 0.0000 0 CAP
161 174 -1 25211 0.0000 0 CAP
161 175 -1 26910 0.0000 0 CAP
161 176 -1 20072 0.0000 0 CAP
161 177 -1 21794 0.0000 0 CAP
161 178 -1 21876 0.0000 0 CAP
161 179 -1 20149 0.0000 0 CAP
161 180 -1 21715 0.0000 0 CAP
161 181 -1 21807 0.0000 0 CAP
161 182 -1 26878 0.0000 0 CAP
161 183 -1 26878 0.0000 0 CAP
161 184 -1 22584 0.0000 0 CAP
161 185 -1 25995 0.0000 0 CAP
161 186 -1 20773 0.0000 0 CAP
161 187 -1 23022 0.0000 0 CAP
161 188 -1 24974 0.0000 0 CAP
161 189 -1 26553 0.0000 0 CAP
161 190 -1 28042 0.0000 0 CAP
161 191 -1 20201 0.0000 0 CAP
161 192 -1 27832 0.0000 0 CAP
161 193 -1 27911 0.0000 0 CAP
161 194 -1 26917 0.0000 0 CAP
161 195 -1 20195 0.0000 0 CAP
161 196 -1 20026 0.0000 0 CAP
161 197 -1 20127 0.0000 0 CAP
161 198 -1 20167 0.0000 0 CAP
161 199 -1 20351 0.0000 0 CAP
# row j=161 L=0.447222 n=200 KILL=0 CYCLE=0 FAT=26 CAP=174 certified=0 lambda[1.2972,1.3469]
162 0 -1 21849 0.0000 0 CAP
162 1 -1 22135 0.0000 0 CAP
162 2 -1 21925 0.0000 0 CAP
162 3 -1 21763 0.0000 0 CAP
162 4 -1 20576 0.0000 0 CAP
162 5 -1 21883 0.0000 0 CAP
162 6 -1 21734 0.0000 0 CAP
162 7 -1 21447 0.0000 0 CAP
162 8 -1 22007 0.0000 0 CAP
162 9 -1 21042 0.0000 0 CAP
162 10 -1 27114 0.0000 0 CAP
162 11 -1 24974 0.0000 0 CAP
162 12 -1 23022 0.0000 0 CAP
162 13 -1 20773 0.0000 0 CAP
162 14 -1 25995 0.0000 0 CAP
162 15 -1 22584 0.0000 0 CAP
162 16 -1 26878 0.0000 0 CAP
162 17 -1 24556 0.0000 0 CAP
162 18 -1 25732 0.0000 0 CAP
162 19 -1 22907 0.0000 0 CAP
162 20 -1 25275 0.0000 0 CAP
162 21 -1 25622 0.0000 0 CAP
162 22 -1 25355 0.0000 0 CAP
162 23 -1 22025 0.0000 0 CAP
162 24 -1 24896 0.0000 0 CAP
162 25 -1 20979 0.0000 0 CAP
162 26 -1 24033 0.0000 0 CAP
162 27 -1 26663 0.0000 0 CAP
162 28 -1 20014 0.0000 0 CAP
162 29 -1 24713 0.0000 0 CAP
162 30 -1 26436 0.0000 0 CAP
162 31 -1 26341 0.0000 0 CAP
162 32 -1 27031 0.0000 0 CAP
162 33 -1 26009 0.0000 0 CAP
162 34 -1 26706 0.0000 0 CAP
162 35 -1 26128 0.0000 0 CAP
162 36 -1 26023 0.0000 0 CAP
162 37 -1 27349 0.0000 0 CAP
162 38 -1 26141 0.0000 0 CAP
162 39 -1 22636 0.0000 0 CAP
162 40 -1 21301 0.0000 0 CAP
162 41 -1 27170 0.0000 0 CAP
162 42 -1 22554 0.0000 0 CAP
162 43 -1 25461 0.0000 0 CAP
162 44 -1 28044 0.0000 0 CAP
162 45 -1 20228 0.0000 0 CAP
162 46 -1 20585 0.0000 0 CAP
162 47 -1 20634 0.0000 0 CAP
162 48 -1 24841 0.0000 0 CAP
162 49 -1 20623 0.0000 0 CAP
162 50 -1 20462 0.0000 0 CAP
162 51 -1 20619 0.0000 0 CAP
162 52 -1 20123 0.0000 0 CAP
162 53 -1 20599 0.0000 0 CAP
162 54 -1 20480 0.0000 0 CAP
162 55 -1 23811 0.0000 0 CAP
162 56 -1 23811 0.0000 0 CAP
162 57 -1 21677 0.0000 0 CAP
162 58 -1 27459 0.0000 0 CAP
162 59 -1 23950 0.0000 0 CAP
162 60 -1 20129 0.0000 0 CAP
162 61 -1 24992 0.0000 0 CAP
162 62 -1 21132 0.0000 0 CAP
162 63 -1 17783 1.3469 0 FAT
162 64 -1 13579 1.3249 0 FAT
162 65 -1 11684 1.3247 0 FAT
162 66 -1 10252 1.3247 0 FAT
162 67 -1 10252 1.3247 0 FAT
162 68 -1 10252 1.3247 0 FAT
162 69 -1 13581 1.3247 0 FAT
162 70 -1 13581 1.3247 0 FAT
162 71 -1 13581 1.3247 0 FAT
162 72 -1 20259 0.0000 0 CAP
162 73 -1 25568 0.0000 0 CAP
162 74 -1 24205 0.0000 0 CAP
162 75 -1 20764 0.0000 0 CAP
162 76 -1 22015 0.0000 0 CAP
162 77 -1 21814 0.0000 0 CAP
162 78 -1 20962 0.0000 0 CAP
162 79 -1 21468 0.0000 0 CAP
162 80 -1 22018 0.0000 0 CAP
162 81 -1 22182 0.0000 0 CAP
162 82 -1 21309 0.0000 0 CAP
162 83 -1 22092 0.0000 0 CAP
162 84 -1 25582 0.0000 0 CAP
162 85 -1 20628 0.0000 0 CAP
162 86 -1 22305 0.0000 0 CAP
162 87 -1 26567 0.0000 0 CAP
162 88 -1 20130 0.0000 0 CAP
162 89 -1 26153 0.0000 0 CAP
162 90 -1 21375 0.0000 0 CAP
162 91 -1 24017 0.0000 0 CAP
162 92 -1 26840 0.0000 0 CAP
162 93 -1 26362 0.0000 0 CAP
162 94 -1 24935 0.0000 0 CAP
162 95 -1 24409 0.0000 0 CAP
162 96 -1 23706 0.0000 0 CAP
162 97 -1 26978 0.0000 0 CAP
162 98 -1 23692 0.0000 0 CAP
162 99 -1 26476 0.0000 0 CAP
162 100 -1 23692 0.0000 0 CAP
162 101 -1 26978 0.0000 0 CAP
162 102 -1 23706 0.0000 0 CAP
162 103 -1 24409 0.0000 0 CAP
162 104 -1 24935 0.0000 0 CAP
162 105 -1 26362 0.0000 0 CAP
162 106 -1 26840 0.0000 0 CAP
162 107 -1 24017 0.0000 0 CAP
162 108 -1 21375 0.0000 0 CAP
162 109 -1 26153 0.0000 0 CAP
162 110 -1 20130 0.0000 0 CAP
162 111 -1 26567 0.0000 0 CAP
162 112 -1 22305 0.0000 0 CAP
162 113 -1 20628 0.0000 0 CAP
162 114 -1 25582 0.0000 0 CAP
162 115 -1 22092 0.0000 0 CAP
162 116 -1 21309 0.0000 0 CAP
162 117 -1 22182 0.0000 0 CAP
162 118 -1 22018 0.0000 0 CAP
162 119 -1 21468 0.0000 0 CAP
162 120 -1 20962 0.0000 0 CAP
162 121 -1 21814 0.0000 0 CAP
162 122 -1 22015 0.0000 0 CAP
162 123 -1 20764 0.0000 0 CAP
162 124 -1 24205 0.0000 0 CAP
162 125 -1 25568 0.0000 0 CAP
162 126 -1 20259 0.0000 0 CAP
162 127 -1 13581 1.3247 0 FAT
162 128 -1 13581 1.3247 0 FAT
162 129 -1 13581 1.3247 0 FAT
162 130 -1 10252 1.3247 0 FAT
162 131 -1 10252 1.3247 0 FAT
162 132 -1 10252 1.3247 0 FAT
162 133 -1 11684 1.3247 0 FAT
162 134 -1 13579 1.3249 0 FAT
162 135 -1 17783 1.3469 0 FAT
162 136 -1 21132 0.0000 0 CAP
162 137 -1 24992 0.0000 0 CAP
162 138 -1 20129 0.0000 0 CAP
162 139 -1 23950 0.0000 0 CAP
162 140 -1 27459 0.0000 0 CAP
162 141 -1 21677 0.0000 0 CAP
162 142 -1 23811 0.0000 0 CAP
162 143 -1 23811 0.0000 0 CAP
162 144 -1 20480 0.0000 0 CAP
162 145 -1 20599 0.0000 0 CAP
162 146 -1 20123 0.0000 0 CAP
162 147 -1 20619 0.0000 0 CAP
162 148 -1 20462 0.0000 0 CAP
162 149 -1 20623 0.0000 0 CAP
162 150 -1 24841 0.0000 0 CAP
162 151 -1 20634 0.0000 0 CAP
162 152 -1 20585 0.0000 0 CAP
162 153 -1 20228 0.0000 0 CAP
162 154 -1 28044 0.0000 0 CAP
162 155 -1 25461 0.0000 0 CAP
162 156 -1 22554 0.0000 0 CAP
162 157 -1 27170 0.0000 0 CAP
162 158 -1 21301 0.0000 0 CAP
162 159 -1 22636 0.0000 0 CAP
162 160 -1 26141 0.0000 0 CAP
162 161 -1 27349 0.0000 0 CAP
162 162 -1 26023 0.0000 0 CAP
162 163 -1 26128 0.0000 0 CAP
162 164 -1 26706 0.0000 0 CAP
162 165 -1 26009 0.0000 0 CAP
162 166 -1 27031 0.0000 0 CAP
162 167 -1 26341 0.0000 0 CAP
162 168 -1 26436 0.0000 0 CAP
162 169 -1 24713 0.0000 0 CAP
162 170 -1 20014 0.0000 0 CAP
162 171 -1 26663 0.0000 0 CAP
162 172 -1 24033 0.0000 0 CAP
162 173 -1 20979 0.0000 0 CAP
162 174 -1 24896 0.0000 0 CAP
162 175 -1 22025 0.0000 0 CAP
162 176 -1 25355 0.0000 0 CAP
162 177 -1 25622 0.0000 0 CAP
162 178 -1 25275 0.0000 0 CAP
162 179 -1 22907 0.0000 0 CAP
162 180 -1 25732 0.0000 0 CAP
162 181 -1 24556 0.0000 0 CAP
162 182 -1 26878 0.0000 0 CAP
162 183 -1 22584 0.0000 0 CAP
162 184 -1 25995 0.0000 0 CAP
162 185 -1 20773 0.0000 0 CAP
162 186 -1 23022 0.0000 0 CAP
162 187 -1 24974 0.0000 0 CAP
162 188 -1 27114 0.0000 0 CAP
162 189 -1 21042 0.0000 0 CAP
162 190 -1 22007 0.0000 0 CAP
162 191 -1 21447 0.0000 0 CAP
162 192 -1 21734 0.0000 0 CAP
162 193 -1 21883 0.0000 0 CAP
162 194 -1 20576 0.0000 0 CAP
162 195 -1 21763 0.0000 0 CAP
162 196 -1 21925 0.0000 0 CAP
162 197 -1 22135 0.0000 0 CAP
162 198 -1 21849 0.0000 0 CAP
# row j=162 L=0.450000 n=199 KILL=0 CYCLE=0 FAT=18 CAP=181 certified=0 lambda[1.3247,1.3469]
163 0 -1 23915 0.0000 0 CAP
163 1 -1 23981 0.0000 0 CAP
163 2 -1 23718 0.0000 0 CAP
163 3 -1 22144 0.0000 0 CAP
163 4 -1 23682 0.0000 0 CAP
163 5 -1 23878 0.0000 0 CAP
163 6 -1 23655 0.0000 0 CAP
163 7 -1 23283 0.0000 0 CAP
163 8 -1 22953 0.0000 0 CAP
163 9 -1 21042 0.0000 0 CAP
163 10 -1 27114 0.0000 0 CAP
163 11 -1 24974 0.0000 0 CAP
163 12 -1 23022 0.0000 0 CAP
163 13 -1 20773 0.0000 0 CAP
163 14 -1 25995 0.0000 0 CAP
163 15 -1 27195 0.0000 0 CAP
163 16 -1 24556 0.0000 0 CAP
163 17 -1 20378 0.0000 0 CAP
163 18 -1 27042 0.0000 0 CAP
163 19 -1 20240 0.0000 0 CAP
163 20 -1 20920 0.0000 0 CAP
163 21 -1 20963 0.0000 0 CAP
163 22 -1 25782 0.0000 0 CAP
163 23 -1 20204 0.0000 0 CAP
163 24 -1 20729 0.0000 0 CAP
163 25 -1 24033 0.0000 0 CAP
163 26 -1 26663 0.0000 0 CAP
163 27 -1 21604 0.0000 0 CAP
163 28 -1 20039 0.0000 0 CAP
163 29 -1 21164 0.0000 0 CAP
163 30 -1 21485 0.0000 0 CAP
163 31 -1 21529 0.0000 0 CAP
163 32 -1 21699 0.0000 0 CAP
163 33 -1 21213 0.0000 0 CAP
163 34 -1 21202 0.0000 0 CAP
163 35 -1 21393 0.0000 0 CAP
163 36 -1 21033 0.0000 0 CAP
163 37 -1 21041 0.0000 0 CAP
163 38 -1 26141 0.0000 0 CAP
163 39 -1 22636 0.0000 0 CAP
163 40 -1 27275 0.0000 0 CAP
163 41 -1 22554 0.0000 0 CAP
163 42 -1 25461 0.0000 0 CAP
163 43 -1 28044 0.0000 0 CAP
163 44 -1 22128 0.0000 0 CAP
163 45 -1 22409 0.0000 0 CAP
163 46 -1 22868 0.0000 0 CAP
163 47 -1 21230 0.0000 0 CAP
163 48 -1 20695 0.0000 0 CAP
163 49 -1 22851 0.0000 0 CAP
163 50 -1 22632 0.0000 0 CAP
163 51 -1 22537 0.0000 0 CAP
163 52 -1 22562 0.0000 0 CAP
163 53 -1 22754 0.0000 0 CAP
163 54 -1 20480 0.0000 0 CAP
163 55 -1 23811 0.0000 0 CAP
163 56 -1 23811 0.0000 0 CAP
163 57 -1 21677 0.0000 0 CAP
163 58 -1 27459 0.0000 0 CAP
163 59 -1 23950 0.0000 0 CAP
163 60 -1 20129 0.0000 0 CAP
163 61 -1 24992 0.0000 0 CAP
163 62 -1 21134 0.0000 0 CAP
163 63 -1 17783 1.3469 0 FAT
163 64 -1 13579 1.3249 0 FAT
163 65 -1 11684 1.3247 0 FAT
163 66 -1 10252 1.3247 0 FAT
163 67 -1 20504 0.0000 0 CAP
163 68 -1 23828 0.0000 0 CAP
163 69 -1 13581 1.3247 0 FAT
163 70 -1 16094 1.3247 0 FAT
163 71 -1 20411 0.0000 0 CAP
163 72 -1 25568 0.0000 0 CAP
163 73 -1 24205 0.0000 0 CAP
163 74 -1 20764 0.0000 0 CAP
163 75 -1 22913 0.0000 0 CAP
163 76 -1 26000 0.0000 0 CAP
163 77 -1 26078 0.0000 0 CAP
163 78 -1 24415 0.0000 0 CAP
163 79 -1 25471 0.0000 0 CAP
163 80 -1 25838 0.0000 0 CAP
163 81 -1 25471 0.0000 0 CAP
163 82 -1 25592 0.0000 0 CAP
163 83 -1 23097 0.0000 0 CAP
163 84 -1 22262 0.0000 0 CAP
163 85 -1 24955 0.0000 0 CAP
163 86 -1 24733 0.0000 0 CAP
163 87 -1 20130 0.0000 0 CAP
163 88 -1 20130 0.0000 0 CAP
163 89 -1 26153 0.0000 0 CAP
163 90 -1 21375 0.0000 0 CAP
163 91 -1 20793 0.0000 0 CAP
163 92 -1 26362 0.0000 0 CAP
163 93 -1 23417 0.0000 0 CAP
163 94 -1 22305 0.0000 0 CAP
163 95 -1 22616 0.0000 0 CAP
163 96 -1 25278 0.0000 0 CAP
163 97 -1 24384 0.0000 0 CAP
163 98 -1 23298 0.0000 0 CAP
163 99 -1 23298 0.0000 0 CAP
163 100 -1 24384 0.0000 0 CAP
163 101 -1 25278 0.0000 0 CAP
163 102 -1 22616 0.0000 0 CAP
163 103 -1 22305 0.0000 0 CAP
163 104 -1 23417 0.0000 0 CAP
163 105 -1 26362 0.0000 0 CAP
163 106 -1 20793 0.0000 0 CAP
163 107 -1 21375 0.0000 0 CAP
163 108 -1 26153 0.0000 0 CAP
163 109 -1 20130 0.0000 0 CAP
163 110 -1 20130 0.0000 0 CAP
163 111 -1 24733 0.0000 0 CAP
163 112 -1 24955 0.0000 0 CAP
163 113 -1 22262 0.0000 0 CAP
163 114 -1 23097 0.0000 0 CAP
163 115 -1 25592 0.0000 0 CAP
163 116 -1 25471 0.0000 0 CAP
163 117 -1 25838 0.0000 0 CAP
163 118 -1 25471 0.0000 0 CAP
163 119 -1 24415 0.0000 0 CAP
163 120 -1 26078 0.0000 0 CAP
163 121 -1 26000 0.0000 0 CAP
163 122 -1 22913 0.0000 0 CAP
163 123 -1 20764 0.0000 0 CAP
163 124 -1 24205 0.0000 0 CAP
163 125 -1 25568 0.0000 0 CAP
163 126 -1 20411 0.0000 0 CAP
163 127 -1 16094 1.3247 0 FAT
163 128 -1 13581 1.3247 0 FAT
163 129 -1 23828 0.0000 0 CAP
163 130 -1 20504 0.0000 0 CAP
163 131 -1 10252 1.3247 0 FAT
163 132 -1 11684 1.3247 0 FAT
163 133 -1 13579 1.3249 0 FAT
163 134 -1 17783 1.3469 0 FAT
163 135 -1 21134 0.0000 0 CAP
163 136 -1 24992 0.0000 0 CAP
163 137 -1 20129 0.0000 0 CAP
163 138 -1 23950 0.0000 0 CAP
163 139 -1 27459 0.0000 0 CAP
163 140 -1 21677 0.0000 0 CAP
163 141 -1 23811 0.0000 0 CAP
163 142 -1 23811 0.0000 0 CAP
163 143 -1 20480 0.0000 0 CAP
163 144 -1 22754 0.0000 0 CAP
163 145 -1 22562 0.0000 0 CAP
163 146 -1 22537 0.0000 0 CAP
163 147 -1 22632 0.0000 0 CAP
163 148 -1 22851 0.0000 0 CAP
163 149 -1 20695 0.0000 0 CAP
163 150 -1 21230 0.0000 0 CAP
163 151 -1 22868 0.0000 0 CAP
163 152 -1 22409 0.0000 0 CAP
163 153 -1 22128 0.0000 0 CAP
163 154 -1 28044 0.0000 0 CAP
163 155 -1 25461 0.0000 0 CAP
163 156 -1 22554 0.0000 0 CAP
163 157 -1 27275 0.0000 0 CAP
163 158 -1 22636 0.0000 0 CAP
163 159 -1 26141 0.0000 0 CAP
163 160 -1 21041 0.0000 0 CAP
163 161 -1 21033 0.0000 0 CAP
163 162 -1 21393 0.0000 0 CAP
163 163 -1 21202 0.0000 0 CAP
163 164 -1 21213 0.0000 0 CAP
163 165 -1 21699 0.0000 0 CAP
163 166 -1 21529 0.0000 0 CAP
163 167 -1 21485 0.0000 0 CAP
163 168 -1 21164 0.0000 0 CAP
163 169 -1 20039 0.0000 0 CAP
163 170 -1 21604 0.0000 0 CAP
163 171 -1 26663 0.0000 0 CAP
163 172 -1 24033 0.0000 0 CAP
163 173 -1 20729 0.0000 0 CAP
163 174 -1 20204 0.0000 0 CAP
163 175 -1 25782 0.0000 0 CAP
163 176 -1 20963 0.0000 0 CAP
163 177 -1 20920 0.0000 0 CAP
163 178 -1 20240 0.0000 0 CAP
163 179 -1 27042 0.0000 0 CAP
163 180 -1 20378 0.0000 0 CAP
163 181 -1 24556 0.0000 0 CAP
163 182 -1 27195 0.0000 0 CAP
163 183 -1 25995 0.0000 0 CAP
163 184 -1 20773 0.0000 0 CAP
163 185 -1 23022 0.0000 0 CAP
163 186 -1 24974 0.0000 0 CAP
163 187 -1 27114 0.0000 0 CAP
163 188 -1 21042 0.0000 0 CAP
163 189 -1 22953 0.0000 0 CAP
163 190 -1 23283 0.0000 0 CAP
163 191 -1 23655 0.0000 0 CAP
163 192 -1 23878 0.0000 0 CAP
163 193 -1 23682 0.0000 0 CAP
163 194 -1 22144 0.0000 0 CAP
163 195 -1 23718 0.0000 0 CAP
163 196 -1 23981 0.0000 0 CAP
163 197 -1 23915 0.0000 0 CAP
# row j=163 L=0.452778 n=198 KILL=0 CYCLE=0 FAT=12 CAP=186 certified=0 lambda[1.3247,1.3469]
164 0 -1 25781 0.0000 0 CAP
164 1 -1 25822 0.0000 0 CAP
164 2 -1 24105 0.0000 0 CAP
164 3 -1 25405 0.0000 0 CAP
164 4 -1 25753 0.0000 0 CAP
164 5 -1 25839 0.0000 0 CAP
164 6 -1 25643 0.0000 0 CAP
164 7 -1 24235 0.0000 0 CAP
164 8 -1 22953 0.0000 0 CAP
164 9 -1 21145 0.0000 0 CAP
164 10 -1 27114 0.0000 0 CAP
164 11 -1 24974 0.0000 0 CAP
164 12 -1 23022 0.0000 0 CAP
164 13 -1 20773 0.0000 0 CAP
164 14 -1 22798 0.0000 0 CAP
164 15 -1 22482 0.0000 0 CAP
164 16 -1 20378 0.0000 0 CAP
164 17 -1 21334 0.0000 0 CAP
164 18 -1 23365 0.0000 0 CAP
164 19 -1 22948 0.0000 0 CAP
164 20 -1 23650 0.0000 0 CAP
164 21 -1 21242 0.0000 0 CAP
164 22 -1 23090 0.0000 0 CAP
164 23 -1 23154 0.0000 0 CAP
164 24 -1 23320 0.0000 0 CAP
164 25 -1 26663 0.0000 0 CAP
164 26 -1 21604 0.0000 0 CAP
164 27 -1 21629 0.0000 0 CAP
164 28 -1 24106 0.0000 0 CAP
164 29 -1 23756 0.0000 0 CAP
164 30 -1 24114 0.0000 0 CAP
164 31 -1 24115 0.0000 0 CAP
164 32 -1 24233 0.0000 0 CAP
164 33 -1 23783 0.0000 0 CAP
164 34 -1 24094 0.0000 0 CAP
164 35 -1 24066 0.0000 0 CAP
164 36 -1 22540 0.0000 0 CAP
164 37 -1 21041 0.0000 0 CAP
164 38 -1 26141 0.0000 0 CAP
164 39 -1 22616 0.0000 0 CAP
164 40 -1 22680 0.0000 0 CAP
164 41 -1 25461 0.0000 0 CAP
164 42 -1 28044 0.0000 0 CAP
164 43 -1 22128 0.0000 0 CAP
164 44 -1 24383 0.0000 0 CAP
164 45 -1 24665 0.0000 0 CAP
164 46 -1 23472 0.0000 0 CAP
164 47 -1 24918 0.0000 0 CAP
164 48 -1 22923 0.0000 0 CAP
164 49 -1 25079 0.0000 0 CAP
164 50 -1 24634 0.0000 0 CAP
164 51 -1 25114 0.0000 0 CAP
164 52 -1 24731 0.0000 0 CAP
164 53 -1 22754 0.0000 0 CAP
164 54 -1 20480 0.0000 0 CAP
164 55 -1 23811 0.0000 0 CAP
164 56 -1 23811 0.0000 0 CAP
164 57 -1 21817 0.0000 0 CAP
164 58 -1 27459 0.0000 0 CAP
164 59 -1 23950 0.0000 0 CAP
164 60 -1 20129 0.0000 0 CAP
164 61 -1 24992 0.0000 0 CAP
164 62 -1 21134 0.0000 0 CAP
164 63 -1 17783 1.3469 0 FAT
164 64 -1 13579 1.3249 0 FAT
164 65 -1 25000 0.0000 0 CAP
164 66 -1 20504 0.0000 0 CAP
164 67 -1 23828 0.0000 0 CAP
164 68 -1 23828 0.0000 0 CAP
164 69 -1 20353 0.0000 0 CAP
164 70 -1 20411 0.0000 0 CAP
164 71 -1 25568 0.0000 0 CAP
164 72 -1 24205 0.0000 0 CAP
164 73 -1 20764 0.0000 0 CAP
164 74 -1 22913 0.0000 0 CAP
164 75 -1 26984 0.0000 0 CAP
164 76 -1 21690 0.0000 0 CAP
164 77 -1 21541 0.0000 0 CAP
164 78 -1 21458 0.0000 0 CAP
164 79 -1 21315 0.0000 0 CAP
164 80 -1 21175 0.0000 0 CAP
164 81 -1 21575 0.0000 0 CAP
164 82 -1 26651 0.0000 0 CAP
164 83 -1 20245 0.0000 0 CAP
164 84 -1 26643 0.0000 0 CAP
164 85 -1 21063 0.0000 0 CAP
164 86 -1 25851 0.0000 0 CAP
164 87 -1 20130 0.0000 0 CAP
164 88 -1 20130 0.0000 0 CAP
164 89 -1 26153 0.0000 0 CAP
164 90 -1 25627 0.0000 0 CAP
164 91 -1 25958 0.0000 0 CAP
164 92 -1 26326 0.0000 0 CAP
164 93 -1 27168 0.0000 0 CAP
164 94 -1 26994 0.0000 0 CAP
164 95 -1 23790 0.0000 0 CAP
164 96 -1 24541 0.0000 0 CAP
164 97 -1 24086 0.0000 0 CAP
164 98 -1 21214 0.0000 0 CAP
164 99 -1 24086 0.0000 0 CAP
164 100 -1 24541 0.0000 0 CAP
164 101 -1 23790 0.0000 0 CAP
164 102 -1 26994 0.0000 0 CAP
164 103 -1 27168 0.0000 0 CAP
164 104 -1 26326 0.0000 0 CAP
164 105 -1 25958 0.0000 0 CAP
164 106 -1 25627 0.0000 0 CAP
164 107 -1 26153 0.0000 0 CAP
164 108 -1 20130 0.0000 0 CAP
164 109 -1 20130 0.0000 0 CAP
164 110 -1 25851 0.0000 0 CAP
164 111 -1 21063 0.0000 0 CAP
164 112 -1 26643 0.0000 0 CAP
164 113 -1 20245 0.0000 0 CAP
164 114 -1 26651 0.0000 0 CAP
164 115 -1 21575 0.0000 0 CAP
164 116 -1 21175 0.0000 0 CAP
164 117 -1 21315 0.0000 0 CAP
164 118 -1 21458 0.0000 0 CAP
164 119 -1 21541 0.0000 0 CAP
164 120 -1 21690 0.0000 0 CAP
164 121 -1 26984 0.0000 0 CAP
164 122 -1 22913 0.0000 0 CAP
164 123 -1 20764 0.0000 0 CAP
164 124 -1 24205 0.0000 0 CAP
164 125 -1 25568 0.0000 0 CAP
164 126 -1 20411 0.0000 0 CAP
164 127 -1 20353 0.0000 0 CAP
164 128 -1 23828 0.0000 0 CAP
164 129 -1 23828 0.0000 0 CAP
164 130 -1 20504 0.0000 0 CAP
164 131 -1 25000 0.0000 0 CAP
164 132 -1 13579 1.3249 0 FAT
164 133 -1 17783 1.3469 0 FAT
164 134 -1 21134 0.0000 0 CAP
164 135 -1 24992 0.0000 0 CAP
164 136 -1 20129 0.0000 0 CAP
164 137 -1 23950 0.0000 0 CAP
164 138 -1 27459 0.0000 0 CAP
164 139 -1 21817 0.0000 0 CAP
164 140 -1 23811 0.0000 0 CAP
164 141 -1 23811 0.0000 0 CAP
164 142 -1 20480 0.0000 0 CAP
164 143 -1 22754 0.0000 0 CAP
164 144 -1 24731 0.0000 0 CAP
164 145 -1 25114 0.0000 0 CAP
164 146 -1 24634 0.0000 0 CAP
164 147 -1 25079 0.0000 0 CAP
164 148 -1 22923 0.0000 0 CAP
164 149 -1 24918 0.0000 0 CAP
164 150 -1 23472 0.0000 0 CAP
164 151 -1 24665 0.0000 0 CAP
164 152 -1 24383 0.0000 0 CAP
164 153 -1 22128 0.0000 0 CAP
164 154 -1 28044 0.0000 0 CAP
164 155 -1 25461 0.0000 0 CAP
164 156 -1 22680 0.0000 0 CAP
164 157 -1 22616 0.0000 0 CAP
164 158 -1 26141 0.0000 0 CAP
164 159 -1 21041 0.0000 0 CAP
164 160 -1 22540 0.0000 0 CAP
164 161 -1 24066 0.0000 0 CAP
164 162 -1 24094 0.0000 0 CAP
164 163 -1 23783 0.0000 0 CAP
164 164 -1 24233 0.0000 0 CAP
164 165 -1 24115 0.0000 0 CAP
164 166 -1 24114 0.0000 0 CAP
164 167 -1 23756 0.0000 0 CAP
164 168 -1 24106 0.0000 0 CAP
164 169 -1 21629 0.0000 0 CAP
164 170 -1 21604 0.0000 0 CAP
164 171 -1 26663 0.0000 0 CAP
164 172 -1 23320 0.0000 0 CAP
164 173 -1 23154 0.0000 0 CAP
164 174 -1 23090 0.0000 0 CAP
164 175 -1 21242 0.0000 0 CAP
164 176 -1 23650 0.0000 0 CAP
164 177 -1 22948 0.0000 0 CAP
164 178 -1 23365 0.0000 0 CAP
164 179 -1 21334 0.0000 0 CAP
164 180 -1 20378 0.0000 0 CAP
164 181 -1 22482 0.0000 0 CAP
164 182 -1 22798 0.0000 0 CAP
164 183 -1 20773 0.0000 0 CAP
164 184 -1 23022 0.0000 0 CAP
164 185 -1 24974 0.0000 0 CAP
164 186 -1 27114 0.0000 0 CAP
164 187 -1 21145 0.0000 0 CAP
164 188 -1 22953 0.0000 0 CAP
164 189 -1 24235 0.0000 0 CAP
164 190 -1 25643 0.0000 0 CAP
164 191 -1 25839 0.0000 0 CAP
164 192 -1 25753 0.0000 0 CAP
164 193 -1 25405 0.0000 0 CAP
164 194 -1 24105 0.0000 0 CAP
164 195 -1 25822 0.0000 0 CAP
164 196 -1 25781 0.0000 0 CAP
# row j=164 L=0.455556 n=197 KILL=0 CYCLE=0 FAT=4 CAP=193 certified=0 lambda[1.3249,1.3469]
165 0 -1 27642 0.0000 0 CAP
165 1 -1 26215 0.0000 0 CAP
165 2 -1 27617 0.0000 0 CAP
165 3 -1 27494 0.0000 0 CAP
165 4 -1 27798 0.0000 0 CAP
165 5 -1 27887 0.0000 0 CAP
165 6 -1 26882 0.0000 0 CAP
165 7 -1 24235 0.0000 0 CAP
165 8 -1 22966 0.0000 0 CAP
165 9 -1 21145 0.0000 0 CAP
165 10 -1 27313 0.0000 0 CAP
165 11 -1 24974 0.0000 0 CAP
165 12 -1 25849 0.0000 0 CAP
165 13 -1 25880 0.0000 0 CAP
165 14 -1 25681 0.0000 0 CAP
165 15 -1 25773 0.0000 0 CAP
165 16 -1 22652 0.0000 0 CAP
165 17 -1 25515 0.0000 0 CAP
165 18 -1 26165 0.0000 0 CAP
165 19 -1 25726 0.0000 0 CAP
165 20 -1 23935 0.0000 0 CAP
165 21 -1 26097 0.0000 0 CAP
165 22 -1 26108 0.0000 0 CAP
165 23 -1 25957 0.0000 0 CAP
165 24 -1 25679 0.0000 0 CAP
165 25 -1 26333 0.0000 0 CAP
165 26 -1 21629 0.0000 0 CAP
165 27 -1 25961 0.0000 0 CAP
165 28 -1 26882 0.0000 0 CAP
165 29 -1 26415 0.0000 0 CAP
165 30 -1 26824 0.0000 0 CAP
165 31 -1 26813 0.0000 0 CAP
165 32 -1 26341 0.0000 0 CAP
165 33 -1 26894 0.0000 0 CAP
165 34 -1 26861 0.0000 0 CAP
165 35 -1 25712 0.0000 0 CAP
165 36 -1 22540 0.0000 0 CAP
165 37 -1 25950 0.0000 0 CAP
165 38 -1 25850 0.0000 0 CAP
165 39 -1 25696 0.0000 0 CAP
165 40 -1 25757 0.0000 0 CAP
165 41 -1 28044 0.0000 0 CAP
165 42 -1 22128 0.0000 0 CAP
165 43 -1 24383 0.0000 0 CAP
165 44 -1 26679 0.0000 0 CAP
165 45 -1 25748 0.0000 0 CAP
165 46 -1 27483 0.0000 0 CAP
165 47 -1 27485 0.0000 0 CAP
165 48 -1 27489 0.0000 0 CAP
165 49 -1 27209 0.0000 0 CAP
165 50 -1 27269 0.0000 0 CAP
165 51 -1 27355 0.0000 0 CAP
165 52 -1 24731 0.0000 0 CAP
165 53 -1 22754 0.0000 0 CAP
165 54 -1 20480 0.0000 0 CAP
165 55 -1 23811 0.0000 0 CAP
165 56 -1 23811 0.0000 0 CAP
165 57 -1 21817 0.0000 0 CAP
165 58 -1 27459 0.0000 0 CAP
165 59 -1 23950 0.0000 0 CAP
165 60 -1 20129 0.0000 0 CAP
165 61 -1 24992 0.0000 0 CAP
165 62 -1 21134 0.0000 0 CAP
165 63 -1 17783 1.3469 0 FAT
165 64 -1 26385 0.0000 0 CAP
165 65 -1 20497 0.0000 0 CAP
165 66 -1 23828 0.0000 0 CAP
165 67 -1 23828 0.0000 0 CAP
165 68 -1 24619 0.0000 0 CAP
165 69 -1 20814 0.0000 0 CAP
165 70 -1 25568 0.0000 0 CAP
165 71 -1 24256 0.0000 0 CAP
165 72 -1 20764 0.0000 0 CAP
165 73 -1 22913 0.0000 0 CAP
165 74 -1 26984 0.0000 0 CAP
165 75 -1 22340 0.0000 0 CAP
165 76 -1 24664 0.0000 0 CAP
165 77 -1 24659 0.0000 0 CAP
165 78 -1 24721 0.0000 0 CAP
165 79 -1 23410 0.0000 0 CAP
165 80 -1 24711 0.0000 0 CAP
165 81 -1 22296 0.0000 0 CAP
165 82 -1 23407 0.0000 0 CAP
165 83 -1 23609 0.0000 0 CAP
165 84 -1 22266 0.0000 0 CAP
165 85 -1 21831 0.0000 0 CAP
165 86 -1 25851 0.0000 0 CAP
165 87 -1 20130 0.0000 0 CAP
165 88 -1 26258 0.0000 0 CAP
165 89 -1 22290 0.0000 0 CAP
165 90 -1 22462 0.0000 0 CAP
165 91 -1 22243 0.0000 0 CAP
165 92 -1 22083 0.0000 0 CAP
165 93 -1 22819 0.0000 0 CAP
165 94 -1 20063 0.0000 0 CAP
165 95 -1 20949 0.0000 0 CAP
165 96 -1 20718 0.0000 0 CAP
165 97 -1 27531 0.0000 0 CAP
165 98 -1 27531 0.0000 0 CAP
165 99 -1 20718 0.0000 0 CAP
165 100 -1 20949 0.0000 0 CAP
165 101 -1 20063 0.0000 0 CAP
165 102 -1 22819 0.0000 0 CAP
165 103 -1 22083 0.0000 0 CAP
165 104 -1 22243 0.0000 0 CAP
165 105 -1 22462 0.0000 0 CAP
165 106 -1 22290 0.0000 0 CAP
165 107 -1 26258 0.0000 0 CAP
165 108 -1 20130 0.0000 0 CAP
165 109 -1 25851 0.0000 0 CAP
165 110 -1 21831 0.0000 0 CAP
165 111 -1 22266 0.0000 0 CAP
165 112 -1 23609 0.0000 0 CAP
165 113 -1 23407 0.0000 0 CAP
165 114 -1 22296 0.0000 0 CAP
165 115 -1 24711 0.0000 0 CAP
165 116 -1 23410 0.0000 0 CAP
165 117 -1 24721 0.0000 0 CAP
165 118 -1 24659 0.0000 0 CAP
165 119 -1 24664 0.0000 0 CAP
165 120 -1 22340 0.0000 0 CAP
165 121 -1 26984 0.0000 0 CAP
165 122 -1 22913 0.0000 0 CAP
165 123 -1 20764 0.0000 0 CAP
165 124 -1 24256 0.0000 0 CAP
165 125 -1 25568 0.0000 0 CAP
165 126 -1 20814 0.0000 0 CAP
165 127 -1 24619 0.0000 0 CAP
165 128 -1 23828 0.0000 0 CAP
165 129 -1 23828 0.0000 0 CAP
165 130 -1 20497 0.0000 0 CAP
165 131 -1 26385 0.0000 0 CAP
165 132 -1 17783 1.3469 0 FAT
165 133 -1 21134 0.0000 0 CAP
165 134 -1 24992 0.0000 0 CAP
165 135 -1 20129 0.0000 0 CAP
165 136 -1 23950 0.0000 0 CAP
165 137 -1 27459 0.0000 0 CAP
165 138 -1 21817 0.0000 0 CAP
165 139 -1 23811 0.0000 0 CAP
165 140 -1 23811 0.0000 0 CAP
165 141 -1 20480 0.0000 0 CAP
165 142 -1 22754 0.0000 0 CAP
165 143 -1 24731 0.0000 0 CAP
165 144 -1 27355 0.0000 0 CAP
165 145 -1 27269 0.0000 0 CAP
165 146 -1 27209 0.0000 0 CAP
165 147 -1 27489 0.0000 0 CAP
165 148 -1 27485 0.0000 0 CAP
165 149 -1 27483 0.0000 0 CAP
165 150 -1 25748 0.0000 0 CAP
165 151 -1 26679 0.0000 0 CAP
165 152 -1 24383 0.0000 0 CAP
165 153 -1 22128 0.0000 0 CAP
165 154 -1 28044 0.0000 0 CAP
165 155 -1 25757 0.0000 0 CAP
165 156 -1 25696 0.0000 0 CAP
165 157 -1 25850 0.0000 0 CAP
165 158 -1 25950 0.0000 0 CAP
165 159 -1 22540 0.0000 0 CAP
165 160 -1 25712 0.0000 0 CAP
165 161 -1 26861 0.0000 0 CAP
165 162 -1 26894 0.0000 0 CAP
165 163 -1 26341 0.0000 0 CAP
165 164 -1 26813 0.0000 0 CAP
165 165 -1 26824 0.0000 0 CAP
165 166 -1 26415 0.0000 0 CAP
165 167 -1 26882 0.0000 0 CAP
165 168 -1 25961 0.0000 0 CAP
165 169 -1 21629 0.0000 0 CAP
165 170 -1 26333 0.0000 0 CAP
165 171 -1 25679 0.0000 0 CAP
165 172 -1 25957 0.0000 0 CAP
165 173 -1 26108 0.0000 0 CAP
165 174 -1 26097 0.0000 0 CAP
165 175 -1 23935 0.0000 0 CAP
165 176 -1 25726 0.0000 0 CAP
165 177 -1 26165 0.0000 0 CAP
165 178 -1 25515 0.0000 0 CAP
165 179 -1 22652 0.0000 0 CAP
165 180 -1 25773 0.0000 0 CAP
165 181 -1 25681 0.0000 0 CAP
165 182 -1 25880 0.0000 0 CAP
165 183 -1 25849 0.0000 0 CAP
165 184 -1 24974 0.0000 0 CAP
165 185 -1 27313 0.0000 0 CAP
165 186 -1 21145 0.0000 0 CAP
165 187 -1 22966 0.0000 0 CAP
165 188 -1 24235 0.0000 0 CAP
165 189 -1 26882 0.0000 0 CAP
165 190 -1 27887 0.0000 0 CAP
165 191 -1 27798 0.0000 0 CAP
165 192 -1 27494 0.0000 0 CAP
165 193 -1 27617 0.0000 0 CAP
165 194 -1 26215 0.0000 0 CAP
165 195 -1 27642 0.0000 0 CAP
# row j=165 L=0.458333 n=196 KILL=0 CYCLE=0 FAT=2 CAP=194 certified=0 lambda[1.3469,1.3469]
166 0 -1 28035 0.0000 0 CAP
166 1 -1 20801 0.0000 0 CAP
166 2 -1 20625 0.0000 0 CAP
166 3 -1 20484 0.0000 0 CAP
166 4 -1 20760 0.0000 0 CAP
166 5 -1 20044 0.0000 0 CAP
166 6 -1 26882 0.0000 0 CAP
166 7 -1 24235 0.0000 0 CAP
166 8 -1 22966 0.0000 0 CAP
166 9 -1 21145 0.0000 0 CAP
166 10 -1 27313 0.0000 0 CAP
166 11 -1 20077 0.0000 0 CAP
166 12 -1 20383 0.0000 0 CAP
166 13 -1 20449 0.0000 0 CAP
166 14 -1 20434 0.0000 0 CAP
166 15 -1 20630 0.0000 0 CAP
166 16 -1 25515 0.0000 0 CAP
166 17 -1 28369 0.0000 0 CAP
166 18 -1 20419 0.0000 0 CAP
166 19 -1 20766 0.0000 0 CAP
166 20 -1 20636 0.0000 0 CAP
166 21 -1 20526 0.0000 0 CAP
166 22 -1 20427 0.0000 0 CAP
166 23 -1 20078 0.0000 0 CAP
166 24 -1 20589 0.0000 0 CAP
166 25 -1 26362 0.0000 0 CAP
166 26 -1 25961 0.0000 0 CAP
166 27 -1 20193 0.0000 0 CAP
166 28 -1 20788 0.0000 0 CAP
166 29 -1 20479 0.0000 0 CAP
166 30 -1 20705 0.0000 0 CAP
166 31 -1 20374 0.0000 0 CAP
166 32 -1 20766 0.0000 0 CAP
166 33 -1 20847 0.0000 0 CAP
166 34 -1 20037 0.0000 0 CAP
166 35 -1 25712 0.0000 0 CAP
166 36 -1 27903 0.0000 0 CAP
166 37 -1 20629 0.0000 0 CAP
166 38 -1 20423 0.0000 0 CAP
166 39 -1 20424 0.0000 0 CAP
166 40 -1 20425 0.0000 0 CAP
166 41 -1 22128 0.0000 0 CAP
166 42 -1 24383 0.0000 0 CAP
166 43 -1 26679 0.0000 0 CAP
166 44 -1 27287 0.0000 0 CAP
166 45 -1 20974 0.0000 0 CAP
166 46 -1 21073 0.0000 0 CAP
166 47 -1 20901 0.0000 0 CAP
166 48 -1 20906 0.0000 0 CAP
166 49 -1 20856 0.0000 0 CAP
166 50 -1 20550 0.0000 0 CAP
166 51 -1 27355 0.0000 0 CAP
166 52 -1 24731 0.0000 0 CAP
166 53 -1 22754 0.0000 0 CAP
166 54 -1 20480 0.0000 0 CAP
166 55 -1 23811 0.0000 0 CAP
166 56 -1 23811 0.0000 0 CAP
166 57 -1 21817 0.0000 0 CAP
166 58 -1 27459 0.0000 0 CAP
166 59 -1 23950 0.0000 0 CAP
166 60 -1 20129 0.0000 0 CAP
166 61 -1 25375 0.0000 0 CAP
166 62 -1 20809 0.0000 0 CAP
166 63 -1 27115 0.0000 0 CAP
166 64 -1 21881 0.0000 0 CAP
166 65 -1 24955 0.0000 0 CAP
166 66 -1 22391 0.0000 0 CAP
166 67 -1 24619 0.0000 0 CAP
166 68 -1 25079 0.0000 0 CAP
166 69 -1 26507 0.0000 0 CAP
166 70 -1 24256 0.0000 0 CAP
166 71 -1 20764 0.0000 0 CAP
166 72 -1 22913 0.0000 0 CAP
166 73 -1 26984 0.0000 0 CAP
166 74 -1 22340 0.0000 0 CAP
166 75 -1 25330 0.0000 0 CAP
166 76 -1 27872 0.0000 0 CAP
166 77 -1 27974 0.0000 0 CAP
166 78 -1 27056 0.0000 0 CAP
166 79 -1 27065 0.0000 0 CAP
166 80 -1 25452 0.0000 0 CAP
166 81 -1 27075 0.0000 0 CAP
166 82 -1 26963 0.0000 0 CAP
166 83 -1 27159 0.0000 0 CAP
166 84 -1 23038 0.0000 0 CAP
166 85 -1 21831 0.0000 0 CAP
166 86 -1 25851 0.0000 0 CAP
166 87 -1 26258 0.0000 0 CAP
166 88 -1 23447 0.0000 0 CAP
166 89 -1 26102 0.0000 0 CAP
166 90 -1 26215 0.0000 0 CAP
166 91 -1 25486 0.0000 0 CAP
166 92 -1 25852 0.0000 0 CAP
166 93 -1 23615 0.0000 0 CAP
166 94 -1 24958 0.0000 0 CAP
166 95 -1 24635 0.0000 0 CAP
166 96 -1 23006 0.0000 0 CAP
166 97 -1 23870 0.0000 0 CAP
166 98 -1 23006 0.0000 0 CAP
166 99 -1 24635 0.0000 0 CAP
166 100 -1 24958 0.0000 0 CAP
166 101 -1 23615 0.0000 0 CAP
166 102 -1 25852 0.0000 0 CAP
166 103 -1 25486 0.0000 0 CAP
166 104 -1 26215 0.0000 0 CAP
166 105 -1 26102 0.0000 0 CAP
166 106 -1 23447 0.0000 0 CAP
166 107 -1 26258 0.0000 0 CAP
166 108 -1 25851 0.0000 0 CAP
166 109 -1 21831 0.0000 0 CAP
166 110 -1 23038 0.0000 0 CAP
166 111 -1 27159 0.0000 0 CAP
166 112 -1 26963 0.0000 0 CAP
166 113 -1 27075 0.0000 0 CAP
166 114 -1 25452 0.0000 0 CAP
166 115 -1 27065 0.0000 0 CAP
166 116 -1 27056 0.0000 0 CAP
166 117 -1 27974 0.0000 0 CAP
166 118 -1 27872 0.0000 0 CAP
166 119 -1 25330 0.0000 0 CAP
166 120 -1 22340 0.0000 0 CAP
166 121 -1 26984 0.0000 0 CAP
166 122 -1 22913 0.0000 0 CAP
166 123 -1 20764 0.0000 0 CAP
166 124 -1 24256 0.0000 0 CAP
166 125 -1 26507 0.0000 0 CAP
166 126 -1 25079 0.0000 0 CAP
166 127 -1 24619 0.0000 0 CAP
166 128 -1 22391 0.0000 0 CAP
166 129 -1 24955 0.0000 0 CAP
166 130 -1 21881 0.0000 0 CAP
166 131 -1 27115 0.0000 0 CAP
166 132 -1 20809 0.0000 0 CAP
166 133 -1 25375 0.0000 0 CAP
166 134 -1 20129 0.0000 0 CAP
166 135 -1 23950 0.0000 0 CAP
166 136 -1 27459 0.0000 0 CAP
166 137 -1 21817 0.0000 0 CAP
166 138 -1 23811 0.0000 0 CAP
166 139 -1 23811 0.0000 0 CAP
166 140 -1 20480 0.0000 0 CAP
166 141 -1 22754 0.0000 0 CAP
166 142 -1 24731 0.0000 0 CAP
166 143 -1 27355 0.0000 0 CAP
166 144 -1 20550 0.0000 0 CAP
166 145 -1 20856 0.0000 0 CAP
166 146 -1 20906 0.0000 0 CAP
166 147 -1 20901 0.0000 0 CAP
166 148 -1 21073 0.0000 0 CAP
166 149 -1 20974 0.0000 0 CAP
166 150 -1 27287 0.0000 0 CAP
166 151 -1 26679 0.0000 0 CAP
166 152 -1 24383 0.0000 0 CAP
166 153 -1 22128 0.0000 0 CAP
166 154 -1 20425 0.0000 0 CAP
166 155 -1 20424 0.0000 0 CAP
166 156 -1 20423 0.0000 0 CAP
166 157 -1 20629 0.0000 0 CAP
166 158 -1 27903 0.0000 0 CAP
166 159 -1 25712 0.0000 0 CAP
166 160 -1 20037 0.0000 0 CAP
166 161 -1 20847 0.0000 0 CAP
166 162 -1 20766 0.0000 0 CAP
166 163 -1 20374 0.0000 0 CAP
166 164 -1 20705 0.0000 0 CAP
166 165 -1 20479 0.0000 0 CAP
166 166 -1 20788 0.0000 0 CAP
166 167 -1 20193 0.0000 0 CAP
166 168 -1 25961 0.0000 0 CAP
166 169 -1 26362 0.0000 0 CAP
166 170 -1 20589 0.0000 0 CAP
166 171 -1 20078 0.0000 0 CAP
166 172 -1 20427 0.0000 0 CAP
166 173 -1 20526 0.0000 0 CAP
166 174 -1 20636 0.0000 0 CAP
166 175 -1 20766 0.0000 0 CAP
166 176 -1 20419 0.0000 0 CAP
166 177 -1 28369 0.0000 0 CAP
166 178 -1 25515 0.0000 0 CAP
166 179 -1 20630 0.0000 0 CAP
166 180 -1 20434 0.0000 0 CAP
166 181 -1 20449 0.0000 0 CAP
166 182 -1 20383 0.0000 0 CAP
166 183 -1 20077 0.0000 0 CAP
166 184 -1 27313 0.0000 0 CAP
166 185 -1 21145 0.0000 0 CAP
166 186 -1 22966 0.0000 0 CAP
166 187 -1 24235 0.0000 0 CAP
166 188 -1 26882 0.0000 0 CAP
166 189 -1 20044 0.0000 0 CAP
166 190 -1 20760 0.0000 0 CAP
166 191 -1 20484 0.0000 0 CAP
166 192 -1 20625 0.0000 0 CAP
166 193 -1 20801 0.0000 0 CAP
166 194 -1 28035 0.0000 0 CAP
# row j=166 L=0.461111 n=195 KILL=0 CYCLE=0 FAT=0 CAP=195 certified=0 lambda[0.0000,0.0000]
167 0 -1 22064 0.0000 0 CAP
167 1 -1 22230 0.0000 0 CAP
167 2 -1 22017 0.0000 0 CAP
167 3 -1 21927 0.0000 0 CAP
167 4 -1 21563 0.0000 0 CAP
167 5 -1 20044 0.0000 0 CAP
167 6 -1 26961 0.0000 0 CAP
167 7 -1 24235 0.0000 0 CAP
167 8 -1 22966 0.0000 0 CAP
167 9 -1 21180 0.0000 0 CAP
167 10 -1 23037 0.0000 0 CAP
167 11 -1 22119 0.0000 0 CAP
167 12 -1 22513 0.0000 0 CAP
167 13 -1 22671 0.0000 0 CAP
167 14 -1 22846 0.0000 0 CAP
167 15 -1 22926 0.0000 0 CAP
167 16 -1 22778 0.0000 0 CAP
167 17 -1 21930 0.0000 0 CAP
167 18 -1 22609 0.0000 0 CAP
167 19 -1 22800 0.0000 0 CAP
167 20 -1 22781 0.0000 0 CAP
167 21 -1 22495 0.0000 0 CAP
167 22 -1 22109 0.0000 0 CAP
167 23 -1 22710 0.0000 0 CAP
167 24 -1 20607 0.0000 0 CAP
167 25 -1 22967 0.0000 0 CAP
167 26 -1 20193 0.0000 0 CAP
167 27 -1 22027 0.0000 0 CAP
167 28 -1 22825 0.0000 0 CAP
167 29 -1 22304 0.0000 0 CAP
167 30 -1 22223 0.0000 0 CAP
167 31 -1 22853 0.0000 0 CAP
167 32 -1 22667 0.0000 0 CAP
167 33 -1 21944 0.0000 0 CAP
167 34 -1 20037 0.0000 0 CAP
167 35 -1 22812 0.0000 0 CAP
167 36 -1 21985 0.0000 0 CAP
167 37 -1 22704 0.0000 0 CAP
167 38 -1 22612 0.0000 0 CAP
167 39 -1 22797 0.0000 0 CAP
167 40 -1 22644 0.0000 0 CAP
167 41 -1 22961 0.0000 0 CAP
167 42 -1 26679 0.0000 0 CAP
167 43 -1 27287 0.0000 0 CAP
167 44 -1 22051 0.0000 0 CAP
167 45 -1 22843 0.0000 0 CAP
167 46 -1 22719 0.0000 0 CAP
167 47 -1 22566 0.0000 0 CAP
167 48 -1 22914 0.0000 0 CAP
167 49 -1 22353 0.0000 0 CAP
167 50 -1 20550 0.0000 0 CAP
167 51 -1 27355 0.0000 0 CAP
167 52 -1 24731 0.0000 0 CAP
167 53 -1 22754 0.0000 0 CAP
167 54 -1 20480 0.0000 0 CAP
167 55 -1 25574 0.0000 0 CAP
167 56 -1 23811 0.0000 0 CAP
167 57 -1 21817 0.0000 0 CAP
167 58 -1 27459 0.0000 0 CAP
167 59 -1 23950 0.0000 0 CAP
167 60 -1 23876 0.0000 0 CAP
167 61 -1 25804 0.0000 0 CAP
167 62 -1 24638 0.0000 0 CAP
167 63 -1 21475 0.0000 0 CAP
167 64 -1 20400 0.0000 0 CAP
167 65 -1 24955 0.0000 0 CAP
167 66 -1 24979 0.0000 0 CAP
167 67 -1 25079 0.0000 0 CAP
167 68 -1 22871 0.0000 0 CAP
167 69 -1 25786 0.0000 0 CAP
167 70 -1 25253 0.0000 0 CAP
167 71 -1 22913 0.0000 0 CAP
167 72 -1 26984 0.0000 0 CAP
167 73 -1 22340 0.0000 0 CAP
167 74 -1 25330 0.0000 0 CAP
167 75 -1 20100 0.0000 0 CAP
167 76 -1 21910 0.0000 0 CAP
167 77 -1 21358 0.0000 0 CAP
167 78 -1 21981 0.0000 0 CAP
167 79 -1 27808 0.0000 0 CAP
167 80 -1 21842 0.0000 0 CAP
167 81 -1 21661 0.0000 0 CAP
167 82 -1 21751 0.0000 0 CAP
167 83 -1 28013 0.0000 0 CAP
167 84 -1 23038 0.0000 0 CAP
167 85 -1 21831 0.0000 0 CAP
167 86 -1 26340 0.0000 0 CAP
167 87 -1 23447 0.0000 0 CAP
167 88 -1 27265 0.0000 0 CAP
167 89 -1 21207 0.0000 0 CAP
167 90 -1 21193 0.0000 0 CAP
167 91 -1 20916 0.0000 0 CAP
167 92 -1 26734 0.0000 0 CAP
167 93 -1 20947 0.0000 0 CAP
167 94 -1 21031 0.0000 0 CAP
167 95 -1 26981 0.0000 0 CAP
167 96 -1 21276 0.0000 0 CAP
167 97 -1 21276 0.0000 0 CAP
167 98 -1 26981 0.0000 0 CAP
167 99 -1 21031 0.0000 0 CAP
167 100 -1 20947 0.0000 0 CAP
167 101 -1 26734 0.0000 0 CAP
167 102 -1 20916 0.0000 0 CAP
167 103 -1 21193 0.0000 0 CAP
167 104 -1 21207 0.0000 0 CAP
167 105 -1 27265 0.0000 0 CAP
167 106 -1 23447 0.0000 0 CAP
167 107 -1 26340 0.0000 0 CAP
167 108 -1 21831 0.0000 0 CAP
167 109 -1 23038 0.0000 0 CAP
167 110 -1 28013 0.0000 0 CAP
167 111 -1 21751 0.0000 0 CAP
167 112 -1 21661 0.0000 0 CAP
167 113 -1 21842 0.0000 0 CAP
167 114 -1 27808 0.0000 0 CAP
167 115 -1 21981 0.0000 0 CAP
167 116 -1 21358 0.0000 0 CAP
167 117 -1 21910 0.0000 0 CAP
167 118 -1 20100 0.0000 0 CAP
167 119 -1 25330 0.0000 0 CAP
167 120 -1 22340 0.0000 0 CAP
167 121 -1 26984 0.0000 0 CAP
167 122 -1 22913 0.0000 0 CAP
167 123 -1 25253 0.0000 0 CAP
167 124 -1 25786 0.0000 0 CAP
167 125 -1 22871 0.0000 0 CAP
167 126 -1 25079 0.0000 0 CAP
167 127 -1 24979 0.0000 0 CAP
167 128 -1 24955 0.0000 0 CAP
167 129 -1 20400 0.0000 0 CAP
167 130 -1 21475 0.0000 0 CAP
167 131 -1 24638 0.0000 0 CAP
167 132 -1 25804 0.0000 0 CAP
167 133 -1 23876 0.0000 0 CAP
167 134 -1 23950 0.0000 0 CAP
167 135 -1 27459 0.0000 0 CAP
167 136 -1 21817 0.0000 0 CAP
167 137 -1 23811 0.0000 0 CAP
167 138 -1 25574 0.0000 0 CAP
167 139 -1 20480 0.0000 0 CAP
167 140 -1 22754 0.0000 0 CAP
167 141 -1 24731 0.0000 0 CAP
167 142 -1 27355 0.0000 0 CAP
167 143 -1 20550 0.0000 0 CAP
167 144 -1 22353 0.0000 0 CAP
167 145 -1 22914 0.0000 0 CAP
167 146 -1 22566 0.0000 0 CAP
167 147 -1 22719 0.0000 0 CAP
167 148 -1 22843 0.0000 0 CAP
167 149 -1 22051 0.0000 0 CAP
167 150 -1 27287 0.0000 0 CAP
167 151 -1 26679 0.0000 0 CAP
167 152 -1 22961 0.0000 0 CAP
167 153 -1 22644 0.0000 0 CAP
167 154 -1 22797 0.0000 0 CAP
167 155 -1 22612 0.0000 0 CAP
167 156 -1 22704 0.0000 0 CAP
167 157 -1 21985 0.0000 0 CAP
167 158 -1 22812 0.0000 0 CAP
167 159 -1 20037 0.0000 0 CAP
167 160 -1 21944 0.0000 0 CAP
167 161 -1 22667 0.0000 0 CAP
167 162 -1 22853 0.0000 0 CAP
167 163 -1 22223 0.0000 0 CAP
167 164 -1 22304 0.0000 0 CAP
167 165 -1 22825 0.0000 0 CAP
167 166 -1 22027 0.0000 0 CAP
167 167 -1 20193 0.0000 0 CAP
167 168 -1 22967 0.0000 0 CAP
167 169 -1 20607 0.0000 0 CAP
167 170 -1 22710 0.0000 0 CAP
167 171 -1 22109 0.0000 0 CAP
167 172 -1 22495 0.0000 0 CAP
167 173 -1 22781 0.0000 0 CAP
167 174 -1 22800 0.0000 0 CAP
167 175 -1 22609 0.0000 0 CAP
167 176 -1 21930 0.0000 0 CAP
167 177 -1 22778 0.0000 0 CAP
167 178 -1 22926 0.0000 0 CAP
167 179 -1 22846 0.0000 0 CAP
167 180 -1 22671 0.0000 0 CAP
167 181 -1 22513 0.0000 0 CAP
167 182 -1 22119 0.0000 0 CAP
167 183 -1 23037 0.0000 0 CAP
167 184 -1 21180 0.0000 0 CAP
167 185 -1 22966 0.0000 0 CAP
167 186 -1 24235 0.0000 0 CAP
167 187 -1 26961 0.0000 0 CAP
167 188 -1 20044 0.0000 0 CAP
167 189 -1 21563 0.0000 0 CAP
167 190 -1 21927 0.0000 0 CAP
167 191 -1 22017 0.0000 0 CAP
167 192 -1 22230 0.0000 0 CAP
167 193 -1 22064 0.0000 0 CAP
# row j=167 L=0.463889 n=194 KILL=0 CYCLE=0 FAT=0 CAP=194 certified=0 lambda[0.0000,0.0000]
168 0 -1 23501 0.0000 0 CAP
168 1 -1 23652 0.0000 0 CAP
168 2 -1 23510 0.0000 0 CAP
168 3 -1 22612 0.0000 0 CAP
168 4 -1 21563 0.0000 0 CAP
168 5 -1 20044 0.0000 0 CAP
168 6 -1 26961 0.0000 0 CAP
168 7 -1 24235 0.0000 0 CAP
168 8 -1 25095 0.0000 0 CAP
168 9 -1 25470 0.0000 0 CAP
168 10 -1 25316 0.0000 0 CAP
168 11 -1 24539 0.0000 0 CAP
168 12 -1 24756 0.0000 0 CAP
168 13 -1 25278 0.0000 0 CAP
168 14 -1 25150 0.0000 0 CAP
168 15 -1 25203 0.0000 0 CAP
168 16 -1 25142 0.0000 0 CAP
168 17 -1 24274 0.0000 0 CAP
168 18 -1 24649 0.0000 0 CAP
168 19 -1 25007 0.0000 0 CAP
168 20 -1 24852 0.0000 0 CAP
168 21 -1 24195 0.0000 0 CAP
168 22 -1 24821 0.0000 0 CAP
168 23 -1 22825 0.0000 0 CAP
168 24 -1 25215 0.0000 0 CAP
168 25 -1 25453 0.0000 0 CAP
168 26 -1 22027 0.0000 0 CAP
168 27 -1 24102 0.0000 0 CAP
168 28 -1 24712 0.0000 0 CAP
168 29 -1 23842 0.0000 0 CAP
168 30 -1 24822 0.0000 0 CAP
168 31 -1 24913 0.0000 0 CAP
168 32 -1 23768 0.0000 0 CAP
168 33 -1 21944 0.0000 0 CAP
168 34 -1 25306 0.0000 0 CAP
168 35 -1 25403 0.0000 0 CAP
168 36 -1 24078 0.0000 0 CAP
168 37 -1 24955 0.0000 0 CAP
168 38 -1 25115 0.0000 0 CAP
168 39 -1 25102 0.0000 0 CAP
168 40 -1 24987 0.0000 0 CAP
168 41 -1 25179 0.0000 0 CAP
168 42 -1 27287 0.0000 0 CAP
168 43 -1 22051 0.0000 0 CAP
168 44 -1 23900 0.0000 0 CAP
168 45 -1 24513 0.0000 0 CAP
168 46 -1 24775 0.0000 0 CAP
168 47 -1 24602 0.0000 0 CAP
168 48 -1 24531 0.0000 0 CAP
168 49 -1 22353 0.0000 0 CAP
168 50 -1 20550 0.0000 0 CAP
168 51 -1 27355 0.0000 0 CAP
168 52 -1 24731 0.0000 0 CAP
168 53 -1 22784 0.0000 0 CAP
168 54 -1 20480 0.0000 0 CAP
168 55 -1 25574 0.0000 0 CAP
168 56 -1 23811 0.0000 0 CAP
168 57 -1 21817 0.0000 0 CAP
168 58 -1 21722 0.0000 0 CAP
168 59 -1 21808 0.0000 0 CAP
168 60 -1 21110 0.0000 0 CAP
168 61 -1 21241 0.0000 0 CAP
168 62 -1 21490 0.0000 0 CAP
168 63 -1 25931 0.0000 0 CAP
168 64 -1 20400 0.0000 0 CAP
168 65 -1 21163 0.0000 0 CAP
168 66 -1 25406 0.0000 0 CAP
168 67 -1 22871 0.0000 0 CAP
168 68 -1 20897 0.0000 0 CAP
168 69 -1 21663 0.0000 0 CAP
168 70 -1 20623 0.0000 0 CAP
168 71 -1 26984 0.0000 0 CAP
168 72 -1 22340 0.0000 0 CAP
168 73 -1 25330 0.0000 0 CAP
168 74 -1 20100 0.0000 0 CAP
168 75 -1 22343 0.0000 0 CAP
168 76 -1 23580 0.0000 0 CAP
168 77 -1 24337 0.0000 0 CAP
168 78 -1 22507 0.0000 0 CAP
168 79 -1 23608 0.0000 0 CAP
168 80 -1 24325 0.0000 0 CAP
168 81 -1 24298 0.0000 0 CAP
168 82 -1 22334 0.0000 0 CAP
168 83 -1 28013 0.0000 0 CAP
168 84 -1 23038 0.0000 0 CAP
168 85 -1 23359 0.0000 0 CAP
168 86 -1 23381 0.0000 0 CAP
168 87 -1 27265 0.0000 0 CAP
168 88 -1 21987 0.0000 0 CAP
168 89 -1 23841 0.0000 0 CAP
168 90 -1 24080 0.0000 0 CAP
168 91 -1 21528 0.0000 0 CAP
168 92 -1 23824 0.0000 0 CAP
168 93 -1 23837 0.0000 0 CAP
168 94 -1 22785 0.0000 0 CAP
168 95 -1 23920 0.0000 0 CAP
168 96 -1 24574 0.0000 0 CAP
168 97 -1 23920 0.0000 0 CAP
168 98 -1 22785 0.0000 0 CAP
168 99 -1 23837 0.0000 0 CAP
168 100 -1 23824 0.0000 0 CAP
168 101 -1 21528 0.0000 0 CAP
168 102 -1 24080 0.0000 0 CAP
168 103 -1 23841 0.0000 0 CAP
168 104 -1 21987 0.0000 0 CAP
168 105 -1 27265 0.0000 0 CAP
168 106 -1 23381 0.0000 0 CAP
168 107 -1 23359 0.0000 0 CAP
168 108 -1 23038 0.0000 0 CAP
168 109 -1 28013 0.0000 0 CAP
168 110 -1 22334 0.0000 0 CAP
168 111 -1 24298 0.0000 0 CAP
168 112 -1 24325 0.0000 0 CAP
168 113 -1 23608 0.0000 0 CAP
168 114 -1 22507 0.0000 0 CAP
168 115 -1 24337 0.0000 0 CAP
168 116 -1 23580 0.0000 0 CAP
168 117 -1 22343 0.0000 0 CAP
168 118 -1 20100 0.0000 0 CAP
168 119 -1 25330 0.0000 0 CAP
168 120 -1 22340 0.0000 0 CAP
168 121 -1 26984 0.0000 0 CAP
168 122 -1 20623 0.0000 0 CAP
168 123 -1 21663 0.0000 0 CAP
168 124 -1 20897 0.0000 0 CAP
168 125 -1 22871 0.0000 0 CAP
168 126 -1 25406 0.0000 0 CAP
168 127 -1 21163 0.0000 0 CAP
168 128 -1 20400 0.0000 0 CAP
168 129 -1 25931 0.0000 0 CAP
168 130 -1 21490 0.0000 0 CAP
168 131 -1 21241 0.0000 0 CAP
168 132 -1 21110 0.0000 0 CAP
168 133 -1 21808 0.0000 0 CAP
168 134 -1 21722 0.0000 0 CAP
168 135 -1 21817 0.0000 0 CAP
168 136 -1 23811 0.0000 0 CAP
168 137 -1 25574 0.0000 0 CAP
168 138 -1 20480 0.0000 0 CAP
168 139 -1 22784 0.0000 0 CAP
168 140 -1 24731 0.0000 0 CAP
168 141 -1 27355 0.0000 0 CAP
168 142 -1 20550 0.0000 0 CAP
168 143 -1 22353 0.0000 0 CAP
168 144 -1 24531 0.0000 0 CAP
168 145 -1 24602 0.0000 0 CAP
168 146 -1 24775 0.0000 0 CAP
168 147 -1 24513 0.0000 0 CAP
168 148 -1 23900 0.0000 0 CAP
168 149 -1 22051 0.0000 0 CAP
168 150 -1 27287 0.0000 0 CAP
168 151 -1 25179 0.0000 0 CAP
168 152 -1 24987 0.0000 0 CAP
168 153 -1 25102 0.0000 0 CAP
168 154 -1 25115 0.0000 0 CAP
168 155 -1 24955 0.0000 0 CAP
168 156 -1 24078 0.0000 0 CAP
168 157 -1 25403 0.0000 0 CAP
168 158 -1 25306 0.0000 0 CAP
168 159 -1 21944 0.0000 0 CAP
168 160 -1 23768 0.0000 0 CAP
168 161 -1 24913 0.0000 0 CAP
168 162 -1 24822 0.0000 0 CAP
168 163 -1 23842 0.0000 0 CAP
168 164 -1 24712 0.0000 0 CAP
168 165 -1 24102 0.0000 0 CAP
168 166 -1 22027 0.0000 0 CAP
168 167 -1 25453 0.0000 0 CAP
168 168 -1 25215 0.0000 0 CAP
168 169 -1 22825 0.0000 0 CAP
168 170 -1 24821 0.0000 0 CAP
168 171 -1 24195 0.0000 0 CAP
168 172 -1 24852 0.0000 0 CAP
168 173 -1 25007 0.0000 0 CAP
168 174 -1 24649 0.0000 0 CAP
168 175 -1 24274 0.0000 0 CAP
168 176 -1 25142 0.0000 0 CAP
168 177 -1 25203 0.0000 0 CAP
168 178 -1 25150 0.0000 0 CAP
168 179 -1 25278 0.0000 0 CAP
168 180 -1 24756 0.0000 0 CAP
168 181 -1 24539 0.0000 0 CAP
168 182 -1 25316 0.0000 0 CAP
168 183 -1 25470 0.0000 0 CAP
168 184 -1 25095 0.0000 0 CAP
168 185 -1 24235 0.0000 0 CAP
168 186 -1 26961 0.0000 0 CAP
168 187 -1 20044 0.0000 0 CAP
168 188 -1 21563 0.0000 0 CAP
168 189 -1 22612 0.0000 0 CAP
168 190 -1 23510 0.0000 0 CAP
168 191 -1 23652 0.0000 0 CAP
168 192 -1 23501 0.0000 0 CAP
# row j=168 L=0.466667 n=193 KILL=0 CYCLE=0 FAT=0 CAP=193 certified=0 lambda[0.0000,0.0000]
169 0 -1 24935 0.0000 0 CAP
169 1 -1 25191 0.0000 0 CAP
169 2 -1 24205 0.0000 0 CAP
169 3 -1 22612 0.0000 0 CAP
169 4 -1 21603 0.0000 0 CAP
169 5 -1 20044 0.0000 0 CAP
169 6 -1 26961 0.0000 0 CAP
169 7 -1 26650 0.0000 0 CAP
169 8 -1 27657 0.0000 0 CAP
169 9 -1 27775 0.0000 0 CAP
169 10 -1 28125 0.0000 0 CAP
169 11 -1 26568 0.0000 0 CAP
169 12 -1 27497 0.0000 0 CAP
169 13 -1 27630 0.0000 0 CAP
169 14 -1 27441 0.0000 0 CAP
169 15 -1 27814 0.0000 0 CAP
169 16 -1 28095 0.0000 0 CAP
169 17 -1 26334 0.0000 0 CAP
169 18 -1 26870 0.0000 0 CAP
169 19 -1 27146 0.0000 0 CAP
169 20 -1 26620 0.0000 0 CAP
169 21 -1 26985 0.0000 0 CAP
169 22 -1 24839 0.0000 0 CAP
169 23 -1 28048 0.0000 0 CAP
169 24 -1 27741 0.0000 0 CAP
169 25 -1 27767 0.0000 0 CAP
169 26 -1 24102 0.0000 0 CAP
169 27 -1 25995 0.0000 0 CAP
169 28 -1 26320 0.0000 0 CAP
169 29 -1 26539 0.0000 0 CAP
169 30 -1 26918 0.0000 0 CAP
169 31 -1 26025 0.0000 0 CAP
169 32 -1 23768 0.0000 0 CAP
169 33 -1 27761 0.0000 0 CAP
169 34 -1 28023 0.0000 0 CAP
169 35 -1 27673 0.0000 0 CAP
169 36 -1 26359 0.0000 0 CAP
169 37 -1 27639 0.0000 0 CAP
169 38 -1 27446 0.0000 0 CAP
169 39 -1 27563 0.0000 0 CAP
169 40 -1 27215 0.0000 0 CAP
169 41 -1 28018 0.0000 0 CAP
169 42 -1 22051 0.0000 0 CAP
169 43 -1 23900 0.0000 0 CAP
169 44 -1 25572 0.0000 0 CAP
169 45 -1 26653 0.0000 0 CAP
169 46 -1 26562 0.0000 0 CAP
169 47 -1 26225 0.0000 0 CAP
169 48 -1 24531 0.0000 0 CAP
169 49 -1 22353 0.0000 0 CAP
169 50 -1 20550 0.0000 0 CAP
169 51 -1 27355 0.0000 0 CAP
169 52 -1 24731 0.0000 0 CAP
169 53 -1 22784 0.0000 0 CAP
169 54 -1 20480 0.0000 0 CAP
169 55 -1 25574 0.0000 0 CAP
169 56 -1 22915 0.0000 0 CAP
169 57 -1 25574 0.0000 0 CAP
169 58 -1 25556 0.0000 0 CAP
169 59 -1 25537 0.0000 0 CAP
169 60 -1 24780 0.0000 0 CAP
169 61 -1 25372 0.0000 0 CAP
169 62 -1 22832 0.0000 0 CAP
169 63 -1 25931 0.0000 0 CAP
169 64 -1 23267 0.0000 0 CAP
169 65 -1 23496 0.0000 0 CAP
169 66 -1 23361 0.0000 0 CAP
169 67 -1 20897 0.0000 0 CAP
169 68 -1 24206 0.0000 0 CAP
169 69 -1 24183 0.0000 0 CAP
169 70 -1 25532 0.0000 0 CAP
169 71 -1 25224 0.0000 0 CAP
169 72 -1 25330 0.0000 0 CAP
169 73 -1 20100 0.0000 0 CAP
169 74 -1 22343 0.0000 0 CAP
169 75 -1 24015 0.0000 0 CAP
169 76 -1 26711 0.0000 0 CAP
169 77 -1 24865 0.0000 0 CAP
169 78 -1 27270 0.0000 0 CAP
169 79 -1 26187 0.0000 0 CAP
169 80 -1 27080 0.0000 0 CAP
169 81 -1 24883 0.0000 0 CAP
169 82 -1 22334 0.0000 0 CAP
169 83 -1 26687 0.0000 0 CAP
169 84 -1 24625 0.0000 0 CAP
169 85 -1 26720 0.0000 0 CAP
169 86 -1 26730 0.0000 0 CAP
169 87 -1 26797 0.0000 0 CAP
169 88 -1 24657 0.0000 0 CAP
169 89 -1 26796 0.0000 0 CAP
169 90 -1 24712 0.0000 0 CAP
169 91 -1 26547 0.0000 0 CAP
169 92 -1 27037 0.0000 0 CAP
169 93 -1 25615 0.0000 0 CAP
169 94 -1 27064 0.0000 0 CAP
169 95 -1 27294 0.0000 0 CAP
169 96 -1 27294 0.0000 0 CAP
169 97 -1 27064 0.0000 0 CAP
169 98 -1 25615 0.0000 0 CAP
169 99 -1 27037 0.0000 0 CAP
169 100 -1 26547 0.0000 0 CAP
169 101 -1 24712 0.0000 0 CAP
169 102 -1 26796 0.0000 0 CAP
169 103 -1 24657 0.0000 0 CAP
169 104 -1 26797 0.0000 0 CAP
169 105 -1 26730 0.0000 0 CAP
169 106 -1 26720 0.0000 0 CAP
169 107 -1 24625 0.0000 0 CAP
169 108 -1 26687 0.0000 0 CAP
169 109 -1 22334 0.0000 0 CAP
169 110 -1 24883 0.0000 0 CAP
169 111 -1 27080 0.0000 0 CAP
169 112 -1 26187 0.0000 0 CAP
169 113 -1 27270 0.0000 0 CAP
169 114 -1 24865 0.0000 0 CAP
169 115 -1 26711 0.0000 0 CAP
169 116 -1 24015 0.0000 0 CAP
169 117 -1 22343 0.0000 0 CAP
169 118 -1 20100 0.0000 0 CAP
169 119 -1 25330 0.0000 0 CAP
169 120 -1 25224 0.0000 0 CAP
169 121 -1 25532 0.0000 0 CAP
169 122 -1 24183 0.0000 0 CAP
169 123 -1 24206 0.0000 0 CAP
169 124 -1 20897 0.0000 0 CAP
169 125 -1 23361 0.0000 0 CAP
169 126 -1 23496 0.0000 0 CAP
169 127 -1 23267 0.0000 0 CAP
169 128 -1 25931 0.0000 0 CAP
169 129 -1 22832 0.0000 0 CAP
169 130 -1 25372 0.0000 0 CAP
169 131 -1 24780 0.0000 0 CAP
169 132 -1 25537 0.0000 0 CAP
169 133 -1 25556 0.0000 0 CAP
169 134 -1 25574 0.0000 0 CAP
169 135 -1 22915 0.0000 0 CAP
169 136 -1 25574 0.0000 0 CAP
169 137 -1 20480 0.0000 0 CAP
169 138 -1 22784 0.0000 0 CAP
169 139 -1 24731 0.0000 0 CAP
169 140 -1 27355 0.0000 0 CAP
169 141 -1 20550 0.0000 0 CAP
169 142 -1 22353 0.0000 0 CAP
169 143 -1 24531 0.0000 0 CAP
169 144 -1 26225 0.0000 0 CAP
169 145 -1 26562 0.0000 0 CAP
169 146 -1 26653 0.0000 0 CAP
169 147 -1 25572 0.0000 0 CAP
169 148 -1 23900 0.0000 0 CAP
169 149 -1 22051 0.0000 0 CAP
169 150 -1 28018 0.0000 0 CAP
169 151 -1 27215 0.0000 0 CAP
169 152 -1 27563 0.0000 0 CAP
169 153 -1 27446 0.0000 0 CAP
169 154 -1 27639 0.0000 0 CAP
169 155 -1 26359 0.0000 0 CAP
169 156 -1 27673 0.0000 0 CAP
169 157 -1 28023 0.0000 0 CAP
169 158 -1 27761 0.0000 0 CAP
169 159 -1 23768 0.0000 0 CAP
169 160 -1 26025 0.0000 0 CAP
169 161 -1 26918 0.0000 0 CAP
169 162 -1 26539 0.0000 0 CAP
169 163 -1 26320 0.0000 0 CAP
169 164 -1 25995 0.0000 0 CAP
169 165 -1 24102 0.0000 0 CAP
169 166 -1 27767 0.0000 0 CAP
169 167 -1 27741 0.0000 0 CAP
169 168 -1 28048 0.0000 0 CAP
169 169 -1 24839 0.0000 0 CAP
169 170 -1 26985 0.0000 0 CAP
169 171 -1 26620 0.0000 0 CAP
169 172 -1 27146 0.0000 0 CAP
169 173 -1 26870 0.0000 0 CAP
169 174 -1 26334 0.0000 0 CAP
169 175 -1 28095 0.0000 0 CAP
169 176 -1 27814 0.0000 0 CAP
169 177 -1 27441 0.0000 0 CAP
169 178 -1 27630 0.0000 0 CAP
169 179 -1 27497 0.0000 0 CAP
169 180 -1 26568 0.0000 0 CAP
169 181 -1 28125 0.0000 0 CAP
169 182 -1 27775 0.0000 0 CAP
169 183 -1 27657 0.0000 0 CAP
169 184 -1 26650 0.0000 0 CAP
169 185 -1 26961 0.0000 0 CAP
169 186 -1 20044 0.0000 0 CAP
169 187 -1 21603 0.0000 0 CAP
169 188 -1 22612 0.0000 0 CAP
169 189 -1 24205 0.0000 0 CAP
169 190 -1 25191 0.0000 0 CAP
169 191 -1 24935 0.0000 0 CAP
# row j=169 L=0.469444 n=192 KILL=0 CYCLE=0 FAT=0 CAP=192 certified=0 lambda[0.0000,0.0000]
170 0 -1 26494 0.0000 0 CAP
170 1 -1 25896 0.0000 0 CAP
170 2 -1 24205 0.0000 0 CAP
170 3 -1 22989 0.0000 0 CAP
170 4 -1 21603 0.0000 0 CAP
170 5 -1 21053 0.0000 0 CAP
170 6 -1 21232 0.0000 0 CAP
170 7 -1 20244 0.0000 0 CAP
170 8 -1 20735 0.0000 0 CAP
170 9 -1 21249 0.0000 0 CAP
170 10 -1 21001 0.0000 0 CAP
170 11 -1 20362 0.0000 0 CAP
170 12 -1 20648 0.0000 0 CAP
170 13 -1 20721 0.0000 0 CAP
170 14 -1 20712 0.0000 0 CAP
170 15 -1 21586 0.0000 0 CAP
170 16 -1 21084 0.0000 0 CAP
170 17 -1 28589 0.0000 0 CAP
170 18 -1 20039 0.0000 0 CAP
170 19 -1 20038 0.0000 0 CAP
170 20 -1 20418 0.0000 0 CAP
170 21 -1 21052 0.0000 0 CAP
170 22 -1 21054 0.0000 0 CAP
170 23 -1 21329 0.0000 0 CAP
170 24 -1 20795 0.0000 0 CAP
170 25 -1 21154 0.0000 0 CAP
170 26 -1 25995 0.0000 0 CAP
170 27 -1 27613 0.0000 0 CAP
170 28 -1 20142 0.0000 0 CAP
170 29 -1 28657 0.0000 0 CAP
170 30 -1 28036 0.0000 0 CAP
170 31 -1 26025 0.0000 0 CAP
170 32 -1 20770 0.0000 0 CAP
170 33 -1 21174 0.0000 0 CAP
170 34 -1 20997 0.0000 0 CAP
170 35 -1 20891 0.0000 0 CAP
170 36 -1 20183 0.0000 0 CAP
170 37 -1 20756 0.0000 0 CAP
170 38 -1 20710 0.0000 0 CAP
170 39 -1 20649 0.0000 0 CAP
170 40 -1 20922 0.0000 0 CAP
170 41 -1 21177 0.0000 0 CAP
170 42 -1 23900 0.0000 0 CAP
170 43 -1 25572 0.0000 0 CAP
170 44 -1 27738 0.0000 0 CAP
170 45 -1 28470 0.0000 0 CAP
170 46 -1 28211 0.0000 0 CAP
170 47 -1 26225 0.0000 0 CAP
170 48 -1 24531 0.0000 0 CAP
170 49 -1 22353 0.0000 0 CAP
170 50 -1 20550 0.0000 0 CAP
170 51 -1 27355 0.0000 0 CAP
170 52 -1 24731 0.0000 0 CAP
170 53 -1 22784 0.0000 0 CAP
170 54 -1 20599 0.0000 0 CAP
170 55 -1 20109 0.0000 0 CAP
170 56 -1 28194 0.0000 0 CAP
170 57 -1 21056 0.0000 0 CAP
170 58 -1 20607 0.0000 0 CAP
170 59 -1 20022 0.0000 0 CAP
170 60 -1 21093 0.0000 0 CAP
170 61 -1 26738 0.0000 0 CAP
170 62 -1 20643 0.0000 0 CAP
170 63 -1 27811 0.0000 0 CAP
170 64 -1 21331 0.0000 0 CAP
170 65 -1 20701 0.0000 0 CAP
170 66 -1 27929 0.0000 0 CAP
170 67 -1 24206 0.0000 0 CAP
170 68 -1 26987 0.0000 0 CAP
170 69 -1 20804 0.0000 0 CAP
170 70 -1 20716 0.0000 0 CAP
170 71 -1 20966 0.0000 0 CAP
170 72 -1 20100 0.0000 0 CAP
170 73 -1 22343 0.0000 0 CAP
170 74 -1 24015 0.0000 0 CAP
170 75 -1 27160 0.0000 0 CAP
170 76 -1 27243 0.0000 0 CAP
170 77 -1 20819 0.0000 0 CAP
170 78 -1 20861 0.0000 0 CAP
170 79 -1 20040 0.0000 0 CAP
170 80 -1 27677 0.0000 0 CAP
170 81 -1 24883 0.0000 0 CAP
170 82 -1 21534 0.0000 0 CAP
170 83 -1 21569 0.0000 0 CAP
170 84 -1 21523 0.0000 0 CAP
170 85 -1 21058 0.0000 0 CAP
170 86 -1 21280 0.0000 0 CAP
170 87 -1 21286 0.0000 0 CAP
170 88 -1 27624 0.0000 0 CAP
170 89 -1 27430 0.0000 0 CAP
170 90 -1 21270 0.0000 0 CAP
170 91 -1 20702 0.0000 0 CAP
170 92 -1 21289 0.0000 0 CAP
170 93 -1 20516 0.0000 0 CAP
170 94 -1 20662 0.0000 0 CAP
170 95 -1 20662 0.0000 0 CAP
170 96 -1 20662 0.0000 0 CAP
170 97 -1 20516 0.0000 0 CAP
170 98 -1 21289 0.0000 0 CAP
170 99 -1 20702 0.0000 0 CAP
170 100 -1 21270 0.0000 0 CAP
170 101 -1 27430 0.0000 0 CAP
170 102 -1 27624 0.0000 0 CAP
170 103 -1 21286 0.0000 0 CAP
170 104 -1 21280 0.0000 0 CAP
170 105 -1 21058 0.0000 0 CAP
170 106 -1 21523 0.0000 0 CAP
170 107 -1 21569 0.0000 0 CAP
170 108 -1 21534 0.0000 0 CAP
170 109 -1 24883 0.0000 0 CAP
170 110 -1 27677 0.0000 0 CAP
170 111 -1 20040 0.0000 0 CAP
170 112 -1 20861 0.0000 0 CAP
170 113 -1 20819 0.0000 0 CAP
170 114 -1 27243 0.0000 0 CAP
170 115 -1 27160 0.0000 0 CAP
170 116 -1 24015 0.0000 0 CAP
170 117 -1 22343 0.0000 0 CAP
170 118 -1 20100 0.0000 0 CAP
170 119 -1 20966 0.0000 0 CAP
170 120 -1 20716 0.0000 0 CAP
170 121 -1 20804 0.0000 0 CAP
170 122 -1 26987 0.0000 0 CAP
170 123 -1 24206 0.0000 0 CAP
170 124 -1 27929 0.0000 0 CAP
170 125 -1 20701 0.0000 0 CAP
170 126 -1 21331 0.0000 0 CAP
170 127 -1 27811 0.0000 0 CAP
170 128 -1 20643 0.0000 0 CAP
170 129 -1 26738 0.0000 0 CAP
170 130 -1 21093 0.0000 0 CAP
170 131 -1 20022 0.0000 0 CAP
170 132 -1 20607 0.0000 0 CAP
170 133 -1 21056 0.0000 0 CAP
170 134 -1 28194 0.0000 0 CAP
170 135 -1 20109 0.0000 0 CAP
170 136 -1 20599 0.0000 0 CAP
170 137 -1 22784 0.0000 0 CAP
170 138 -1 24731 0.0000 0 CAP
170 139 -1 27355 0.0000 0 CAP
170 140 -1 20550 0.0000 0 CAP
170 141 -1 22353 0.0000 0 CAP
170 142 -1 24531 0.0000 0 CAP
170 143 -1 26225 0.0000 0 CAP
170 144 -1 28211 0.0000 0 CAP
170 145 -1 28470 0.0000 0 CAP
170 146 -1 27738 0.0000 0 CAP
170 147 -1 25572 0.0000 0 CAP
170 148 -1 23900 0.0000 0 CAP
170 149 -1 21177 0.0000 0 CAP
170 150 -1 20922 0.0000 0 CAP
170 151 -1 20649 0.0000 0 CAP
170 152 -1 20710 0.0000 0 CAP
170 153 -1 20756 0.0000 0 CAP
170 154 -1 20183 0.0000 0 CAP
170 155 -1 20891 0.0000 0 CAP
170 156 -1 20997 0.0000 0 CAP
170 157 -1 21174 0.0000 0 CAP
170 158 -1 20770 0.0000 0 CAP
170 159 -1 26025 0.0000 0 CAP
170 160 -1 28036 0.0000 0 CAP
170 161 -1 28657 0.0000 0 CAP
170 162 -1 20142 0.0000 0 CAP
170 163 -1 27613 0.0000 0 CAP
170 164 -1 25995 0.0000 0 CAP
170 165 -1 21154 0.0000 0 CAP
170 166 -1 20795 0.0000 0 CAP
170 167 -1 21329 0.0000 0 CAP
170 168 -1 21054 0.0000 0 CAP
170 169 -1 21052 0.0000 0 CAP
170 170 -1 20418 0.0000 0 CAP
170 171 -1 20038 0.0000 0 CAP
170 172 -1 20039 0.0000 0 CAP
170 173 -1 28589 0.0000 0 CAP
170 174 -1 21084 0.0000 0 CAP
170 175 -1 21586 0.0000 0 CAP
170 176 -1 20712 0.0000 0 CAP
170 177 -1 20721 0.0000 0 CAP
170 178 -1 20648 0.0000 0 CAP
170 179 -1 20362 0.0000 0 CAP
170 180 -1 21001 0.0000 0 CAP
170 181 -1 21249 0.0000 0 CAP
170 182 -1 20735 0.0000 0 CAP
170 183 -1 20244 0.0000 0 CAP
170 184 -1 21232 0.0000 0 CAP
170 185 -1 21053 0.0000 0 CAP
170 186 -1 21603 0.0000 0 CAP
170 187 -1 22989 0.0000 0 CAP
170 188 -1 24205 0.0000 0 CAP
170 189 -1 25896 0.0000 0 CAP
170 190 -1 26494 0.0000 0 CAP
# row j=170 L=0.472222 n=191 KILL=0 CYCLE=0 FAT=0 CAP=191 certified=0 lambda[0.0000,0.0000]
171 0 -1 27201 0.0000 0 CAP
171 1 -1 25896 0.0000 0 CAP
171 2 -1 24472 0.0000 0 CAP
171 3 -1 22989 0.0000 0 CAP
171 4 -1 23138 0.0000 0 CAP
171 5 -1 22654 0.0000 0 CAP
171 6 -1 23070 0.0000 0 CAP
171 7 -1 21746 0.0000 0 CAP
171 8 -1 22679 0.0000 0 CAP
171 9 -1 22664 0.0000 0 CAP
171 10 -1 23293 0.0000 0 CAP
171 11 -1 21905 0.0000 0 CAP
171 12 -1 22181 0.0000 0 CAP
171 13 -1 22425 0.0000 0 CAP
171 14 -1 23039 0.0000 0 CAP
171 15 -1 23126 0.0000 0 CAP
171 16 -1 22776 0.0000 0 CAP
171 17 -1 21180 0.0000 0 CAP
171 18 -1 21214 0.0000 0 CAP
171 19 -1 22052 0.0000 0 CAP
171 20 -1 23075 0.0000 0 CAP
171 21 -1 22667 0.0000 0 CAP
171 22 -1 22858 0.0000 0 CAP
171 23 -1 22897 0.0000 0 CAP
171 24 -1 22667 0.0000 0 CAP
171 25 -1 22667 0.0000 0 CAP
171 26 -1 27613 0.0000 0 CAP
171 27 -1 21011 0.0000 0 CAP
171 28 -1 21571 0.0000 0 CAP
171 29 -1 20458 0.0000 0 CAP
171 30 -1 22907 0.0000 0 CAP
171 31 -1 22832 0.0000 0 CAP
171 32 -1 22665 0.0000 0 CAP
171 33 -1 22666 0.0000 0 CAP
171 34 -1 22667 0.0000 0 CAP
171 35 -1 23041 0.0000 0 CAP
171 36 -1 21741 0.0000 0 CAP
171 37 -1 22452 0.0000 0 CAP
171 38 -1 22201 0.0000 0 CAP
171 39 -1 22870 0.0000 0 CAP
171 40 -1 22762 0.0000 0 CAP
171 41 -1 23012 0.0000 0 CAP
171 42 -1 22860 0.0000 0 CAP
171 43 -1 27738 0.0000 0 CAP
171 44 -1 20247 0.0000 0 CAP
171 45 -1 20616 0.0000 0 CAP
171 46 -1 28211 0.0000 0 CAP
171 47 -1 26225 0.0000 0 CAP
171 48 -1 24531 0.0000 0 CAP
171 49 -1 22353 0.0000 0 CAP
171 50 -1 20550 0.0000 0 CAP
171 51 -1 27355 0.0000 0 CAP
171 52 -1 24731 0.0000 0 CAP
171 53 -1 23717 0.0000 0 CAP
171 54 -1 24478 0.0000 0 CAP
171 55 -1 23012 0.0000 0 CAP
171 56 -1 22640 0.0000 0 CAP
171 57 -1 23630 0.0000 0 CAP
171 58 -1 22544 0.0000 0 CAP
171 59 -1 23736 0.0000 0 CAP
171 60 -1 22074 0.0000 0 CAP
171 61 -1 23829 0.0000 0 CAP
171 62 -1 23571 0.0000 0 CAP
171 63 -1 24338 0.0000 0 CAP
171 64 -1 25022 0.0000 0 CAP
171 65 -1 23924 0.0000 0 CAP
171 66 -1 23398 0.0000 0 CAP
171 67 -1 26987 0.0000 0 CAP
171 68 -1 23133 0.0000 0 CAP
171 69 -1 23326 0.0000 0 CAP
171 70 -1 23929 0.0000 0 CAP
171 71 -1 23656 0.0000 0 CAP
171 72 -1 22343 0.0000 0 CAP
171 73 -1 24015 0.0000 0 CAP
171 74 -1 27160 0.0000 0 CAP
171 75 -1 27692 0.0000 0 CAP
171 76 -1 22612 0.0000 0 CAP
171 77 -1 22644 0.0000 0 CAP
171 78 -1 22802 0.0000 0 CAP
171 79 -1 20428 0.0000 0 CAP
171 80 -1 27677 0.0000 0 CAP
171 81 -1 24017 0.0000 0 CAP
171 82 -1 24403 0.0000 0 CAP
171 83 -1 23982 0.0000 0 CAP
171 84 -1 23900 0.0000 0 CAP
171 85 -1 23527 0.0000 0 CAP
171 86 -1 23843 0.0000 0 CAP
171 87 -1 23805 0.0000 0 CAP
171 88 -1 28258 0.0000 0 CAP
171 89 -1 23264 0.0000 0 CAP
171 90 -1 23496 0.0000 0 CAP
171 91 -1 23270 0.0000 0 CAP
171 92 -1 23278 0.0000 0 CAP
171 93 -1 22760 0.0000 0 CAP
171 94 -1 22884 0.0000 0 CAP
171 95 -1 22884 0.0000 0 CAP
171 96 -1 22760 0.0000 0 CAP
171 97 -1 23278 0.0000 0 CAP
171 98 -1 23270 0.0000 0 CAP
171 99 -1 23496 0.0000 0 CAP
171 100 -1 23264 0.0000 0 CAP
171 101 -1 28258 0.0000 0 CAP
171 102 -1 23805 0.0000 0 CAP
171 103 -1 23843 0.0000 0 CAP
171 104 -1 23527 0.0000 0 CAP
171 105 -1 23900 0.0000 0 CAP
171 106 -1 23982 0.0000 0 CAP
171 107 -1 24403 0.0000 0 CAP
171 108 -1 24017 0.0000 0 CAP
171 109 -1 27677 0.0000 0 CAP
171 110 -1 20428 0.0000 0 CAP
171 111 -1 22802 0.0000 0 CAP
171 112 -1 22644 0.0000 0 CAP
171 113 -1 22612 0.0000 0 CAP
171 114 -1 27692 0.0000 0 CAP
171 115 -1 27160 0.0000 0 CAP
171 116 -1 24015 0.0000 0 CAP
171 117 -1 22343 0.0000 0 CAP
171 118 -1 23656 0.0000 0 CAP
171 119 -1 23929 0.0000 0 CAP
171 120 -1 23326 0.0000 0 CAP
171 121 -1 23133 0.0000 0 CAP
171 122 -1 26987 0.0000 0 CAP
171 123 -1 23398 0.0000 0 CAP
171 124 -1 23924 0.0000 0 CAP
171 125 -1 25022 0.0000 0 CAP
171 126 -1 24338 0.0000 0 CAP
171 127 -1 23571 0.0000 0 CAP
171 128 -1 23829 0.0000 0 CAP
171 129 -1 22074 0.0000 0 CAP
171 130 -1 23736 0.0000 0 CAP
171 131 -1 22544 0.0000 0 CAP
171 132 -1 23630 0.0000 0 CAP
171 133 -1 22640 0.0000 0 CAP
171 134 -1 23012 0.0000 0 CAP
171 135 -1 24478 0.0000 0 CAP
171 136 -1 23717 0.0000 0 CAP
171 137 -1 24731 0.0000 0 CAP
171 138 -1 27355 0.0000 0 CAP
171 139 -1 20550 0.0000 0 CAP
171 140 -1 22353 0.0000 0 CAP
171 141 -1 24531 0.0000 0 CAP
171 142 -1 26225 0.0000 0 CAP
171 143 -1 28211 0.0000 0 CAP
171 144 -1 20616 0.0000 0 CAP
171 145 -1 20247 0.0000 0 CAP
171 146 -1 27738 0.0000 0 CAP
171 147 -1 22860 0.0000 0 CAP
171 148 -1 23012 0.0000 0 CAP
171 149 -1 22762 0.0000 0 CAP
171 150 -1 22870 0.0000 0 CAP
171 151 -1 22201 0.0000 0 CAP
171 152 -1 22452 0.0000 0 CAP
171 153 -1 21741 0.0000 0 CAP
171 154 -1 23041 0.0000 0 CAP
171 155 -1 22667 0.0000 0 CAP
171 156 -1 22666 0.0000 0 CAP
171 157 -1 22665 0.0000 0 CAP
171 158 -1 22832 0.0000 0 CAP
171 159 -1 22907 0.0000 0 CAP
171 160 -1 20458 0.0000 0 CAP
171 161 -1 21571 0.0000 0 CAP
171 162 -1 21011 0.0000 0 CAP
171 163 -1 27613 0.0000 0 CAP
171 164 -1 22667 0.0000 0 CAP
171 165 -1 22667 0.0000 0 CAP
171 166 -1 22897 0.0000 0 CAP
171 167 -1 22858 0.0000 0 CAP
171 168 -1 22667 0.0000 0 CAP
171 169 -1 23075 0.0000 0 CAP
171 170 -1 22052 0.0000 0 CAP
171 171 -1 21214 0.0000 0 CAP
171 172 -1 21180 0.0000 0 CAP
171 173 -1 22776 0.0000 0 CAP
171 174 -1 23126 0.0000 0 CAP
171 175 -1 23039 0.0000 0 CAP
171 176 -1 22425 0.0000 0 CAP
171 177 -1 22181 0.0000 0 CAP
171 178 -1 21905 0.0000 0 CAP
171 179 -1 23293 0.0000 0 CAP
171 180 -1 22664 0.0000 0 CAP
171 181 -1 22679 0.0000 0 CAP
171 182 -1 21746 0.0000 0 CAP
171 183 -1 23070 0.0000 0 CAP
171 184 -1 22654 0.0000 0 CAP
171 185 -1 23138 0.0000 0 CAP
171 186 -1 22989 0.0000 0 CAP
171 187 -1 24472 0.0000 0 CAP
171 188 -1 25896 0.0000 0 CAP
171 189 -1 27201 0.0000 0 CAP
# row j=171 L=0.475000 n=190 KILL=0 CYCLE=0 FAT=0 CAP=190 certified=0 lambda[0.0000,0.0000]
172 0 -1 27201 0.0000 0 CAP
172 1 -1 25896 0.0000 0 CAP
172 2 -1 25024 0.0000 0 CAP
172 3 -1 24877 0.0000 0 CAP
172 4 -1 24809 0.0000 0 CAP
172 5 -1 24504 0.0000 0 CAP
172 6 -1 24660 0.0000 0 CAP
172 7 -1 23712 0.0000 0 CAP
172 8 -1 24098 0.0000 0 CAP
172 9 -1 25050 0.0000 0 CAP
172 10 -1 24978 0.0000 0 CAP
172 11 -1 23448 0.0000 0 CAP
172 12 -1 23913 0.0000 0 CAP
172 13 -1 24918 0.0000 0 CAP
172 14 -1 24581 0.0000 0 CAP
172 15 -1 24876 0.0000 0 CAP
172 16 -1 24614 0.0000 0 CAP
172 17 -1 23058 0.0000 0 CAP
172 18 -1 23252 0.0000 0 CAP
172 19 -1 24965 0.0000 0 CAP
172 20 -1 24738 0.0000 0 CAP
172 21 -1 24495 0.0000 0 CAP
172 22 -1 24436 0.0000 0 CAP
172 23 -1 24905 0.0000 0 CAP
172 24 -1 24184 0.0000 0 CAP
172 25 -1 23997 0.0000 0 CAP
172 26 -1 24885 0.0000 0 CAP
172 27 -1 22446 0.0000 0 CAP
172 28 -1 22303 0.0000 0 CAP
172 29 -1 24298 0.0000 0 CAP
172 30 -1 24452 0.0000 0 CAP
172 31 -1 24870 0.0000 0 CAP
172 32 -1 24161 0.0000 0 CAP
172 33 -1 24358 0.0000 0 CAP
172 34 -1 24933 0.0000 0 CAP
172 35 -1 24732 0.0000 0 CAP
172 36 -1 23461 0.0000 0 CAP
172 37 -1 23963 0.0000 0 CAP
172 38 -1 24540 0.0000 0 CAP
172 39 -1 24585 0.0000 0 CAP
172 40 -1 24621 0.0000 0 CAP
172 41 -1 24536 0.0000 0 CAP
172 42 -1 25039 0.0000 0 CAP
172 43 -1 20247 0.0000 0 CAP
172 44 -1 21305 0.0000 0 CAP
172 45 -1 20616 0.0000 0 CAP
172 46 -1 28211 0.0000 0 CAP
172 47 -1 26225 0.0000 0 CAP
172 48 -1 24531 0.0000 0 CAP
172 49 -1 22353 0.0000 0 CAP
172 50 -1 20550 0.0000 0 CAP
172 51 -1 26872 0.0000 0 CAP
172 52 -1 26179 0.0000 0 CAP
172 53 -1 27542 0.0000 0 CAP
172 54 -1 27567 0.0000 0 CAP
172 55 -1 26243 0.0000 0 CAP
172 56 -1 25214 0.0000 0 CAP
172 57 -1 26693 0.0000 0 CAP
172 58 -1 26547 0.0000 0 CAP
172 59 -1 24723 0.0000 0 CAP
172 60 -1 28082 0.0000 0 CAP
172 61 -1 26811 0.0000 0 CAP
172 62 -1 28207 0.0000 0 CAP
172 63 -1 28059 0.0000 0 CAP
172 64 -1 28327 0.0000 0 CAP
172 65 -1 27001 0.0000 0 CAP
172 66 -1 26022 0.0000 0 CAP
172 67 -1 27939 0.0000 0 CAP
172 68 -1 25755 0.0000 0 CAP
172 69 -1 26643 0.0000 0 CAP
172 70 -1 26752 0.0000 0 CAP
172 71 -1 26409 0.0000 0 CAP
172 72 -1 25895 0.0000 0 CAP
172 73 -1 27160 0.0000 0 CAP
172 74 -1 27692 0.0000 0 CAP
172 75 -1 22925 0.0000 0 CAP
172 76 -1 24459 0.0000 0 CAP
172 77 -1 24619 0.0000 0 CAP
172 78 -1 23210 0.0000 0 CAP
172 79 -1 20428 0.0000 0 CAP
172 80 -1 26697 0.0000 0 CAP
172 81 -1 26964 0.0000 0 CAP
172 82 -1 26910 0.0000 0 CAP
172 83 -1 26375 0.0000 0 CAP
172 84 -1 26627 0.0000 0 CAP
172 85 -1 26202 0.0000 0 CAP
172 86 -1 26472 0.0000 0 CAP
172 87 -1 27373 0.0000 0 CAP
172 88 -1 23852 0.0000 0 CAP
172 89 -1 25662 0.0000 0 CAP
172 90 -1 26313 0.0000 0 CAP
172 91 -1 25273 0.0000 0 CAP
172 92 -1 25766 0.0000 0 CAP
172 93 -1 25006 0.0000 0 CAP
172 94 -1 25206 0.0000 0 CAP
172 95 -1 25006 0.0000 0 CAP
172 96 -1 25766 0.0000 0 CAP
172 97 -1 25273 0.0000 0 CAP
172 98 -1 26313 0.0000 0 CAP
172 99 -1 25662 0.0000 0 CAP
172 100 -1 23852 0.0000 0 CAP
172 101 -1 27373 0.0000 0 CAP
172 102 -1 26472 0.0000 0 CAP
172 103 -1 26202 0.0000 0 CAP
172 104 -1 26627 0.0000 0 CAP
172 105 -1 26375 0.0000 0 CAP
172 106 -1 26910 0.0000 0 CAP
172 107 -1 26964 0.0000 0 CAP
172 108 -1 26697 0.0000 0 CAP
172 109 -1 20428 0.0000 0 CAP
172 110 -1 23210 0.0000 0 CAP
172 111 -1 24619 0.0000 0 CAP
172 112 -1 24459 0.0000 0 CAP
172 113 -1 22925 0.0000 0 CAP
172 114 -1 27692 0.0000 0 CAP
172 115 -1 27160 0.0000 0 CAP
172 116 -1 25895 0.0000 0 CAP
172 117 -1 26409 0.0000 0 CAP
172 118 -1 26752 0.0000 0 CAP
172 119 -1 26643 0.0000 0 CAP
172 120 -1 25755 0.0000 0 CAP
172 121 -1 27939 0.0000 0 CAP
172 122 -1 26022 0.0000 0 CAP
172 123 -1 27001 0.0000 0 CAP
172 124 -1 28327 0.0000 0 CAP
172 125 -1 28059 0.0000 0 CAP
172 126 -1 28207 0.0000 0 CAP
172 127 -1 26811 0.0000 0 CAP
172 128 -1 28082 0.0000 0 CAP
172 129 -1 24723 0.0000 0 CAP
172 130 -1 26547 0.0000 0 CAP
172 131 -1 26693 0.0000 0 CAP
172 132 -1 25214 0.0000 0 CAP
172 133 -1 26243 0.0000 0 CAP
172 134 -1 27567 0.0000 0 CAP
172 135 -1 27542 0.0000 0 CAP
172 136 -1 26179 0.0000 0 CAP
172 137 -1 26872 0.0000 0 CAP
172 138 -1 20550 0.0000 0 CAP
172 139 -1 22353 0.0000 0 CAP
172 140 -1 24531 0.0000 0 CAP
172 141 -1 26225 0.0000 0 CAP
172 142 -1 28211 0.0000 0 CAP
172 143 -1 20616 0.0000 0 CAP
172 144 -1 21305 0.0000 0 CAP
172 145 -1 20247 0.0000 0 CAP
172 146 -1 25039 0.0000 0 CAP
172 147 -1 24536 0.0000 0 CAP
172 148 -1 24621 0.0000 0 CAP
172 149 -1 24585 0.0000 0 CAP
172 150 -1 24540 0.0000 0 CAP
172 151 -1 23963 0.0000 0 CAP
172 152 -1 23461 0.0000 0 CAP
172 153 -1 24732 0.0000 0 CAP
172 154 -1 24933 0.0000 0 CAP
172 155 -1 24358 0.0000 0 CAP
172 156 -1 24161 0.0000 0 CAP
172 157 -1 24870 0.0000 0 CAP
172 158 -1 24452 0.0000 0 CAP
172 159 -1 24298 0.0000 0 CAP
172 160 -1 22303 0.0000 0 CAP
172 161 -1 22446 0.0000 0 CAP
172 162 -1 24885 0.0000 0 CAP
172 163 -1 23997 0.0000 0 CAP
172 164 -1 24184 0.0000 0 CAP
172 165 -1 24905 0.0000 0 CAP
172 166 -1 24436 0.0000 0 CAP
172 167 -1 24495 0.0000 0 CAP
172 168 -1 24738 0.0000 0 CAP
172 169 -1 24965 0.0000 0 CAP
172 170 -1 23252 0.0000 0 CAP
172 171 -1 23058 0.0000 0 CAP
172 172 -1 24614 0.0000 0 CAP
172 173 -1 24876 0.0000 0 CAP
172 174 -1 24581 0.0000 0 CAP
172 175 -1 24918 0.0000 0 CAP
172 176 -1 23913 0.0000 0 CAP
172 177 -1 23448 0.0000 0 CAP
172 178 -1 24978 0.0000 0 CAP
172 179 -1 25050 0.0000 0 CAP
172 180 -1 24098 0.0000 0 CAP
172 181 -1 23712 0.0000 0 CAP
172 182 -1 24660 0.0000 0 CAP
172 183 -1 24504 0.0000 0 CAP
172 184 -1 24809 0.0000 0 CAP
172 185 -1 24877 0.0000 0 CAP
172 186 -1 25024 0.0000 0 CAP
172 187 -1 25896 0.0000 0 CAP
172 188 -1 27201 0.0000 0 CAP
# row j=172 L=0.477778 n=189 KILL=0 CYCLE=0 FAT=0 CAP=189 certified=0 lambda[0.0000,0.0000]
173 0 -1 27201 0.0000 0 CAP
173 1 -1 26659 0.0000 0 CAP
173 2 -1 26662 0.0000 0 CAP
173 3 -1 26497 0.0000 0 CAP
173 4 -1 26739 0.0000 0 CAP
173 5 -1 26096 0.0000 0 CAP
173 6 -1 26815 0.0000 0 CAP
173 7 -1 26403 0.0000 0 CAP
173 8 -1 26538 0.0000 0 CAP
173 9 -1 26747 0.0000 0 CAP
173 10 -1 26668 0.0000 0 CAP
173 11 -1 25200 0.0000 0 CAP
173 12 -1 26521 0.0000 0 CAP
173 13 -1 26480 0.0000 0 CAP
173 14 -1 26337 0.0000 0 CAP
173 15 -1 26794 0.0000 0 CAP
173 16 -1 26740 0.0000 0 CAP
173 17 -1 24445 0.0000 0 CAP
173 18 -1 26744 0.0000 0 CAP
173 19 -1 26660 0.0000 0 CAP
173 20 -1 26642 0.0000 0 CAP
173 21 -1 26081 0.0000 0 CAP
173 22 -1 26488 0.0000 0 CAP
173 23 -1 26482 0.0000 0 CAP
173 24 -1 25522 0.0000 0 CAP
173 25 -1 26665 0.0000 0 CAP
173 26 -1 26662 0.0000 0 CAP
173 27 -1 23178 0.0000 0 CAP
173 28 -1 26659 0.0000 0 CAP
173 29 -1 25851 0.0000 0 CAP
173 30 -1 26538 0.0000 0 CAP
173 31 -1 26432 0.0000 0 CAP
173 32 -1 25863 0.0000 0 CAP
173 33 -1 26714 0.0000 0 CAP
173 34 -1 26656 0.0000 0 CAP
173 35 -1 26624 0.0000 0 CAP
173 36 -1 24982 0.0000 0 CAP
173 37 -1 26464 0.0000 0 CAP
173 38 -1 26296 0.0000 0 CAP
173 39 -1 26508 0.0000 0 CAP
173 40 -1 26151 0.0000 0 CAP
173 41 -1 26769 0.0000 0 CAP
173 42 -1 26706 0.0000 0 CAP
173 43 -1 21305 0.0000 0 CAP
173 44 -1 21305 0.0000 0 CAP
173 45 -1 20616 0.0000 0 CAP
173 46 -1 28211 0.0000 0 CAP
173 47 -1 26225 0.0000 0 CAP
173 48 -1 24531 0.0000 0 CAP
173 49 -1 20996 0.0000 0 CAP
173 50 -1 20430 0.0000 0 CAP
173 51 -1 20745 0.0000 0 CAP
173 52 -1 20878 0.0000 0 CAP
173 53 -1 21244 0.0000 0 CAP
173 54 -1 21543 0.0000 0 CAP
173 55 -1 20179 0.0000 0 CAP
173 56 -1 28295 0.0000 0 CAP
173 57 -1 20888 0.0000 0 CAP
173 58 -1 27546 0.0000 0 CAP
173 59 -1 21730 0.0000 0 CAP
173 60 -1 21836 0.0000 0 CAP
173 61 -1 21969 0.0000 0 CAP
173 62 -1 22257 0.0000 0 CAP
173 63 -1 21798 0.0000 0 CAP
173 64 -1 21944 0.0000 0 CAP
173 65 -1 20887 0.0000 0 CAP
173 66 -1 22147 0.0000 0 CAP
173 67 -1 21603 0.0000 0 CAP
173 68 -1 20310 0.0000 0 CAP
173 69 -1 20341 0.0000 0 CAP
173 70 -1 20326 0.0000 0 CAP
173 71 -1 28522 0.0000 0 CAP
173 72 -1 20814 0.0000 0 CAP
173 73 -1 20780 0.0000 0 CAP
173 74 -1 22925 0.0000 0 CAP
173 75 -1 24772 0.0000 0 CAP
173 76 -1 26478 0.0000 0 CAP
173 77 -1 25027 0.0000 0 CAP
173 78 -1 20735 0.0000 0 CAP
173 79 -1 28284 0.0000 0 CAP
173 80 -1 20520 0.0000 0 CAP
173 81 -1 20323 0.0000 0 CAP
173 82 -1 20240 0.0000 0 CAP
173 83 -1 20062 0.0000 0 CAP
173 84 -1 20424 0.0000 0 CAP
173 85 -1 28881 0.0000 0 CAP
173 86 -1 21053 0.0000 0 CAP
173 87 -1 20755 0.0000 0 CAP
173 88 -1 26114 0.0000 0 CAP
173 89 -1 28581 0.0000 0 CAP
173 90 -1 28378 0.0000 0 CAP
173 91 -1 27807 0.0000 0 CAP
173 92 -1 28195 0.0000 0 CAP
173 93 -1 27484 0.0000 0 CAP
173 94 -1 27484 0.0000 0 CAP
173 95 -1 28195 0.0000 0 CAP
173 96 -1 27807 0.0000 0 CAP
173 97 -1 28378 0.0000 0 CAP
173 98 -1 28581 0.0000 0 CAP
173 99 -1 26114 0.0000 0 CAP
173 100 -1 20755 0.0000 0 CAP
173 101 -1 21053 0.0000 0 CAP
173 102 -1 28881 0.0000 0 CAP
173 103 -1 20424 0.0000 0 CAP
173 104 -1 20062 0.0000 0 CAP
173 105 -1 20240 0.0000 0 CAP
173 106 -1 20323 0.0000 0 CAP
173 107 -1 20520 0.0000 0 CAP
173 108 -1 28284 0.0000 0 CAP
173 109 -1 20735 0.0000 0 CAP
173 110 -1 25027 0.0000 0 CAP
173 111 -1 26478 0.0000 0 CAP
173 112 -1 24772 0.0000 0 CAP
173 113 -1 22925 0.0000 0 CAP
173 114 -1 20780 0.0000 0 CAP
173 115 -1 20814 0.0000 0 CAP
173 116 -1 28522 0.0000 0 CAP
173 117 -1 20326 0.0000 0 CAP
173 118 -1 20341 0.0000 0 CAP
173 119 -1 20310 0.0000 0 CAP
173 120 -1 21603 0.0000 0 CAP
173 121 -1 22147 0.0000 0 CAP
173 122 -1 20887 0.0000 0 CAP
173 123 -1 21944 0.0000 0 CAP
173 124 -1 21798 0.0000 0 CAP
173 125 -1 22257 0.0000 0 CAP
173 126 -1 21969 0.0000 0 CAP
173 127 -1 21836 0.0000 0 CAP
173 128 -1 21730 0.0000 0 CAP
173 129 -1 27546 0.0000 0 CAP
173 130 -1 20888 0.0000 0 CAP
173 131 -1 28295 0.0000 0 CAP
173 132 -1 20179 0.0000 0 CAP
173 133 -1 21543 0.0000 0 CAP
173 134 -1 21244 0.0000 0 CAP
173 135 -1 20878 0.0000 0 CAP
173 136 -1 20745 0.0000 0 CAP
173 137 -1 20430 0.0000 0 CAP
173 138 -1 20996 0.0000 0 CAP
173 139 -1 24531 0.0000 0 CAP
173 140 -1 26225 0.0000 0 CAP
173 141 -1 28211 0.0000 0 CAP
173 142 -1 20616 0.0000 0 CAP
173 143 -1 21305 0.0000 0 CAP
173 144 -1 21305 0.0000 0 CAP
173 145 -1 26706 0.0000 0 CAP
173 146 -1 26769 0.0000 0 CAP
173 147 -1 26151 0.0000 0 CAP
173 148 -1 26508 0.0000 0 CAP
173 149 -1 26296 0.0000 0 CAP
173 150 -1 26464 0.0000 0 CAP
173 151 -1 24982 0.0000 0 CAP
173 152 -1 26624 0.0000 0 CAP
173 153 -1 26656 0.0000 0 CAP
173 154 -1 26714 0.0000 0 CAP
173 155 -1 25863 0.0000 0 CAP
173 156 -1 26432 0.0000 0 CAP
173 157 -1 26538 0.0000 0 CAP
173 158 -1 25851 0.0000 0 CAP
173 159 -1 26659 0.0000 0 CAP
173 160 -1 23178 0.0000 0 CAP
173 161 -1 26662 0.0000 0 CAP
173 162 -1 26665 0.0000 0 CAP
173 163 -1 25522 0.0000 0 CAP
173 164 -1 26482 0.0000 0 CAP
173 165 -1 26488 0.0000 0 CAP
173 166 -1 26081 0.0000 0 CAP
173 167 -1 26642 0.0000 0 CAP
173 168 -1 26660 0.0000 0 CAP
173 169 -1 26744 0.0000 0 CAP
173 170 -1 24445 0.0000 0 CAP
173 171 -1 26740 0.0000 0 CAP
173 172 -1 26794 0.0000 0 CAP
173 173 -1 26337 0.0000 0 CAP
173 174 -1 26480 0.0000 0 CAP
173 175 -1 26521 0.0000 0 CAP
173 176 -1 25200 0.0000 0 CAP
173 177 -1 26668 0.0000 0 CAP
173 178 -1 26747 0.0000 0 CAP
173 179 -1 26538 0.0000 0 CAP
173 180 -1 26403 0.0000 0 CAP
173 181 -1 26815 0.0000 0 CAP
173 182 -1 26096 0.0000 0 CAP
173 183 -1 26739 0.0000 0 CAP
173 184 -1 26497 0.0000 0 CAP
173 185 -1 26662 0.0000 0 CAP
173 186 -1 26659 0.0000 0 CAP
173 187 -1 27201 0.0000 0 CAP
# row j=173 L=0.480556 n=188 KILL=0 CYCLE=0 FAT=0 CAP=188 certified=0 lambda[0.0000,0.0000]
174 0 -1 28096 0.0000 0 CAP
174 1 -1 28303 0.0000 0 CAP
174 2 -1 28300 0.0000 0 CAP
174 3 -1 28469 0.0000 0 CAP
174 4 -1 28379 0.0000 0 CAP
174 5 -1 28275 0.0000 0 CAP
174 6 -1 28294 0.0000 0 CAP
174 7 -1 29211 0.0000 0 CAP
174 8 -1 28241 0.0000 0 CAP
174 9 -1 28453 0.0000 0 CAP
174 10 -1 28681 0.0000 0 CAP
174 11 -1 27906 0.0000 0 CAP
174 12 -1 28091 0.0000 0 CAP
174 13 -1 28270 0.0000 0 CAP
174 14 -1 28267 0.0000 0 CAP
174 15 -1 29038 0.0000 0 CAP
174 16 -1 28199 0.0000 0 CAP
174 17 -1 27658 0.0000 0 CAP
174 18 -1 28459 0.0000 0 CAP
174 19 -1 28612 0.0000 0 CAP
174 20 -1 28270 0.0000 0 CAP
174 21 -1 28175 0.0000 0 CAP
174 22 -1 28073 0.0000 0 CAP
174 23 -1 27888 0.0000 0 CAP
174 24 -1 28254 0.0000 0 CAP
174 25 -1 28462 0.0000 0 CAP
174 26 -1 27537 0.0000 0 CAP
174 27 -1 27713 0.0000 0 CAP
174 28 -1 28254 0.0000 0 CAP
174 29 -1 27973 0.0000 0 CAP
174 30 -1 28100 0.0000 0 CAP
174 31 -1 28222 0.0000 0 CAP
174 32 -1 28279 0.0000 0 CAP
174 33 -1 28458 0.0000 0 CAP
174 34 -1 28596 0.0000 0 CAP
174 35 -1 28259 0.0000 0 CAP
174 36 -1 27566 0.0000 0 CAP
174 37 -1 28254 0.0000 0 CAP
174 38 -1 28216 0.0000 0 CAP
174 39 -1 28348 0.0000 0 CAP
174 40 -1 28430 0.0000 0 CAP
174 41 -1 28452 0.0000 0 CAP
174 42 -1 28153 0.0000 0 CAP
174 43 -1 21305 0.0000 0 CAP
174 44 -1 21305 0.0000 0 CAP
174 45 -1 20616 0.0000 0 CAP
174 46 -1 28211 0.0000 0 CAP
174 47 -1 23827 0.0000 0 CAP
174 48 -1 24694 0.0000 0 CAP
174 49 -1 22761 0.0000 0 CAP
174 50 -1 22468 0.0000 0 CAP
174 51 -1 23586 0.0000 0 CAP
174 52 -1 22870 0.0000 0 CAP
174 53 -1 23558 0.0000 0 CAP
174 54 -1 23477 0.0000 0 CAP
174 55 -1 23822 0.0000 0 CAP
174 56 -1 21929 0.0000 0 CAP
174 57 -1 21562 0.0000 0 CAP
174 58 -1 23945 0.0000 0 CAP
174 59 -1 23875 0.0000 0 CAP
174 60 -1 25311 0.0000 0 CAP
174 61 -1 24441 0.0000 0 CAP
174 62 -1 24371 0.0000 0 CAP
174 63 -1 23856 0.0000 0 CAP
174 64 -1 26026 0.0000 0 CAP
174 65 -1 25321 0.0000 0 CAP
174 66 -1 24155 0.0000 0 CAP
174 67 -1 24683 0.0000 0 CAP
174 68 -1 22220 0.0000 0 CAP
174 69 -1 22085 0.0000 0 CAP
174 70 -1 22865 0.0000 0 CAP
174 71 -1 22546 0.0000 0 CAP
174 72 -1 23926 0.0000 0 CAP
174 73 -1 23758 0.0000 0 CAP
174 74 -1 24772 0.0000 0 CAP
174 75 -1 26791 0.0000 0 CAP
174 76 -1 26888 0.0000 0 CAP
174 77 -1 22342 0.0000 0 CAP
174 78 -1 22383 0.0000 0 CAP
174 79 -1 22627 0.0000 0 CAP
174 80 -1 22162 0.0000 0 CAP
174 81 -1 21880 0.0000 0 CAP
174 82 -1 22112 0.0000 0 CAP
174 83 -1 22111 0.0000 0 CAP
174 84 -1 22324 0.0000 0 CAP
174 85 -1 22776 0.0000 0 CAP
174 86 -1 22801 0.0000 0 CAP
174 87 -1 22644 0.0000 0 CAP
174 88 -1 20090 0.0000 0 CAP
174 89 -1 21108 0.0000 0 CAP
174 90 -1 21420 0.0000 0 CAP
174 91 -1 20888 0.0000 0 CAP
174 92 -1 21321 0.0000 0 CAP
174 93 -1 20386 0.0000 0 CAP
174 94 -1 21321 0.0000 0 CAP
174 95 -1 20888 0.0000 0 CAP
174 96 -1 21420 0.0000 0 CAP
174 97 -1 21108 0.0000 0 CAP
174 98 -1 20090 0.0000 0 CAP
174 99 -1 22644 0.0000 0 CAP
174 100 -1 22801 0.0000 0 CAP
174 101 -1 22776 0.0000 0 CAP
174 102 -1 22324 0.0000 0 CAP
174 103 -1 22111 0.0000 0 CAP
174 104 -1 22112 0.0000 0 CAP
174 105 -1 21880 0.0000 0 CAP
174 106 -1 22162 0.0000 0 CAP
174 107 -1 22627 0.0000 0 CAP
174 108 -1 22383 0.0000 0 CAP
174 109 -1 22342 0.0000 0 CAP
174 110 -1 26888 0.0000 0 CAP
174 111 -1 26791 0.0000 0 CAP
174 112 -1 24772 0.0000 0 CAP
174 113 -1 23758 0.0000 0 CAP
174 114 -1 23926 0.0000 0 CAP
174 115 -1 22546 0.0000 0 CAP
174 116 -1 22865 0.0000 0 CAP
174 117 -1 22085 0.0000 0 CAP
174 118 -1 22220 0.0000 0 CAP
174 119 -1 24683 0.0000 0 CAP
174 120 -1 24155 0.0000 0 CAP
174 121 -1 25321 0.0000 0 CAP
174 122 -1 26026 0.0000 0 CAP
174 123 -1 23856 0.0000 0 CAP
174 124 -1 24371 0.0000 0 CAP
174 125 -1 24441 0.0000 0 CAP
174 126 -1 25311 0.0000 0 CAP
174 127 -1 23875 0.0000 0 CAP
174 128 -1 23945 0.0000 0 CAP
174 129 -1 21562 0.0000 0 CAP
174 130 -1 21929 0.0000 0 CAP
174 131 -1 23822 0.0000 0 CAP
174 132 -1 23477 0.0000 0 CAP
174 133 -1 23558 0.0000 0 CAP
174 134 -1 22870 0.0000 0 CAP
174 135 -1 23586 0.0000 0 CAP
174 136 -1 22468 0.0000 0 CAP
174 137 -1 22761 0.0000 0 CAP
174 138 -1 24694 0.0000 0 CAP
174 139 -1 23827 0.0000 0 CAP
174 140 -1 28211 0.0000 0 CAP
174 141 -1 20616 0.0000 0 CAP
174 142 -1 21305 0.0000 0 CAP
174 143 -1 21305 0.0000 0 CAP
174 144 -1 28153 0.0000 0 CAP
174 145 -1 28452 0.0000 0 CAP
174 146 -1 28430 0.0000 0 CAP
174 147 -1 28348 0.0000 0 CAP
174 148 -1 28216 0.0000 0 CAP
174 149 -1 28254 0.0000 0 CAP
174 150 -1 27566 0.0000 0 CAP
174 151 -1 28259 0.0000 0 CAP
174 152 -1 28596 0.0000 0 CAP
174 153 -1 28458 0.0000 0 CAP
174 154 -1 28279 0.0000 0 CAP
174 155 -1 28222 0.0000 0 CAP
174 156 -1 28100 0.0000 0 CAP
174 157 -1 27973 0.0000 0 CAP
174 158 -1 28254 0.0000 0 CAP
174 159 -1 27713 0.0000 0 CAP
174 160 -1 27537 0.0000 0 CAP
174 161 -1 28462 0.0000 0 CAP
174 162 -1 28254 0.0000 0 CAP
174 163 -1 27888 0.0000 0 CAP
174 164 -1 28073 0.0000 0 CAP
174 165 -1 28175 0.0000 0 CAP
174 166 -1 28270 0.0000 0 CAP
174 167 -1 28612 0.0000 0 CAP
174 168 -1 28459 0.0000 0 CAP
174 169 -1 27658 0.0000 0 CAP
174 170 -1 28199 0.0000 0 CAP
174 171 -1 29038 0.0000 0 CAP
174 172 -1 28267 0.0000 0 CAP
174 173 -1 28270 0.0000 0 CAP
174 174 -1 28091 0.0000 0 CAP
174 175 -1 27906 0.0000 0 CAP
174 176 -1 28681 0.0000 0 CAP
174 177 -1 28453 0.0000 0 CAP
174 178 -1 28241 0.0000 0 CAP
174 179 -1 29211 0.0000 0 CAP
174 180 -1 28294 0.0000 0 CAP
174 181 -1 28275 0.0000 0 CAP
174 182 -1 28379 0.0000 0 CAP
174 183 -1 28469 0.0000 0 CAP
174 184 -1 28300 0.0000 0 CAP
174 185 -1 28303 0.0000 0 CAP
174 186 -1 28096 0.0000 0 CAP
# row j=174 L=0.483333 n=187 KILL=0 CYCLE=0 FAT=0 CAP=187 certified=0 lambda[0.0000,0.0000]
175 0 -1 20152 0.0000 0 CAP
175 1 -1 20295 0.0000 0 CAP
175 2 -1 20543 0.0000 0 CAP
175 3 -1 20427 0.0000 0 CAP
175 4 -1 20795 0.0000 0 CAP
175 5 -1 20162 0.0000 0 CAP
175 6 -1 21174 0.0000 0 CAP
175 7 -1 20919 0.0000 0 CAP
175 8 -1 20299 0.0000 0 CAP
175 9 -1 20634 0.0000 0 CAP
175 10 -1 21637 0.0000 0 CAP
175 11 -1 29482 0.0000 0 CAP
175 12 -1 20261 0.0000 0 CAP
175 13 -1 20504 0.0000 0 CAP
175 14 -1 20701 0.0000 0 CAP
175 15 -1 20691 0.0000 0 CAP
175 16 -1 21883 0.0000 0 CAP
175 17 -1 29375 0.0000 0 CAP
175 18 -1 20637 0.0000 0 CAP
175 19 -1 20511 0.0000 0 CAP
175 20 -1 20656 0.0000 0 CAP
175 21 -1 20172 0.0000 0 CAP
175 22 -1 20193 0.0000 0 CAP
175 23 -1 20916 0.0000 0 CAP
175 24 -1 20372 0.0000 0 CAP
175 25 -1 29341 0.0000 0 CAP
175 26 -1 23013 0.0000 0 CAP
175 27 -1 29310 0.0000 0 CAP
175 28 -1 20669 0.0000 0 CAP
175 29 -1 20653 0.0000 0 CAP
175 30 -1 20267 0.0000 0 CAP
175 31 -1 20916 0.0000 0 CAP
175 32 -1 20351 0.0000 0 CAP
175 33 -1 20628 0.0000 0 CAP
175 34 -1 20504 0.0000 0 CAP
175 35 -1 21196 0.0000 0 CAP
175 36 -1 21369 0.0000 0 CAP
175 37 -1 20488 0.0000 0 CAP
175 38 -1 20183 0.0000 0 CAP
175 39 -1 20849 0.0000 0 CAP
175 40 -1 20416 0.0000 0 CAP
175 41 -1 20264 0.0000 0 CAP
175 42 -1 28153 0.0000 0 CAP
175 43 -1 24456 0.0000 0 CAP
175 44 -1 21305 0.0000 0 CAP
175 45 -1 20616 0.0000 0 CAP
175 46 -1 26290 0.0000 0 CAP
175 47 -1 26592 0.0000 0 CAP
175 48 -1 26579 0.0000 0 CAP
175 49 -1 24829 0.0000 0 CAP
175 50 -1 25383 0.0000 0 CAP
175 51 -1 25630 0.0000 0 CAP
175 52 -1 25198 0.0000 0 CAP
175 53 -1 25498 0.0000 0 CAP
175 54 -1 26095 0.0000 0 CAP
175 55 -1 26903 0.0000 0 CAP
175 56 -1 22603 0.0000 0 CAP
175 57 -1 27139 0.0000 0 CAP
175 58 -1 27457 0.0000 0 CAP
175 59 -1 27414 0.0000 0 CAP
175 60 -1 27937 0.0000 0 CAP
175 61 -1 26561 0.0000 0 CAP
175 62 -1 26450 0.0000 0 CAP
175 63 -1 28058 0.0000 0 CAP
175 64 -1 28885 0.0000 0 CAP
175 65 -1 27433 0.0000 0 CAP
175 66 -1 27341 0.0000 0 CAP
175 67 -1 26994 0.0000 0 CAP
175 68 -1 24024 0.0000 0 CAP
175 69 -1 24714 0.0000 0 CAP
175 70 -1 24717 0.0000 0 CAP
175 71 -1 25835 0.0000 0 CAP
175 72 -1 26691 0.0000 0 CAP
175 73 -1 25856 0.0000 0 CAP
175 74 -1 26791 0.0000 0 CAP
175 75 -1 27201 0.0000 0 CAP
175 76 -1 24003 0.0000 0 CAP
175 77 -1 23992 0.0000 0 CAP
175 78 -1 24616 0.0000 0 CAP
175 79 -1 24333 0.0000 0 CAP
175 80 -1 23735 0.0000 0 CAP
175 81 -1 23770 0.0000 0 CAP
175 82 -1 24295 0.0000 0 CAP
175 83 -1 24033 0.0000 0 CAP
175 84 -1 25737 0.0000 0 CAP
175 85 -1 24536 0.0000 0 CAP
175 86 -1 24862 0.0000 0 CAP
175 87 -1 25319 0.0000 0 CAP
175 88 -1 21391 0.0000 0 CAP
175 89 -1 22910 0.0000 0 CAP
175 90 -1 22974 0.0000 0 CAP
175 91 -1 22627 0.0000 0 CAP
175 92 -1 22706 0.0000 0 CAP
175 93 -1 22706 0.0000 0 CAP
175 94 -1 22627 0.0000 0 CAP
175 95 -1 22974 0.0000 0 CAP
175 96 -1 22910 0.0000 0 CAP
175 97 -1 21391 0.0000 0 CAP
175 98 -1 25319 0.0000 0 CAP
175 99 -1 24862 0.0000 0 CAP
175 100 -1 24536 0.0000 0 CAP
175 101 -1 25737 0.0000 0 CAP
175 102 -1 24033 0.0000 0 CAP
175 103 -1 24295 0.0000 0 CAP
175 104 -1 23770 0.0000 0 CAP
175 105 -1 23735 0.0000 0 CAP
175 106 -1 24333 0.0000 0 CAP
175 107 -1 24616 0.0000 0 CAP
175 108 -1 23992 0.0000 0 CAP
175 109 -1 24003 0.0000 0 CAP
175 110 -1 27201 0.0000 0 CAP
175 111 -1 26791 0.0000 0 CAP
175 112 -1 25856 0.0000 0 CAP
175 113 -1 26691 0.0000 0 CAP
175 114 -1 25835 0.0000 0 CAP
175 115 -1 24717 0.0000 0 CAP
175 116 -1 24714 0.0000 0 CAP
175 117 -1 24024 0.0000 0 CAP
175 118 -1 26994 0.0000 0 CAP
175 119 -1 27341 0.0000 0 CAP
175 120 -1 27433 0.0000 0 CAP
175 121 -1 28885 0.0000 0 CAP
175 122 -1 28058 0.0000 0 CAP
175 123 -1 26450 0.0000 0 CAP
175 124 -1 26561 0.0000 0 CAP
175 125 -1 27937 0.0000 0 CAP
175 126 -1 27414 0.0000 0 CAP
175 127 -1 27457 0.0000 0 CAP
175 128 -1 27139 0.0000 0 CAP
175 129 -1 22603 0.0000 0 CAP
175 130 -1 26903 0.0000 0 CAP
175 131 -1 26095 0.0000 0 CAP
175 132 -1 25498 0.0000 0 CAP
175 133 -1 25198 0.0000 0 CAP
175 134 -1 25630 0.0000 0 CAP
175 135 -1 25383 0.0000 0 CAP
175 136 -1 24829 0.0000 0 CAP
175 137 -1 26579 0.0000 0 CAP
175 138 -1 26592 0.0000 0 CAP
175 139 -1 26290 0.0000 0 CAP
175 140 -1 20616 0.0000 0 CAP
175 141 -1 21305 0.0000 0 CAP
175 142 -1 24456 0.0000 0 CAP
175 143 -1 28153 0.0000 0 CAP
175 144 -1 20264 0.0000 0 CAP
175 145 -1 20416 0.0000 0 CAP
175 146 -1 20849 0.0000 0 CAP
175 147 -1 20183 0.0000 0 CAP
175 148 -1 20488 0.0000 0 CAP
175 149 -1 21369 0.0000 0 CAP
175 150 -1 21196 0.0000 0 CAP
175 151 -1 20504 0.0000 0 CAP
175 152 -1 20628 0.0000 0 CAP
175 153 -1 20351 0.0000 0 CAP
175 154 -1 20916 0.0000 0 CAP
175 155 -1 20267 0.0000 0 CAP
175 156 -1 20653 0.0000 0 CAP
175 157 -1 20669 0.0000 0 CAP
175 158 -1 29310 0.0000 0 CAP
175 159 -1 23013 0.0000 0 CAP
175 160 -1 29341 0.0000 0 CAP
175 161 -1 20372 0.0000 0 CAP
175 162 -1 20916 0.0000 0 CAP
175 163 -1 20193 0.0000 0 CAP
175 164 -1 20172 0.0000 0 CAP
175 165 -1 20656 0.0000 0 CAP
175 166 -1 20511 0.0000 0 CAP
175 167 -1 20637 0.0000 0 CAP
175 168 -1 29375 0.0000 0 CAP
175 169 -1 21883 0.0000 0 CAP
175 170 -1 20691 0.0000 0 CAP
175 171 -1 20701 0.0000 0 CAP
175 172 -1 20504 0.0000 0 CAP
175 173 -1 20261 0.0000 0 CAP
175 174 -1 29482 0.0000 0 CAP
175 175 -1 21637 0.0000 0 CAP
175 176 -1 20634 0.0000 0 CAP
175 177 -1 20299 0.0000 0 CAP
175 178 -1 20919 0.0000 0 CAP
175 179 -1 21174 0.0000 0 CAP
175 180 -1 20162 0.0000 0 CAP
175 181 -1 20795 0.0000 0 CAP
175 182 -1 20427 0.0000 0 CAP
175 183 -1 20543 0.0000 0 CAP
175 184 -1 20295 0.0000 0 CAP
175 185 -1 20152 0.0000 0 CAP
# row j=175 L=0.486111 n=186 KILL=0 CYCLE=0 FAT=0 CAP=186 certified=0 lambda[0.0000,0.0000]
176 0 -1 21193 0.0000 0 CAP
176 1 -1 21590 0.0000 0 CAP
176 2 -1 21601 0.0000 0 CAP
176 3 -1 22078 0.0000 0 CAP
176 4 -1 21735 0.0000 0 CAP
176 5 -1 22111 0.0000 0 CAP
176 6 -1 22208 0.0000 0 CAP
176 7 -1 22048 0.0000 0 CAP
176 8 -1 21578 0.0000 0 CAP
176 9 -1 22825 0.0000 0 CAP
176 10 -1 22693 0.0000 0 CAP
176 11 -1 21148 0.0000 0 CAP
176 12 -1 21546 0.0000 0 CAP
176 13 -1 22015 0.0000 0 CAP
176 14 -1 21623 0.0000 0 CAP
176 15 -1 23636 0.0000 0 CAP
176 16 -1 23105 0.0000 0 CAP
176 17 -1 21204 0.0000 0 CAP
176 18 -1 21682 0.0000 0 CAP
176 19 -1 21975 0.0000 0 CAP
176 20 -1 21676 0.0000 0 CAP
176 21 -1 22044 0.0000 0 CAP
176 22 -1 22184 0.0000 0 CAP
176 23 -1 22113 0.0000 0 CAP
176 24 -1 20918 0.0000 0 CAP
176 25 -1 24425 0.0000 0 CAP
176 26 -1 24222 0.0000 0 CAP
176 27 -1 21342 0.0000 0 CAP
176 28 -1 21685 0.0000 0 CAP
176 29 -1 21838 0.0000 0 CAP
176 30 -1 22029 0.0000 0 CAP
176 31 -1 22071 0.0000 0 CAP
176 32 -1 21623 0.0000 0 CAP
176 33 -1 21677 0.0000 0 CAP
176 34 -1 22579 0.0000 0 CAP
176 35 -1 22433 0.0000 0 CAP
176 36 -1 22749 0.0000 0 CAP
176 37 -1 21480 0.0000 0 CAP
176 38 -1 21756 0.0000 0 CAP
176 39 -1 21948 0.0000 0 CAP
176 40 -1 21320 0.0000 0 CAP
176 41 -1 20264 0.0000 0 CAP
176 42 -1 28153 0.0000 0 CAP
176 43 -1 24456 0.0000 0 CAP
176 44 -1 27579 0.0000 0 CAP
176 45 -1 28534 0.0000 0 CAP
176 46 -1 29145 0.0000 0 CAP
176 47 -1 28479 0.0000 0 CAP
176 48 -1 28853 0.0000 0 CAP
176 49 -1 28026 0.0000 0 CAP
176 50 -1 28023 0.0000 0 CAP
176 51 -1 28055 0.0000 0 CAP
176 52 -1 28013 0.0000 0 CAP
176 53 -1 28166 0.0000 0 CAP
176 54 -1 29353 0.0000 0 CAP
176 55 -1 22401 0.0000 0 CAP
176 56 -1 28329 0.0000 0 CAP
176 57 -1 21081 0.0000 0 CAP
176 58 -1 20254 0.0000 0 CAP
176 59 -1 20484 0.0000 0 CAP
176 60 -1 20537 0.0000 0 CAP
176 61 -1 20132 0.0000 0 CAP
176 62 -1 21068 0.0000 0 CAP
176 63 -1 21086 0.0000 0 CAP
176 64 -1 21139 0.0000 0 CAP
176 65 -1 21141 0.0000 0 CAP
176 66 -1 20197 0.0000 0 CAP
176 67 -1 29143 0.0000 0 CAP
176 68 -1 26859 0.0000 0 CAP
176 69 -1 26578 0.0000 0 CAP
176 70 -1 28307 0.0000 0 CAP
176 71 -1 28628 0.0000 0 CAP
176 72 -1 28843 0.0000 0 CAP
176 73 -1 28262 0.0000 0 CAP
176 74 -1 25328 0.0000 0 CAP
176 75 -1 24250 0.0000 0 CAP
176 76 -1 25710 0.0000 0 CAP
176 77 -1 26259 0.0000 0 CAP
176 78 -1 26344 0.0000 0 CAP
176 79 -1 25958 0.0000 0 CAP
176 80 -1 25671 0.0000 0 CAP
176 81 -1 26013 0.0000 0 CAP
176 82 -1 26289 0.0000 0 CAP
176 83 -1 27644 0.0000 0 CAP
176 84 -1 27617 0.0000 0 CAP
176 85 -1 26619 0.0000 0 CAP
176 86 -1 27553 0.0000 0 CAP
176 87 -1 26854 0.0000 0 CAP
176 88 -1 27166 0.0000 0 CAP
176 89 -1 24470 0.0000 0 CAP
176 90 -1 24807 0.0000 0 CAP
176 91 -1 24758 0.0000 0 CAP
176 92 -1 25350 0.0000 0 CAP
176 93 -1 24758 0.0000 0 CAP
176 94 -1 24807 0.0000 0 CAP
176 95 -1 24470 0.0000 0 CAP
176 96 -1 27166 0.0000 0 CAP
176 97 -1 26854 0.0000 0 CAP
176 98 -1 27553 0.0000 0 CAP
176 99 -1 26619 0.0000 0 CAP
176 100 -1 27617 0.0000 0 CAP
176 101 -1 27644 0.0000 0 CAP
176 102 -1 26289 0.0000 0 CAP
176 103 -1 26013 0.0000 0 CAP
176 104 -1 25671 0.0000 0 CAP
176 105 -1 25958 0.0000 0 CAP
176 106 -1 26344 0.0000 0 CAP
176 107 -1 26259 0.0000 0 CAP
176 108 -1 25710 0.0000 0 CAP
176 109 -1 24250 0.0000 0 CAP
176 110 -1 25328 0.0000 0 CAP
176 111 -1 28262 0.0000 0 CAP
176 112 -1 28843 0.0000 0 CAP
176 113 -1 28628 0.0000 0 CAP
176 114 -1 28307 0.0000 0 CAP
176 115 -1 26578 0.0000 0 CAP
176 116 -1 26859 0.0000 0 CAP
176 117 -1 29143 0.0000 0 CAP
176 118 -1 20197 0.0000 0 CAP
176 119 -1 21141 0.0000 0 CAP
176 120 -1 21139 0.0000 0 CAP
176 121 -1 21086 0.0000 0 CAP
176 122 -1 21068 0.0000 0 CAP
176 123 -1 20132 0.0000 0 CAP
176 124 -1 20537 0.0000 0 CAP
176 125 -1 20484 0.0000 0 CAP
176 126 -1 20254 0.0000 0 CAP
176 127 -1 21081 0.0000 0 CAP
176 128 -1 28329 0.0000 0 CAP
176 129 -1 22401 0.0000 0 CAP
176 130 -1 29353 0.0000 0 CAP
176 131 -1 28166 0.0000 0 CAP
176 132 -1 28013 0.0000 0 CAP
176 133 -1 28055 0.0000 0 CAP
176 134 -1 28023 0.0000 0 CAP
176 135 -1 28026 0.0000 0 CAP
176 136 -1 28853 0.0000 0 CAP
176 137 -1 28479 0.0000 0 CAP
176 138 -1 29145 0.0000 0 CAP
176 139 -1 28534 0.0000 0 CAP
176 140 -1 27579 0.0000 0 CAP
176 141 -1 24456 0.0000 0 CAP
176 142 -1 28153 0.0000 0 CAP
176 143 -1 20264 0.0000 0 CAP
176 144 -1 21320 0.0000 0 CAP
176 145 -1 21948 0.0000 0 CAP
176 146 -1 21756 0.0000 0 CAP
176 147 -1 21480 0.0000 0 CAP
176 148 -1 22749 0.0000 0 CAP
176 149 -1 22433 0.0000 0 CAP
176 150 -1 22579 0.0000 0 CAP
176 151 -1 21677 0.0000 0 CAP
176 152 -1 21623 0.0000 0 CAP
176 153 -1 22071 0.0000 0 CAP
176 154 -1 22029 0.0000 0 CAP
176 155 -1 21838 0.0000 0 CAP
176 156 -1 21685 0.0000 0 CAP
176 157 -1 21342 0.0000 0 CAP
176 158 -1 24222 0.0000 0 CAP
176 159 -1 24425 0.0000 0 CAP
176 160 -1 20918 0.0000 0 CAP
176 161 -1 22113 0.0000 0 CAP
176 162 -1 22184 0.0000 0 CAP
176 163 -1 22044 0.0000 0 CAP
176 164 -1 21676 0.0000 0 CAP
176 165 -1 21975 0.0000 0 CAP
176 166 -1 21682 0.0000 0 CAP
176 167 -1 21204 0.0000 0 CAP
176 168 -1 23105 0.0000 0 CAP
176 169 -1 23636 0.0000 0 CAP
176 170 -1 21623 0.0000 0 CAP
176 171 -1 22015 0.0000 0 CAP
176 172 -1 21546 0.0000 0 CAP
176 173 -1 21148 0.0000 0 CAP
176 174 -1 22693 0.0000 0 CAP
176 175 -1 22825 0.0000 0 CAP
176 176 -1 21578 0.0000 0 CAP
176 177 -1 22048 0.0000 0 CAP
176 178 -1 22208 0.0000 0 CAP
176 179 -1 22111 0.0000 0 CAP
176 180 -1 21735 0.0000 0 CAP
176 181 -1 22078 0.0000 0 CAP
176 182 -1 21601 0.0000 0 CAP
176 183 -1 21590 0.0000 0 CAP
176 184 -1 21193 0.0000 0 CAP
# row j=176 L=0.488889 n=185 KILL=0 CYCLE=0 FAT=0 CAP=185 certified=0 lambda[0.0000,0.0000]
177 0 -1 22494 0.0000 0 CAP
177 1 -1 22650 0.0000 0 CAP
177 2 -1 23239 0.0000 0 CAP
177 3 -1 23051 0.0000 0 CAP
177 4 -1 23806 0.0000 0 CAP
177 5 -1 23145 0.0000 0 CAP
177 6 -1 23347 0.0000 0 CAP
177 7 -1 23393 0.0000 0 CAP
177 8 -1 23817 0.0000 0 CAP
177 9 -1 23885 0.0000 0 CAP
177 10 -1 23950 0.0000 0 CAP
177 11 -1 23953 0.0000 0 CAP
177 12 -1 23083 0.0000 0 CAP
177 13 -1 22943 0.0000 0 CAP
177 14 -1 24652 0.0000 0 CAP
177 15 -1 24888 0.0000 0 CAP
177 16 -1 24559 0.0000 0 CAP
177 17 -1 24567 0.0000 0 CAP
177 18 -1 23176 0.0000 0 CAP
177 19 -1 23003 0.0000 0 CAP
177 20 -1 23656 0.0000 0 CAP
177 21 -1 23094 0.0000 0 CAP
177 22 -1 23391 0.0000 0 CAP
177 23 -1 22673 0.0000 0 CAP
177 24 -1 25625 0.0000 0 CAP
177 25 -1 25640 0.0000 0 CAP
177 26 -1 26084 0.0000 0 CAP
177 27 -1 22355 0.0000 0 CAP
177 28 -1 22862 0.0000 0 CAP
177 29 -1 23704 0.0000 0 CAP
177 30 -1 23190 0.0000 0 CAP
177 31 -1 23409 0.0000 0 CAP
177 32 -1 22674 0.0000 0 CAP
177 33 -1 23834 0.0000 0 CAP
177 34 -1 23834 0.0000 0 CAP
177 35 -1 23821 0.0000 0 CAP
177 36 -1 23801 0.0000 0 CAP
177 37 -1 23099 0.0000 0 CAP
177 38 -1 22857 0.0000 0 CAP
177 39 -1 22864 0.0000 0 CAP
177 40 -1 21320 0.0000 0 CAP
177 41 -1 20271 0.0000 0 CAP
177 42 -1 24724 0.0000 0 CAP
177 43 -1 27330 0.0000 0 CAP
177 44 -1 20038 0.0000 0 CAP
177 45 -1 21265 0.0000 0 CAP
177 46 -1 20989 0.0000 0 CAP
177 47 -1 20804 0.0000 0 CAP
177 48 -1 22065 0.0000 0 CAP
177 49 -1 20257 0.0000 0 CAP
177 50 -1 20612 0.0000 0 CAP
177 51 -1 20297 0.0000 0 CAP
177 52 -1 20824 0.0000 0 CAP
177 53 -1 21339 0.0000 0 CAP
177 54 -1 24282 0.0000 0 CAP
177 55 -1 23971 0.0000 0 CAP
177 56 -1 24150 0.0000 0 CAP
177 57 -1 22534 0.0000 0 CAP
177 58 -1 21948 0.0000 0 CAP
177 59 -1 21846 0.0000 0 CAP
177 60 -1 22618 0.0000 0 CAP
177 61 -1 22548 0.0000 0 CAP
177 62 -1 22913 0.0000 0 CAP
177 63 -1 22539 0.0000 0 CAP
177 64 -1 23512 0.0000 0 CAP
177 65 -1 22689 0.0000 0 CAP
177 66 -1 21541 0.0000 0 CAP
177 67 -1 22196 0.0000 0 CAP
177 68 -1 28793 0.0000 0 CAP
177 69 -1 21179 0.0000 0 CAP
177 70 -1 21083 0.0000 0 CAP
177 71 -1 20811 0.0000 0 CAP
177 72 -1 21199 0.0000 0 CAP
177 73 -1 24710 0.0000 0 CAP
177 74 -1 24938 0.0000 0 CAP
177 75 -1 25906 0.0000 0 CAP
177 76 -1 28025 0.0000 0 CAP
177 77 -1 27993 0.0000 0 CAP
177 78 -1 27985 0.0000 0 CAP
177 79 -1 27990 0.0000 0 CAP
177 80 -1 28008 0.0000 0 CAP
177 81 -1 28025 0.0000 0 CAP
177 82 -1 20444 0.0000 0 CAP
177 83 -1 29536 0.0000 0 CAP
177 84 -1 20174 0.0000 0 CAP
177 85 -1 29388 0.0000 0 CAP
177 86 -1 20009 0.0000 0 CAP
177 87 -1 29076 0.0000 0 CAP
177 88 -1 29076 0.0000 0 CAP
177 89 -1 26333 0.0000 0 CAP
177 90 -1 26248 0.0000 0 CAP
177 91 -1 27616 0.0000 0 CAP
177 92 -1 27616 0.0000 0 CAP
177 93 -1 26248 0.0000 0 CAP
177 94 -1 26333 0.0000 0 CAP
177 95 -1 29076 0.0000 0 CAP
177 96 -1 29076 0.0000 0 CAP
177 97 -1 20009 0.0000 0 CAP
177 98 -1 29388 0.0000 0 CAP
177 99 -1 20174 0.0000 0 CAP
177 100 -1 29536 0.0000 0 CAP
177 101 -1 20444 0.0000 0 CAP
177 102 -1 28025 0.0000 0 CAP
177 103 -1 28008 0.0000 0 CAP
177 104 -1 27990 0.0000 0 CAP
177 105 -1 27985 0.0000 0 CAP
177 106 -1 27993 0.0000 0 CAP
177 107 -1 28025 0.0000 0 CAP
177 108 -1 25906 0.0000 0 CAP
177 109 -1 24938 0.0000 0 CAP
177 110 -1 24710 0.0000 0 CAP
177 111 -1 21199 0.0000 0 CAP
177 112 -1 20811 0.0000 0 CAP
177 113 -1 21083 0.0000 0 CAP
177 114 -1 21179 0.0000 0 CAP
177 115 -1 28793 0.0000 0 CAP
177 116 -1 22196 0.0000 0 CAP
177 117 -1 21541 0.0000 0 CAP
177 118 -1 22689 0.0000 0 CAP
177 119 -1 23512 0.0000 0 CAP
177 120 -1 22539 0.0000 0 CAP
177 121 -1 22913 0.0000 0 CAP
177 122 -1 22548 0.0000 0 CAP
177 123 -1 22618 0.0000 0 CAP
177 124 -1 21846 0.0000 0 CAP
177 125 -1 21948 0.0000 0 CAP
177 126 -1 22534 0.0000 0 CAP
177 127 -1 24150 0.0000 0 CAP
177 128 -1 23971 0.0000 0 CAP
177 129 -1 24282 0.0000 0 CAP
177 130 -1 21339 0.0000 0 CAP
177 131 -1 20824 0.0000 0 CAP
177 132 -1 20297 0.0000 0 CAP
177 133 -1 20612 0.0000 0 CAP
177 134 -1 20257 0.0000 0 CAP
177 135 -1 22065 0.0000 0 CAP
177 136 -1 20804 0.0000 0 CAP
177 137 -1 20989 0.0000 0 CAP
177 138 -1 21265 0.0000 0 CAP
177 139 -1 20038 0.0000 0 CAP
177 140 -1 27330 0.0000 0 CAP
177 141 -1 24724 0.0000 0 CAP
177 142 -1 20271 0.0000 0 CAP
177 143 -1 21320 0.0000 0 CAP
177 144 -1 22864 0.0000 0 CAP
177 145 -1 22857 0.0000 0 CAP
177 146 -1 23099 0.0000 0 CAP
177 147 -1 23801 0.0000 0 CAP
177 148 -1 23821 0.0000 0 CAP
177 149 -1 23834 0.0000 0 CAP
177 150 -1 23834 0.0000 0 CAP
177 151 -1 22674 0.0000 0 CAP
177 152 -1 23409 0.0000 0 CAP
177 153 -1 23190 0.0000 0 CAP
177 154 -1 23704 0.0000 0 CAP
177 155 -1 22862 0.0000 0 CAP
177 156 -1 22355 0.0000 0 CAP
177 157 -1 26084 0.0000 0 CAP
177 158 -1 25640 0.0000 0 CAP
177 159 -1 25625 0.0000 0 CAP
177 160 -1 22673 0.0000 0 CAP
177 161 -1 23391 0.0000 0 CAP
177 162 -1 23094 0.0000 0 CAP
177 163 -1 23656 0.0000 0 CAP
177 164 -1 23003 0.0000 0 CAP
177 165 -1 23176 0.0000 0 CAP
177 166 -1 24567 0.0000 0 CAP
177 167 -1 24559 0.0000 0 CAP
177 168 -1 24888 0.0000 0 CAP
177 169 -1 24652 0.0000 0 CAP
177 170 -1 22943 0.0000 0 CAP
177 171 -1 23083 0.0000 0 CAP
177 172 -1 23953 0.0000 0 CAP
177 173 -1 23950 0.0000 0 CAP
177 174 -1 23885 0.0000 0 CAP
177 175 -1 23817 0.0000 0 CAP
177 176 -1 23393 0.0000 0 CAP
177 177 -1 23347 0.0000 0 CAP
177 178 -1 23145 0.0000 0 CAP
177 179 -1 23806 0.0000 0 CAP
177 180 -1 23051 0.0000 0 CAP
177 181 -1 23239 0.0000 0 CAP
177 182 -1 22650 0.0000 0 CAP
177 183 -1 22494 0.0000 0 CAP
# row j=177 L=0.491667 n=184 KILL=0 CYCLE=0 FAT=0 CAP=184 certified=0 lambda[0.0000,0.0000]
178 0 -1 23554 0.0000 0 CAP
178 1 -1 24216 0.0000 0 CAP
178 2 -1 24216 0.0000 0 CAP
178 3 -1 25169 0.0000 0 CAP
178 4 -1 24860 0.0000 0 CAP
178 5 -1 24286 0.0000 0 CAP
178 6 -1 24712 0.0000 0 CAP
178 7 -1 25827 0.0000 0 CAP
178 8 -1 24897 0.0000 0 CAP
178 9 -1 25150 0.0000 0 CAP
178 10 -1 25376 0.0000 0 CAP
178 11 -1 25649 0.0000 0 CAP
178 12 -1 24013 0.0000 0 CAP
178 13 -1 26149 0.0000 0 CAP
178 14 -1 25906 0.0000 0 CAP
178 15 -1 26386 0.0000 0 CAP
178 16 -1 25717 0.0000 0 CAP
178 17 -1 26279 0.0000 0 CAP
178 18 -1 24208 0.0000 0 CAP
178 19 -1 25057 0.0000 0 CAP
178 20 -1 24726 0.0000 0 CAP
178 21 -1 24303 0.0000 0 CAP
178 22 -1 27802 0.0000 0 CAP
178 23 -1 27916 0.0000 0 CAP
178 24 -1 26842 0.0000 0 CAP
178 25 -1 27532 0.0000 0 CAP
178 26 -1 27289 0.0000 0 CAP
178 27 -1 23534 0.0000 0 CAP
178 28 -1 24782 0.0000 0 CAP
178 29 -1 24897 0.0000 0 CAP
178 30 -1 24542 0.0000 0 CAP
178 31 -1 24496 0.0000 0 CAP
178 32 -1 24887 0.0000 0 CAP
178 33 -1 25099 0.0000 0 CAP
178 34 -1 25250 0.0000 0 CAP
178 35 -1 24875 0.0000 0 CAP
178 36 -1 25592 0.0000 0 CAP
178 37 -1 24214 0.0000 0 CAP
178 38 -1 23773 0.0000 0 CAP
178 39 -1 22864 0.0000 0 CAP
178 40 -1 26721 0.0000 0 CAP
178 41 -1 26552 0.0000 0 CAP
178 42 -1 21229 0.0000 0 CAP
178 43 -1 29107 0.0000 0 CAP
178 44 -1 21909 0.0000 0 CAP
178 45 -1 22436 0.0000 0 CAP
178 46 -1 22436 0.0000 0 CAP
178 47 -1 23281 0.0000 0 CAP
178 48 -1 23372 0.0000 0 CAP
178 49 -1 21830 0.0000 0 CAP
178 50 -1 21854 0.0000 0 CAP
178 51 -1 22113 0.0000 0 CAP
178 52 -1 23158 0.0000 0 CAP
178 53 -1 25886 0.0000 0 CAP
178 54 -1 25930 0.0000 0 CAP
178 55 -1 27078 0.0000 0 CAP
178 56 -1 25734 0.0000 0 CAP
178 57 -1 24280 0.0000 0 CAP
178 58 -1 23312 0.0000 0 CAP
178 59 -1 23950 0.0000 0 CAP
178 60 -1 25285 0.0000 0 CAP
178 61 -1 24405 0.0000 0 CAP
178 62 -1 24372 0.0000 0 CAP
178 63 -1 24785 0.0000 0 CAP
178 64 -1 25088 0.0000 0 CAP
178 65 -1 24093 0.0000 0 CAP
178 66 -1 24006 0.0000 0 CAP
178 67 -1 23623 0.0000 0 CAP
178 68 -1 22909 0.0000 0 CAP
178 69 -1 22396 0.0000 0 CAP
178 70 -1 22442 0.0000 0 CAP
178 71 -1 22403 0.0000 0 CAP
178 72 -1 27551 0.0000 0 CAP
178 73 -1 28546 0.0000 0 CAP
178 74 -1 28466 0.0000 0 CAP
178 75 -1 28221 0.0000 0 CAP
178 76 -1 20001 0.0000 0 CAP
178 77 -1 29636 0.0000 0 CAP
178 78 -1 20200 0.0000 0 CAP
178 79 -1 20484 0.0000 0 CAP
178 80 -1 20202 0.0000 0 CAP
178 81 -1 21633 0.0000 0 CAP
178 82 -1 21774 0.0000 0 CAP
178 83 -1 21384 0.0000 0 CAP
178 84 -1 22142 0.0000 0 CAP
178 85 -1 21165 0.0000 0 CAP
178 86 -1 21027 0.0000 0 CAP
178 87 -1 20773 0.0000 0 CAP
178 88 -1 21028 0.0000 0 CAP
178 89 -1 27780 0.0000 0 CAP
178 90 -1 29208 0.0000 0 CAP
178 91 -1 20122 0.0000 0 CAP
178 92 -1 29208 0.0000 0 CAP
178 93 -1 27780 0.0000 0 CAP
178 94 -1 21028 0.0000 0 CAP
178 95 -1 20773 0.0000 0 CAP
178 96 -1 21027 0.0000 0 CAP
178 97 -1 21165 0.0000 0 CAP
178 98 -1 22142 0.0000 0 CAP
178 99 -1 21384 0.0000 0 CAP
178 100 -1 21774 0.0000 0 CAP
178 101 -1 21633 0.0000 0 CAP
178 102 -1 20202 0.0000 0 CAP
178 103 -1 20484 0.0000 0 CAP
178 104 -1 20200 0.0000 0 CAP
178 105 -1 29636 0.0000 0 CAP
178 106 -1 20001 0.0000 0 CAP
178 107 -1 28221 0.0000 0 CAP
178 108 -1 28466 0.0000 0 CAP
178 109 -1 28546 0.0000 0 CAP
178 110 -1 27551 0.0000 0 CAP
178 111 -1 22403 0.0000 0 CAP
178 112 -1 22442 0.0000 0 CAP
178 113 -1 22396 0.0000 0 CAP
178 114 -1 22909 0.0000 0 CAP
178 115 -1 23623 0.0000 0 CAP
178 116 -1 24006 0.0000 0 CAP
178 117 -1 24093 0.0000 0 CAP
178 118 -1 25088 0.0000 0 CAP
178 119 -1 24785 0.0000 0 CAP
178 120 -1 24372 0.0000 0 CAP
178 121 -1 24405 0.0000 0 CAP
178 122 -1 25285 0.0000 0 CAP
178 123 -1 23950 0.0000 0 CAP
178 124 -1 23312 0.0000 0 CAP
178 125 -1 24280 0.0000 0 CAP
178 126 -1 25734 0.0000 0 CAP
178 127 -1 27078 0.0000 0 CAP
178 128 -1 25930 0.0000 0 CAP
178 129 -1 25886 0.0000 0 CAP
178 130 -1 23158 0.0000 0 CAP
178 131 -1 22113 0.0000 0 CAP
178 132 -1 21854 0.0000 0 CAP
178 133 -1 21830 0.0000 0 CAP
178 134 -1 23372 0.0000 0 CAP
178 135 -1 23281 0.0000 0 CAP
178 136 -1 22436 0.0000 0 CAP
178 137 -1 22436 0.0000 0 CAP
178 138 -1 21909 0.0000 0 CAP
178 139 -1 29107 0.0000 0 CAP
178 140 -1 21229 0.0000 0 CAP
178 141 -1 26552 0.0000 0 CAP
178 142 -1 26721 0.0000 0 CAP
178 143 -1 22864 0.0000 0 CAP
178 144 -1 23773 0.0000 0 CAP
178 145 -1 24214 0.0000 0 CAP
178 146 -1 25592 0.0000 0 CAP
178 147 -1 24875 0.0000 0 CAP
178 148 -1 25250 0.0000 0 CAP
178 149 -1 25099 0.0000 0 CAP
178 150 -1 24887 0.0000 0 CAP
178 151 -1 24496 0.0000 0 CAP
178 152 -1 24542 0.0000 0 CAP
178 153 -1 24897 0.0000 0 CAP
178 154 -1 24782 0.0000 0 CAP
178 155 -1 23534 0.0000 0 CAP
178 156 -1 27289 0.0000 0 CAP
178 157 -1 27532 0.0000 0 CAP
178 158 -1 26842 0.0000 0 CAP
178 159 -1 27916 0.0000 0 CAP
178 160 -1 27802 0.0000 0 CAP
178 161 -1 24303 0.0000 0 CAP
178 162 -1 24726 0.0000 0 CAP
178 163 -1 25057 0.0000 0 CAP
178 164 -1 24208 0.0000 0 CAP
178 165 -1 26279 0.0000 0 CAP
178 166 -1 25717 0.0000 0 CAP
178 167 -1 26386 0.0000 0 CAP
178 168 -1 25906 0.0000 0 CAP
178 169 -1 26149 0.0000 0 CAP
178 170 -1 24013 0.0000 0 CAP
178 171 -1 25649 0.0000 0 CAP
178 172 -1 25376 0.0000 0 CAP
178 173 -1 25150 0.0000 0 CAP
178 174 -1 24897 0.0000 0 CAP
178 175 -1 25827 0.0000 0 CAP
178 176 -1 24712 0.0000 0 CAP
178 177 -1 24286 0.0000 0 CAP
178 178 -1 24860 0.0000 0 CAP
178 179 -1 25169 0.0000 0 CAP
178 180 -1 24216 0.0000 0 CAP
178 181 -1 24216 0.0000 0 CAP
178 182 -1 23554 0.0000 0 CAP
# row j=178 L=0.494444 n=183 KILL=0 CYCLE=0 FAT=0 CAP=183 certified=0 lambda[0.0000,0.0000]
179 0 -1 25132 0.0000 0 CAP
179 1 -1 25195 0.0000 0 CAP
179 2 -1 26384 0.0000 0 CAP
179 3 -1 26233 0.0000 0 CAP
179 4 -1 26031 0.0000 0 CAP
179 5 -1 25657 0.0000 0 CAP
179 6 -1 27240 0.0000 0 CAP
179 7 -1 26941 0.0000 0 CAP
179 8 -1 26148 0.0000 0 CAP
179 9 -1 26612 0.0000 0 CAP
179 10 -1 27114 0.0000 0 CAP
179 11 -1 26620 0.0000 0 CAP
179 12 -1 27581 0.0000 0 CAP
179 13 -1 27419 0.0000 0 CAP
179 14 -1 27410 0.0000 0 CAP
179 15 -1 27564 0.0000 0 CAP
179 16 -1 27447 0.0000 0 CAP
179 17 -1 27416 0.0000 0 CAP
179 18 -1 26318 0.0000 0 CAP
179 19 -1 26137 0.0000 0 CAP
179 20 -1 25967 0.0000 0 CAP
179 21 -1 29660 0.0000 0 CAP
179 22 -1 29487 0.0000 0 CAP
179 23 -1 29169 0.0000 0 CAP
179 24 -1 28752 0.0000 0 CAP
179 25 -1 28741 0.0000 0 CAP
179 26 -1 28728 0.0000 0 CAP
179 27 -1 29685 0.0000 0 CAP
179 28 -1 25961 0.0000 0 CAP
179 29 -1 26295 0.0000 0 CAP
179 30 -1 25635 0.0000 0 CAP
179 31 -1 26894 0.0000 0 CAP
179 32 -1 26156 0.0000 0 CAP
179 33 -1 26533 0.0000 0 CAP
179 34 -1 26312 0.0000 0 CAP
179 35 -1 26686 0.0000 0 CAP
179 36 -1 26781 0.0000 0 CAP
179 37 -1 25136 0.0000 0 CAP
179 38 -1 29636 0.0000 0 CAP
179 39 -1 29520 0.0000 0 CAP
179 40 -1 28427 0.0000 0 CAP
179 41 -1 22463 0.0000 0 CAP
179 42 -1 22308 0.0000 0 CAP
179 43 -1 21532 0.0000 0 CAP
179 44 -1 28940 0.0000 0 CAP
179 45 -1 23887 0.0000 0 CAP
179 46 -1 25001 0.0000 0 CAP
179 47 -1 24590 0.0000 0 CAP
179 48 -1 25103 0.0000 0 CAP
179 49 -1 23072 0.0000 0 CAP
179 50 -1 23735 0.0000 0 CAP
179 51 -1 24515 0.0000 0 CAP
179 52 -1 28113 0.0000 0 CAP
179 53 -1 27472 0.0000 0 CAP
179 54 -1 29131 0.0000 0 CAP
179 55 -1 28704 0.0000 0 CAP
179 56 -1 27674 0.0000 0 CAP
179 57 -1 25660 0.0000 0 CAP
179 58 -1 25442 0.0000 0 CAP
179 59 -1 26668 0.0000 0 CAP
179 60 -1 27234 0.0000 0 CAP
179 61 -1 26008 0.0000 0 CAP
179 62 -1 26668 0.0000 0 CAP
179 63 -1 26363 0.0000 0 CAP
179 64 -1 26508 0.0000 0 CAP
179 65 -1 26809 0.0000 0 CAP
179 66 -1 25445 0.0000 0 CAP
179 67 -1 28195 0.0000 0 CAP
179 68 -1 27991 0.0000 0 CAP
179 69 -1 23759 0.0000 0 CAP
179 70 -1 24060 0.0000 0 CAP
179 71 -1 29104 0.0000 0 CAP
179 72 -1 21229 0.0000 0 CAP
179 73 -1 20337 0.0000 0 CAP
179 74 -1 21048 0.0000 0 CAP
179 75 -1 29184 0.0000 0 CAP
179 76 -1 21027 0.0000 0 CAP
179 77 -1 21237 0.0000 0 CAP
179 78 -1 21848 0.0000 0 CAP
179 79 -1 21840 0.0000 0 CAP
179 80 -1 23073 0.0000 0 CAP
179 81 -1 22842 0.0000 0 CAP
179 82 -1 23248 0.0000 0 CAP
179 83 -1 23390 0.0000 0 CAP
179 84 -1 23574 0.0000 0 CAP
179 85 -1 22185 0.0000 0 CAP
179 86 -1 22285 0.0000 0 CAP
179 87 -1 22286 0.0000 0 CAP
179 88 -1 22118 0.0000 0 CAP
179 89 -1 20593 0.0000 0 CAP
179 90 -1 21163 0.0000 0 CAP
179 91 -1 21163 0.0000 0 CAP
179 92 -1 20593 0.0000 0 CAP
179 93 -1 22118 0.0000 0 CAP
179 94 -1 22286 0.0000 0 CAP
179 95 -1 22285 0.0000 0 CAP
179 96 -1 22185 0.0000 0 CAP
179 97 -1 23574 0.0000 0 CAP
179 98 -1 23390 0.0000 0 CAP
179 99 -1 23248 0.0000 0 CAP
179 100 -1 22842 0.0000 0 CAP
179 101 -1 23073 0.0000 0 CAP
179 102 -1 21840 0.0000 0 CAP
179 103 -1 21848 0.0000 0 CAP
179 104 -1 21237 0.0000 0 CAP
179 105 -1 21027 0.0000 0 CAP
179 106 -1 29184 0.0000 0 CAP
179 107 -1 21048 0.0000 0 CAP
179 108 -1 20337 0.0000 0 CAP
179 109 -1 21229 0.0000 0 CAP
179 110 -1 29104 0.0000 0 CAP
179 111 -1 24060 0.0000 0 CAP
179 112 -1 23759 0.0000 0 CAP
179 113 -1 27991 0.0000 0 CAP
179 114 -1 28195 0.0000 0 CAP
179 115 -1 25445 0.0000 0 CAP
179 116 -1 26809 0.0000 0 CAP
179 117 -1 26508 0.0000 0 CAP
179 118 -1 26363 0.0000 0 CAP
179 119 -1 26668 0.0000 0 CAP
179 120 -1 26008 0.0000 0 CAP
179 121 -1 27234 0.0000 0 CAP
179 122 -1 26668 0.0000 0 CAP
179 123 -1 25442 0.0000 0 CAP
179 124 -1 25660 0.0000 0 CAP
179 125 -1 27674 0.0000 0 CAP
179 126 -1 28704 0.0000 0 CAP
179 127 -1 29131 0.0000 0 CAP
179 128 -1 27472 0.0000 0 CAP
179 129 -1 28113 0.0000 0 CAP
179 130 -1 24515 0.0000 0 CAP
179 131 -1 23735 0.0000 0 CAP
179 132 -1 23072 0.0000 0 CAP
179 133 -1 25103 0.0000 0 CAP
179 134 -1 24590 0.0000 0 CAP
179 135 -1 25001 0.0000 0 CAP
179 136 -1 23887 0.0000 0 CAP
179 137 -1 28940 0.0000 0 CAP
179 138 -1 21532 0.0000 0 CAP
179 139 -1 22308 0.0000 0 CAP
179 140 -1 22463 0.0000 0 CAP
179 141 -1 28427 0.0000 0 CAP
179 142 -1 29520 0.0000 0 CAP
179 143 -1 29636 0.0000 0 CAP
179 144 -1 25136 0.0000 0 CAP
179 145 -1 26781 0.0000 0 CAP
179 146 -1 26686 0.0000 0 CAP
179 147 -1 26312 0.0000 0 CAP
179 148 -1 26533 0.0000 0 CAP
179 149 -1 26156 0.0000 0 CAP
179 150 -1 26894 0.0000 0 CAP
179 151 -1 25635 0.0000 0 CAP
179 152 -1 26295 0.0000 0 CAP
179 153 -1 25961 0.0000 0 CAP
179 154 -1 29685 0.0000 0 CAP
179 155 -1 28728 0.0000 0 CAP
179 156 -1 28741 0.0000 0 CAP
179 157 -1 28752 0.0000 0 CAP
179 158 -1 29169 0.0000 0 CAP
179 159 -1 29487 0.0000 0 CAP
179 160 -1 29660 0.0000 0 CAP
179 161 -1 25967 0.0000 0 CAP
179 162 -1 26137 0.0000 0 CAP
179 163 -1 26318 0.0000 0 CAP
179 164 -1 27416 0.0000 0 CAP
179 165 -1 27447 0.0000 0 CAP
179 166 -1 27564 0.0000 0 CAP
179 167 -1 27410 0.0000 0 CAP
179 168 -1 27419 0.0000 0 CAP
179 169 -1 27581 0.0000 0 CAP
179 170 -1 26620 0.0000 0 CAP
179 171 -1 27114 0.0000 0 CAP
179 172 -1 26612 0.0000 0 CAP
179 173 -1 26148 0.0000 0 CAP
179 174 -1 26941 0.0000 0 CAP
179 175 -1 27240 0.0000 0 CAP
179 176 -1 25657 0.0000 0 CAP
179 177 -1 26031 0.0000 0 CAP
179 178 -1 26233 0.0000 0 CAP
179 179 -1 26384 0.0000 0 CAP
179 180 -1 25195 0.0000 0 CAP
179 181 -1 25132 0.0000 0 CAP
# row j=179 L=0.497222 n=182 KILL=0 CYCLE=0 FAT=0 CAP=182 certified=0 lambda[0.0000,0.0000]
180 0 -1 1 1.0000 2 FAT
180 1 -1 1 1.0000 2 FAT
180 2 -1 1 1.0000 2 FAT
180 3 -1 1 1.0000 2 FAT
180 4 -1 1 1.0000 2 FAT
180 5 -1 1 1.0000 2 FAT
180 6 -1 1 1.0000 2 FAT
180 7 -1 1 1.0000 2 FAT
180 8 -1 1 1.0000 2 FAT
180 9 -1 1 1.0000 2 FAT
180 10 -1 1 1.0000 2 FAT
180 11 -1 1 1.0000 2 FAT
180 12 -1 1 1.0000 2 FAT
180 13 -1 1 1.0000 2 FAT
180 14 -1 1 1.0000 2 FAT
180 15 -1 1 1.0000 2 FAT
180 16 -1 1 1.0000 2 FAT
180 17 -1 1 1.0000 2 FAT
180 18 -1 1 1.0000 2 FAT
180 19 -1 1 1.0000 2 FAT
180 20 -1 1 1.0000 2 FAT
180 21 -1 1 1.0000 2 FAT
180 22 -1 1 1.0000 2 FAT
180 23 -1 1 1.0000 2 FAT
180 24 -1 1 1.0000 2 FAT
180 25 -1 1 1.0000 2 FAT
180 26 -1 1 1.0000 2 FAT
180 27 -1 1 1.0000 2 FAT
180 28 -1 1 1.0000 2 FAT
180 29 -1 1 1.0000 2 FAT
180 30 -1 1 1.0000 2 FAT
180 31 -1 1 1.0000 2 FAT
180 32 -1 1 1.0000 2 FAT
180 33 -1 1 1.0000 2 FAT
180 34 -1 1 1.0000 2 FAT
180 35 -1 1 1.0000 2 FAT
180 36 -1 1 1.0000 2 FAT
180 37 -1 1 1.0000 2 FAT
180 38 -1 1 1.0000 2 FAT
180 39 -1 1 1.0000 2 FAT
180 40 -1 1 1.0000 2 FAT
180 41 -1 1 1.0000 2 FAT
180 42 -1 1 1.0000 2 FAT
180 43 -1 1 1.0000 2 FAT
180 44 -1 1 1.0000 2 FAT
180 45 -1 1 1.0000 2 FAT
180 46 -1 1 1.0000 2 FAT
180 47 -1 1 1.0000 2 FAT
180 48 -1 1 1.0000 2 FAT
180 49 -1 1 1.0000 2 FAT
180 50 -1 1 1.0000 2 FAT
180 51 -1 1 1.0000 2 FAT
180 52 -1 1 1.0000 2 FAT
180 53 -1 1 1.0000 2 FAT
180 54 -1 1 1.0000 2 FAT
180 55 -1 1 1.0000 2 FAT
180 56 -1 1 1.0000 2 FAT
180 57 -1 1 1.0000 2 FAT
180 58 -1 1 1.0000 2 FAT
180 59 -1 1 1.0000 2 FAT
180 60 -1 1 1.0000 2 FAT
180 61 -1 1 1.0000 2 FAT
180 62 -1 1 1.0000 2 FAT
180 63 -1 1 1.0000 2 FAT
180 64 -1 1 1.0000 2 FAT
180 65 -1 1 1.0000 2 FAT
180 66 -1 1 1.0000 2 FAT
180 67 -1 1 1.0000 2 FAT
180 68 -1 1 1.0000 2 FAT
180 69 -1 1 1.0000 2 FAT
180 70 -1 1 1.0000 2 FAT
180 71 -1 1 1.0000 2 FAT
180 72 -1 1 1.0000 2 FAT
180 73 -1 1 1.0000 2 FAT
180 74 -1 1 1.0000 2 FAT
180 75 -1 1 1.0000 2 FAT
180 76 -1 1 1.0000 2 FAT
180 77 -1 1 1.0000 2 FAT
180 78 -1 1 1.0000 2 FAT
180 79 -1 1 1.0000 2 FAT
180 80 -1 1 1.0000 2 FAT
180 81 -1 1 1.0000 2 FAT
180 82 -1 1 1.0000 2 FAT
180 83 -1 1 1.0000 2 FAT
180 84 -1 1 1.0000 2 FAT
180 85 -1 1 1.0000 2 FAT
180 86 -1 1 1.0000 2 FAT
180 87 -1 1 1.0000 2 FAT
180 88 -1 1 1.0000 2 FAT
180 89 -1 1 1.0000 2 FAT
180 90 -1 1 1.0000 2 FAT
180 91 -1 1 1.0000 2 FAT
180 92 -1 1 1.0000 2 FAT
180 93 -1 1 1.0000 2 FAT
180 94 -1 1 1.0000 2 FAT
180 95 -1 1 1.0000 2 FAT
180 96 -1 1 1.0000 2 FAT
180 97 -1 1 1.0000 2 FAT
180 98 -1 1 1.0000 2 FAT
180 99 -1 1 1.0000 2 FAT
180 100 -1 1 1.0000 2 FAT
180 101 -1 1 1.0000 2 FAT
180 102 -1 1 1.0000 2 FAT
180 103 -1 1 1.0000 2 FAT
180 104 -1 1 1.0000 2 FAT
180 105 -1 1 1.0000 2 FAT
180 106 -1 1 1.0000 2 FAT
180 107 -1 1 1.0000 2 FAT
180 108 -1 1 1.0000 2 FAT
180 109 -1 1 1.0000 2 FAT
180 110 -1 1 1.0000 2 FAT
180 111 -1 1 1.0000 2 FAT
180 112 -1 1 1.0000 2 FAT
180 113 -1 1 1.0000 2 FAT
180 114 -1 1 1.0000 2 FAT
180 115 -1 1 1.0000 2 FAT
180 116 -1 1 1.0000 2 FAT
180 117 -1 1 1.0000 2 FAT
180 118 -1 1 1.0000 2 FAT
180 119 -1 1 1.0000 2 FAT
180 120 -1 1 1.0000 2 FAT
180 121 -1 1 1.0000 2 FAT
180 122 -1 1 1.0000 2 FAT
180 123 -1 1 1.0000 2 FAT
180 124 -1 1 1.0000 2 FAT
180 125 -1 1 1.0000 2 FAT
180 126 -1 1 1.0000 2 FAT
180 127 -1 1 1.0000 2 FAT
180 128 -1 1 1.0000 2 FAT
180 129 -1 1 1.0000 2 FAT
180 130 -1 1 1.0000 2 FAT
180 131 -1 1 1.0000 2 FAT
180 132 -1 1 1.0000 2 FAT
180 133 -1 1 1.0000 2 FAT
180 134 -1 1 1.0000 2 FAT
180 135 -1 1 1.0000 2 FAT
180 136 -1 1 1.0000 2 FAT
180 137 -1 1 1.0000 2 FAT
180 138 -1 1 1.0000 2 FAT
180 139 -1 1 1.0000 2 FAT
180 140 -1 1 1.0000 2 FAT
180 141 -1 1 1.0000 2 FAT
180 142 -1 1 1.0000 2 FAT
180 143 -1 1 1.0000 2 FAT
180 144 -1 1 1.0000 2 FAT
180 145 -1 1 1.0000 2 FAT
180 146 -1 1 1.0000 2 FAT
180 147 -1 1 1.0000 2 FAT
180 148 -1 1 1.0000 2 FAT
180 149 -1 1 1.0000 2 FAT
180 150 -1 1 1.0000 2 FAT
180 151 -1 1 1.0000 2 FAT
180 152 -1 1 1.0000 2 FAT
180 153 -1 1 1.0000 2 FAT
180 154 -1 1 1.0000 2 FAT
180 155 -1 1 1.0000 2 FAT
180 156 -1 1 1.0000 2 FAT
180 157 -1 1 1.0000 2 FAT
180 158 -1 1 1.0000 2 FAT
180 159 -1 1 1.0000 2 FAT
180 160 -1 1 1.0000 2 FAT
180 161 -1 1 1.0000 2 FAT
180 162 -1 1 1.0000 2 FAT
180 163 -1 1 1.0000 2 FAT
180 164 -1 1 1.0000 2 FAT
180 165 -1 1 1.0000 2 FAT
180 166 -1 1 1.0000 2 FAT
180 167 -1 1 1.0000 2 FAT
180 168 -1 1 1.0000 2 FAT
180 169 -1 1 1.0000 2 FAT
180 170 -1 1 1.0000 2 FAT
180 171 -1 1 1.0000 2 FAT
180 172 -1 1 1.0000 2 FAT
180 173 -1 1 1.0000 2 FAT
180 174 -1 1 1.0000 2 FAT
180 175 -1 1 1.0000 2 FAT
180 176 -1 1 1.0000 2 FAT
180 177 -1 1 1.0000 2 FAT
180 178 -1 1 1.0000 2 FAT
180 179 -1 1 1.0000 2 FAT
180 180 -1 1 1.0000 2 FAT
# row j=180 L=0.500000 n=181 KILL=0 CYCLE=0 FAT=181 CAP=0 certified=0 lambda[1.0000,1.0000]
